<window id="1111">
	<defaultcontrol always="true">9000</defaultcontrol>
	<controls>
		<include>CommonSettingsBackground</include>
		<include>CommonMediaPlayingBackground</include>
		<control type="group">
			<posx>90</posx>
			<posy>50</posy>
			<animation type="WindowOpen" reversible="false">
				<effect type="zoom" start="80" end="100" center="640,360" easing="out" tween="back" time="300" />
				<effect type="fade" start="0" end="100" time="300" />
			</animation>
			<animation type="WindowClose" reversible="false">
				<effect type="zoom" start="100" end="80" center="640,360" easing="in" tween="back" time="300" />
				<effect type="fade" start="100" end="0" time="300" />
			</animation>
			<control type="image">
				<posx>0</posx>
				<posy>0</posy>
				<width>1100</width>
				<height>640</height>
				<texture border="20">DialogBack.png</texture>
			</control>
			<control type="button">
				<description>Close Window button</description>
				<posx>980</posx>
				<posy>9</posy>
				<width>64</width>
				<height>32</height>
				<label>-</label>
				<font>-</font>
				<onclick>PreviousMenu</onclick>
				<texturefocus>DialogCloseButton-focus.png</texturefocus>
				<texturenofocus>DialogCloseButton.png</texturenofocus>
				<onleft>1</onleft>
				<onright>1</onright>
				<onup>1</onup>
				<ondown>1</ondown>
				<visible>system.getbool(input.enablemouse)</visible>
			</control>
			<control type="image">
				<description>LOGO</description>
				<posx>30</posx>
				<posy>15</posy>
				<width>220</width>
				<height>80</height>
				<aspectratio>keep</aspectratio>
				<texture>Confluence_Logo.png</texture>
			</control>
			<control type="list" id="9000">
				<posx>10</posx>
				<posy>90</posy>
				<width>260</width>
				<height>481</height>
				<onleft>9010</onleft>
				<onright>9010</onright>
				<onup>9000</onup>
				<ondown>9000</ondown>
				<pagecontrol>-</pagecontrol>
				<scrolltime>300</scrolltime>
				<itemlayout height="80" width="260">
					<control type="image">
						<posx>0</posx>
						<posy>0</posy>
						<width>260</width>
						<height>81</height>
						<texture border="5">MenuItemNF.png</texture>
					</control>
					<control type="label">
						<posx>250</posx>
						<posy>15</posy>
						<width>380</width>
						<height>25</height>
						<font>font24_title</font>
						<textcolor>grey3</textcolor>
						<align>right</align>
						<aligny>center</aligny>
						<label>$INFO[ListItem.Label]</label>
					</control>
					<control type="label">
						<posx>250</posx>
						<posy>42</posy>
						<width>870</width>
						<height>25</height>
						<font>font13caps</font>
						<textcolor>grey2</textcolor>
						<align>right</align>
						<aligny>center</aligny>
						<label>$INFO[ListItem.Label2]</label>
					</control>
				</itemlayout>
				<focusedlayout height="80" width="260">
					<control type="image">
						<posx>0</posx>
						<posy>0</posy>
						<width>260</width>
						<height>81</height>
						<texture border="5">MenuItemFO.png</texture>
						<animation effect="fade" start="100" end="30" time="100" condition="!Control.HasFocus(9000)">Conditional</animation>
					</control>
					<control type="label">
						<posx>250</posx>
						<posy>15</posy>
						<width>380</width>
						<height>25</height>
						<font>font24_title</font>
						<textcolor>white</textcolor>
						<align>right</align>
						<aligny>center</aligny>
						<label>$INFO[ListItem.Label]</label>
					</control>
					<control type="label">
						<posx>250</posx>
						<posy>42</posy>
						<width>870</width>
						<height>25</height>
						<font>font13caps</font>
						<textcolor>grey2</textcolor>
						<align>right</align>
						<aligny>center</aligny>
						<label>$INFO[ListItem.Label2]</label>
					</control>
				</focusedlayout>
				<content>
					<item id="1">
						<label>128</label>
						<label2>5</label2>
						<onclick>-</onclick>
					</item>
					<item id="2">
						<label>513</label>
						<label2>31112</label2>
						<onclick>-</onclick>
					</item>
					<item id="3">
						<label>31102</label>
						<label2>31115</label2>
						<onclick>-</onclick>
					</item>
					<item id="4">
						<label>31116</label>
						<label2>31200</label2>
						<onclick>-</onclick>
					</item>
					<item id="5">
						<label>20012</label>
						<label2>31200</label2>
						<onclick>-</onclick>
					</item>
					<!-- hidden / for testing-->
					<item id="6">
						<label>Reset</label>
						<label2>Skin Settings</label2>
						<onclick>Skin.ResetSettings</onclick>
						<visible>false</visible>
					</item>
				</content>
			</control>
			<control type="image">
				<posx>268</posx>
				<posy>10</posy>
				<width>790</width>
				<height>618</height>
				<texture border="5">black-back2.png</texture>
			</control>
			<control type="image">
				<posx>268</posx>
				<posy>10</posy>
				<width>804</width>
				<height>100</height>
				<aspectratio>stretch</aspectratio>
				<texture>GlassTitleBar.png</texture>
			</control>
			<control type="label">
				<description>header label</description>
				<posx>300</posx>
				<posy>20</posy>
				<width>740</width>
				<height>30</height>
				<font>font16caps</font>
				<label>$LOCALIZE[20077] - $INFO[Container(9000).ListItem.Label]</label>
				<align>left</align>
				<aligny>center</aligny>
				<textcolor>white</textcolor>
				<shadowcolor>black</shadowcolor>
			</control>
			<control type="group" id="9010">
				<control type="grouplist" id="9001">
					<visible>Container(9000).Hasfocus(1)</visible>
					<posx>290</posx>
					<posy>60</posy>
					<width>750</width>
					<height>530</height>
					<itemgap>-1</itemgap>
					<pagecontrol>-</pagecontrol>
					<onleft>9000</onleft>
					<onright>9000</onright>
					<onup>9001</onup>
					<ondown>9001</ondown>
					<control type="label" id="100">
						<width>750</width>
						<height>45</height>
						<font>font13_title</font>
						<label>31106</label>
						<textcolor>blue</textcolor>
						<shadowcolor>black</shadowcolor>
						<align>left</align>
						<aligny>center</aligny>
					</control>
					<control type="radiobutton" id="101">
						<width>750</width>
						<height>40</height>
						<font>font13</font>
						<label>20189</label>
						<textcolor>grey2</textcolor>
						<focusedcolor>white</focusedcolor>
						<texturefocus>MenuItemFO.png</texturefocus>
						<texturenofocus>MenuItemNF.png</texturenofocus>
						<onclick>Skin.ToggleSetting(AutoScroll)</onclick>
						<selected>!Skin.HasSetting(AutoScroll)</selected> <!-- default on -->
					</control>
					<control type="radiobutton" id="102">
						<width>750</width>
						<height>40</height>
						<font>font13</font>
						<label>31103</label>
						<textcolor>grey2</textcolor>
						<focusedcolor>white</focusedcolor>
						<texturefocus>MenuItemFO.png</texturefocus>
						<texturenofocus>MenuItemNF.png</texturenofocus>
						<onclick>Skin.ToggleSetting(Show_SlideShow_Paused)</onclick>
						<selected>!Skin.HasSetting(Show_SlideShow_Paused)</selected>
					</control>
					<control type="radiobutton" id="103">
						<width>750</width>
						<height>40</height>
						<font>font13</font>
						<label>31105</label>
						<textcolor>grey2</textcolor>
						<focusedcolor>white</focusedcolor>
						<texturefocus>MenuItemFO.png</texturefocus>
						<texturenofocus>MenuItemNF.png</texturenofocus>
						<onclick>Skin.ToggleSetting(No_Media_Titles_In_Scanner)</onclick>
						<selected>!Skin.HasSetting(No_Media_Titles_In_Scanner)</selected>
					</control>
					<control type="radiobutton" id="112">
						<width>750</width>
						<height>40</height>
						<font>font13</font>
						<label>31104</label>
						<textcolor>grey2</textcolor>
						<focusedcolor>white</focusedcolor>
						<texturefocus>MenuItemFO.png</texturefocus>
						<texturenofocus>MenuItemNF.png</texturenofocus>
						<onclick>Skin.ToggleSetting(WindowedTrailer)</onclick>
						<selected>Skin.HasSetting(WindowedTrailer)</selected>
					</control>
					<control type="radiobutton" id="113">
						<width>750</width>
						<height>40</height>
						<font>font13</font>
						<label>31147</label>
						<textcolor>grey2</textcolor>
						<focusedcolor>white</focusedcolor>
						<texturefocus>MenuItemFO.png</texturefocus>
						<texturenofocus>MenuItemNF.png</texturenofocus>
						<onclick>Skin.ToggleSetting(HideMediaFlags)</onclick>
						<selected>Skin.HasSetting(HideMediaFlags)</selected>
					</control>
					<control type="radiobutton" id="114">
						<width>750</width>
						<height>40</height>
						<font>font13</font>
						<label> - $LOCALIZE[31107]</label>
						<textcolor>grey2</textcolor>
						<focusedcolor>white</focusedcolor>
						<texturefocus>MenuItemFO.png</texturefocus>
						<texturenofocus>MenuItemNF.png</texturenofocus>
						<onclick>Skin.ToggleSetting(HideFilenameFlagging)</onclick>
						<selected>Skin.HasSetting(HideFilenameFlagging)</selected>
						<enable>!Skin.HasSetting(HideMediaFlags)</enable>
					</control>
					<control type="radiobutton" id="115">
						<width>750</width>
						<height>40</height>
						<font>font13</font>
						<label>31145</label>
						<textcolor>grey2</textcolor>
						<focusedcolor>white</focusedcolor>
						<texturefocus>MenuItemFO.png</texturefocus>
						<texturenofocus>MenuItemNF.png</texturenofocus>
						<onclick>Skin.ToggleSetting(kioskmode)</onclick>
						<selected>Skin.HasSetting(kioskmode)</selected>
					</control>
					<control type="radiobutton" id="116">
						<description>QWERTY Keyboard Button</description>
						<width>750</width>
						<height>40</height>
						<font>font13</font>
						<label>31146</label>
						<textcolor>grey2</textcolor>
						<focusedcolor>white</focusedcolor>
						<texturefocus>MenuItemFO.png</texturefocus>
						<texturenofocus>MenuItemNF.png</texturenofocus>
						<onclick>Skin.ToggleSetting(QWERTYKeys)</onclick>
						<selected>Skin.HasSetting(QWERTYKeys)</selected>
					</control>
					<control type="label" id="104">
						<width>750</width>
						<height>45</height>
						<font>font13_title</font>
						<label>20343</label>
						<textcolor>blue</textcolor>
						<shadowcolor>black</shadowcolor>
						<align>left</align>
						<aligny>center</aligny>
					</control>
					<control type="radiobutton" id="105">
						<width>750</width>
						<height>40</height>
						<font>font13</font>
						<label>31123</label>
						<textcolor>grey2</textcolor>
						<focusedcolor>white</focusedcolor>
						<texturefocus>MenuItemFO.png</texturefocus>
						<texturenofocus>MenuItemNF.png</texturenofocus>
						<onclick>Skin.ToggleSetting(TVShowsUsePosters)</onclick>
						<selected>Skin.HasSetting(TVShowsUsePosters)</selected>
					</control>
					<control type="label" id="106">
						<width>750</width>
						<height>45</height>
						<font>font13_title</font>
						<label>512</label>
						<textcolor>blue</textcolor>
						<shadowcolor>black</shadowcolor>
						<align>left</align>
						<aligny>center</aligny>
					</control>
					<control type="radiobutton" id="107">
						<width>750</width>
						<height>40</height>
						<font>font13</font>
						<label>21398</label>
						<textcolor>grey2</textcolor>
						<focusedcolor>white</focusedcolor>
						<texturefocus>MenuItemFO.png</texturefocus>
						<texturenofocus>MenuItemNF.png</texturenofocus>
						<onclick>Skin.ToggleSetting(Use_Startup_Playlist)</onclick>
						<selected>Skin.HasSetting(Use_Startup_Playlist)</selected>
					</control>
					<control type="button" id="108">
						<description>Startup Playlist Path</description>
						<width>750</width>
						<height>40</height>
						<font>font13</font>
						<textcolor>grey2</textcolor>
						<focusedcolor>white</focusedcolor>
						<label>15311</label>
						<label2>$INFO[Skin.String(Startup_Playlist_Path)]</label2>
						<onclick>Skin.SetFile(Startup_Playlist_Path,.m3u,t:\playlists\music\)</onclick>
						<texturefocus>MenuItemFO.png</texturefocus>
						<texturenofocus>MenuItemNF.png</texturenofocus>
						<enable>Skin.HasSetting(Use_Startup_Playlist)</enable>
					</control>
					<control type="label" id="109">
						<width>750</width>
						<height>45</height>
						<font>font13_title</font>
						<label>31102</label>
						<textcolor>blue</textcolor>
						<shadowcolor>black</shadowcolor>
						<align>left</align>
						<aligny>center</aligny>
					</control>
					<control type="radiobutton" id="110">
						<width>750</width>
						<height>40</height>
						<font>font13</font>
						<label>31124</label>
						<textcolor>grey2</textcolor>
						<focusedcolor>white</focusedcolor>
						<texturefocus>MenuItemFO.png</texturefocus>
						<texturenofocus>MenuItemNF.png</texturenofocus>
						<onclick>Skin.ToggleSetting(ShowBackgroundVideo)</onclick>
						<selected>Skin.HasSetting(ShowBackgroundVideo)</selected> <!-- default off -->
					</control>
					<control type="radiobutton" id="111">
						<width>750</width>
						<height>40</height>
						<font>font13</font>
						<label>31125</label>
						<textcolor>grey2</textcolor>
						<focusedcolor>white</focusedcolor>
						<texturefocus>MenuItemFO.png</texturefocus>
						<texturenofocus>MenuItemNF.png</texturenofocus>
						<onclick>Skin.ToggleSetting(ShowBackgroundVis)</onclick>
						<selected>Skin.HasSetting(ShowBackgroundVis)</selected> <!-- default off -->
					</control>
				</control>
				<control type="grouplist" id="9002">
					<visible>Container(9000).Hasfocus(2)</visible>
					<posx>290</posx>
					<posy>60</posy>
					<width>750</width>
					<height>530</height>
					<itemgap>-1</itemgap>
					<pagecontrol>60</pagecontrol>
					<onleft>9000</onleft>
					<onright>60</onright>
					<onup>9002</onup>
					<ondown>9002</ondown>
					<control type="label" id="200">
						<width>750</width>
						<height>45</height>
						<font>font13_title</font>
						<label>31101</label>
						<textcolor>blue</textcolor>
						<shadowcolor>black</shadowcolor>
						<align>left</align>
						<aligny>center</aligny>
					</control>
					<control type="radiobutton" id="219">
						<description>use Horizontal Home Button</description>
						<width>750</width>
						<height>40</height>
						<font>font13</font>
						<textcolor>grey2</textcolor>
						<focusedcolor>white</focusedcolor>
						<label>$LOCALIZE[31131]</label>
						<onclick>Skin.ToggleSetting(UseHorizontalHome)</onclick>
						<selected>Skin.HasSetting(UseHorizontalHome)</selected>
						<texturefocus>MenuItemFO.png</texturefocus>
						<texturenofocus>MenuItemNF.png</texturenofocus>
					</control>
					<control type="radiobutton" id="202">
						<description>enable video info</description>
						<width>750</width>
						<height>40</height>
						<font>font13</font>
						<textcolor>grey2</textcolor>
						<focusedcolor>white</focusedcolor>
						<label>20176</label>
						<onclick>Skin.ToggleSetting(homepageVideoinfo)</onclick>
						<selected>!Skin.HasSetting(homepageVideoinfo)</selected>
						<texturefocus>MenuItemFO.png</texturefocus>
						<texturenofocus>MenuItemNF.png</texturenofocus>
					</control>
					<control type="radiobutton" id="203">
						<description>enable music info</description>
						<width>750</width>
						<height>40</height>
						<font>font13</font>
						<textcolor>grey2</textcolor>
						<focusedcolor>white</focusedcolor>
						<label>20083</label>
						<onclick>Skin.ToggleSetting(homepageMusicinfo)</onclick>
						<selected>!Skin.HasSetting(homepageMusicinfo)</selected>
						<texturefocus>MenuItemFO.png</texturefocus>
						<texturenofocus>MenuItemNF.png</texturenofocus>
					</control>
					<control type="radiobutton" id="204">
						<description>enable weather info</description>
						<width>750</width>
						<height>40</height>
						<font>font13</font>
						<textcolor>grey2</textcolor>
						<focusedcolor>white</focusedcolor>
						<label>20084</label>
						<onclick>Skin.ToggleSetting(homepageWeatherinfo)</onclick>
						<selected>!Skin.HasSetting(homepageWeatherinfo)</selected>
						<texturefocus>MenuItemFO.png</texturefocus>
						<texturenofocus>MenuItemNF.png</texturenofocus>
					</control>
					<control type="radiobutton" id="201">
						<description>enable system info</description>
						<width>750</width>
						<height>40</height>
						<font>font13</font>
						<textcolor>grey2</textcolor>
						<focusedcolor>white</focusedcolor>
						<label>20085</label>
						<onclick>Skin.ToggleSetting(homepageSysteminfo)</onclick>
						<selected>Skin.HasSetting(homepageSysteminfo)</selected>
						<texturefocus>MenuItemFO.png</texturefocus>
						<texturenofocus>MenuItemNF.png</texturenofocus>
					</control>
					<control type="radiobutton" id="205">
						<description>Show Recently added info</description>
						<width>750</width>
						<height>40</height>
						<font>font13</font>
						<textcolor>grey2</textcolor>
						<focusedcolor>white</focusedcolor>
						<label>31117</label>
						<onclick>Skin.ToggleSetting(homepageRecentlyAdded)</onclick>
						<selected>Skin.HasSetting(homepageRecentlyAdded)</selected> 
						<texturefocus>MenuItemFO.png</texturefocus>
						<texturenofocus>MenuItemNF.png</texturenofocus>
					</control>
					<control type="label" id="206">
						<width>750</width>
						<height>45</height>
						<font>font13_title</font>
						<label>31108</label>
						<textcolor>blue</textcolor>
						<shadowcolor>black</shadowcolor>
						<align>left</align>
						<aligny>center</aligny>
					</control>
					<control type="radiobutton" id="207">
						<description>Hide Videos Button</description>
						<width>750</width>
						<height>40</height>
						<font>font13</font>
						<textcolor>grey2</textcolor>
						<focusedcolor>white</focusedcolor>
						<label>$LOCALIZE[31111] - $LOCALIZE[3]</label>
						<onclick>Skin.ToggleSetting(HomeMenuNoVideosButton)</onclick>
						<selected>Skin.HasSetting(HomeMenuNoVideosButton)</selected>
						<texturefocus>MenuItemFO.png</texturefocus>
						<texturenofocus>MenuItemNF.png</texturenofocus>
					</control>
<!-- home videos file mode -->
					<control type="radiobutton" id="220">
						<description>Enable Videos file mode</description>
						<width>750</width>
						<height>40</height>
						<font>font13</font>
						<textcolor>grey2</textcolor>
						<focusedcolor>white</focusedcolor>
						<label> - $LOCALIZE[31335]</label>
						<onclick>Skin.ToggleSetting(HomeMenuVideoFileMode)</onclick>
						<selected>Skin.HasSetting(HomeMenuVideoFileMode)</selected>
						<texturefocus>MenuItemFO.png</texturefocus>
						<texturenofocus>MenuItemNF.png</texturenofocus>
						<enable>!Skin.HasSetting(HomeMenuNoVideosButton)</enable>
					</control>
<!-- end -->
					<control type="radiobutton" id="217">
						<description>Hide Movies Button</description>
						<width>750</width>
						<height>40</height>
						<font>font13</font>
						<textcolor>grey2</textcolor>
						<focusedcolor>white</focusedcolor>
						<label>$LOCALIZE[31111] - $LOCALIZE[20342] [COLOR=grey3] ($LOCALIZE[20314])[/COLOR]</label>
						<onclick>Skin.ToggleSetting(HomeMenuNoMoviesButton)</onclick>
						<selected>!Skin.HasSetting(HomeMenuNoMoviesButton)</selected>
						<texturefocus>MenuItemFO.png</texturefocus>
						<texturenofocus>MenuItemNF.png</texturenofocus>
						<enable>Library.HasContent(Movies)</enable>
					</control>
					<control type="radiobutton" id="218">
						<description>Hide TV Shows Button</description>
						<width>750</width>
						<height>40</height>
						<font>font13</font>
						<textcolor>grey2</textcolor>
						<focusedcolor>white</focusedcolor>
						<label>$LOCALIZE[31111] - $LOCALIZE[20343] [COLOR=grey3] ($LOCALIZE[20314])[/COLOR]</label>
						<onclick>Skin.ToggleSetting(HomeMenuNoTVShowsButton)</onclick>
						<selected>!Skin.HasSetting(HomeMenuNoTVShowsButton)</selected>
						<texturefocus>MenuItemFO.png</texturefocus>
						<texturenofocus>MenuItemNF.png</texturenofocus>
						<enable>Library.HasContent(TVShows)</enable>
					</control>
					<control type="radiobutton" id="208">
						<description>Hide Music Button</description>
						<width>750</width>
						<height>40</height>
						<font>font13</font>
						<textcolor>grey2</textcolor>
						<focusedcolor>white</focusedcolor>
						<label>$LOCALIZE[31111] - $LOCALIZE[2]</label>
						<onclick>Skin.ToggleSetting(HomeMenuNoMusicButton)</onclick>
						<selected>Skin.HasSetting(HomeMenuNoMusicButton)</selected>
						<texturefocus>MenuItemFO.png</texturefocus>
						<texturenofocus>MenuItemNF.png</texturenofocus>
					</control>
					<control type="radiobutton" id="209">
						<description>Hide Pictures Button</description>
						<width>750</width>
						<height>40</height>
						<font>font13</font>
						<textcolor>grey2</textcolor>
						<focusedcolor>white</focusedcolor>
						<label>$LOCALIZE[31111] - $LOCALIZE[1]</label>
						<onclick>Skin.ToggleSetting(HomeMenuNoPicturesButton)</onclick>
						<selected>Skin.HasSetting(HomeMenuNoPicturesButton)</selected>
						<texturefocus>MenuItemFO.png</texturefocus>
						<texturenofocus>MenuItemNF.png</texturenofocus>
					</control>
					<control type="radiobutton" id="210">
						<description>Hide Programs Button</description>
						<width>750</width>
						<height>40</height>
						<font>font13</font>
						<textcolor>grey2</textcolor>
						<focusedcolor>white</focusedcolor>
						<label>$LOCALIZE[31111] - $LOCALIZE[0]</label>
						<onclick>Skin.ToggleSetting(HomeMenuNoProgramsButton)</onclick>
						<selected>Skin.HasSetting(HomeMenuNoProgramsButton)</selected>
						<texturefocus>MenuItemFO.png</texturefocus>
						<texturenofocus>MenuItemNF.png</texturenofocus>
					</control>
					<control type="radiobutton" id="211">
						<description>Hide Addons Button</description>
						<width>750</width>
						<height>40</height>
						<font>font13</font>
						<textcolor>grey2</textcolor>
						<focusedcolor>white</focusedcolor>
						<label>$LOCALIZE[31111] - $LOCALIZE[31116]</label>
						<onclick>Skin.ToggleSetting(HomeMenuNoAddonsButton)</onclick>
						<selected>Skin.HasSetting(HomeMenuNoAddonsButton)</selected>
						<texturefocus>MenuItemFO.png</texturefocus>
						<texturenofocus>MenuItemNF.png</texturenofocus>
					</control>
					<control type="radiobutton" id="212">
						<description>Hide Weather Button</description>
						<width>750</width>
						<height>40</height>
						<font>font13</font>
						<textcolor>grey2</textcolor>
						<focusedcolor>white</focusedcolor>
						<label>$LOCALIZE[31111] - $LOCALIZE[8]</label>
						<onclick>Skin.ToggleSetting(HomeMenuNoWeatherButton)</onclick>
						<selected>Skin.HasSetting(HomeMenuNoWeatherButton)</selected>
						<texturefocus>MenuItemFO.png</texturefocus>
						<texturenofocus>MenuItemNF.png</texturenofocus>
					</control>
				</control>
				<control type="scrollbar" id="60">
					<posx>1060</posx>
					<posy>60</posy>
					<width>25</width>
					<height>530</height>
					<texturesliderbackground border="0,14,0,14">ScrollBarV.png</texturesliderbackground>
					<texturesliderbar border="0,14,0,14">ScrollBarV_bar.png</texturesliderbar>
					<texturesliderbarfocus border="0,14,0,14">ScrollBarV_bar_focus.png</texturesliderbarfocus>
					<textureslidernib>ScrollBarNib.png</textureslidernib>
					<textureslidernibfocus>ScrollBarNib.png</textureslidernibfocus>
					<onleft>9002</onleft>
					<onright>9000</onright>
					<showonepage>false</showonepage>
					<orientation>vertical</orientation>
					<visible>Container(9000).Hasfocus(2)</visible>
				</control>
				<control type="group">
					<posx>290</posx>
					<posy>60</posy>
					<visible>Container(9000).Hasfocus(3)</visible>
					<control type="label">
						<posx>0</posx>
						<posy>0</posy>
						<width>680</width>
						<height>45</height>
						<font>font13_title</font>
						<label>31109</label>
						<textcolor>blue</textcolor>
						<shadowcolor>black</shadowcolor>
						<align>left</align>
						<aligny>center</aligny>
					</control>
					<control type="button" id="304">
						<description>Menu Item Next Button</description>
						<posx>670</posx>
						<posy>53</posy>
						<width>33</width>
						<height>22</height>
						<label>-</label>
						<font>-</font>
						<texturenofocus>scroll-down-2.png</texturenofocus>
						<texturefocus>scroll-down-focus-2.png</texturefocus>
						<onclick>Control.Move(9003,1)</onclick>
						<onleft>9000</onleft>
						<onright>305</onright>
						<onup>300</onup>
						<ondown>300</ondown>
					</control>
					<control type="button" id="305">
						<description>Menu Item Prev Button</description>
						<posx>703</posx>
						<posy>53</posy>
						<width>33</width>
						<height>22</height>
						<label>-</label>
						<font>-</font>
						<texturenofocus>scroll-up-2.png</texturenofocus>
						<texturefocus>scroll-up-focus-2.png</texturefocus>
						<onclick>Control.Move(9003,-1)</onclick>
						<onleft>304</onleft>
						<onright>9000</onright>
						<onup>300</onup>
						<ondown>300</ondown>
					</control>
					<control type="list" id="9003">
						<hitrect x="0" y="0" w="0" h="0" />
						<posx>0</posx>
						<posy>45</posy>
						<width>750</width>
						<height>40</height>
						<onleft>9000</onleft>
						<onright>300</onright>
						<onup>9003</onup>
						<ondown>9003</ondown>
						<pagecontrol>-</pagecontrol>
						<scrolltime>0</scrolltime>
						<itemlayout height="1" width="750">
						</itemlayout>
						<focusedlayout height="40" width="750">
							<control type="image">
								<posx>0</posx>
								<posy>0</posy>
								<width>750</width>
								<height>40</height>
								<texture>MenuItemNF.png</texture>
								<visible>![Control.HasFocus(304) | Control.HasFocus(305)]</visible>
							</control>
							<control type="image">
								<posx>0</posx>
								<posy>0</posy>
								<width>750</width>
								<height>40</height>
								<texture>MenuItemFO.png</texture>
								<visible>[Control.HasFocus(304) | Control.HasFocus(305)]</visible>
							</control>
							<control type="label">
								<posx>10</posx>
								<posy>0</posy>
								<width>600</width>
								<height>40</height>
								<font>font13</font>
								<textcolor>grey2</textcolor>
								<align>left</align>
								<aligny>center</aligny>
								<label>$LOCALIZE[31110]</label>
								<visible>![Control.HasFocus(304) | Control.HasFocus(305)]</visible>
							</control>
							<control type="label">
								<posx>10</posx>
								<posy>0</posy>
								<width>600</width>
								<height>40</height>
								<font>font13</font>
								<textcolor>white</textcolor>
								<align>left</align>
								<aligny>center</aligny>
								<label>$LOCALIZE[31110]</label>
								<visible>[Control.HasFocus(304) | Control.HasFocus(305)]</visible>
							</control>
							<control type="label">
								<posx>650</posx>
								<posy>0</posy>
								<width>640</width>
								<height>40</height>
								<font>font13</font>
								<textcolor>grey2</textcolor>
								<align>right</align>
								<aligny>center</aligny>
								<label>$INFO[ListItem.Label]</label>
								<visible>![Control.HasFocus(304) | Control.HasFocus(305)]</visible>
							</control>
							<control type="label">
								<posx>650</posx>
								<posy>0</posy>
								<width>640</width>
								<height>40</height>
								<font>font13</font>
								<textcolor>white</textcolor>
								<align>right</align>
								<aligny>center</aligny>
								<label>$INFO[ListItem.Label]</label>
								<visible>[Control.HasFocus(304) | Control.HasFocus(305)]</visible>
							</control>
						</focusedlayout>
						<content>
							<item id="1">
								<label>3</label>
								<onclick>-</onclick>
								<icon>special://skin/backgrounds/videos.jpg</icon>
								<thumb>$INFO[Skin.String(Home_Custom_Back_Video_Folder)]</thumb>
							</item>
							<item id="10">
								<label>20342</label>
								<onclick>-</onclick>
								<icon>special://skin/backgrounds/videos.jpg</icon>
								<thumb>$INFO[Skin.String(Home_Custom_Back_Movies_Folder)]</thumb>
								<visible>Skin.HasSetting(HomeMenuNoMoviesButton) + Library.HasContent(Movies)</visible>
							</item>
							<item id="11">
								<label>20343</label>
								<onclick>-</onclick>
								<icon>special://skin/backgrounds/videos.jpg</icon>
								<thumb>$INFO[Skin.String(Home_Custom_Back_TVShow_Folder)]</thumb>
								<visible>Skin.HasSetting(HomeMenuNoTVShowsButton) + Library.HasContent(TVShows)</visible>
							</item>
							<item id="2">
								<label>2</label>
								<onclick>-</onclick>
								<icon>special://skin/backgrounds/music.jpg</icon>
								<thumb>$INFO[Skin.String(Home_Custom_Back_Music_Folder)]</thumb>
							</item>
							<item id="3">
								<label>1</label>
								<onclick>-</onclick>
								<icon>special://skin/backgrounds/pictures.jpg</icon>
								<thumb>$INFO[Skin.String(Home_Custom_Back_Pictures_Folder)]</thumb>
							</item>
							<item id="4">
								<label>0</label>
								<onclick>-</onclick>
								<icon>special://skin/backgrounds/programs.jpg</icon>
								<thumb>$INFO[Skin.String(Home_Custom_Back_Programs_Folder)]</thumb>
							</item>
							<item id="5">
								<label>8</label>
								<onclick>-</onclick>
								<icon>special://skin/backgrounds/weather.jpg</icon>
								<thumb>$INFO[Skin.String(Home_Custom_Back_Weather_Folder)]</thumb>
							</item>
							<item id="6">
								<label>31116</label>
								<onclick>-</onclick>
								<icon>special://skin/backgrounds/addons.jpg</icon>
								<thumb>$INFO[Skin.String(Home_Custom_Back_Addons_Folder)]</thumb>
							</item>
							<item id="7">
								<label>13000</label>
								<onclick>-</onclick>
								<icon>special://skin/backgrounds/settings.jpg</icon>
								<thumb>$INFO[Skin.String(Home_Custom_Back_Settings_Folder)]</thumb>
							</item>
						</content>
					</control>
					<control type="image">
						<posx>85</posx>
						<posy>100</posy>
						<width>580</width>
						<height>435</height>
						<texture>black-back.png</texture>
					</control>
					<control type="group">
						<posx>95</posx>
						<posy>110</posy>
						<control type="group">
							<visible>Container(9003).HasFocus(1)</visible>
							<control type="button" id="300">
								<description>Single Image button</description>
								<posx>5</posx>
								<posy>0</posy>
								<width>180</width>
								<height>40</height>
								<label>31113</label>
								<font>font12_title</font>
								<textcolor>grey2</textcolor>
								<focusedcolor>white</focusedcolor>
								<align>center</align>
								<texturenofocus border="5">button-nofocus.png</texturenofocus>
								<texturefocus border="5">button-focus.png</texturefocus>
								<onclick>Skin.SetImage(Home_Custom_Back_Video_Folder)</onclick>
								<onleft>302</onleft>
								<onright>301</onright>
								<onup>304</onup>
								<ondown>304</ondown>
							</control>
							<control type="button" id="301">
								<description>Multi Image button</description>
								<posx>190</posx>
								<posy>0</posy>
								<width>180</width>
								<height>40</height>
								<label>31114</label>
								<font>font12_title</font>
								<textcolor>grey2</textcolor>
								<focusedcolor>white</focusedcolor>
								<align>center</align>
								<texturenofocus border="5">button-nofocus.png</texturenofocus>
								<texturefocus border="5">button-focus.png</texturefocus>
								<onclick>Skin.SetPath(Home_Custom_Back_Video_Folder)</onclick>
								<onleft>300</onleft>
								<onright>302</onright>
								<onup>304</onup>
								<ondown>304</ondown>
							</control>
							<control type="button" id="302">
								<description>Default Image button</description>
								<posx>375</posx>
								<posy>0</posy>
								<width>180</width>
								<height>40</height>
								<label>571</label>
								<font>font12_title</font>
								<textcolor>grey2</textcolor>
								<focusedcolor>white</focusedcolor>
								<align>center</align>
								<texturenofocus border="5">button-nofocus.png</texturenofocus>
								<texturefocus border="5">button-focus.png</texturefocus>
								<onclick>Skin.Reset(Home_Custom_Back_Video_Folder)</onclick>
								<onleft>301</onleft>
								<onright>300</onright>
								<onup>304</onup>
								<ondown>304</ondown>
							</control>
						</control>
						<control type="group">
							<visible>Container(9003).HasFocus(2)</visible>
							<control type="button" id="300">
								<description>Single Image button</description>
								<posx>5</posx>
								<posy>0</posy>
								<width>180</width>
								<height>40</height>
								<label>31113</label>
								<font>font12_title</font>
								<textcolor>grey2</textcolor>
								<focusedcolor>white</focusedcolor>
								<align>center</align>
								<texturenofocus border="5">button-nofocus.png</texturenofocus>
								<texturefocus border="5">button-focus.png</texturefocus>
								<onclick>Skin.SetImage(Home_Custom_Back_Music_Folder)</onclick>
								<onleft>302</onleft>
								<onright>301</onright>
								<onup>304</onup>
								<ondown>304</ondown>
							</control>
							<control type="button" id="301">
								<description>Multi Image button</description>
								<posx>190</posx>
								<posy>0</posy>
								<width>180</width>
								<height>40</height>
								<label>31114</label>
								<font>font12_title</font>
								<textcolor>grey2</textcolor>
								<focusedcolor>white</focusedcolor>
								<align>center</align>
								<texturenofocus border="5">button-nofocus.png</texturenofocus>
								<texturefocus border="5">button-focus.png</texturefocus>
								<onclick>Skin.SetPath(Home_Custom_Back_Music_Folder)</onclick>
								<onleft>300</onleft>
								<onright>302</onright>
								<onup>304</onup>
								<ondown>304</ondown>
							</control>
							<control type="button" id="302">
								<description>Default Image button</description>
								<posx>375</posx>
								<posy>0</posy>
								<width>180</width>
								<height>40</height>
								<label>571</label>
								<font>font12_title</font>
								<textcolor>grey2</textcolor>
								<focusedcolor>white</focusedcolor>
								<align>center</align>
								<texturenofocus border="5">button-nofocus.png</texturenofocus>
								<texturefocus border="5">button-focus.png</texturefocus>
								<onclick>Skin.Reset(Home_Custom_Back_Music_Folder)</onclick>
								<onleft>301</onleft>
								<onright>300</onright>
								<onup>304</onup>
								<ondown>304</ondown>
							</control>
						</control>
						<control type="group">
							<visible>Container(9003).HasFocus(3)</visible>
							<control type="button" id="300">
								<description>Single Image button</description>
								<posx>5</posx>
								<posy>0</posy>
								<width>180</width>
								<height>40</height>
								<label>31113</label>
								<font>font12_title</font>
								<textcolor>grey2</textcolor>
								<focusedcolor>white</focusedcolor>
								<align>center</align>
								<texturenofocus border="5">button-nofocus.png</texturenofocus>
								<texturefocus border="5">button-focus.png</texturefocus>
								<onclick>Skin.SetImage(Home_Custom_Back_Pictures_Folder)</onclick>
								<onleft>302</onleft>
								<onright>301</onright>
								<onup>304</onup>
								<ondown>304</ondown>
							</control>
							<control type="button" id="301">
								<description>Multi Image button</description>
								<posx>190</posx>
								<posy>0</posy>
								<width>180</width>
								<height>40</height>
								<label>31114</label>
								<font>font12_title</font>
								<textcolor>grey2</textcolor>
								<focusedcolor>white</focusedcolor>
								<align>center</align>
								<texturenofocus border="5">button-nofocus.png</texturenofocus>
								<texturefocus border="5">button-focus.png</texturefocus>
								<onclick>Skin.SetPath(Home_Custom_Back_Pictures_Folder)</onclick>
								<onleft>300</onleft>
								<onright>302</onright>
								<onup>304</onup>
								<ondown>304</ondown>
							</control>
							<control type="button" id="302">
								<description>Default Image button</description>
								<posx>375</posx>
								<posy>0</posy>
								<width>180</width>
								<height>40</height>
								<label>571</label>
								<font>font12_title</font>
								<textcolor>grey2</textcolor>
								<focusedcolor>white</focusedcolor>
								<align>center</align>
								<texturenofocus border="5">button-nofocus.png</texturenofocus>
								<texturefocus border="5">button-focus.png</texturefocus>
								<onclick>Skin.Reset(Home_Custom_Back_Pictures_Folder)</onclick>
								<onleft>301</onleft>
								<onright>300</onright>
								<onup>304</onup>
								<ondown>304</ondown>
							</control>
						</control>
						<control type="group">
							<visible>Container(9003).HasFocus(4)</visible>
							<control type="button" id="300">
								<description>Single Image button</description>
								<posx>5</posx>
								<posy>0</posy>
								<width>180</width>
								<height>40</height>
								<label>31113</label>
								<font>font12_title</font>
								<textcolor>grey2</textcolor>
								<focusedcolor>white</focusedcolor>
								<align>center</align>
								<texturenofocus border="5">button-nofocus.png</texturenofocus>
								<texturefocus border="5">button-focus.png</texturefocus>
								<onclick>Skin.SetImage(Home_Custom_Back_Programs_Folder)</onclick>
								<onleft>302</onleft>
								<onright>301</onright>
								<onup>304</onup>
								<ondown>304</ondown>
							</control>
							<control type="button" id="301">
								<description>Multi Image button</description>
								<posx>190</posx>
								<posy>0</posy>
								<width>180</width>
								<height>40</height>
								<label>31114</label>
								<font>font12_title</font>
								<textcolor>grey2</textcolor>
								<focusedcolor>white</focusedcolor>
								<align>center</align>
								<texturenofocus border="5">button-nofocus.png</texturenofocus>
								<texturefocus border="5">button-focus.png</texturefocus>
								<onclick>Skin.SetPath(Home_Custom_Back_Programs_Folder)</onclick>
								<onleft>300</onleft>
								<onright>302</onright>
								<onup>304</onup>
								<ondown>304</ondown>
							</control>
							<control type="button" id="302">
								<description>Default Image button</description>
								<posx>375</posx>
								<posy>0</posy>
								<width>180</width>
								<height>40</height>
								<label>571</label>
								<font>font12_title</font>
								<textcolor>grey2</textcolor>
								<focusedcolor>white</focusedcolor>
								<align>center</align>
								<texturenofocus border="5">button-nofocus.png</texturenofocus>
								<texturefocus border="5">button-focus.png</texturefocus>
								<onclick>Skin.Reset(Home_Custom_Back_Programs_Folder)</onclick>
								<onleft>301</onleft>
								<onright>300</onright>
								<onup>304</onup>
								<ondown>304</ondown>
							</control>
						</control>
						<control type="group">
							<visible>Container(9003).HasFocus(5)</visible>
							<control type="button" id="300">
								<description>Single Image button</description>
								<posx>5</posx>
								<posy>0</posy>
								<width>180</width>
								<height>40</height>
								<label>31113</label>
								<font>font12_title</font>
								<textcolor>grey2</textcolor>
								<focusedcolor>white</focusedcolor>
								<align>center</align>
								<texturenofocus border="5">button-nofocus.png</texturenofocus>
								<texturefocus border="5">button-focus.png</texturefocus>
								<onclick>Skin.SetImage(Home_Custom_Back_Weather_Folder)</onclick>
								<onleft>302</onleft>
								<onright>301</onright>
								<onup>304</onup>
								<ondown>304</ondown>
							</control>
							<control type="button" id="301">
								<description>Multi Image button</description>
								<posx>190</posx>
								<posy>0</posy>
								<width>180</width>
								<height>40</height>
								<label>31114</label>
								<font>font12_title</font>
								<textcolor>grey2</textcolor>
								<focusedcolor>white</focusedcolor>
								<align>center</align>
								<texturenofocus border="5">button-nofocus.png</texturenofocus>
								<texturefocus border="5">button-focus.png</texturefocus>
								<onclick>Skin.SetPath(Home_Custom_Back_Weather_Folder)</onclick>
								<onleft>300</onleft>
								<onright>302</onright>
								<onup>304</onup>
								<ondown>304</ondown>
							</control>
							<control type="button" id="302">
								<description>Default Image button</description>
								<posx>375</posx>
								<posy>0</posy>
								<width>180</width>
								<height>40</height>
								<label>571</label>
								<font>font12_title</font>
								<textcolor>grey2</textcolor>
								<focusedcolor>white</focusedcolor>
								<align>center</align>
								<texturenofocus border="5">button-nofocus.png</texturenofocus>
								<texturefocus border="5">button-focus.png</texturefocus>
								<onclick>Skin.Reset(Home_Custom_Back_Weather_Folder)</onclick>
								<onleft>301</onleft>
								<onright>300</onright>
								<onup>304</onup>
								<ondown>304</ondown>
							</control>
						</control>
						<control type="group">
							<visible>Container(9003).HasFocus(6)</visible>
							<control type="button" id="300">
								<description>Single Image button</description>
								<posx>5</posx>
								<posy>0</posy>
								<width>180</width>
								<height>40</height>
								<label>31113</label>
								<font>font12_title</font>
								<textcolor>grey2</textcolor>
								<focusedcolor>white</focusedcolor>
								<align>center</align>
								<texturenofocus border="5">button-nofocus.png</texturenofocus>
								<texturefocus border="5">button-focus.png</texturefocus>
								<onclick>Skin.SetImage(Home_Custom_Back_Addons_Folder)</onclick>
								<onleft>302</onleft>
								<onright>301</onright>
								<onup>304</onup>
								<ondown>304</ondown>
							</control>
							<control type="button" id="301">
								<description>Multi Image button</description>
								<posx>190</posx>
								<posy>0</posy>
								<width>180</width>
								<height>40</height>
								<label>31114</label>
								<font>font12_title</font>
								<textcolor>grey2</textcolor>
								<focusedcolor>white</focusedcolor>
								<align>center</align>
								<texturenofocus border="5">button-nofocus.png</texturenofocus>
								<texturefocus border="5">button-focus.png</texturefocus>
								<onclick>Skin.SetPath(Home_Custom_Back_Addons_Folder)</onclick>
								<onleft>300</onleft>
								<onright>302</onright>
								<onup>304</onup>
								<ondown>304</ondown>
							</control>
							<control type="button" id="302">
								<description>Default Image button</description>
								<posx>375</posx>
								<posy>0</posy>
								<width>180</width>
								<height>40</height>
								<label>571</label>
								<font>font12_title</font>
								<textcolor>grey2</textcolor>
								<focusedcolor>white</focusedcolor>
								<align>center</align>
								<texturenofocus border="5">button-nofocus.png</texturenofocus>
								<texturefocus border="5">button-focus.png</texturefocus>
								<onclick>Skin.Reset(Home_Custom_Back_Addons_Folder)</onclick>
								<onleft>301</onleft>
								<onright>300</onright>
								<onup>304</onup>
								<ondown>304</ondown>
							</control>
						</control>
						<control type="group">
							<visible>Container(9003).HasFocus(7)</visible>
							<control type="button" id="300">
								<description>Single Image button</description>
								<posx>5</posx>
								<posy>0</posy>
								<width>180</width>
								<height>40</height>
								<label>31113</label>
								<font>font12_title</font>
								<textcolor>grey2</textcolor>
								<focusedcolor>white</focusedcolor>
								<align>center</align>
								<texturenofocus border="5">button-nofocus.png</texturenofocus>
								<texturefocus border="5">button-focus.png</texturefocus>
								<onclick>Skin.SetImage(Home_Custom_Back_Settings_Folder)</onclick>
								<onleft>302</onleft>
								<onright>301</onright>
								<onup>304</onup>
								<ondown>304</ondown>
							</control>
							<control type="button" id="301">
								<description>Multi Image button</description>
								<posx>190</posx>
								<posy>0</posy>
								<width>180</width>
								<height>40</height>
								<label>31114</label>
								<font>font12_title</font>
								<textcolor>grey2</textcolor>
								<focusedcolor>white</focusedcolor>
								<align>center</align>
								<texturenofocus border="5">button-nofocus.png</texturenofocus>
								<texturefocus border="5">button-focus.png</texturefocus>
								<onclick>Skin.SetPath(Home_Custom_Back_Settings_Folder)</onclick>
								<onleft>300</onleft>
								<onright>302</onright>
								<onup>304</onup>
								<ondown>304</ondown>
							</control>
							<control type="button" id="302">
								<description>Default Image button</description>
								<posx>375</posx>
								<posy>0</posy>
								<width>180</width>
								<height>40</height>
								<label>571</label>
								<font>font12_title</font>
								<textcolor>grey2</textcolor>
								<focusedcolor>white</focusedcolor>
								<align>center</align>
								<texturenofocus border="5">button-nofocus.png</texturenofocus>
								<texturefocus border="5">button-focus.png</texturefocus>
								<onclick>Skin.Reset(Home_Custom_Back_Settings_Folder)</onclick>
								<onleft>301</onleft>
								<onright>300</onright>
								<onup>304</onup>
								<ondown>304</ondown>
							</control>
						</control>
						<control type="group">
							<visible>Container(9003).HasFocus(10)</visible>
							<control type="button" id="300">
								<description>Single Image button</description>
								<posx>5</posx>
								<posy>0</posy>
								<width>180</width>
								<height>40</height>
								<label>31113</label>
								<font>font12_title</font>
								<textcolor>grey2</textcolor>
								<focusedcolor>white</focusedcolor>
								<align>center</align>
								<texturenofocus border="5">button-nofocus.png</texturenofocus>
								<texturefocus border="5">button-focus.png</texturefocus>
								<onclick>Skin.SetImage(Home_Custom_Back_Movies_Folder)</onclick>
								<onleft>302</onleft>
								<onright>301</onright>
								<onup>304</onup>
								<ondown>304</ondown>
							</control>
							<control type="button" id="301">
								<description>Multi Image button</description>
								<posx>190</posx>
								<posy>0</posy>
								<width>180</width>
								<height>40</height>
								<label>31114</label>
								<font>font12_title</font>
								<textcolor>grey2</textcolor>
								<focusedcolor>white</focusedcolor>
								<align>center</align>
								<texturenofocus border="5">button-nofocus.png</texturenofocus>
								<texturefocus border="5">button-focus.png</texturefocus>
								<onclick>Skin.SetPath(Home_Custom_Back_Movies_Folder)</onclick>
								<onleft>300</onleft>
								<onright>302</onright>
								<onup>304</onup>
								<ondown>304</ondown>
							</control>
							<control type="button" id="302">
								<description>Default Image button</description>
								<posx>375</posx>
								<posy>0</posy>
								<width>180</width>
								<height>40</height>
								<label>571</label>
								<font>font12_title</font>
								<textcolor>grey2</textcolor>
								<focusedcolor>white</focusedcolor>
								<align>center</align>
								<texturenofocus border="5">button-nofocus.png</texturenofocus>
								<texturefocus border="5">button-focus.png</texturefocus>
								<onclick>Skin.Reset(Home_Custom_Back_Movies_Folder)</onclick>
								<onleft>301</onleft>
								<onright>300</onright>
								<onup>304</onup>
								<ondown>304</ondown>
							</control>
						</control>
						<control type="group">
							<visible>Container(9003).HasFocus(11)</visible>
							<control type="button" id="300">
								<description>Single Image button</description>
								<posx>5</posx>
								<posy>0</posy>
								<width>180</width>
								<height>40</height>
								<label>31113</label>
								<font>font12_title</font>
								<textcolor>grey2</textcolor>
								<focusedcolor>white</focusedcolor>
								<align>center</align>
								<texturenofocus border="5">button-nofocus.png</texturenofocus>
								<texturefocus border="5">button-focus.png</texturefocus>
								<onclick>Skin.SetImage(Home_Custom_Back_TVShow_Folder)</onclick>
								<onleft>302</onleft>
								<onright>301</onright>
								<onup>304</onup>
								<ondown>304</ondown>
							</control>
							<control type="button" id="301">
								<description>Multi Image button</description>
								<posx>190</posx>
								<posy>0</posy>
								<width>180</width>
								<height>40</height>
								<label>31114</label>
								<font>font12_title</font>
								<textcolor>grey2</textcolor>
								<focusedcolor>white</focusedcolor>
								<align>center</align>
								<texturenofocus border="5">button-nofocus.png</texturenofocus>
								<texturefocus border="5">button-focus.png</texturefocus>
								<onclick>Skin.SetPath(Home_Custom_Back_TVShow_Folder)</onclick>
								<onleft>300</onleft>
								<onright>302</onright>
								<onup>304</onup>
								<ondown>304</ondown>
							</control>
							<control type="button" id="302">
								<description>Default Image button</description>
								<posx>375</posx>
								<posy>0</posy>
								<width>180</width>
								<height>40</height>
								<label>571</label>
								<font>font12_title</font>
								<textcolor>grey2</textcolor>
								<focusedcolor>white</focusedcolor>
								<align>center</align>
								<texturenofocus border="5">button-nofocus.png</texturenofocus>
								<texturefocus border="5">button-focus.png</texturefocus>
								<onclick>Skin.Reset(Home_Custom_Back_TVShow_Folder)</onclick>
								<onleft>301</onleft>
								<onright>300</onright>
								<onup>304</onup>
								<ondown>304</ondown>
							</control>
						</control>
					</control>
					<control type="multiimage">
						<posx>95</posx>
						<posy>160</posy>
						<width>560</width>
						<height>335</height>
						<imagepath background="true">$INFO[Container(9003).ListItem.Icon]</imagepath>
						<timeperimage>6000</timeperimage>
						<randomize>true</randomize>
						<fadetime>500</fadetime>
					</control>
					<control type="label">
						<posx>95</posx>
						<posy>505</posy>
						<width>560</width>
						<height>20</height>
						<align>center</align>
						<aligny>center</aligny>
						<font>font11</font>
						<haspath>yes</haspath>
						<label fallback="571">$INFO[Container(9003).ListItem.Thumb]</label>
						<textcolor>white</textcolor>
					</control>
				</control>
				<control type="group">
					<control type="grouplist" id="9004">
						<visible>Container(9000).Hasfocus(4)</visible>
						<posx>290</posx>
						<posy>60</posy>
						<width>750</width>
						<height>530</height>
						<itemgap>-1</itemgap>
						<pagecontrol>61</pagecontrol>
						<onleft>9000</onleft>
						<onright>61</onright>
						<onup>9004</onup>
						<ondown>9004</ondown>
						<control type="label" id="400">
							<width>750</width>
							<height>45</height>
							<font>font13_title</font>
							<label>31118</label>
							<textcolor>blue</textcolor>
							<shadowcolor>black</shadowcolor>
							<align>left</align>
							<aligny>center</aligny>
						</control>
						<!-- Addons (scripts & plugins) -->
						<control type="radiobutton" id="401">
							<width>750</width>
							<height>40</height>
							<font>font13</font>
							<label>$LOCALIZE[31137] [B]1[/B]</label>
							<textcolor>grey2</textcolor>
							<focusedcolor>white</focusedcolor>
							<texturefocus>MenuItemFO.png</texturefocus>
							<texturenofocus>MenuItemNF.png</texturenofocus>
							<onclick>Skin.ToggleSetting(HomeAddonsButton1)</onclick>
							<selected>Skin.HasSetting(HomeAddonsButton1)</selected>
						</control>
						<control type="button" id="402">
							<width>750</width>
							<height>40</height>
							<font>font12</font>
							<label> - $LOCALIZE[31120]</label>
							<label2>[COLOR=selected]$INFO[Skin.String(HomeAddonsButton1_label)][/COLOR]</label2>
							<textcolor>grey2</textcolor>
							<focusedcolor>white</focusedcolor>
							<texturefocus>MenuItemFO.png</texturefocus>
							<texturenofocus>MenuItemNF.png</texturenofocus>
							<onclick>Skin.SetString(HomeAddonsButton1_label)</onclick>
							<visible>Skin.HasSetting(HomeAddonsButton1)</visible>
						</control>
						<control type="button" id="403">
							<width>750</width>
							<height>40</height>
							<font>font12</font>
							<label> - $LOCALIZE[31121]</label>
							<label2>[COLOR=selected]$INFO[Skin.String(HomeScriptButton1_Path)][/COLOR]</label2>
							<textcolor>grey2</textcolor>
							<focusedcolor>white</focusedcolor>
							<texturefocus>MenuItemFO.png</texturefocus>
							<texturenofocus>MenuItemNF.png</texturenofocus>
							<onclick>Skin.SetFile(HomeScriptButton1_Path,.py)</onclick>
							<onclick>Skin.Reset(HomePluginButton1_Folder)</onclick>
							<onclick>Skin.Reset(HomePluginButton1_Window)</onclick>
							<visible>Skin.HasSetting(HomeAddonsButton1)</visible>
						</control>
						<control type="button" id="404">
							<width>750</width>
							<height>40</height>
							<font>font12</font>
							<label> - $LOCALIZE[31138]</label>
							<label2>[COLOR=selected]$INFO[Skin.String(HomePluginButton1_Folder)][/COLOR]</label2>
							<textcolor>grey2</textcolor>
							<focusedcolor>white</focusedcolor>
							<texturefocus>MenuItemFO.png</texturefocus>
							<texturenofocus>MenuItemNF.png</texturenofocus>
							<onclick>Skin.SetString(HomePluginButton1_Folder)</onclick>
							<onclick>Skin.Reset(HomeScriptButton1_Path)</onclick>
							<visible>Skin.HasSetting(HomeAddonsButton1)</visible>
						</control>
						<control type="button" id="405">
							<width>750</width>
							<height>40</height>
							<font>font12</font>
							<label> - $LOCALIZE[31139]</label> 
							<label2>[COLOR=selected]$INFO[Skin.String(HomePluginButton1_Window)][/COLOR]</label2>
							<textcolor>grey2</textcolor>
							<focusedcolor>white</focusedcolor>
							<texturefocus>MenuItemFO.png</texturefocus>
							<texturenofocus>MenuItemNF.png</texturenofocus>
							<onclick>Skin.SetString(HomePluginButton1_Window)</onclick>
							<onclick>Skin.Reset(HomeScriptButton1_Path)</onclick>
							<visible>Skin.HasSetting(HomeAddonsButton1)</visible>
						</control>
						
						<control type="radiobutton" id="465">
							<width>750</width>
							<height>40</height>
							<font>font13</font>
							<label>$LOCALIZE[31137] [B]2[/B]</label>
							<textcolor>grey2</textcolor>
							<focusedcolor>white</focusedcolor>
							<texturefocus>MenuItemFO.png</texturefocus>
							<texturenofocus>MenuItemNF.png</texturenofocus>
							<onclick>Skin.ToggleSetting(HomeAddonsButton2)</onclick>
							<selected>Skin.HasSetting(HomeAddonsButton2)</selected>
						</control>
						<control type="button" id="407">
							<width>750</width>
							<height>40</height>
							<font>font12</font>
							<label> - $LOCALIZE[31120]</label>
							<label2>[COLOR=selected]$INFO[Skin.String(HomeAddonsButton2_label)][/COLOR]</label2>
							<textcolor>grey2</textcolor>
							<focusedcolor>white</focusedcolor>
							<texturefocus>MenuItemFO.png</texturefocus>
							<texturenofocus>MenuItemNF.png</texturenofocus>
							<onclick>Skin.SetString(HomeAddonsButton2_label)</onclick>
							<visible>Skin.HasSetting(HomeAddonsButton2)</visible>
						</control>
						<control type="button" id="408">
							<width>750</width>
							<height>40</height>
							<font>font12</font>
							<label> - $LOCALIZE[31121]</label>
							<label2>[COLOR=selected]$INFO[Skin.String(HomeScriptButton2_Path)][/COLOR]</label2>
							<textcolor>grey2</textcolor>
							<focusedcolor>white</focusedcolor>
							<texturefocus>MenuItemFO.png</texturefocus>
							<texturenofocus>MenuItemNF.png</texturenofocus>
							<onclick>Skin.SetFile(HomeScriptButton2_Path,.py)</onclick>
							<onclick>Skin.Reset(HomePluginButton2_Folder)</onclick>
							<onclick>Skin.Reset(HomePluginButton2_Window)</onclick>
							<visible>Skin.HasSetting(HomeAddonsButton2)</visible>
						</control>
						<control type="button" id="409">
							<width>750</width>
							<height>40</height>
							<font>font12</font>
							<label> - $LOCALIZE[31138]</label>
							<label2>[COLOR=selected]$INFO[Skin.String(HomePluginButton2_Folder)][/COLOR]</label2>
							<textcolor>grey2</textcolor>
							<focusedcolor>white</focusedcolor>
							<texturefocus>MenuItemFO.png</texturefocus>
							<texturenofocus>MenuItemNF.png</texturenofocus>
							<onclick>Skin.SetString(HomePluginButton2_Folder)</onclick>
							<onclick>Skin.Reset(HomeScriptButton2_Path)</onclick>
							<visible>Skin.HasSetting(HomeAddonsButton2)</visible>
						</control>
						<control type="button" id="410">
							<width>750</width>
							<height>40</height>
							<font>font12</font>
							<label> - $LOCALIZE[31139]</label> 
							<label2>[COLOR=selected]$INFO[Skin.String(HomePluginButton2_Window)][/COLOR]</label2>
							<textcolor>grey2</textcolor>
							<focusedcolor>white</focusedcolor>
							<texturefocus>MenuItemFO.png</texturefocus>
							<texturenofocus>MenuItemNF.png</texturenofocus>
							<onclick>Skin.SetString(HomePluginButton2_Window)</onclick>
							<onclick>Skin.Reset(HomeScriptButton2_Path)</onclick>
							<visible>Skin.HasSetting(HomeAddonsButton2)</visible>
						</control>
						
						<control type="radiobutton" id="411">
							<width>750</width>
							<height>40</height>
							<font>font13</font>
							<label>$LOCALIZE[31137] [B]3[/B]</label>
							<textcolor>grey2</textcolor>
							<focusedcolor>white</focusedcolor>
							<texturefocus>MenuItemFO.png</texturefocus>
							<texturenofocus>MenuItemNF.png</texturenofocus>
							<onclick>Skin.ToggleSetting(HomeAddonsButton3)</onclick>
							<selected>Skin.HasSetting(HomeAddonsButton3)</selected>
						</control>
						<control type="button" id="412">
							<width>750</width>
							<height>40</height>
							<font>font12</font>
							<label> - $LOCALIZE[31120]</label>
							<label2>[COLOR=selected]$INFO[Skin.String(HomeAddonsButton3_label)][/COLOR]</label2>
							<textcolor>grey2</textcolor>
							<focusedcolor>white</focusedcolor>
							<texturefocus>MenuItemFO.png</texturefocus>
							<texturenofocus>MenuItemNF.png</texturenofocus>
							<onclick>Skin.SetString(HomeAddonsButton3_label)</onclick>
							<visible>Skin.HasSetting(HomeAddonsButton3)</visible>
						</control>
						<control type="button" id="413">
							<width>750</width>
							<height>40</height>
							<font>font12</font>
							<label> - $LOCALIZE[31121]</label>
							<label2>[COLOR=selected]$INFO[Skin.String(HomeScriptButton3_Path)][/COLOR]</label2>
							<textcolor>grey2</textcolor>
							<focusedcolor>white</focusedcolor>
							<texturefocus>MenuItemFO.png</texturefocus>
							<texturenofocus>MenuItemNF.png</texturenofocus>
							<onclick>Skin.SetFile(HomeScriptButton3_Path,.py)</onclick>
							<onclick>Skin.Reset(HomePluginButton3_Folder)</onclick>
							<onclick>Skin.Reset(HomePluginButton3_Window)</onclick>
							<visible>Skin.HasSetting(HomeAddonsButton3)</visible>
						</control>
						<control type="button" id="414">
							<width>750</width>
							<height>40</height>
							<font>font12</font>
							<label> - $LOCALIZE[31138]</label>
							<label2>[COLOR=selected]$INFO[Skin.String(HomePluginButton3_Folder)][/COLOR]</label2>
							<textcolor>grey2</textcolor>
							<focusedcolor>white</focusedcolor>
							<texturefocus>MenuItemFO.png</texturefocus>
							<texturenofocus>MenuItemNF.png</texturenofocus>
							<onclick>Skin.SetString(HomePluginButton3_Folder)</onclick>
							<onclick>Skin.Reset(HomeScriptButton3_Path)</onclick>
							<visible>Skin.HasSetting(HomeAddonsButton3)</visible>
						</control>
						<control type="button" id="415">
							<width>750</width>
							<height>40</height>
							<font>font12</font>
							<label> - $LOCALIZE[31139]</label> 
							<label2>[COLOR=selected]$INFO[Skin.String(HomePluginButton3_Window)][/COLOR]</label2>
							<textcolor>grey2</textcolor>
							<focusedcolor>white</focusedcolor>
							<texturefocus>MenuItemFO.png</texturefocus>
							<texturenofocus>MenuItemNF.png</texturenofocus>
							<onclick>Skin.SetString(HomePluginButton3_Window)</onclick>
							<onclick>Skin.Reset(HomeScriptButton3_Path)</onclick>
							<visible>Skin.HasSetting(HomeAddonsButton3)</visible>
						</control>
						
						<control type="radiobutton" id="416">
							<width>750</width>
							<height>40</height>
							<font>font13</font>
							<label>$LOCALIZE[31137] [B]4[/B]</label>
							<textcolor>grey2</textcolor>
							<focusedcolor>white</focusedcolor>
							<texturefocus>MenuItemFO.png</texturefocus>
							<texturenofocus>MenuItemNF.png</texturenofocus>
							<onclick>Skin.ToggleSetting(HomeAddonsButton4)</onclick>
							<selected>Skin.HasSetting(HomeAddonsButton4)</selected>
						</control>
						<control type="button" id="417">
							<width>750</width>
							<height>40</height>
							<font>font12</font>
							<label> - $LOCALIZE[31120]</label>
							<label2>[COLOR=selected]$INFO[Skin.String(HomeAddonsButton4_label)][/COLOR]</label2>
							<textcolor>grey2</textcolor>
							<focusedcolor>white</focusedcolor>
							<texturefocus>MenuItemFO.png</texturefocus>
							<texturenofocus>MenuItemNF.png</texturenofocus>
							<onclick>Skin.SetString(HomeAddonsButton4_label)</onclick>
							<visible>Skin.HasSetting(HomeAddonsButton4)</visible>
						</control>
						<control type="button" id="418">
							<width>750</width>
							<height>40</height>
							<font>font12</font>
							<label> - $LOCALIZE[31121]</label>
							<label2>[COLOR=selected]$INFO[Skin.String(HomeScriptButton4_Path)][/COLOR]</label2>
							<textcolor>grey2</textcolor>
							<focusedcolor>white</focusedcolor>
							<texturefocus>MenuItemFO.png</texturefocus>
							<texturenofocus>MenuItemNF.png</texturenofocus>
							<onclick>Skin.SetFile(HomeScriptButton4_Path,.py)</onclick>
							<onclick>Skin.Reset(HomePluginButton4_Folder)</onclick>
							<onclick>Skin.Reset(HomePluginButton4_Window)</onclick>
							<visible>Skin.HasSetting(HomeAddonsButton4)</visible>
						</control>
						<control type="button" id="419">
							<width>750</width>
							<height>40</height>
							<font>font12</font>
							<label> - $LOCALIZE[31138]</label>
							<label2>[COLOR=selected]$INFO[Skin.String(HomePluginButton4_Folder)][/COLOR]</label2>
							<textcolor>grey2</textcolor>
							<focusedcolor>white</focusedcolor>
							<texturefocus>MenuItemFO.png</texturefocus>
							<texturenofocus>MenuItemNF.png</texturenofocus>
							<onclick>Skin.SetString(HomePluginButton4_Folder)</onclick>
							<onclick>Skin.Reset(HomeScriptButton4_Path)</onclick>
							<visible>Skin.HasSetting(HomeAddonsButton4)</visible>
						</control>
						<control type="button" id="420">
							<width>750</width>
							<height>40</height>
							<font>font12</font>
							<label> - $LOCALIZE[31139]</label> 
							<label2>[COLOR=selected]$INFO[Skin.String(HomePluginButton4_Window)][/COLOR]</label2>
							<textcolor>grey2</textcolor>
							<focusedcolor>white</focusedcolor>
							<texturefocus>MenuItemFO.png</texturefocus>
							<texturenofocus>MenuItemNF.png</texturenofocus>
							<onclick>Skin.SetString(HomePluginButton4_Window)</onclick>
							<onclick>Skin.Reset(HomeScriptButton4_Path)</onclick>
							<visible>Skin.HasSetting(HomeAddonsButton4)</visible>
						</control>
						
						<control type="radiobutton" id="421">
							<width>750</width>
							<height>40</height>
							<font>font13</font>
							<label>$LOCALIZE[31137] [B]5[/B]</label>
							<textcolor>grey2</textcolor>
							<focusedcolor>white</focusedcolor>
							<texturefocus>MenuItemFO.png</texturefocus>
							<texturenofocus>MenuItemNF.png</texturenofocus>
							<onclick>Skin.ToggleSetting(HomeAddonsButton5)</onclick>
							<selected>Skin.HasSetting(HomeAddonsButton5)</selected>
						</control>
						<control type="button" id="422">
							<width>750</width>
							<height>40</height>
							<font>font12</font>
							<label> - $LOCALIZE[31120]</label>
							<label2>[COLOR=selected]$INFO[Skin.String(HomeAddonsButton5_label)][/COLOR]</label2>
							<textcolor>grey2</textcolor>
							<focusedcolor>white</focusedcolor>
							<texturefocus>MenuItemFO.png</texturefocus>
							<texturenofocus>MenuItemNF.png</texturenofocus>
							<onclick>Skin.SetString(HomeAddonsButton5_label)</onclick>
							<visible>Skin.HasSetting(HomeAddonsButton5)</visible>
						</control>
						<control type="button" id="423">
							<width>750</width>
							<height>40</height>
							<font>font12</font>
							<label> - $LOCALIZE[31121]</label>
							<label2>[COLOR=selected]$INFO[Skin.String(HomeScriptButton5_Path)][/COLOR]</label2>
							<textcolor>grey2</textcolor>
							<focusedcolor>white</focusedcolor>
							<texturefocus>MenuItemFO.png</texturefocus>
							<texturenofocus>MenuItemNF.png</texturenofocus>
							<onclick>Skin.SetFile(HomeScriptButton5_Path,.py)</onclick>
							<onclick>Skin.Reset(HomePluginButton5_Folder)</onclick>
							<onclick>Skin.Reset(HomePluginButton5_Window)</onclick>
							<visible>Skin.HasSetting(HomeAddonsButton5)</visible>
						</control>
						<control type="button" id="424">
							<width>750</width>
							<height>40</height>
							<font>font12</font>
							<label> - $LOCALIZE[31138]</label>
							<label2>[COLOR=selected]$INFO[Skin.String(HomePluginButton5_Folder)][/COLOR]</label2>
							<textcolor>grey2</textcolor>
							<focusedcolor>white</focusedcolor>
							<texturefocus>MenuItemFO.png</texturefocus>
							<texturenofocus>MenuItemNF.png</texturenofocus>
							<onclick>Skin.SetString(HomePluginButton5_Folder)</onclick>
							<onclick>Skin.Reset(HomeScriptButton5_Path)</onclick>
							<visible>Skin.HasSetting(HomeAddonsButton5)</visible>
						</control>
						<control type="button" id="425">
							<width>750</width>
							<height>40</height>
							<font>font12</font>
							<label> - $LOCALIZE[31139]</label> 
							<label2>[COLOR=selected]$INFO[Skin.String(HomePluginButton5_Window)][/COLOR]</label2>
							<textcolor>grey2</textcolor>
							<focusedcolor>white</focusedcolor>
							<texturefocus>MenuItemFO.png</texturefocus>
							<texturenofocus>MenuItemNF.png</texturenofocus>
							<onclick>Skin.SetString(HomePluginButton5_Window)</onclick>
							<onclick>Skin.Reset(HomeScriptButton5_Path)</onclick>
							<visible>Skin.HasSetting(HomeAddonsButton5)</visible>
						</control>
						
						<control type="radiobutton" id="426">
							<width>750</width>
							<height>40</height>
							<font>font13</font>
							<label>$LOCALIZE[31137] [B]6[/B]</label>
							<textcolor>grey2</textcolor>
							<focusedcolor>white</focusedcolor>
							<texturefocus>MenuItemFO.png</texturefocus>
							<texturenofocus>MenuItemNF.png</texturenofocus>
							<onclick>Skin.ToggleSetting(HomeAddonsButton6)</onclick>
							<selected>Skin.HasSetting(HomeAddonsButton6)</selected>
						</control>
						<control type="button" id="427">
							<width>750</width>
							<height>40</height>
							<font>font12</font>
							<label> - $LOCALIZE[31120]</label>
							<label2>[COLOR=selected]$INFO[Skin.String(HomeAddonsButton6_label)][/COLOR]</label2>
							<textcolor>grey2</textcolor>
							<focusedcolor>white</focusedcolor>
							<texturefocus>MenuItemFO.png</texturefocus>
							<texturenofocus>MenuItemNF.png</texturenofocus>
							<onclick>Skin.SetString(HomeAddonsButton6_label)</onclick>
							<visible>Skin.HasSetting(HomeAddonsButton6)</visible>
						</control>
						<control type="button" id="428">
							<width>750</width>
							<height>40</height>
							<font>font12</font>
							<label> - $LOCALIZE[31121]</label>
							<label2>[COLOR=selected]$INFO[Skin.String(HomeScriptButton6_Path)][/COLOR]</label2>
							<textcolor>grey2</textcolor>
							<focusedcolor>white</focusedcolor>
							<texturefocus>MenuItemFO.png</texturefocus>
							<texturenofocus>MenuItemNF.png</texturenofocus>
							<onclick>Skin.SetFile(HomeScriptButton6_Path,.py)</onclick>
							<onclick>Skin.Reset(HomePluginButton6_Folder)</onclick>
							<onclick>Skin.Reset(HomePluginButton6_Window)</onclick>
							<visible>Skin.HasSetting(HomeAddonsButton6)</visible>
						</control>
						<control type="button" id="429">
							<width>750</width>
							<height>40</height>
							<font>font12</font>
							<label> - $LOCALIZE[31138]</label> 
							<label2>[COLOR=selected]$INFO[Skin.String(HomePluginButton6_Folder)][/COLOR]</label2>
							<textcolor>grey2</textcolor>
							<focusedcolor>white</focusedcolor>
							<texturefocus>MenuItemFO.png</texturefocus>
							<texturenofocus>MenuItemNF.png</texturenofocus>
							<onclick>Skin.SetString(HomePluginButton6_Folder)</onclick>
							<onclick>Skin.Reset(HomeScriptButton6_Path)</onclick>
							<visible>Skin.HasSetting(HomeAddonsButton6)</visible>
						</control>
						<control type="button" id="430">
							<width>750</width>
							<height>40</height>
							<font>font12</font>
							<label> - $LOCALIZE[31139]</label> 
							<label2>[COLOR=selected]$INFO[Skin.String(HomePluginButton6_Window)][/COLOR]</label2>
							<textcolor>grey2</textcolor>
							<focusedcolor>white</focusedcolor>
							<texturefocus>MenuItemFO.png</texturefocus>
							<texturenofocus>MenuItemNF.png</texturenofocus>
							<onclick>Skin.SetString(HomePluginButton6_Window)</onclick>
							<onclick>Skin.Reset(HomeScriptButton6_Path)</onclick>
							<visible>Skin.HasSetting(HomeAddonsButton6)</visible>
						</control>
						<!-- end -->
						<control type="label" id="431">
							<width>750</width>
							<height>45</height>
							<font>font13_title</font>
							<label>31122</label>
							<textcolor>blue</textcolor>
							<shadowcolor>black</shadowcolor>
							<align>left</align>
							<aligny>center</aligny>
						</control>
						<control type="radiobutton" id="432">
							<width>750</width>
							<height>40</height>
							<font>font13</font>
							<label>$LOCALIZE[31119]</label>
							<textcolor>grey2</textcolor>
							<focusedcolor>white</focusedcolor>
							<texturefocus>MenuItemFO.png</texturefocus>
							<texturenofocus>MenuItemNF.png</texturenofocus>
							<onclick>Skin.ToggleSetting(WeatherScript_Enable)</onclick>
							<selected>Skin.HasSetting(WeatherScript_Enable)</selected>
						</control>
						<control type="button" id="433">
							<width>750</width>
							<height>40</height>
							<font>font12</font>
							<label> - $LOCALIZE[31120]</label>
							<label2>[COLOR=selected]$INFO[Skin.String(WeatherScript_Label)][/COLOR]</label2>
							<textcolor>grey2</textcolor>
							<focusedcolor>white</focusedcolor>
							<texturefocus>MenuItemFO.png</texturefocus>
							<texturenofocus>MenuItemNF.png</texturenofocus>
							<onclick>Skin.SetString(WeatherScript_Label)</onclick>
							<visible>Skin.HasSetting(WeatherScript_Enable)</visible>
						</control>
						<control type="button" id="434">
							<width>750</width>
							<height>40</height>
							<font>font12</font>
							<label> - $LOCALIZE[31121]</label>
							<label2>[COLOR=selected]$INFO[Skin.String(WeatherScript_Path)][/COLOR]</label2>
							<textcolor>grey2</textcolor>
							<focusedcolor>white</focusedcolor>
							<texturefocus>MenuItemFO.png</texturefocus>
							<texturenofocus>MenuItemNF.png</texturenofocus>
							<onclick>Skin.SetFile(WeatherScript_Path,.py)</onclick>
							<visible>Skin.HasSetting(WeatherScript_Enable)</visible>
						</control>

						<control type="label" id="435">
							<width>750</width>
							<height>45</height>
							<font>font13_title</font>
							<label>31140</label>
							<textcolor>blue</textcolor>
							<shadowcolor>black</shadowcolor>
							<align>left</align>
							<aligny>center</aligny>
						</control>
						<control type="radiobutton" id="436">
							<width>750</width>
							<height>35</height>
							<font>font13</font>
							<label>$LOCALIZE[31126]</label>
							<textcolor>grey2</textcolor>
							<focusedcolor>white</focusedcolor>
							<texturefocus>MenuItemFO.png</texturefocus>
							<texturenofocus>MenuItemNF.png</texturenofocus>
							<onclick>Skin.ToggleSetting(LyricScript_Enable)</onclick>
							<selected>Skin.HasSetting(LyricScript_Enable)</selected>
						</control>
						<control type="button" id="437">
							<width>750</width>
							<height>35</height>
							<font>font12</font>
							<label>- $LOCALIZE[31127]</label>
							<label2>[COLOR=selected]$INFO[Skin.String(LyricScript_Path)][/COLOR]</label2>
							<textcolor>grey2</textcolor>
							<focusedcolor>white</focusedcolor>
							<texturefocus>MenuItemFO.png</texturefocus>
							<texturenofocus>MenuItemNF.png</texturenofocus>
							<onclick>Skin.SetFile(LyricScript_Path,.py)</onclick>
							<visible>Skin.HasSetting(LyricScript_Enable)</visible>
						</control>

						<control type="label" id="438">
							<width>750</width>
							<height>45</height>
							<font>font13_title</font>
							<label>31141</label>
							<textcolor>blue</textcolor>
							<shadowcolor>black</shadowcolor>
							<align>left</align>
							<aligny>center</aligny>
						</control>
						<control type="radiobutton" id="439">
							<width>750</width>
							<height>35</height>
							<font>font13</font>
							<label>$LOCALIZE[31129]</label>
							<textcolor>grey2</textcolor>
							<focusedcolor>white</focusedcolor>
							<texturefocus>MenuItemFO.png</texturefocus>
							<texturenofocus>MenuItemNF.png</texturenofocus>
							<onclick>Skin.ToggleSetting(SubtitleScript_Enable)</onclick>
							<selected>Skin.HasSetting(SubtitleScript_Enable)</selected>
						</control>
						<control type="button" id="440">
							<width>750</width>
							<height>35</height>
							<font>font12</font>
							<label>- $LOCALIZE[31130]</label>
							<label2>[COLOR=selected]$INFO[Skin.String(SubtitleScript_Path)][/COLOR]</label2>
							<textcolor>grey2</textcolor>
							<focusedcolor>white</focusedcolor>
							<texturefocus>MenuItemFO.png</texturefocus>
							<texturenofocus>MenuItemNF.png</texturenofocus>
							<onclick>Skin.SetFile(SubtitleScript_Path,.py)</onclick>
							<visible>Skin.HasSetting(SubtitleScript_Enable)</visible>
						</control>

						<!-- Theater -->
						<control type="label" id="441">
							<width>750</width>
							<height>45</height>
							<font>font13_title</font>
							<label>31161</label>
							<textcolor>blue</textcolor>
							<shadowcolor>black</shadowcolor>
							<align>left</align>
							<aligny>center</aligny>
						</control>
						<control type="radiobutton" id="442">
							<width>750</width>
							<height>35</height>
							<font>font13</font>
							<label>$LOCALIZE[31162]</label>
							<textcolor>grey2</textcolor>
							<focusedcolor>white</focusedcolor>
							<texturefocus>MenuItemFO.png</texturefocus>
							<texturenofocus>MenuItemNF.png</texturenofocus>
							<onclick>Skin.ToggleSetting(TheaterScript_Enable)</onclick>
							<selected>Skin.HasSetting(TheaterScript_Enable)</selected>
						</control>
						<control type="button" id="443">
							<width>750</width>
							<height>35</height>
							<font>font12</font>
							<label>- $LOCALIZE[31163]</label>
							<label2>[COLOR=selected]$INFO[Skin.String(TheaterScript_Path)][/COLOR]</label2>
							<textcolor>grey2</textcolor>
							<focusedcolor>white</focusedcolor>
							<texturefocus>MenuItemFO.png</texturefocus>
							<texturenofocus>MenuItemNF.png</texturenofocus>
							<onclick>Skin.SetFile(TheaterScript_Path,.py)</onclick>
							<visible>Skin.HasSetting(TheaterScript_Enable)</visible>
						</control>

						<!-- TV show tunes -->
						<control type="label" id="444">
							<width>750</width>
							<height>45</height>
							<font>font13_title</font>
							<label>31165</label>
							<textcolor>blue</textcolor>
							<shadowcolor>black</shadowcolor>
							<align>left</align>
							<aligny>center</aligny>
						</control>
						<control type="radiobutton" id="445">
							<width>750</width>
							<height>35</height>
							<font>font13</font>
							<label>$LOCALIZE[31166]</label>
							<textcolor>grey2</textcolor>
							<focusedcolor>white</focusedcolor>
							<texturefocus>MenuItemFO.png</texturefocus>
							<texturenofocus>MenuItemNF.png</texturenofocus>
							<onclick>Skin.ToggleSetting(TVTunesScript_Enable)</onclick>
							<selected>Skin.HasSetting(TVTunesScript_Enable)</selected>
						</control>
						<control type="button" id="446">
							<width>750</width>
							<height>35</height>
							<font>font12</font>
							<label>- $LOCALIZE[31167]</label>
							<label2>[COLOR=selected]$INFO[Skin.String(TVTunesScript_Path)][/COLOR]</label2>
							<textcolor>grey2</textcolor>
							<focusedcolor>white</focusedcolor>
							<texturefocus>MenuItemFO.png</texturefocus>
							<texturenofocus>MenuItemNF.png</texturenofocus>
							<onclick>Skin.SetFile(TVTunesScript_Path,.py)</onclick>
							<visible>Skin.HasSetting(TVTunesScript_Enable)</visible>
						</control>
						
					</control>
				</control>
				<control type="scrollbar" id="61">
					<posx>1060</posx>
					<posy>60</posy>
					<width>25</width>
					<height>530</height>
					<texturesliderbackground border="0,14,0,14">ScrollBarV.png</texturesliderbackground>
					<texturesliderbar border="0,14,0,14">ScrollBarV_bar.png</texturesliderbar>
					<texturesliderbarfocus border="0,14,0,14">ScrollBarV_bar_focus.png</texturesliderbarfocus>
					<textureslidernib>ScrollBarNib.png</textureslidernib>
					<textureslidernibfocus>ScrollBarNib.png</textureslidernibfocus>
					<onleft>9004</onleft>
					<onright>9000</onright>
					<showonepage>false</showonepage>
					<orientation>vertical</orientation>
					<visible>Container(9000).Hasfocus(4)</visible>
				</control>

<!-- Video Playlists Shortcuts -->	
				<control type="group">
					<control type="grouplist" id="9005">
						<visible>Container(9000).Hasfocus(5)</visible>
						<posx>290</posx>
						<posy>60</posy>
						<width>750</width>
						<height>530</height>
						<itemgap>-1</itemgap>
						<pagecontrol>62</pagecontrol>
						<onleft>9000</onleft>
						<onright>61</onright>
						<onup>9005</onup>
						<ondown>9005</ondown>
						<control type="label" id="500">
							<width>750</width>
							<height>45</height>
							<font>font13_title</font>
							<label>31118</label>
							<textcolor>blue</textcolor>
							<shadowcolor>black</shadowcolor>
							<align>left</align>
							<aligny>center</aligny>
						</control>

<!-- CUSTOM VIDEO SUBMENU BUTTONS -->
						<control type="radiobutton" id="501">
							<width>750</width>
							<height>40</height>
							<font>font13</font>
							<label>$LOCALIZE[31133] [B]1[/B]</label>
							<textcolor>grey2</textcolor>
							<focusedcolor>white</focusedcolor>
							<texturefocus>MenuItemFO.png</texturefocus>
							<texturenofocus>MenuItemNF.png</texturenofocus>
							<onclick>Skin.ToggleSetting(HomeVideoSubmenuButton1)</onclick>
							<selected>Skin.HasSetting(HomeVideoSubmenuButton1)</selected>
						</control>
						<control type="button" id="502">
							<width>750</width>
							<height>40</height>
							<font>font12</font>
							<label> - $LOCALIZE[31120]</label>
							<label2>[COLOR=selected]$INFO[Skin.String(HomeVideoSubmenuButton1_label)][/COLOR]</label2>
							<textcolor>grey2</textcolor>
							<focusedcolor>white</focusedcolor>
							<texturefocus>MenuItemFO.png</texturefocus>
							<texturenofocus>MenuItemNF.png</texturenofocus>
							<onclick>Skin.SetString(HomeVideoSubmenuButton1_label)</onclick>
							<visible>Skin.HasSetting(HomeVideoSubmenuButton1)</visible>
						</control>
						<control type="button" id="503">
							<width>750</width>
							<height>40</height>
							<font>font12</font>
							<label> - $LOCALIZE[31132]</label>
							<label2>[COLOR=selected]$INFO[Skin.String(HomeVideoSubmenuButton1_Path)][/COLOR]</label2>
							<textcolor>grey2</textcolor>
							<focusedcolor>white</focusedcolor>
							<texturefocus>MenuItemFO.png</texturefocus>
							<texturenofocus>MenuItemNF.png</texturenofocus>
							<onclick>Skin.SetFile(HomeVideoSubmenuButton1_Path,.xsp,special://videoplaylists)</onclick>
							<visible>Skin.HasSetting(HomeVideoSubmenuButton1)</visible>
						</control>

						<control type="radiobutton" id="504">
							<width>750</width>
							<height>40</height>
							<font>font13</font>
							<label>$LOCALIZE[31133] [B]2[/B]</label>
							<textcolor>grey2</textcolor>
							<focusedcolor>white</focusedcolor>
							<texturefocus>MenuItemFO.png</texturefocus>
							<texturenofocus>MenuItemNF.png</texturenofocus>
							<onclick>Skin.ToggleSetting(HomeVideoSubmenuButton2)</onclick>
							<selected>Skin.HasSetting(HomeVideoSubmenuButton2)</selected>
						</control>
						<control type="button" id="505">
							<width>750</width>
							<height>40</height>
							<font>font12</font>
							<label> - $LOCALIZE[31120]</label>
							<label2>[COLOR=selected]$INFO[Skin.String(HomeVideoSubmenuButton2_label)][/COLOR]</label2>
							<textcolor>grey2</textcolor>
							<focusedcolor>white</focusedcolor>
							<texturefocus>MenuItemFO.png</texturefocus>
							<texturenofocus>MenuItemNF.png</texturenofocus>
							<onclick>Skin.SetString(HomeVideoSubmenuButton2_label)</onclick>
							<visible>Skin.HasSetting(HomeVideoSubmenuButton2)</visible>
						</control>
						<control type="button" id="506">
							<width>750</width>
							<height>40</height>
							<font>font12</font>
							<label> - $LOCALIZE[31132]</label>
							<label2>[COLOR=selected]$INFO[Skin.String(HomeVideoSubmenuButton2_Path)][/COLOR]</label2>
							<textcolor>grey2</textcolor>
							<focusedcolor>white</focusedcolor>
							<texturefocus>MenuItemFO.png</texturefocus>
							<texturenofocus>MenuItemNF.png</texturenofocus>
							<onclick>Skin.SetFile(HomeVideoSubmenuButton2_Path,.xsp,special://videoplaylists)</onclick>
							<visible>Skin.HasSetting(HomeVideoSubmenuButton2)</visible>
						</control>
						
						<control type="radiobutton" id="507">
							<width>750</width>
							<height>40</height>
							<font>font13</font>
							<label>$LOCALIZE[31133] [B]3[/B]</label>
							<textcolor>grey2</textcolor>
							<focusedcolor>white</focusedcolor>
							<texturefocus>MenuItemFO.png</texturefocus>
							<texturenofocus>MenuItemNF.png</texturenofocus>
							<onclick>Skin.ToggleSetting(HomeVideoSubmenuButton3)</onclick>
							<selected>Skin.HasSetting(HomeVideoSubmenuButton3)</selected>
						</control>
						<control type="button" id="508">
							<width>750</width>
							<height>40</height>
							<font>font12</font>
							<label> - $LOCALIZE[31120]</label>
							<label2>[COLOR=selected]$INFO[Skin.String(HomeVideoSubmenuButton3_label)][/COLOR]</label2>
							<textcolor>grey2</textcolor>
							<focusedcolor>white</focusedcolor>
							<texturefocus>MenuItemFO.png</texturefocus>
							<texturenofocus>MenuItemNF.png</texturenofocus>
							<onclick>Skin.SetString(HomeVideoSubmenuButton3_label)</onclick>
							<visible>Skin.HasSetting(HomeVideoSubmenuButton3)</visible>
						</control>
						<control type="button" id="509">
							<width>750</width>
							<height>40</height>
							<font>font12</font>
							<label> - $LOCALIZE[31132]</label>
							<label2>[COLOR=selected]$INFO[Skin.String(HomeVideoSubmenuButton3_Path)][/COLOR]</label2>
							<textcolor>grey2</textcolor>
							<focusedcolor>white</focusedcolor>
							<texturefocus>MenuItemFO.png</texturefocus>
							<texturenofocus>MenuItemNF.png</texturenofocus>
							<onclick>Skin.SetFile(HomeVideoSubmenuButton3_Path,.xsp,special://videoplaylists)</onclick>
							<visible>Skin.HasSetting(HomeVideoSubmenuButton3)</visible>
						</control>
					</control>
				</control>
				
				<control type="scrollbar" id="62">
					<posx>1060</posx>
					<posy>60</posy>
					<width>25</width>
					<height>530</height>
					<texturesliderbackground border="0,14,0,14">ScrollBarV.png</texturesliderbackground>
					<texturesliderbar border="0,14,0,14">ScrollBarV_bar.png</texturesliderbar>
					<texturesliderbarfocus border="0,14,0,14">ScrollBarV_bar_focus.png</texturesliderbarfocus>
					<textureslidernib>ScrollBarNib.png</textureslidernib>
					<textureslidernibfocus>ScrollBarNib.png</textureslidernibfocus>
					<onleft>9005</onleft>
					<onright>9000</onright>
					<showonepage>false</showonepage>
					<orientation>vertical</orientation>
					<visible>Container(9000).Hasfocus(5)</visible>
				</control>
			</control>
<!-- END -->
		</control>
		<include>BehindDialogFadeOut</include>
		<control type="image">
			<posx>-820</posx>
			<posy>0</posy>
			<width>846</width>
			<height>720</height>
			<texture>HomeBlade.png</texture>
		</control>
		<control type="image">
			<posx>26r</posx>
			<posy>0</posy>
			<width>846</width>
			<height>720</height>
			<texture flipx="true">HomeBlade.png</texture>
		</control>
		<control type="group">
			<posx>60</posx>
			<posy>0</posy>
			<animation effect="slide" end="-310,0" time="400" tween="quadratic" easing="out">WindowClose</animation>
			<animation effect="slide" start="-310,0" time="400" tween="quadratic" easing="out">WindowOpen</animation>
			<control type="image">
				<posx>0</posx>
				<posy>0</posy>
				<width>250</width>
				<height>35</height>
				<texture border="0,0,32,0">header.png</texture>
			</control>
			<control type="label">
				<include>WindowTitleCommons</include>
				<posx>220</posx>
				<label>$LOCALIZE[20077]</label>
			</control>
		</control>
		<include>WindowTitleHomeButton</include>
		<include>Clock</include>
	</controls>
</window>