<window id="1113" type="dialog">
	<defaultcontrol always="true">9000</defaultcontrol>
	<include>dialogeffect</include>
	<coordinates>
		<system>1</system>
		<posx>55</posx>
		<posy>570</posy>
	</coordinates>
	<controls>
		<control type="image">
			<posx>0</posx>
			<posy>0</posy>
			<width>200</width>
			<height>150</height>
			<texture border="20">OverlayDialogBackground.png</texture>
		</control>
		<control type="group" id="9000">
			<control type="button" id="1">
				<description>Play Button</description>
				<posx>10</posx>
				<posy>10</posy>
				<width>180</width>
				<height>40</height>
				<label>208</label>
				<font>font13</font>
				<align>center</align>
				<textcolor>grey2</textcolor>
				<focusedcolor>white</focusedcolor>
				<onclick>XBMC.PlayDVD()</onclick>
				<onclick>Dialog.Close(1113)</onclick>
				<texturefocus border="5">button-focus.png</texturefocus>
				<texturenofocus>-</texturenofocus>
				<onleft>Dialog.Close(1113)</onleft>
				<onright>1</onright>
				<onup>3</onup>
				<ondown>2</ondown>
				<enable>System.HasMediaDVD</enable>
			</control>
			<control type="button" id="2">
				<description>Eject Button</description>
				<posx>10</posx>
				<posy>50</posy>
				<width>180</width>
				<height>40</height>
				<label>13391</label>
				<font>font13</font>
				<align>center</align>
				<textcolor>grey2</textcolor>
				<focusedcolor>white</focusedcolor>
				<onclick>EjectTray()</onclick>
				<texturefocus border="5">button-focus.png</texturefocus>
				<texturenofocus>-</texturenofocus>
				<onleft>Dialog.Close(1113)</onleft>
				<onright>2</onright>
				<onup>1</onup>
				<ondown>3</ondown>
			</control>
			<control type="button" id="3">
				<description>Cancel Button</description>
				<posx>10</posx>
				<posy>90</posy>
				<width>180</width>
				<height>40</height>
				<label>222</label>
				<font>font13</font>
				<align>center</align>
				<textcolor>grey2</textcolor>
				<focusedcolor>white</focusedcolor>
				<onclick>Dialog.Close(1113)</onclick>
				<texturefocus border="5">button-focus.png</texturefocus>
				<texturenofocus>-</texturenofocus>
				<onleft>Dialog.Close(1113)</onleft>
				<onright>3</onright>
				<onup>2</onup>
				<ondown>1</ondown>
			</control>
		</control>
	</controls>
</window>