<window id="104">
	<defaultcontrol>1</defaultcontrol>
		<animation effect="slide" start="0,-40" end="0,0" time="100">WindowOpen</animation>
		<animation effect="slide" start="0,0" end="0,-40" delay="400" time="100">WindowClose</animation>
	<controls>
		<control type="group">
			<posx>820</posx>
			<posy>0</posy>
			<control type="image">
				<posx>0</posx>
				<posy>-10</posy>
				<width>340</width>
				<height>50</height>
				<texture flipy="true" border="20,20,20,2">InfoMessagePanel.png</texture>
			</control>
			<control type="group">
				<control type="label">
					<description>Volume Label</description>
					<posx>80</posx>
					<posy>4</posy>
					<width>70</width>
					<height>25</height>
					<label>$INFO[Player.Volume]</label>
					<font>font12</font>
					<align>right</align>
					<aligny>center</aligny>
				</control>
				<control type="progress" id="1">
					<description>Progressbar</description>
					<posx>90</posx>
					<posy>8</posy>
					<width>200</width>
					<height>20</height>
					<info>Player.Volume</info>
					<visible>true</visible>
				</control>
				<control type="image">
					<description>Lite Volume Logo</description>
					<posx>298</posx>
					<posy>0</posy>
					<width>40</width>
					<height>35</height>
					<aspectratio>keep</aspectratio>
					<texture>VolumeIcon.png</texture>
				</control>
			</control>
		</control>
	</controls>
</window>