<window id="25">
	<defaultcontrol always="true">9999</defaultcontrol>
	<allowoverlay>no</allowoverlay>
	<views>50,500,501,508,520,504,503,505,511,720,723</views>
	<controls>
		<include>CommonVideoBackground</include>
		<control type="group">
			<visible>Skin.HasSetting(TVTunesScript_Enable)</visible>
			<control type="button" id="9999">
				<description>Run TV Show Tunes script if video isn't playing</description>
				<onfocus>XBMC.RunScript($INFO[Skin.String(TVTunesScript_Path)],player)</onfocus>
				<onfocus>SetFocus(50)</onfocus>
				<texturenofocus>-</texturenofocus>
				<texturefocus>-</texturefocus>
				<visible>!Player.Playing</visible>
			</control>
			<control type="button" id="9999">
				<description>Don't Run TV Show Tunes script if video is playing</description>
				<onfocus>SetFocus(50)</onfocus>
				<texturenofocus>-</texturenofocus>
				<texturefocus>-</texturefocus>
				<visible>Player.Playing</visible>
			</control>
		</control>
		<control type="button" id="9999">
			<description>Don't Run TV Show Tunes script</description>
			<onfocus>SetFocus(50)</onfocus>
			<texturenofocus>-</texturenofocus>
			<texturefocus>-</texturefocus>
			<visible>!Skin.HasSetting(TVTunesScript_Enable)</visible>
		</control>
		<control type="group">
			<include>Window_OpenClose_Animation</include>
			<control type="image">
				<posx>0</posx>
				<posy>0</posy>
				<width>1280</width>
				<height>720</height>
				<texture background="true">$INFO[ListItem.Property(Fanart_Image)]</texture>
				<include>backgroundfade</include>
				<fadetime>FanartCrossfadeTime</fadetime>
				<visible>!Container.Scrolling + !Skin.HasSetting(VideoLibraryMovieFanart) + !IsEmpty(ListItem.Property(Fanart_Image)) | Control.IsVisible(508)</visible>
				<visible>[Container.Content(Movies) + !Control.IsVisible(520)]</visible>
			</control>
			<control type="image">
				<posx>0</posx>
				<posy>0</posy>
				<width>1280</width>
				<height>720</height>
				<texture background="true">$INFO[ListItem.Property(Fanart_Image)]</texture>
				<include>backgroundfade</include>
				<fadetime>FanartCrossfadeTime</fadetime>
				<visible>!Container.Scrolling + !Skin.HasSetting(VideoLibraryTVFanart) + !IsEmpty(ListItem.Property(Fanart_Image))</visible>
				<visible>Container.Content(TVShows) | [Container.Content(Episodes) + substring(Container.FolderPath,videodb://5/)]</visible>
			</control>
			<control type="image">
				<posx>0</posx>
				<posy>0</posy>
				<width>1280</width>
				<height>720</height>
				<info>Fanart.Image</info>
				<texture background="true">$INFO[Fanart.Image]</texture>
				<include>backgroundfade</include>
				<fadetime>FanartCrossfadeTime</fadetime>
				<visible>!Container.Scrolling + !Skin.HasSetting(VideoLibraryTVFanart) + !IsEmpty(Fanart.Image)</visible>
				<visible>Container.Content(Seasons) | [Container.Content(Episodes) + !substring(Container.FolderPath,videodb://5/)]</visible>
			</control>
			<control type="image">
				<posx>0</posx>
				<posy>0</posy>
				<width>1280</width>
				<height>720</height>
				<texture background="true">$INFO[ListItem.Property(Fanart_Image)]</texture>
				<include>backgroundfade</include>
				<fadetime>FanartCrossfadeTime</fadetime>
				<visible>!Container.Scrolling + !Skin.HasSetting(VideoLibraryMusicVideoFanart) + !IsEmpty(ListItem.Property(Fanart_Image))</visible>
				<visible>Container.Content(MusicVideos) | Container.Content(Artists) | Container.Content(Albums)</visible>
			</control>
		</control>
		<include>CommonMediaPlayingBackground</include>
		<control type="group">
			<include>Window_OpenClose_Animation</include>		
			<control type="image">
				<posx>0</posx>
				<posy>0</posy>
				<width>1280</width>
				<height>720</height>
				<texture border="20">black-back.png</texture>
				<include>VisibleFadeEffect</include>
				<visible>Control.IsVisible(50) | Control.IsVisible(500) | Control.IsVisible(505) | Control.IsVisible(720) | Control.IsVisible(723)</visible>
			</control>
			<control type="image">
				<posx>0</posx>
				<posy>128r</posy>
				<width>1280</width>
				<height>128</height>
				<texture>floor.png</texture>
				<include>VisibleFadeEffect</include>
				<visible>Control.IsVisible(50) | Control.IsVisible(500) | Control.IsVisible(505) | Control.IsVisible(508)</visible>
			</control>
			<control type="group">
				<include>VisibleFadeEffect</include>
				<visible>Control.IsVisible(50)</visible>
				<control type="image">
					<posx>50</posx>
					<posy>60</posy>
					<width>750</width>
					<height>600</height>
					<texture border="20">ContentPanel.png</texture>
				</control>
				<control type="image">
					<posx>50</posx>
					<posy>645</posy>
					<width>750</width>
					<height>600</height>
					<aspectratio aligny="top">keep</aspectratio>
					<texture diffuse="diffuse_mirror3.png" flipy="true" border="20">ContentPanel.png</texture>
				</control>
			</control>
			<control type="image">
				<posx>0</posx>
				<posy>0</posy>
				<width>1280</width>
				<height>720</height>
				<texture>ContentPanel2.png</texture>
				<include>VisibleFadeEffect</include>
				<visible>Control.IsVisible(501)</visible>
			</control>
			<control type="image">
				<posx>0</posx>
				<posy>220</posy>
				<width>1280</width>
				<height>500</height>
				<texture border="20">ContentPanel4.png</texture>
				<include>VisibleFadeEffect</include>
				<visible>Control.IsVisible(503)</visible>
			</control>
			<control type="image">
				<posx>0</posx>
				<posy>-5</posy>
				<width>1280</width>
				<height>725</height>
				<texture border="0.5.0.0">ContentPanel4.png</texture>
				<include>VisibleFadeEffect</include>
				<visible>Control.IsVisible(504) | Control.IsVisible(511)</visible>
			</control>
			<control type="group">
				<include>VisibleFadeEffect</include>
				<visible>Control.IsVisible(500) | Control.IsVisible(505)</visible>
				<control type="image">
					<posx>75</posx>
					<posy>60</posy>
					<width>1130</width>
					<height>600</height>
					<texture border="20">ContentPanel.png</texture>
				</control>
				<control type="image">
					<posx>75</posx>
					<posy>645</posy>
					<width>1130</width>
					<height>600</height>
					<aspectratio aligny="top">keep</aspectratio>
					<texture diffuse="diffuse_mirror3.png" flipy="true" border="20">ContentPanel.png</texture>
				</control>
			</control>
		</control>
		<control type="group">
			<include>Window_OpenClose_Animation</include>		
			<include>CommonRootView</include> <!-- view id = 50 -->
			<include>ThumbnailView</include> <!-- view id = 500 -->
			<include>PosterWrapView</include> <!-- view id = 501 -->
			<include>PosterWrapView2_Fanart</include> <!-- view id = 508 -->
			<include>FullFanartView</include> <!-- view id = 520 -->
			<include>MediaListView3</include> <!-- view id = 503 -->
			<include>MediaListView2</include> <!-- view id = 504 -->
			<include>WideIconView</include> <!-- view id = 505 -->
			<include>MusicVideoInfoListView</include> <!-- view id = 511 -->
			<include>Showcase</include> <!-- view id = 720 -->
			<include>Landscape</include> <!-- view id = 723 -->
		</control>
		<include>CommonPageCount</include>
		<include>BehindDialogFadeOut</include>
		<include>ScrollOffsetLabel</include>
<!-- MISC OPTIONS -->
		<control type="group">
		<visible>!Skin.HasSetting(kioskmode)</visible>
			<animation effect="slide" start="0,0" end="250,0" time="400" tween="quadratic" easing="out" condition="ControlGroup(9000).HasFocus | ControlGroup(9001).HasFocus | ControlGroup(9002).HasFocus | Control.HasFocus(8999)">Conditional</animation>
			<animation effect="slide" start="0,0" end="-250,0" time="400" tween="quadratic" easing="out" condition="ControlGroup(9000).HasFocus | ControlGroup(9001).HasFocus | ControlGroup(9002).HasFocus">WindowClose</animation>
			<control type="group">
				<animation effect="slide" end="-228,0" time="300" tween="quadratic" easing="out">WindowClose</animation>
				<control type="image">
					<posx>0</posx>
					<posy>0</posy>
					<width>1</width>
					<height>720</height>
					<texture>MediaBladeSub_Part1.png</texture>
					<animation effect="zoom" start="0,0,1,720" end="0,0,229,720" time="300" tween="quadratic" easing="out" condition="Control.HasFocus(98) | ControlGroup(9001).HasFocus">Conditional</animation>
				</control>
				<control type="image">
					<posx>1</posx>
					<posy>0</posy>
					<width>12</width>
					<height>720</height>
					<texture>MediaBladeSub_Part2.png</texture>
					<animation effect="slide" end="228,0" time="300" tween="quadratic" easing="out" condition="Control.HasFocus(98) | ControlGroup(9001).HasFocus">Conditional</animation>
				</control>
			</control>
			<control type="group" id="9001">
				<posx>-220</posx>
				<posy>0</posy>
				<animation effect="fade" start="100" end="0" time="0" condition="!ControlGroup(9001).HasFocus + !Control.HasFocus(98)">conditional</animation>
				<animation effect="fade" start="0" end="100" delay="300" time="200" condition="Control.HasFocus(98) | ControlGroup(9001).HasFocus">conditional</animation>
				<animation effect="fade" start="100" end="0" time="0" condition="Control.HasFocus(98) | ControlGroup(9001).HasFocus">WindowClose</animation>
				<animation effect="slide" end="220,0" time="300" tween="quadratic" easing="out" condition="Control.HasFocus(98) | ControlGroup(9001).HasFocus">conditional</animation>
				<control type="button">
					<description>Fake button for mouse control</description>
					<posx>-15</posx>
					<posy>0</posy>
					<width>245</width>
					<height>720</height>
					<label>-</label>
					<font>-</font>
					<texturenofocus>-</texturenofocus>
					<texturefocus>-</texturefocus>
					<visible>true</visible>
				</control>
				<control type="image">
					<posx>185</posx>
					<posy>240</posy>
					<width>40</width>
					<height>40</height>
					<texture>MediaSubSet.png</texture>
				</control>
				<control type="grouplist" id="9010">
					<posx>10</posx>
					<posy>290</posy>
					<width>240</width>
					<height>550</height>
					<onleft>9000</onleft>
					<onright>50</onright>
					<onup>9010</onup>
					<ondown>9010</ondown>
					<itemgap>0</itemgap>
					<control type="radiobutton" id="14">
						<description>Watched Toggle</description>
						<include>ButtonMediaSubCommonValues</include>
						<label>20367</label>
					</control>
					<control type="button" id="8">
						<description>Search</description>
						<include>ButtonMediaSubCommonValues</include>
						<label>137</label>
					</control>
					<control type="radiobutton" id="19">
						<description>Filter</description>
						<include>ButtonMediaSubCommonValues</include>
						<label>587</label>
					</control>
					<control type="radiobutton" id="17">
						<description>Flatten</description>
						<textwidth>170</textwidth>
						<include>ButtonMediaSubCommonValues</include>
						<label>20411</label>
					</control>
					<control type="radiobutton" id="11">
						<description>Unlock Shares</description>
						<textwidth>170</textwidth>
						<include>ButtonMediaSubCommonValues</include>
						<label>20336</label>
						<onclick>xbmc.mastermode</onclick>
						<selected>system.ismaster</selected>
						<visible>system.haslocks</visible>
					</control>
					<control type="label" id="200">
						<width>220</width>
						<height>45</height>
						<font>font12caps</font>
						<label>14018</label>
						<textcolor>dialogheader</textcolor>
						<align>center</align>
						<aligny>center</aligny>
						<visible>Control.IsVisible(201) | Control.IsVisible(202) | Control.IsVisible(203) | Control.IsVisible(204) | Control.IsVisible(205)</visible>
					</control>
					<control type="radiobutton" id="201">
						<description>Toggle MoviesFanart</description>
						<textwidth>170</textwidth>
						<include>ButtonMediaSubCommonValues</include>
						<label>31307</label>
						<onclick>Skin.ToggleSetting(VideoLibraryMovieFanart)</onclick>
						<selected>Skin.HasSetting(VideoLibraryMovieFanart)</selected>
						<visible>Container.Content(Movies) + ![Control.IsVisible(508) | Control.IsVisible(520)]</visible>
					</control>
					<control type="radiobutton" id="202">
						<description>Toggle TVShow Fanart</description>
						<textwidth>170</textwidth>
						<include>ButtonMediaSubCommonValues</include>
						<label>31307</label>
						<onclick>Skin.ToggleSetting(VideoLibraryTVFanart)</onclick>
						<selected>Skin.HasSetting(VideoLibraryTVFanart)</selected>
						<visible>Container.Content(TVShows) | Container.Content(Seasons) | Container.Content(Episodes)</visible>
					</control>
					<control type="radiobutton" id="203">
						<description>Toggle MusicVideo Fanart</description>
						<textwidth>170</textwidth>
						<include>ButtonMediaSubCommonValues</include>
						<label>31307</label>
						<onclick>Skin.ToggleSetting(VideoLibraryMusicVideoFanart)</onclick>
						<selected>Skin.HasSetting(VideoLibraryMusicVideoFanart)</selected>
						<visible>Container.Content(MusicVideos) | Container.Content(Artists) | Container.Content(Albums)</visible>
					</control>
					<control type="radiobutton" id="204">
						<description>Toggle Fanart</description>
						<include>ButtonMediaSubCommonValues</include>
						<label>31318</label>
						<onclick>Skin.ToggleSetting(VideoLibraryFanartView504)</onclick>
						<selected>!Skin.HasSetting(VideoLibraryFanartView504)</selected>
						<visible>[Control.IsVisible(504) + [Container.Content(Movies) | Container.Content(TVShows)]]</visible>
					</control>
					<control type="radiobutton" id="205">
						<description>Toggle Fanart View Media Info</description>
						<textwidth>170</textwidth>
						<include>ButtonMediaSubCommonValues</include>
						<label>31005</label>
						<onclick>Skin.ToggleSetting(View508HideInfo)</onclick>
						<selected>Skin.HasSetting(View508HideInfo)</selected>
						<visible>Control.IsVisible(508)</visible>
					</control>
				</control>
			</control>
<!--   VIDEO LIBRARY -->		
			<control type="group">
				<animation effect="slide" end="-228,0" time="300" tween="quadratic" easing="out">WindowClose</animation>
				<control type="image">
					<posx>0</posx>
					<posy>0</posy>
					<width>1</width>
					<height>720</height>
					<texture>MediaBladeSub_Part1.png</texture>
					<animation effect="zoom" start="0,0,1,720" end="0,0,229,720" time="300" tween="quadratic" easing="out" condition="Control.HasFocus(97) | ControlGroup(9002).HasFocus">Conditional</animation>
				</control>
				<control type="image">
					<posx>1</posx>
					<posy>0</posy>
					<width>12</width>
					<height>720</height>
					<texture>MediaBladeSub_Part2.png</texture>
					<animation effect="slide" end="228,0" time="300" tween="quadratic" easing="out" condition="Control.HasFocus(97) | ControlGroup(9002).HasFocus">Conditional</animation>
				</control>
			</control>
			
			<control type="group" id="9002">
				<posx>-220</posx>
				<posy>0</posy>
				<animation effect="fade" start="100" end="0" time="0" condition="!ControlGroup(9002).HasFocus + !Control.HasFocus(97)">conditional</animation>
				<animation effect="fade" start="0" end="100" delay="300" time="200" condition="Control.HasFocus(97) | ControlGroup(9002).HasFocus">conditional</animation>
				<animation effect="fade" start="100" end="0" time="0" condition="Control.HasFocus(97) | ControlGroup(9002).HasFocus">WindowClose</animation>
				<animation effect="slide" end="220,0" time="300" tween="quadratic" easing="out" condition="Control.HasFocus(97) | ControlGroup(9002).HasFocus">conditional</animation>
				<control type="button">
					<description>Fake button for mouse control</description>
					<posx>-15</posx>
					<posy>0</posy>
					<width>245</width>
					<height>720</height>
					<label>-</label>
					<font>-</font>
					<texturenofocus>-</texturenofocus>
					<texturefocus>-</texturefocus>
					<visible>true</visible>
				</control>
				<control type="image">
					<posx>185</posx>
					<posy>280</posy>
					<width>40</width>
					<height>40</height>
					<texture>MediaSubSet.png</texture>
				</control>
				<control type="grouplist" id="9011">
					<visible>Container.Content(Movies)</visible>
					<posx>10</posx>
					<posy>330</posy>
					<width>240</width>
					<height>550</height>
					<onleft>9000</onleft>
					<onright>50</onright>
					<onup>9011</onup>
					<ondown>9011</ondown>
					<itemgap>0</itemgap>
					<control type="button" id="90161">
						<include>ButtonMediaSubCommonValues</include>
						<label>135</label>
						<onclick>ActivateWindow(VideoLibrary,MovieGenres,return)</onclick>
					</control>
					<control type="button" id="90162">
						<include>ButtonMediaSubCommonValues</include>
						<label>369</label>
						<onclick>ActivateWindow(VideoLibrary,MovieTitles,return)</onclick>
					</control>
					<control type="button" id="90163">
						<include>ButtonMediaSubCommonValues</include>
						<label>345</label>
						<onclick>ActivateWindow(VideoLibrary,MovieYears,return)</onclick>
					</control>
					<control type="button" id="90164">
						<include>ButtonMediaSubCommonValues</include>
						<label>344</label>
						<onclick>ActivateWindow(VideoLibrary,MovieActors,return)</onclick>
					</control>
					<control type="button" id="90165">
						<include>ButtonMediaSubCommonValues</include>
						<label>20348</label>
						<onclick>ActivateWindow(VideoLibrary,MovieDirectors,return)</onclick>
					</control>
					<control type="button" id="90166">
						<include>ButtonMediaSubCommonValues</include>
						<label>20388</label>
						<onclick>ActivateWindow(VideoLibrary,MovieStudios,return)</onclick>
					</control>
					<control type="button" id="90167">
						<include>ButtonMediaSubCommonValues</include>
						<label>31328</label>
						<onclick>ActivateWindow(VideoLibrary,RecentlyAddedMovies,return)</onclick>
					</control>
					<control type="button" id="90168">
						<include>ButtonMediaSubCommonValues</include>
						<label>136</label>
						<onclick>ActivateWindow(VideoLibrary,Playlists)</onclick>
					</control>
					<control type="button" id="90169">
						<include>ButtonMediaSubCommonValues</include>
						<label>31007</label>
						<onclick>ActivateWindow(VideoLibrary,Plugins)</onclick>
					</control>
				</control>
				
				<control type="grouplist" id="9011">
					<visible>Container.Content(TVShows)</visible>
					<posx>10</posx>
					<posy>330</posy>
					<width>240</width>
					<height>550</height>
					<onleft>9000</onleft>
					<onright>50</onright>
					<onup>9011</onup>
					<ondown>9011</ondown>
					<itemgap>0</itemgap>
					<control type="button" id="90171">
						<include>ButtonMediaSubCommonValues</include>
						<label>135</label>
						<onclick>ActivateWindow(VideoLibrary,TVShowGenres,return)</onclick>
					</control>
					<control type="button" id="90172">
						<include>ButtonMediaSubCommonValues</include>
						<label>369</label>
						<onclick>ActivateWindow(VideoLibrary,TVShowTitles,return)</onclick>
					</control>
					<control type="button" id="90173">
						<include>ButtonMediaSubCommonValues</include>
						<label>345</label>
						<onclick>ActivateWindow(VideoLibrary,TVShowYears,return)</onclick>
					</control>
					<control type="button" id="90174">
						<include>ButtonMediaSubCommonValues</include>
						<label>344</label>
						<onclick>ActivateWindow(VideoLibrary,TVShowActors,return)</onclick>
					</control>
					<control type="button" id="90175">
						<include>ButtonMediaSubCommonValues</include>
						<label>20388</label>
						<onclick>ActivateWindow(VideoLibrary,TVShowStudios,return)</onclick>
					</control>
					<control type="button" id="90176">
						<include>ButtonMediaSubCommonValues</include>
						<label>31328</label>
						<onclick>ActivateWindow(VideoLibrary,RecentlyAddedEpisodes,return)</onclick>
					</control>
					<control type="button" id="90177">
						<include>ButtonMediaSubCommonValues</include>
						<label>136</label>
						<onclick>ActivateWindow(VideoLibrary,Playlists)</onclick>
					</control>
					<control type="button" id="90178">
						<include>ButtonMediaSubCommonValues</include>
						<label>31007</label>
						<onclick>ActivateWindow(VideoLibrary,Plugins)</onclick>
					</control>
				</control>		
			</control>
<!-- END -->					
			<control type="button" id="8999">
				<description>Fake button for mouse control</description>
				<posx>-250</posx>
				<posy>0</posy>
				<width>265</width>
				<height>720</height>
				<label>-</label>
				<font>-</font>
				<texturenofocus>-</texturenofocus>
				<texturefocus>-</texturefocus>
				<visible>true</visible>
			</control>
			<control type="image">
				<posx>-820</posx>
				<posy>0</posy>
				<width>846</width>
				<height>720</height>
				<texture>HomeBlade.png</texture>
			</control>
			<control type="image">
				<description>LOGO</description>
				<posx>-230</posx>
				<posy>50</posy>
				<width>220</width>
				<height>80</height>
				<aspectratio>keep</aspectratio>
				<texture>Confluence_Logo.png</texture>
			</control>
			
			<control type="group" id="9000">
				<posx>-250</posx>
				<posy>130</posy>
				<include>CommonNowPlaying</include>
				<control type="button" id="2">
					<description>View As button</description>
					<posx>0</posx>
					<posy>0</posy>
					<include>ButtonCommonValues</include>
					<label>-</label>
					<onleft>50</onleft>
					<onright>50</onright>
					<onup>611</onup>
					<ondown>3</ondown>
				</control>
				<control type="button" id="3">
					<description>Sort by button</description>
					<posx>0</posx>
					<posy>40</posy>
					<include>ButtonCommonValues</include>
					<label>103</label>
					<onleft>50</onleft>
					<onright>4</onright>
					<onup>2</onup>
					<ondown>99</ondown>
				</control>
				<control type="togglebutton" id="4">
					<description>Sort asc</description>
					<posx>220</posx>
					<posy>53</posy>
					<label>-</label>
					<onleft>3</onleft>
					<onright>50</onright>
					<onup>2</onup>
					<ondown>99</ondown>
				</control>
				<control type="radiobutton" id="99">
					<description>Library button</description>
					<posx>0</posx>
					<posy>80</posy>
					<label>$LOCALIZE[29800]</label>
					<onclick>ReplaceWindow(VideoFiles)</onclick>
					<selected>Window.IsVisible(VideoLibrary)</selected>
					<include>ButtonCommonValues</include>
					<onleft>50</onleft>
					<onright>50</onright>
					<onup>3</onup>
					<ondown>16</ondown>
				</control>
				<control type="radiobutton" id="16">
					<description>PartyMode</description>
					<posx>0</posx>
					<posy>120</posy>
					<label>589</label>
					<include>ButtonCommonValues</include>
					<onleft>50</onleft>
					<onright>50</onright>
					<onup>99</onup>
					<ondown>98</ondown>
				</control>
				<control type="radiobutton" id="98">
					<description>Extra Options</description>
					<hitrect x="0" y="160" w="265" h="40" />
					<posx>0</posx>
					<posy>160</posy>
					<include>ButtonCommonValues</include>
					<radiowidth>18</radiowidth>
					<radioheight>18</radioheight>
					<radioposx>222</radioposx>
					<radioposy>12</radioposy>
					<textureradiofocus>HomeHasSub.png</textureradiofocus>
					<textureradionofocus>HomeHasSub.png</textureradionofocus>
					<label>31026</label>
					<onleft>50</onleft>
					<onright>9010</onright>
					<onup>16</onup>
					<ondown>97</ondown>
				</control>
				<control type="radiobutton" id="97">
					<description>Videos - Library</description>
					<hitrect x="0" y="200" w="265" h="40" />
					<posx>0</posx>
					<posy>200</posy>
					<include>ButtonCommonValues</include>
					<radiowidth>18</radiowidth>
					<radioheight>18</radioheight>
					<radioposx>222</radioposx>
					<radioposy>12</radioposy>
					<textureradiofocus>HomeHasSub.png</textureradiofocus>
					<textureradionofocus>HomeHasSub.png</textureradionofocus>
					<label>20314</label>
					<onleft>50</onleft>
					<onright>9011</onright>
					<onup>98</onup>
					<ondown>610</ondown>
					<visible>Container.Content(Movies) | Container.Content(TVShows)</visible>
				</control>
				<control type="button" id="610">
					<description>Fake Button to fix Player Controls Navigation</description>
					<onup>97</onup>
					<ondown>603</ondown>
					<visible>false</visible>
				</control>
				<control type="group">
					<posx>0</posx>
					<posy>260</posy>
					<include>CommonNowPlaying_Controls</include>
				</control>
				<control type="button" id="611">
					<description>Fake Button to fix Player Controls Navigation</description>
					<onup>608</onup>
					<ondown>2</ondown>
					<visible>false</visible>
				</control>
			</control>
		</control>
		
		<control type="image">
			<posx>26r</posx>
			<posy>0</posy>
			<width>846</width>
			<height>720</height>
			<texture flipx="true">HomeBlade.png</texture>
		</control>
		<control type="group">
			<posx>240</posx>
			<posy>0</posy>
			<visible>Container.Content(MusicVideos)</visible>
			<include>VisibleFadeEffect</include>
			<animation effect="slide" end="-510,0" time="400" tween="quadratic" easing="out">WindowClose</animation>
			<animation effect="slide" start="-510,0" time="400" tween="quadratic" easing="out">WindowOpen</animation>
			<control type="image">
				<posx>0</posx>
				<posy>0</posy>
				<width>250</width>
				<height>35</height>
				<texture border="0,0,32,0">header.png</texture>
			</control>
			<control type="label">
				<include>WindowTitleCommons</include>
				<posx>220</posx>
				<label>$LOCALIZE[20389]</label>
			</control>
		</control>
		<control type="group">
			<posx>240</posx>
			<posy>0</posy>
			<visible>Container.Content(TVShows)</visible>
			<include>VisibleFadeEffect</include>
			<animation effect="slide" end="-510,0" time="400" tween="quadratic" easing="out">WindowClose</animation>
			<animation effect="slide" start="-510,0" time="400" tween="quadratic" easing="out">WindowOpen</animation>
			<control type="image">
				<posx>0</posx>
				<posy>0</posy>
				<width>250</width>
				<height>35</height>
				<texture border="0,0,32,0">header.png</texture>
			</control>
			<control type="label">
				<include>WindowTitleCommons</include>
				<posx>220</posx>
				<label>$LOCALIZE[20343]</label>
			</control>
		</control>
		<control type="group">
			<posx>470</posx>
			<posy>0</posy>
			<visible>Container.Content(Episodes)</visible>
			<include>VisibleFadeEffect</include>
			<animation effect="slide" end="-710,0" time="400" tween="quadratic" easing="out">WindowClose</animation>
			<animation effect="slide" start="-710,0" time="400" tween="quadratic" easing="out">WindowOpen</animation>
			<control type="image">
				<posx>0</posx>
				<posy>0</posy>
				<width>250</width>
				<height>35</height>
				<texture border="0,0,32,0">header.png</texture>
			</control>
			<control type="label">
				<include>WindowTitleCommons</include>
				<posx>220</posx>
				<label>$INFO[ListItem.Season,$LOCALIZE[20373] ]</label>
			</control>
		</control>
		<control type="group">
			<posx>240</posx>
			<posy>0</posy>
			<visible>Container.Content(Seasons) | Container.Content(Episodes)</visible>
			<include>VisibleFadeEffect</include>
			<animation effect="slide" end="-600,0" time="400" tween="quadratic" easing="out">WindowClose</animation>
			<animation effect="slide" start="-600,0" time="400" tween="quadratic" easing="out">WindowOpen</animation>
			<control type="image">
				<posx>0</posx>
				<posy>0</posy>
				<width>350</width>
				<height>35</height>
				<texture border="0,0,32,0">header.png</texture>
			</control>
			<control type="label">
				<width>250</width>
				<include>WindowTitleCommons</include>
				<posx>320</posx>
				<label>$INFO[ListItem.TVShowTitle]</label>
			</control>
		</control>
		<control type="group">
			<posx>240</posx>
			<posy>0</posy>
			<visible>Container.Content(Movies)</visible>
			<include>VisibleFadeEffect</include>
			<animation effect="slide" end="-510,0" time="400" tween="quadratic" easing="out">WindowClose</animation>
			<animation effect="slide" start="-510,0" time="400" tween="quadratic" easing="out">WindowOpen</animation>
			<control type="image">
				<posx>0</posx>
				<posy>0</posy>
				<width>250</width>
				<height>35</height>
				<texture border="0,0,32,0">header.png</texture>
			</control>
			<control type="label">
				<include>WindowTitleCommons</include>
				<posx>220</posx>
				<label>$LOCALIZE[20342]</label>
			</control>
		</control>
		<control type="group">
			<posx>60</posx>
			<posy>0</posy>
			<animation effect="slide" end="-310,0" time="400" tween="quadratic" easing="out">WindowClose</animation>
			<animation effect="slide" start="-310,0" time="400" tween="quadratic" easing="out">WindowOpen</animation>
			<control type="image">
				<posx>0</posx>
				<posy>0</posy>
				<width>250</width>
				<height>35</height>
				<texture border="0,0,32,0">header.png</texture>
			</control>
			<control type="label">
				<include>WindowTitleCommons</include>
				<posx>220</posx>
				<label>$LOCALIZE[20314]</label>
			</control>
		</control>
		<include>WindowTitleHomeButton</include>
		<include>Clock</include>
		
		<!-- Left HomeBlade for Kiosk mode -->
		<control type="image">
				<posx>-820</posx>
				<posy>0</posy>
				<width>846</width>
				<height>720</height>
				<texture>HomeBlade.png</texture>
				<visible>Skin.HasSetting(kioskmode)</visible>
		</control>
		
	</controls>
</window>
