<window>
	<defaultcontrol>50</defaultcontrol>
	<allowoverlay>no</allowoverlay>
	<controls>
		<include>CommonScriptBackground</include>
		<control type="image">
			<description>AMT Background</description>
			<posx>0</posx>
			<posy>0</posy>
			<width>1280</width>
			<height>720</height>
			<texture>special://skin/backgrounds/amt.jpg</texture>
			<include>Window_OpenClose_Animation</include>
		</control>
		<control type="group">
			<include>Window_OpenClose_Animation</include>		
			<control type="image">
				<posx>0</posx>
				<posy>128r</posy>
				<width>1280</width>
				<height>128</height>
				<texture>floor.png</texture>
				<visible>Control.IsVisible(4000)</visible>
				<include>VisibleFadeEffect</include>
				<animation effect="fade" time="0" delay="1000" start="0" end="100">WindowOpen</animation>
			</control>
			<control type="group">
				<visible>Control.IsVisible(4000)</visible>
				<include>VisibleFadeEffect</include>
				<animation effect="fade" time="0" delay="1000" start="0" end="100">WindowOpen</animation>
				<control type="image">
					<posx>265</posx>
					<posy>60</posy>
					<width>750</width>
					<height>600</height>
					<texture border="20">ContentPanel.png</texture>
				</control>
				<control type="image">
					<posx>265</posx>
					<posy>645</posy>
					<width>750</width>
					<height>600</height>
					<aspectratio aligny="top">keep</aspectratio>
					<texture diffuse="diffuse_mirror3.png" flipy="true" border="20">ContentPanel.png</texture>
				</control>
			</control>
			<control type="image">
				<posx>0</posx>
				<posy>0</posy>
				<width>1280</width>
				<height>720</height>
				<texture>ContentPanel2.png</texture>
				<include>VisibleFadeEffect</include>
				<visible>[Control.IsVisible(50) | Control.IsVisible(51)] + Control.IsVisible(3000)</visible>
			</control>
			<control type="label">
				<description>Page Count Label</description>
				<posx>40r</posx>
				<posy>30r</posy>
				<width>500</width>
				<height>20</height>
				<font>font12</font>
				<textcolor>grey2</textcolor>
				<scroll>false</scroll>
				<align>right</align>
				<aligny>center</aligny>
				<label>([COLOR=blue]$INFO[Container.NumItems][/COLOR]) $LOCALIZE[31025] - $LOCALIZE[31024] ([COLOR=blue]$INFO[Container.CurrentPage]/$INFO[Container.NumPages][/COLOR])</label>
				<include>Window_OpenClose_Animation</include>		
			</control>
			<!-- Trailer list controls -->
			<!-- ** Required ** Do not change id or type-->
			<control type="group" id="3000">
				<control type="grouplist">
					<posx>50</posx>
					<posy>670</posy>
					<width>640</width>
					<itemgap>3</itemgap>
					<orientation>horizontal</orientation>
					<visible>Control.IsVisible(50) | Control.IsVisible(51)</visible>
					<control type="image" id="203">
						<description>Trailer Favorite Overlay</description>
						<width>40</width>
						<height>40</height>
						<aspectratio>keep</aspectratio>
						<texture>amt-overlay-favorite.png</texture>
					</control>
					<control type="image" id="204">
						<description>Trailer Watched Overlay</description>
						<width>40</width>
						<height>40</height>
						<aspectratio>keep</aspectratio>
						<texture>amt-overlay-watched.png</texture>
					</control>
					<control type="image" id="205">
						<description>Trailer Saved Overlay</description>
						<width>40</width>
						<height>40</height>
						<aspectratio>keep</aspectratio>
						<texture>amt-overlay-saved.png</texture>
					</control>
					<control type="image" id="202">
						<description>Trailer Rating</description>
						<width>100</width>
						<height>40</height>
						<aspectratio>keep</aspectratio>
					</control>
				</control>
				<control type="group">
					<control type="list" id="50">
						<posx>440</posx>
						<posy>80</posy>
						<width>760</width>
						<height>400</height>
						<onleft>9000</onleft>
						<onright>2050</onright>
						<onup>50</onup>
						<ondown>50</ondown>
						<viewtype label="544">list</viewtype>
						<pagecontrol>2050</pagecontrol>
						<scrolltime>200</scrolltime>
						<itemlayout height="40" width="760">
							<control type="image">
								<posx>0</posx>
								<posy>0</posy>
								<width>760</width>
								<height>41</height>
								<texture border="0,2,0,2">MenuItemNF.png</texture>
							</control>
							<control type="label">
								<posx>10</posx>
								<posy>0</posy>
								<width>740</width>
								<height>40</height>
								<font>font13</font>
								<textcolor>grey2</textcolor>
								<selectedcolor>selected</selectedcolor>
								<align>left</align>
								<aligny>center</aligny>
								<label>$INFO[ListItem.Label]</label>
							</control>
							<control type="label">
								<posx>750</posx>
								<posy>0</posy>
								<width>500</width>
								<height>40</height>
								<font>font12</font>
								<textcolor>grey2</textcolor>
								<selectedcolor>selected</selectedcolor>
								<align>right</align>
								<aligny>center</aligny>
								<label>$INFO[ListItem.Label2]</label>
							</control>
						</itemlayout>
						<focusedlayout height="40" width="760">
							<control type="image">
								<posx>0</posx>
								<posy>0</posy>
								<width>760</width>
								<height>41</height>
								<texture border="0,2,0,2">MenuItemNF.png</texture>
								<visible>!Control.HasFocus(50)</visible>
								<include>VisibleFadeEffect</include>
							</control>
							<control type="image">
								<posx>0</posx>
								<posy>0</posy>
								<width>760</width>
								<height>41</height>
								<texture border="0,2,0,2">MenuItemFO.png</texture>
								<visible>Control.HasFocus(50)</visible>
								<include>VisibleFadeEffect</include>
							</control>
							<control type="label">
								<posx>10</posx>
								<posy>0</posy>
								<width>740</width>
								<height>40</height>
								<font>font13</font>
								<textcolor>white</textcolor>
								<selectedcolor>selected</selectedcolor>
								<align>left</align>
								<aligny>center</aligny>
								<label>$INFO[ListItem.Label]</label>
							</control>
							<control type="image">
								<posx>560</posx>
								<posy>5</posy>
								<width>200</width>
								<height>31</height>
								<texture border="0,0,14,0">MediaItemDetailBG.png</texture>
								<visible>Control.HasFocus(50) + !IsEmpty(ListItem.Label2)</visible>
							</control>
							<control type="label">
								<posx>750</posx>
								<posy>0</posy>
								<width>500</width>
								<height>40</height>
								<font>font12</font>
								<textcolor>grey2</textcolor>
								<selectedcolor>selected</selectedcolor>
								<align>right</align>
								<aligny>center</aligny>
								<label>$INFO[ListItem.Label2]</label>
							</control>
						</focusedlayout>
					</control>
					<control type="group">
						<posx>70</posx>
						<posy>70</posy>
						<visible>Control.IsVisible(50)</visible>
						<control type="largeimage">
							<posx>0</posx>
							<posy>0</posy>
							<width>300</width>
							<height>420</height>
							<aspectratio>stretch</aspectratio>
							<fadetime>IconCrossfadeTime</fadetime>
							<bordertexture border="5">button-nofocus.png</bordertexture>
							<bordersize>4</bordersize>
							<texture>$INFO[ListItem.ActualIcon]</texture>
						</control>
						<control type="image">
							<posx>0</posx>
							<posy>0</posy>
							<width>200</width>
							<height>230</height>
							<aspectratio>stretch</aspectratio>
							<texture>GlassOverlay.png</texture>
							<colordiffuse>AAFFFFFF</colordiffuse>
						</control>
						<control type="image">
							<posx>215</posx>
							<posy>380</posy>
							<width>100</width>
							<height>50</height>
							<aspectratio>keep</aspectratio>
							<texture>$INFO[ListItem.Overlay]</texture>
						</control>
					</control>
					<control type="scrollbar" id="2050">
						<posx>1210</posx>
						<posy>80</posy>
						<width>25</width>
						<height>400</height>
						<texturesliderbackground border="0,14,0,14">ScrollBarV.png</texturesliderbackground>
						<texturesliderbar border="2,16,2,16">ScrollBarV_bar.png</texturesliderbar>
						<texturesliderbarfocus border="2,16,2,16">ScrollBarV_bar_focus.png</texturesliderbarfocus>
						<textureslidernib>ScrollBarNib.png</textureslidernib>
						<textureslidernibfocus>ScrollBarNib.png</textureslidernibfocus>
						<onleft>50</onleft>
						<onright>2059</onright>
						<showonepage>false</showonepage>
						<orientation>vertical</orientation>
						<visible>Control.IsVisible(50)</visible>
					</control>
					<control type="group">
						<visible>Control.IsVisible(50)</visible>
						<control type="image">
							<posx>100</posx>
							<posy>500</posy>
							<width>800</width>
							<height>60</height>
							<aspectratio>stretch</aspectratio>
							<texture>GlassTitleBar.png</texture>
						</control>
						<control type="label">
							<posx>50</posx>
							<posy>510</posy>
							<width>400</width>
							<height>30</height>
							<font>font24_title</font>
							<textcolor>blue</textcolor>
							<shadowcolor>black</shadowcolor>
							<scroll>true</scroll>
							<align>left</align>
							<aligny>center</aligny>
							<label>203</label>
						</control>
						<control type="textbox">
							<description>Description Value for Movies</description>
							<posx>50</posx>
							<posy>540</posy>
							<width>850</width>
							<height>125</height>
							<font>font12</font>
							<align>justify</align>
							<textcolor>white</textcolor>
							<pagecontrol>2059</pagecontrol>
							<label>$INFO[ListItem.Plot]</label>
							<autoscroll time="2000" delay="3000" repeat="5000">!Skin.HasSetting(AutoScroll)</autoscroll>
							<visible>Control.IsVisible(50)</visible>
						</control>
						<control type="scrollbar" id="2059">
							<posx>910</posx>
							<posy>540</posy>
							<width>25</width>
							<height>125</height>
							<texturesliderbackground border="0,14,0,14">ScrollBarV.png</texturesliderbackground>
							<texturesliderbar border="2,16,2,16">ScrollBarV_bar.png</texturesliderbar>
							<texturesliderbarfocus border="2,16,2,16">ScrollBarV_bar_focus.png</texturesliderbarfocus>
							<textureslidernib>ScrollBarNib.png</textureslidernib>
							<textureslidernibfocus>ScrollBarNib.png</textureslidernibfocus>
							<onleft>2050</onleft>
							<onright>60</onright>
							<showonepage>false</showonepage>
							<orientation>vertical</orientation>
						</control>
						<control type="image">
							<posx>940</posx>
							<posy>515</posy>
							<width>4</width>
							<height>170</height>
							<aspectratio>stretch</aspectratio>
							<texture>separator_vertical.png</texture>
						</control>
						<control type="label">
							<posx>970</posx>
							<posy>510</posy>
							<width>400</width>
							<height>30</height>
							<font>font24_title</font>
							<textcolor>blue</textcolor>
							<shadowcolor>black</shadowcolor>
							<scroll>true</scroll>
							<align>left</align>
							<aligny>center</aligny>
							<label>206</label>
						</control>
						<control type="list" id="70">
							<description>Cast List</description>
							<posx>970</posx>
							<posy>540</posy>
							<width>260</width>
							<height>125</height>
							<onleft>121</onleft>
							<onright>121</onright>
							<onup>70</onup>
							<ondown>70</ondown>
							<viewtype label="535">list</viewtype>
							<pagecontrol>-</pagecontrol>
							<scrolltime>200</scrolltime>
							<visible>Control.IsVisible(50)</visible>
							<itemlayout height="25" width="260">
								<control type="label">
									<posx>0</posx>
									<posy>0</posy>
									<width>270</width>
									<height>25</height>
									<font>font12</font>
									<aligny>center</aligny>
									<selectedcolor>green</selectedcolor>
									<align>left</align>
									<info>ListItem.Label</info>
								</control>
							</itemlayout>
							<focusedlayout height="25" width="260">
								<control type="label">
									<posx>0</posx>
									<posy>0</posy>
									<width>270</width>
									<height>25</height>
									<font>font12</font>
									<aligny>center</aligny>
									<selectedcolor>green</selectedcolor>
									<align>left</align>
									<info>ListItem.Label</info>
								</control>
							</focusedlayout>
						</control>
					</control>
				</control>
				<control type="wraplist" id="51">
					<posx>-123</posx>
					<posy>80</posy>
					<width>1526</width>
					<height>460</height>
					<onleft>51</onleft>
					<onright>51</onright>
					<onup>9000</onup>
					<ondown>2051</ondown>
					<viewtype label="31028">list</viewtype>
					<pagecontrol>2051</pagecontrol>
					<scrolltime>200</scrolltime>
					<focusposition>3</focusposition>
					<orientation>horizontal</orientation>
					<itemlayout height="310" width="218">
						<control type="image">
							<posx>2</posx>
							<posy>40</posy>
							<width>214</width>
							<height>310</height>
							<aspectratio>stretch</aspectratio>
							<bordertexture border="5">button-nofocus.png</bordertexture>
							<bordersize>4</bordersize>
							<texture background="true">$INFO[ListItem.ActualIcon]</texture>
						</control>
					</itemlayout>
					<focusedlayout height="310" width="218">
						<control type="image">
							<posx>-2</posx>
							<posy>36</posy>
							<width>222</width>
							<height>318</height>
							<aspectratio>stretch</aspectratio>
							<bordertexture border="8">ThumbBorder.png</bordertexture>
							<bordersize>8</bordersize>
							<texture background="true">$INFO[ListItem.ActualIcon]</texture>
							<animation reversible="false" effect="zoom" start="-2,36,222,318" end="-28,0,284,390" time="200">focus</animation>
							<animation reversible="false" effect="zoom" end="-2,36,222,318" start="-28,0,284,390" time="200">unfocus</animation>
						</control>
						<control type="image">
							<posx>6</posx>
							<posy>44</posy>
							<width>170</width>
							<height>180</height>
							<aspectratio>stretch</aspectratio>
							<texture>GlassOverlay.png</texture>
							<animation reversible="false" effect="zoom" start="6,44,170,180" end="-24,4,240,250" time="200">focus</animation>
							<animation reversible="false" effect="zoom" end="6,44,170,180" start="-24,4,240,250" time="200">unfocus</animation>
						</control>
						<control type="image">
							<posx>140</posx>
							<posy>305</posy>
							<width>80</width>
							<height>50</height>
							<aspectratio>keep</aspectratio>
							<texture>$INFO[ListItem.Overlay]</texture>
							<animation type="focus">
								<effect type="fade" start="0" end="100" time="200" />
								<effect type="slide" start="0,0" end="40,40" time="200" />
							</animation>
							<animation type="unfocus">
								<effect type="fade" start="100" end="0" time="200" />
								<effect type="slide" end="0,0" start="40,40" time="200" />
							</animation>
						</control>
					</focusedlayout>
				</control>
				<control type="group">
					<visible>Control.IsVisible(51)</visible>
					<include>VisibleFadeEffect</include>
					<control type="image">
						<posx>100</posx>
						<posy>500</posy>
						<width>800</width>
						<height>60</height>
						<aspectratio>stretch</aspectratio>
						<texture>GlassTitleBar.png</texture>
					</control>
					<control type="label">
						<posx>0</posx>
						<posy>530</posy>
						<width>1280</width>
						<height>35</height>
						<font>font30_title</font>
						<textcolor>white</textcolor>
						<scroll>true</scroll>
						<align>center</align>
						<aligny>center</aligny>
						<label>$INFO[ListItem.Label]</label>
					</control>
					<control type="label">
						<posx>0</posx>
						<posy>580</posy>
						<width>1280</width>
						<height>35</height>
						<font>font30</font>
						<textcolor>white</textcolor>
						<scroll>true</scroll>
						<align>center</align>
						<aligny>center</aligny>
						<label>$INFO[ListItem.Studio]</label>
					</control>
				</control>
				<control type="scrollbar" id="2051">
					<posx>200</posx>
					<posy>470</posy>
					<width>880</width>
					<height>25</height>
					<texturesliderbackground border="14,0,14,0">ScrollBarH.png</texturesliderbackground>
					<texturesliderbar border="14,0,14,0">ScrollBarH_bar.png</texturesliderbar>
					<texturesliderbarfocus border="14,0,14,0">ScrollBarH_bar_focus.png</texturesliderbarfocus>
					<textureslidernib>ScrollBarNib.png</textureslidernib>
					<textureslidernibfocus>ScrollBarNib.png</textureslidernibfocus>
					<onup>51</onup>
					<ondown>9000</ondown>
					<showonepage>false</showonepage>
					<orientation>horizontal</orientation>
					<visible>Control.IsVisible(51)</visible>
				</control>

			</control>
			<!-- ** Required ** Do not change <description> or <type> -->
			<control type="group" id="4000">
				<!-- Category list controls -->
				<!-- ** Required ** Do not change <description> or <type> -->
				<include>VisibleFadeEffect</include>
				<control type="list" id="60">
					<description>Catagory Chooser List</description>
					<posx>295</posx>
					<posy>78</posy>
					<width>690</width>
					<height>561</height>
					<onleft>9000</onleft>
					<onright>2060</onright>
					<onup>60</onup>
					<ondown>60</ondown>
					<viewtype label="31030">list</viewtype>
					<pagecontrol>2060</pagecontrol>
					<scrolltime>200</scrolltime>
					<itemlayout height="40" width="580">
						<control type="image">
							<posx>0</posx>
							<posy>0</posy>
							<width>690</width>
							<height>41</height>
							<texture border="0,2,0,2">MenuItemNF.png</texture>
						</control>
						<control type="image">
							<posx>10</posx>
							<posy>4</posy>
							<width>40</width>
							<height>32</height>
							<texture>$INFO[ListItem.Icon]</texture>
						</control>
						<control type="label">
							<posx>60</posx>
							<posy>0</posy>
							<width>610</width>
							<height>40</height>
							<font>font13</font>
							<textcolor>grey2</textcolor>
							<selectedcolor>selected</selectedcolor>
							<align>left</align>
							<aligny>center</aligny>
							<label>$INFO[ListItem.Label]</label>
						</control>
						<control type="label">
							<posx>670</posx>
							<posy>0</posy>
							<width>400</width>
							<height>40</height>
							<font>font12</font>
							<textcolor>grey2</textcolor>
							<selectedcolor>selected</selectedcolor>
							<align>right</align>
							<aligny>center</aligny>
							<label>$INFO[ListItem.Label2]</label>
						</control>
					</itemlayout>
					<focusedlayout height="40" width="580">
						<control type="image">
							<posx>0</posx>
							<posy>0</posy>
							<width>690</width>
							<height>41</height>
							<texture border="0,2,0,2">MenuItemNF.png</texture>
							<visible>!Control.HasFocus(60)</visible>
							<include>VisibleFadeEffect</include>
						</control>
						<control type="image">
							<posx>0</posx>
							<posy>0</posy>
							<width>690</width>
							<height>41</height>
							<texture border="0,2,0,2">MenuItemFO.png</texture>
							<visible>Control.HasFocus(60)</visible>
							<include>VisibleFadeEffect</include>
						</control>
						<control type="image">
							<posx>490</posx>
							<posy>5</posy>
							<width>200</width>
							<height>31</height>
							<texture border="0,0,14,0">MediaItemDetailBG.png</texture>
							<visible>Control.HasFocus(60) + !IsEmpty(ListItem.Label2)</visible>
						</control>
						<control type="image">
							<posx>10</posx>
							<posy>4</posy>
							<width>40</width>
							<height>32</height>
							<texture>$INFO[ListItem.Icon]</texture>
						</control>
						<control type="label">
							<posx>60</posx>
							<posy>0</posy>
							<width>610</width>
							<height>40</height>
							<font>font13</font>
							<textcolor>white</textcolor>
							<selectedcolor>selected</selectedcolor>
							<align>left</align>
							<aligny>center</aligny>
							<label>$INFO[ListItem.Label]</label>
						</control>
						<control type="label">
							<posx>670</posx>
							<posy>0</posy>
							<width>400</width>
							<height>40</height>
							<font>font12</font>
							<textcolor>grey2</textcolor>
							<selectedcolor>selected</selectedcolor>
							<align>right</align>
							<aligny>center</aligny>
							<label>$INFO[ListItem.Label2]</label>
						</control>
					</focusedlayout>
				</control>
				<control type="scrollbar" id="2060">
					<posx>980</posx>
					<posy>85</posy>
					<width>25</width>
					<height>550</height>
					<texturesliderbackground border="0,14,0,14">ScrollBarV.png</texturesliderbackground>
					<texturesliderbar border="2,16,2,16">ScrollBarV_bar.png</texturesliderbar>
					<texturesliderbarfocus border="2,16,2,16">ScrollBarV_bar_focus.png</texturesliderbarfocus>
					<textureslidernib>ScrollBarNib.png</textureslidernib>
					<textureslidernibfocus>ScrollBarNib.png</textureslidernibfocus>
					<onleft>60</onleft>
					<onright>9000</onright>
					<showonepage>false</showonepage>
					<orientation>vertical</orientation>
				</control>
			</control>
		</control>
		<include>ScrollOffsetLabel</include>
		<control type="group">
			<animation effect="slide" start="0,0" end="250,0" time="400" tween="quadratic" easing="out" condition="ControlGroup(9000).HasFocus | ControlGroup(9001).HasFocus | Control.HasFocus(8999)">Conditional</animation>
			<animation effect="slide" start="0,0" end="-250,0" time="400" tween="quadratic" easing="out" condition="ControlGroup(9000).HasFocus | ControlGroup(9001).HasFocus">WindowClose</animation>
			<control type="group">
				<animation effect="slide" end="-228,0" time="300" tween="quadratic" easing="out">WindowClose</animation>
				<control type="image">
					<posx>0</posx>
					<posy>0</posy>
					<width>1</width>
					<height>720</height>
					<texture>MediaBladeSub_Part1.png</texture>
					<animation effect="zoom" start="0,0,1,720" end="0,0,229,720" time="300" tween="quadratic" easing="out" condition="Control.HasFocus(98) | ControlGroup(9001).HasFocus">Conditional</animation>
				</control>
				<control type="image">
					<posx>1</posx>
					<posy>0</posy>
					<width>12</width>
					<height>720</height>
					<texture>MediaBladeSub_Part2.png</texture>
					<animation effect="slide" end="228,0" time="300" tween="quadratic" easing="out" condition="Control.HasFocus(98) | ControlGroup(9001).HasFocus">Conditional</animation>
				</control>
			</control>
			<control type="group" id="9001">
				<posx>-220</posx>
				<posy>0</posy>
				<animation effect="fade" start="100" end="0" time="0" condition="!ControlGroup(9001).HasFocus + !Control.HasFocus(98)">conditional</animation>
				<animation effect="fade" start="0" end="100" delay="300" time="200" condition="Control.HasFocus(98) | ControlGroup(9001).HasFocus">conditional</animation>
				<animation effect="fade" start="100" end="0" time="0" condition="Control.HasFocus(98) | ControlGroup(9001).HasFocus">WindowClose</animation>
				<animation effect="slide" end="220,0" time="300" tween="quadratic" easing="out" condition="Control.HasFocus(98) | ControlGroup(9001).HasFocus">conditional</animation>
				<control type="button">
					<description>Fake button for mouse control</description>
					<posx>-15</posx>
					<posy>0</posy>
					<width>245</width>
					<height>720</height>
					<label>-</label>
					<font>-</font>
					<texturenofocus>-</texturenofocus>
					<texturefocus>-</texturefocus>
					<visible>true</visible>
				</control>
				<control type="image">
					<posx>185</posx>
					<posy>200</posy>
					<width>40</width>
					<height>40</height>
					<texture>MediaSubSet.png</texture>
				</control>
				<control type="grouplist" id="9010">
					<posx>10</posx>
					<posy>250</posy>
					<width>240</width>
					<height>550</height>
					<onleft>9000</onleft>
					<onright>50</onright>
					<onup>9010</onup>
					<ondown>9010</ondown>
					<itemgap>0</itemgap>
					<control type="label" id="200">
						<width>220</width>
						<height>45</height>
						<font>font12caps</font>
						<label>31200</label>
						<textcolor>dialogheader</textcolor>
						<align>center</align>
						<aligny>center</aligny>
					</control>
					<control type="button" id="100">
						<description>Shortcut1 Button</description>
						<include>ButtonMediaSubCommonValues</include>
						<label>$INFO[Container.Property(Shortcut1)]</label>
					</control>
					<control type="button" id="101">
						<description>Shortcut2 Button</description>
						<include>ButtonMediaSubCommonValues</include>
						<label>$INFO[Container.Property(Shortcut2)]</label>
					</control>
					<control type="button" id="102">
						<description>Shortcut3 Button</description>
						<include>ButtonMediaSubCommonValues</include>
						<label>$INFO[Container.Property(Shortcut3)]</label>
					</control>
					<control type="label" id="201">
						<width>220</width>
						<height>45</height>
						<font>font12caps</font>
						<label>31201</label>
						<textcolor>dialogheader</textcolor>
						<align>center</align>
						<aligny>center</aligny>
					</control>
					<control type="button" id="103">
						<description>Genre Button</description>
						<include>ButtonMediaSubCommonValues</include>
						<label>$LOCALIZE[SCRIPT103]</label>
					</control>
					<control type="button" id="104">
						<description>Studio Button</description>
						<include>ButtonMediaSubCommonValues</include>
						<label>$LOCALIZE[SCRIPT104]</label>
					</control>
					<control type="button" id="105">
						<description>Actor Button</description>
						<include>ButtonMediaSubCommonValues</include>
						<label>$LOCALIZE[SCRIPT105]</label>
					</control>
					<control type="button" id="109">
						<description>Update Button</description>
						<include>ButtonMediaSubCommonValues</include>
						<label>$LOCALIZE[SCRIPT109]</label>
						<visible>false</visible>
					</control>
				</control>
			</control>
			<include>BehindDialogFadeOut</include>
			<control type="button" id="8999">
				<description>Fake button for mouse control</description>
				<posx>-250</posx>
				<posy>0</posy>
				<width>265</width>
				<height>720</height>
				<label>-</label>
				<font>-</font>
				<texturenofocus>-</texturenofocus>
				<texturefocus>-</texturefocus>
				<visible>true</visible>
			</control>
			<control type="image">
				<posx>-820</posx>
				<posy>0</posy>
				<width>846</width>
				<height>720</height>
				<texture>HomeBlade.png</texture>
			</control>
			<control type="image">
				<description>LOGO</description>
				<posx>-230</posx>
				<posy>50</posy>
				<width>220</width>
				<height>80</height>
				<aspectratio>keep</aspectratio>
				<texture>Confluence_Logo.png</texture>
			</control>
			<control type="group" id="9000">
				<posx>-250</posx>
				<posy>130</posy>
				<include>CommonNowPlaying</include>
				<control type="button" id="2">
					<description>View As button</description>
					<posx>0</posx>
					<posy>0</posy>
					<include>ButtonCommonValues</include>
					<label>-</label>
					<onleft>50</onleft>
					<onright>50</onright>
					<onup>611</onup>
					<ondown>98</ondown>
					<enable>!Control.IsVisible(4000)</enable>
				</control>
				<control type="radiobutton" id="98">
					<description>Section links</description>
					<posx>0</posx>
					<posy>40</posy>
					<include>ButtonCommonValues</include>
					<radiowidth>18</radiowidth>
					<radioheight>18</radioheight>
					<radioposx>222</radioposx>
					<radioposy>12</radioposy>
					<textureradiofocus>HomeHasSub.png</textureradiofocus>
					<textureradionofocus>HomeHasSub.png</textureradionofocus>
					<label>31204</label>
					<onleft>50</onleft>
					<onright>9010</onright>
					<onup>2</onup>
					<ondown>106</ondown>
				</control>
				<control type="button" id="106">
					<description>Search Button</description>
					<posx>0</posx>
					<posy>80</posy>
					<include>ButtonCommonValues</include>
					<label>$LOCALIZE[SCRIPT106]</label>
					<onclick>Setfocus(50)</onclick>
					<onleft>50</onleft>
					<onright>50</onright>
					<onup>98</onup>
					<ondown>107</ondown>
				</control>
				<control type="button" id="107">
					<description>Settings Button</description>
					<posx>0</posx>
					<posy>120</posy>
					<include>ButtonCommonValues</include>
					<label>$LOCALIZE[SCRIPT107]</label>
					<onclick>Setfocus(50)</onclick>
					<onleft>50</onleft>
					<onright>50</onright>
					<onup>106</onup>
					<ondown>610</ondown>
				</control>
				<control type="button" id="610">
					<description>Fake Button to fix Player Controls Navigation</description>
					<onup>107</onup>
					<ondown>603</ondown>
					<visible>false</visible>
				</control>
				<control type="group">
					<posx>0</posx>
					<posy>260</posy>
					<include>CommonNowPlaying_Controls</include>
				</control>
				<control type="button" id="611">
					<description>Fake Button to fix Player Controls Navigation</description>
					<onup>608</onup>
					<ondown>2</ondown>
					<visible>false</visible>
				</control>
			</control>
		</control>
		<control type="group">
			<!-- Button Group -->
			<!-- ** Required ** Do not change id or type-->
			<control type="group" id="9000">
				<posx>0</posx>
				<posy>130</posy>
			</control>
		</control>
		<control type="image">
			<posx>26r</posx>
			<posy>0</posy>
			<width>846</width>
			<height>720</height>
			<texture flipx="true">HomeBlade.png</texture>
		</control>
		<control type="group">
			<posx>20</posx>
			<posy>0</posy>
			<animation effect="slide" end="-270,0" time="500" tween="quadratic" easing="out">WindowClose</animation>
			<animation effect="slide" start="-270,0" time="500" tween="quadratic" easing="out">WindowOpen</animation>
			<control type="image">
				<posx>0</posx>
				<posy>0</posy>
				<width>250</width>
				<height>35</height>
				<texture border="0,0,32,0">header.png</texture>
			</control>
			<control type="label">
				<include>WindowTitleCommons</include>
				<posx>220</posx>
				<label>$LOCALIZE[SCRIPT0]</label>
			</control>
		</control>
		<control type="group">
			<posx>300</posx>
			<posy>0</posy>
			<include>VisibleFadeEffect</include>
			<animation effect="slide" end="-570,0" time="500" tween="quadratic" easing="out">WindowClose</animation>
			<animation effect="slide" start="-570,0" time="500" tween="quadratic" easing="out">WindowOpen</animation>
			<control type="image">
				<posx>0</posx>
				<posy>0</posy>
				<width>250</width>
				<height>35</height>
				<texture border="0,0,32,0">header.png</texture>
			</control>
			<control type="label">
				<include>WindowTitleCommons</include>
				<posx>220</posx>
				<label>$INFO[Container.Property(Category)]</label>
			</control>
		</control>
		<include>Clock</include>
<!-- Bunch of stuff required by amt to run proper but not in this skin -->
		<!-- ** Required ** Do not change id or type-->
		<control type="button" id="108">
			<description>Credits Button</description>
			<visible>false</visible>
		</control>
		<control type="button" id="175">
			<description>Plot Button</description>
			<visible>false</visible>
		</control>
		<!-- ** Required ** Do not change id or type-->
		<control type="button" id="170">
			<description>Cast Button</description>
			<visible>false</visible>
		</control>
		<control type="label" id="2150">
			<description>number of files text label</description>
			<visible>false</visible>
		</control>
		<control type="fadelabel" id="206">
			<description>Trailer Label</description>
			<visible>false</visible>
		</control>
		<control type="textbox" id="75">
			<description>Plot Value</description>
			<visible>false</visible>
		</control>
		<control type="label" id="2160">
			<description>number of files text label</description>
			<visible>false</visible>
		</control>
	</controls>
</window>