<window>
	<defaultcontrol>201</defaultcontrol>
	<coordinates>
		<system>1</system>
		<posx>240</posx>
		<posy>85</posy>
	</coordinates>
	<include>dialogeffect</include>
	<controls>
		<control type="image">
			<description>background image</description>
			<posx>0</posx>
			<posy>0</posy>
			<width>810</width>
			<height>550</height>
			<texture border="40">DialogBack.png</texture>
		</control>
		<control type="image">
			<description>background image</description>
			<posx>0</posx>
			<posy>0</posy>
			<width>810</width>
			<height>550</height>
			<texture border="40">DialogFront.png</texture>
		</control>
		<!-- ** Required ** Do not change id or type -->
		<control type="label">
			<description>heading label</description>
			<posx>40</posx>
			<posy>40</posy>
			<width>720</width>
			<height>35</height>
			<align>center</align>
			<aligny>center</aligny>
			<font>font18</font>
			<label>[UPPERCASE]$LOCALIZE[SCRIPT0][/UPPERCASE] - ( $INFO[Control.GetLabel(30)] )</label>
			<textcolor>white</textcolor>
		</control>
		<control type="label" id="30">
			<description>Version label</description>
			<label>-</label>
			<visible>false</visible>
		</control>
		<control type="image">
			<posx>40</posx>
			<posy>78</posy>
			<width>720</width>
			<height>2</height>
			<texture>separator.png</texture>
		</control>
		<!-- ** Required ** Do not change id's or type's -->
		<control type="grouplist" id="9000">
			<posx>40</posx>
			<posy>90</posy>
			<width>570</width>
			<height>410</height>
			<itemgap>5</itemgap>
			<pagecontrol>-</pagecontrol>
			<onleft>2000</onleft>
			<onright>2000</onright>
			<onup>9000</onup>
			<ondown>9000</ondown>
			<control type="button" id="201">
				<description>Setting1 Button</description>
				<posx>0</posx>
				<posy>0</posy>
				<width>570</width>
				<height>35</height>
				<font>font12</font>
				<texturefocus border="5">button-focus.png</texturefocus>
				<texturenofocus border="5">button-nofocus.png</texturenofocus>
				<label>$LOCALIZE[SCRIPT201]</label>
			</control>
			<control type="image" id="1">
				<description>separator image</description>
				<width>570</width>
				<height>2</height>
				<texture>separator.png</texture>
			</control>
			<control type="radiobutton" id="202">
				<description>Setting2 Button</description>
				<width>570</width>
				<height>35</height>
				<label>$LOCALIZE[SCRIPT202]</label>
				<pulseonselect>no</pulseonselect>
				<font>font12</font>
				<texturefocus border="5">button-focus.png</texturefocus>
				<texturenofocus border="5">button-nofocus.png</texturenofocus>
			</control>
			<control type="button" id="203">
				<description>Setting2 Button</description>
				<posx>0</posx>
				<posy>0</posy>
				<width>570</width>
				<height>35</height>
				<label>$LOCALIZE[SCRIPT203]</label>
				<font>font12</font>
				<texturefocus border="5">button-focus.png</texturefocus>
				<texturenofocus border="5">button-nofocus.png</texturenofocus>
			</control>
			<control type="radiobutton" id="210">
				<description>Setting10 Button</description>
				<width>570</width>
				<height>35</height>
				<label>$LOCALIZE[SCRIPT210]</label>
				<pulseonselect>no</pulseonselect>
				<font>font12</font>
				<texturefocus border="5">button-focus.png</texturefocus>
				<texturenofocus border="5">button-nofocus.png</texturenofocus>
			</control>
			<control type="radiobutton" id="211">
				<description>Setting11 Button</description>
				<width>570</width>
				<height>35</height>
				<label>$LOCALIZE[SCRIPT211]</label>
				<pulseonselect>no</pulseonselect>
				<font>font12</font>
				<texturefocus border="5">button-focus.png</texturefocus>
				<texturenofocus border="5">button-nofocus.png</texturenofocus>
			</control>
			<control type="image" id="2">
				<description>separator image</description>
				<width>570</width>
				<height>2</height>
				<texture>separator.png</texture>
			</control>
			<control type="radiobutton" id="280">
				<description>Custom Button</description>
				<width>570</width>
				<height>35</height>
				<label>31111</label>
				<pulseonselect>no</pulseonselect>
				<onclick>Skin.ToggleSetting(Music_Info_In_Lyrics)</onclick>
				<selected>!Skin.HasSetting(Music_Info_In_Lyrics)</selected>
				<font>font12</font>
				<texturefocus border="5">button-focus.png</texturefocus>
				<texturenofocus border="5">button-nofocus.png</texturenofocus>
			</control>
			<control type="radiobutton" id="204">
				<description>Setting4 Button</description>
				<width>570</width>
				<height>35</height>
				<label>$LOCALIZE[SCRIPT204]</label>
				<pulseonselect>no</pulseonselect>
				<font>font12</font>
				<texturefocus border="5">button-focus.png</texturefocus>
				<texturenofocus border="5">button-nofocus.png</texturenofocus>
			</control>
			<control type="radiobutton" id="205">
				<description>Setting5 Button</description>
				<width>570</width>
				<height>35</height>
				<label>$LOCALIZE[SCRIPT205]</label>
				<pulseonselect>no</pulseonselect>
				<font>font12</font>
				<texturefocus border="5">button-focus.png</texturefocus>
				<texturenofocus border="5">button-nofocus.png</texturenofocus>
			</control>
			<control type="image" id="3">
				<description>separator image</description>
				<width>570</width>
				<height>2</height>
				<texture>separator.png</texture>
			</control>
			<control type="radiobutton" id="206">
				<description>Setting6 Button</description>
				<width>570</width>
				<height>35</height>
				<label>$LOCALIZE[SCRIPT206]</label>
				<pulseonselect>no</pulseonselect>
				<font>font12</font>
				<texturefocus border="5">button-focus.png</texturefocus>
				<texturenofocus border="5">button-nofocus.png</texturenofocus>
			</control>
			<control type="button" id="207">
				<description>Setting7 Button</description>
				<posx>0</posx>
				<posy>0</posy>
				<width>570</width>
				<height>35</height>
				<label>$LOCALIZE[SCRIPT207]</label>
				<font>font12</font>
				<texturefocus border="5">button-focus.png</texturefocus>
				<texturenofocus border="5">button-nofocus.png</texturenofocus>
			</control>
			<control type="image" id="4">
				<description>separator image</description>
				<width>570</width>
				<height>2</height>
				<texture>separator.png</texture>
			</control>
			<control type="button" id="208">
				<description>Setting8 Button</description>
				<posx>0</posx>
				<posy>0</posy>
				<width>570</width>
				<height>35</height>
				<label>$LOCALIZE[SCRIPT208]</label>
				<font>font12</font>
				<texturefocus border="5">button-focus.png</texturefocus>
				<texturenofocus border="5">button-nofocus.png</texturenofocus>
			</control>
			<control type="radiobutton" id="209">
				<description>Setting9 Button</description>
				<width>570</width>
				<height>35</height>
				<label>$LOCALIZE[SCRIPT209]</label>
				<pulseonselect>no</pulseonselect>
				<font>font12</font>
				<texturefocus border="5">button-focus.png</texturefocus>
				<texturenofocus border="5">button-nofocus.png</texturenofocus>
			</control>
		</control>
		<!-- ** Required ** Do not change id's or type's -->
		<control type="group" id="2000">
			<posx>620</posx>
			<posy>90</posy>
			<control type="button" id="250">
				<description>OK button</description>
				<posx>0</posx>
				<posy>0</posy>
				<width>150</width>
				<height>35</height>
				<align>center</align>
				<label>$LOCALIZE[SCRIPT250]</label>
				<texturefocus border="3">button-focus2.png</texturefocus>
				<texturenofocus border="3">button-nofocus.png</texturenofocus>
				<onleft>9000</onleft>
				<onright>9000</onright>
				<onup>254</onup>
				<ondown>251</ondown>
			</control>
			<control type="button" id="251">
				<description>Cancel button</description>
				<posx>0</posx>
				<posy>40</posy>
				<width>150</width>
				<height>35</height>
				<align>center</align>
				<label>$LOCALIZE[SCRIPT251]</label>
				<texturefocus border="3">button-focus2.png</texturefocus>
				<texturenofocus border="3">button-nofocus.png</texturenofocus>
				<onleft>9000</onleft>
				<onright>9000</onright>
				<onup>250</onup>
				<ondown>252</ondown>
			</control>
			<control type="button" id="252">
				<description>Update button</description>
				<posx>0</posx>
				<posy>80</posy>
				<width>150</width>
				<height>35</height>
				<align>center</align>
				<label>$LOCALIZE[SCRIPT252]</label>
				<texturefocus border="3">button-focus2.png</texturefocus>
				<texturenofocus border="3">button-nofocus.png</texturenofocus>
				<onleft>9000</onleft>
				<onright>9000</onright>
				<onup>251</onup>
				<ondown>253</ondown>
			</control>
			<control type="button" id="253">
				<description>Credits button</description>
				<posx>0</posx>
				<posy>120</posy>
				<width>150</width>
				<height>35</height>
				<align>center</align>
				<label>$LOCALIZE[SCRIPT253]</label>
				<texturefocus border="3">button-focus2.png</texturefocus>
				<texturenofocus border="3">button-nofocus.png</texturenofocus>
				<onleft>9000</onleft>
				<onright>9000</onright>
				<onup>252</onup>
				<ondown>255</ondown>
			</control>
			<control type="button" id="255">
				<description>Defaults button</description>
				<posx>0</posx>
				<posy>160</posy>
				<width>150</width>
				<height>35</height>
				<align>center</align>
				<label>$LOCALIZE[SCRIPT255]</label>
				<texturefocus border="3">button-focus2.png</texturefocus>
				<texturenofocus border="3">button-nofocus.png</texturenofocus>
				<onleft>9000</onleft>
				<onright>9000</onright>
				<onup>253</onup>
				<ondown>254</ondown>
			</control>
			<control type="button" id="254">
				<description>Play button</description>
				<posx>0</posx>
				<posy>200</posy>
				<width>150</width>
				<height>35</height>
				<align>center</align>
				<font>font12</font>
				<label>$LOCALIZE[SCRIPT254]</label>
				<texturefocus border="3">button-focus2.png</texturefocus>
				<texturenofocus border="3">button-nofocus.png</texturenofocus>
				<onleft>9000</onleft>
				<onright>9000</onright>
				<onup>255</onup>
				<ondown>250</ondown>
			</control>
		</control>
	</controls>
</window>