<window id="2005">
 <defaultcontrol>-</defaultcontrol>
	<controls>
		<!-- codec infos -->
		<control type="image">
			<description>media info background image</description>
			<posx>0</posx>
			<posy>30</posy>
			<width>1280</width>
			<height>155</height>
			<texture>black-back.png</texture>
		</control>
		<control type="label" id="10">
			<description>row 1 label</description>
			<posx>50</posx>
			<posy>40</posy>
			<label>-</label>
			<align>left</align>
			<font>font11</font>
			<include>VisibleFadeEffect</include>
		</control>
		<control type="label" id="11">
			<description>row 2 label</description>
			<posx>50</posx>
			<posy>85</posy>
			<label>-</label>
			<align>left</align>
			<font>font11</font>
			<include>VisibleFadeEffect</include>
		</control>
		<control type="label" id="12">
			<description>row 3 label</description>
			<posx>50</posx>
			<posy>130</posy>
			<label>-</label>
			<align>left</align>
			<font>font11</font>
			<include>VisibleFadeEffect</include>
		</control>
	</controls>
</window>