<window id="123">
	<defaultcontrol>2</defaultcontrol>
	<include>dialogeffect</include>
	<coordinates>
		<system>1</system>
		<posx>400</posx>
		<posy>55</posy>
	</coordinates>
	<controls>
		<control type="group">
			<animation effect="fade" start="100" end="0" time="200"condition="Window.IsVisible(SliderDialog)">conditional</animation>
			<control type="image">
				<description>background image</description>
				<posx>0</posx>
				<posy>0</posy>
				<width>800</width>
				<height>610</height>
				<colordiffuse>DDFFFFFF</colordiffuse>
				<texture border="40">DialogBack.png</texture>
			</control>
			<control type="image">
				<description>background image</description>
				<posx>0</posx>
				<posy>0</posy>
				<width>800</width>
				<height>610</height>
				<texture border="40">DialogFront.png</texture>
			</control>
			<control type="label" id="2">
				<description>heading label</description>
				<posx>40</posx>
				<posy>40</posy>
				<width>720</width>
				<height>30</height>
				<align>center</align>
				<aligny>center</aligny>
				<font>font18</font>
				<label>20333</label>
				<textcolor>white</textcolor>
			</control>
			<control type="button">
				<description>Close Window button</description>
				<posx>731</posx>
				<posy>35</posy>
				<width>35</width>
				<height>25</height>
				<label>-</label>
				<font>-</font>
				<onclick>Dialog.Close(123)</onclick>
				<onclick>Dialog.Close(124)</onclick>
				<texturefocus>close-windowFO.png</texturefocus>
				<texturenofocus>close-window.png</texturenofocus>
				<onleft>5</onleft>
				<onright>5</onright>
				<onup>5</onup>
				<ondown>5</ondown>
				<visible>system.getbool(input.enablemouse)</visible>
			</control>
			<control type="image">
				<posx>40</posx>
				<posy>78</posy>
				<width>720</width>
				<height>2</height>
				<texture>separator.png</texture>
			</control>
			<control type="grouplist" id="5">
				<description>control area</description>
				<posx>45</posx>
				<posy>85</posy>
				<width>710</width>
				<height>480</height>
				<itemgap>5</itemgap>
				<pagecontrol>60</pagecontrol>
				<onleft>5</onleft>
				<onright>5</onright>
				<onup>5</onup>
				<ondown>5</ondown>
			</control>
		</control>
		<control type="sliderex" id="10">
			<description>Default Slider</description>
			<height>35</height>
			<texturefocus border="3">button-focus.png</texturefocus>
			<texturenofocus border="3">button-nofocus.png</texturenofocus>
			<font>font12</font>
			<textcolor>grey2</textcolor>
			<focusedcolor>white</focusedcolor>
		</control>
		<control type="button" id="7">
			<description>Default Button</description>
			<height>35</height>
			<font>font12</font>
			<textcolor>grey2</textcolor>
			<focusedcolor>white</focusedcolor>
			<texturefocus border="3">button-focus.png</texturefocus>
			<texturenofocus border="3">button-nofocus.png</texturenofocus>
		</control>
		<control type="radiobutton" id="8">
			<description>Default RadioButton</description>
			<height>35</height>
			<font>font12</font>
			<textcolor>grey2</textcolor>
			<focusedcolor>white</focusedcolor>
			<texturefocus border="3">button-focus.png</texturefocus>
			<texturenofocus border="3">button-nofocus.png</texturenofocus>
		</control>
		<control type="spincontrolex" id="9">
			<description>Default spincontrolex</description>
			<height>35</height>
			<texturefocus border="3">button-focus.png</texturefocus>
			<texturenofocus border="3">button-nofocus.png</texturenofocus>
			<font>font12</font>
			<textcolor>grey2</textcolor>
			<focusedcolor>white</focusedcolor>
			<reverse>yes</reverse>
		</control>
		<control type="image" id="11">
			<description>Default Seperator</description>
			<height>2</height>
			<texture>separator.png</texture>
		</control>
	</controls>
</window>