aa<Skin name="InfraSkin Cyan">
	<Information>
		<Author>Manne</Author>
		<Copyright>Copyright 2004</Copyright>
		<Version>1.0</Version>
	</Information>
	<Main Globe="true" Orb="true">
<*InfoFont>XBox_Book_11.xpr</InfoFont>
<BackGround>bgNY.png</BackGround>
                  <Cellwall>cell.png</Cellwall>
                  <Orb>orb.png</Orb>
	            <Icon>orb.png</Icon>
		<Menu Smooth="false" ShowIcon="false" Rotate="true" Opacity="1" ShowArrows="True">        
<font>ok_14.xpr</font>
		 	<ItemPos Left="360" Top="96" width="255"></ItemPos>
			<ItemPos Left="375" Top="138" width="255"></ItemPos>
			<ItemPos Left="380" Top="180" width="255"></ItemPos>
			<ItemPos Left="375" Top="222" width="255"></ItemPos>
			<ItemPos Left="360" Top="264" width="255"></ItemPos>
		</Menu>

		<Text Left="360" Top="25" Align="left" Color="0xFF000000" Source="Time: $Time$"></Text>
        <Text Left="360" Top="5" Align="left" Color="0xFF000000" Source="Date: $Date$"></Text>

		<Text Left="400" Top="450" Align="left" Color="0xFF000000" Source="IP"></Text>
		
		<*Text Left="10" Top="100" Align="left" Color="0xFF000000" Source="Tray"></Text>
		<Text Left="15" Top="430" Align="left" Color="0xff000000" Source="F_FreeMB"></Text>
		
		<Text Left="15" Top="450" Color="0xFF000000" Source="DVD: $DVDTitle$"></Text>
		<*Text Left="10" Top="110" Color="0xFF000000" Source="DVD: $Tray$"></Text>
		
		<Text Left="15" Top="430" Align="Left" Color="0xFF9FCBDD" Source="SongName"></Text>
		<Text Left="15" Top="450" Align="Left" Color="0xFF9FCBDD" Source="SongTime"></Text>
		
		<Text Left="620" Top="430" Align="Right" Color="0xFF000000" Source="CPUTemp"></Text>
		<*Text Left="620" Top="430" Align="Right" Color="0xFF000000" Source="NumClient"></Text>
<Text Left="15" Top="410" Align="Left" Color="0xFF9FCBDD" Source="SoundTrack">News</Text> 
	</Main>
	
	<ColorScheme Name="Default">
		<AMBIENT_FOGCOLOR>0xff000000</AMBIENT_FOGCOLOR>
		<AMBIENT_SKYCOLOR>0xFF000000</AMBIENT_SKYCOLOR>
		<AMBIENT_CELLCOLOR>0x06ffffff</AMBIENT_CELLCOLOR>

		<CAPTION_TEXTCOLOR>0xFFB9D2DF</CAPTION_TEXTCOLOR>
		<CAPTION_BACKCOLOR>0xFF294F59</CAPTION_BACKCOLOR>
		<DIALOG_BORDERCOLOR>0xFFFFFFFF</DIALOG_BORDERCOLOR>
		<DIALOG_BACKCOLOR>0xCD6AB7C0</DIALOG_BACKCOLOR>
		<DIALOG_INNER_BORDERCOLOR>0xFFFFE2B4</DIALOG_INNER_BORDERCOLOR>
		<DIALOG_INNER_BACKCOLOR>0xE1072700</DIALOG_INNER_BACKCOLOR>
		<DIALOG_TEXTCOLOR>0xFFFFFFFF</DIALOG_TEXTCOLOR>

		<DIALOG_DISABLEDTEXT>0x7F195408</DIALOG_DISABLEDTEXT>

		<OPTION_TEXTCOLOR>0xFFFFFFFF</OPTION_TEXTCOLOR>
		<OPTION_ACTIVETEXTCOLOR>0xFF072700</OPTION_ACTIVETEXTCOLOR>
		<OPTION_ACTIVEBACKCOLOR>0xFF8EA700</OPTION_ACTIVEBACKCOLOR>

		<BUTTON_BORDERCOLOR>0xFF008000</BUTTON_BORDERCOLOR>
		<BUTTON_TEXTCOLOR>0xFF77AB99</BUTTON_TEXTCOLOR>
		<BUTTON_BACKCOLOR>0xCD6AB7C0</BUTTON_BACKCOLOR>
		<BUTTON_ACTIVETEXTCOLOR>0xFFFFFFFF</BUTTON_ACTIVETEXTCOLOR>
		<BUTTON_ACTIVEBACKCOLOR>0xE1072700</BUTTON_ACTIVEBACKCOLOR>	
		
		<KB_KEYBG_HIGHLIGHT>0xCC00C000</KB_KEYBG_HIGHLIGHT>
		<KB_KEYBG_DISABLED>0xffc0c0c0</KB_KEYBG_DISABLED>
		<KB_KEY_PRESSED>0xff808080</KB_KEY_PRESSED>
		<KB_KEY_NORMAL>0xff000000</KB_KEY_NORMAL>
		<KB_KEY_DISABLED>0xff808080</KB_KEY_DISABLED>
		<KB_KEY_ACTIVEBORDER>0xB9D2DF00</KB_KEY_ACTIVEBORDER>
		<KB_KEY_TEXTCOLOR>0xff000000</KB_KEY_TEXTCOLOR>
		<KB_KEY_TEXTBACKCOLOR>0xffFFFFFF</KB_KEY_TEXTBACKCOLOR>
		<KB_KEY_TEXTBORDERCOLOR>0xB9D2DF00</KB_KEY_TEXTBORDERCOLOR>
		
		<MENU_TEXTCOLOR>0xFF000000</MENU_TEXTCOLOR>
		<MENU_ACTIVETEXTCOLOR>0xffffffff</MENU_ACTIVETEXTCOLOR>
		<MENU_BORDERCOLOR>0x00000000</MENU_BORDERCOLOR>
		<MENU_BACKCOLOR>0x00000000</MENU_BACKCOLOR>
		<MENU_ACTIVEBACKCOLOR>0x00000000</MENU_ACTIVEBACKCOLOR>
		<MENU_ACTIVEBORDERCOLOR>0x00000000</MENU_ACTIVEBORDERCOLOR>
	</ColorScheme>
	</Skin>