<includes>
	<include name="VideoLibraryList2View">
		<control type="list" id="51">
			<posx>190</posx>
			<posy>100</posy>
			<width>330</width>
			<height>232</height>
			<onleft>9000</onleft>
			<onright>61</onright>
			<onup>51</onup>
			<ondown>51</ondown>
			<viewtype label="544">list</viewtype>
			<pagecontrol>61</pagecontrol>
			<scrolltime>200</scrolltime>
			<include>contentpanelslide</include>
			<visible>Container.Content(Movies) | Container.Content(Episodes) | Container.Content(MusicVideos) | [Container.Content(TVShows) + Skin.HasSetting(UseTVPosters)]</visible>
			<itemlayout height="29">
				<control type="image">
					<posx>5</posx>
					<posy>3</posy>
					<width>22</width>
					<height>22</height>
					<info>ListItem.Icon</info>
				</control>
				<control type="label">
					<posx>30</posx>
					<posy>3</posy>
					<width>290</width>
					<height>22</height>
					<font>font13</font>
					<aligny>center</aligny>
					<selectedcolor>green</selectedcolor>
					<align>left</align>
					<info>ListItem.Label</info>
				</control>
				<control type="label">
					<posx>320</posx>
					<posy>3</posy>
					<width>200</width>
					<height>22</height>
					<font>font13</font>
					<aligny>center</aligny>
					<selectedcolor>green</selectedcolor>
					<textcolor>grey</textcolor>
					<align>right</align>
					<info>ListItem.Label2</info>
				</control>
			</itemlayout>
			<focusedlayout height="29">
				<control type="image">
					<width>325</width>
					<height>29</height>
					<posx>0</posx>
					<posy>0</posy>
					<visible>Control.HasFocus(51)</visible>
					<texture>list-focus.png</texture>
				</control>
				<control type="image">
					<posx>5</posx>
					<posy>3</posy>
					<width>22</width>
					<height>22</height>
					<info>ListItem.Icon</info>
				</control>
				<control type="label">
					<posx>30</posx>
					<posy>3</posy>
					<width>290</width>
					<height>22</height>
					<font>font13</font>
					<aligny>center</aligny>
					<selectedcolor>green</selectedcolor>
					<align>left</align>
					<info>ListItem.Label</info>
				</control>
				<control type="label">
					<posx>320</posx>
					<posy>3</posy>
					<width>200</width>
					<height>22</height>
					<font>font13</font>
					<aligny>center</aligny>
					<selectedcolor>green</selectedcolor>
					<textcolor>grey</textcolor>
					<align>right</align>
					<info>ListItem.Label2</info>
				</control>
			</focusedlayout>
		</control>
		<control type="group">
			<include>contentpanelslide</include>
			<control type="button">
				<posx>520</posx>
				<posy>100</posy>
				<include>scrollbar_width</include>
				<height>20</height>
				<onclick>PageUp(61)</onclick>
				<texturefocus border="4">scrollbar_arrow_up_focus.png</texturefocus>
				<texturenofocus border="4">scrollbar_arrow_up.png</texturenofocus>
				<visible>Control.IsVisible(61)</visible>
			</control>
			<control type="button">
				<posx>520</posx>
				<posy>312</posy>
				<include>scrollbar_width</include>
				<height>20</height>
				<onclick>PageDown(61)</onclick>
				<texturefocus border="4">scrollbar_arrow_down_focus.png</texturefocus>
				<texturenofocus border="4">scrollbar_arrow_down.png</texturenofocus>
				<visible>Control.IsVisible(61)</visible>
			</control>
			<control type="scrollbar" id="61">
				<posx>520</posx>
				<posy>120</posy>
				<include>scrollbar_width</include>
				<height>192</height>
				<texturesliderbackground border="4">scrollbar_background.png</texturesliderbackground>
				<texturesliderbar border="4">scrollbar_bar.png</texturesliderbar>
				<texturesliderbarfocus border="4">scrollbar_bar_focus.png</texturesliderbarfocus>
				<textureslidernib>-</textureslidernib>
				<textureslidernibfocus>-</textureslidernibfocus>
				<onleft>50</onleft>
				<onright>611</onright>
				<showonepage>false</showonepage>
				<orientation>vertical</orientation>
				<visible>Control.IsVisible(51)</visible>
			</control>
			<control type="image">
				<posx>190</posx>
				<posy>337</posy>
				<width>510</width>
				<height>10</height>
				<texture>separator.png</texture>
				<visible>Control.IsVisible(51)</visible>
			</control>
			<control type="image">
				<posx>545</posx>
				<posy>100</posy>
				<width>140</width>
				<height>232</height>
				<aspectratio>keep</aspectratio>
				<info>ListItem.Icon</info>
				<visible>Control.IsVisible(51) + !container.content(episodes)</visible>
			</control>
			<control type="image">
				<posx>545</posx>
				<posy>110</posy>
				<width>140</width>
				<height>140</height>
				<aspectratio aligny="bottom">keep</aspectratio>
				<info>ListItem.Icon</info>
				<visible>Control.IsVisible(51) + container.content(episodes)</visible>
			</control>
			<control type="image">
				<posx>545</posx>
				<posy>250</posy>
				<width>140</width>
				<height>140</height>
				<aspectratio aligny="top">keep</aspectratio>
				<info>ListItem.Icon</info>
				<texture flipy="true" diffuse="diffuse_mirror.png" /> 
				<visible>Control.IsVisible(51) + container.content(episodes)</visible>
			</control>
			<control type="image">
				<posx>660</posx>
				<posy>295</posy>
				<width>32</width>
				<height>32</height>
				<aspectratio aligny="bottom">keep</aspectratio>
				<info>ListItem.Overlay</info>
				<visible>Control.IsVisible(51)</visible>
			</control>
			<control type="label">
				<posx>200</posx>
				<posy>345</posy>
				<width>420</width>
				<height>22</height>
				<font>special13</font>
				<info>ListItem.Title</info>
				<visible>Control.IsVisible(51)</visible>
				<scroll>true</scroll>
			</control>
			<control type="label">
				<posx>680</posx>
				<posy>345</posy>
				<width>420</width>
				<height>22</height>
				<font>special13</font>
				<align>right</align>
				<info>ListItem.Year</info>
				<visible>Control.IsVisible(51) + container.content(movies)</visible>
				<scroll>true</scroll>
			</control>
			<control type="label">
				<posx>200</posx>
				<posy>505</posy>
				<width>420</width>
				<height>22</height>
				<font>special13</font>
				<info>ListItem.Genre</info>
				<visible>Control.IsVisible(51) + container.content(movies)</visible>
				<scroll>true</scroll>
			</control>
			<control type="label">
				<posx>680</posx>
				<posy>505</posy>
				<width>420</width>
				<height>22</height>
				<font>special13</font>
				<align>right</align>
				<info>ListItem.Rating</info>
				<visible>Control.IsVisible(51) + container.content(movies)</visible>
				<scroll>true</scroll>
			</control>
			<control type="label">
				<posx>680</posx>
				<posy>505</posy>
				<width>420</width>
				<height>22</height>
				<font>special13</font>
				<align>right</align>
				<label>$LOCALIZE[20359] - $INFO[ListItem.Episode]</label>
				<visible>Control.IsVisible(51) + container.content(episodes)</visible>
				<scroll>true</scroll>
			</control>
			<control type="label">
				<posx>200</posx>
				<posy>505</posy>
				<width>420</width>
				<height>22</height>
				<font>special13</font>
				<label>$LOCALIZE[20373] - $INFO[ListItem.Season]</label>
				<visible>Control.IsVisible(51) + container.content(episodes)</visible>
				<scroll>true</scroll>
			</control>
			<control type="label">
				<posx>680</posx>
				<posy>505</posy>
				<width>420</width>
				<height>22</height>
				<font>special13</font>
				<align>right</align>
				<label>$INFO[ListItem.Duration,$LOCALIZE[2050]: ]</label>
				<visible>Control.IsVisible(51) + container.content(musicvideos)</visible>
				<scroll>true</scroll>
			</control>
			<control type="label">
				<posx>200</posx>
				<posy>505</posy>
				<width>420</width>
				<height>22</height>
				<font>special13</font>
				<label>$INFO[ListItem.Artist]</label>
				<visible>Control.IsVisible(51) + container.content(musicvideos)</visible>
				<scroll>true</scroll>
			</control>
			<control type="textbox">
				<description>Textbox when scrollbar is visible</description>
				<posx>200</posx>
				<posy>373</posy>
				<width>450</width>
				<height>127</height>
				<font>font13</font>
				<pagecontrol>611</pagecontrol>
				<label>$INFO[ListItem.Plot]</label>
				<visible>Control.IsVisible(51) + Control.IsVisible(611)</visible>
				<include>autoscrollmedium</include>
			</control>
			<control type="textbox">
				<description>Textbox when scrollbar is not visible</description>
				<posx>200</posx>
				<posy>373</posy>
				<width>480</width>
				<height>127</height>
				<font>font13</font>
				<pagecontrol>611</pagecontrol>
				<label>$INFO[ListItem.Plot]</label>
				<visible>Control.IsVisible(51) + !Control.IsVisible(611)</visible>
				<include>autoscrollmedium</include>
			</control>
			<control type="label">
				<description>Label when both textboxes (Plot) are empty</description>
				<posx>200</posx>
				<posy>420</posy>
				<width>480</width>
				<height>30</height>
				<align>center</align>
				<font>font13</font>
				<label>$LOCALIZE[207] - $LOCALIZE[416]</label>
				<visible>Control.IsVisible(51) + IsEmpty(ListItem.Plot)</visible>
			</control>
			<control type="button">
				<posx>660</posx>
				<posy>373</posy>
				<include>scrollbar_width</include>
				<height>20</height>
				<onclick>PageUp(611)</onclick>
				<texturefocus border="4">scrollbar_arrow_up_focus.png</texturefocus>
				<texturenofocus border="4">scrollbar_arrow_up.png</texturenofocus>
				<visible>Control.IsVisible(611)</visible>
			</control>
			<control type="button">
				<posx>660</posx>
				<posy>483</posy>
				<include>scrollbar_width</include>
				<height>20</height>
				<onclick>PageDown(611)</onclick>
				<texturefocus border="4">scrollbar_arrow_down_focus.png</texturefocus>
				<texturenofocus border="4">scrollbar_arrow_down.png</texturenofocus>
				<visible>Control.IsVisible(611)</visible>
			</control>
			<control type="scrollbar" id="611">
				<posx>660</posx>
				<posy>393</posy>
				<include>scrollbar_width</include>
				<height>90</height>
				<texturesliderbackground border="4">scrollbar_background.png</texturesliderbackground>
				<texturesliderbar border="4">scrollbar_bar.png</texturesliderbar>
				<texturesliderbarfocus border="4">scrollbar_bar_focus.png</texturesliderbarfocus>
				<textureslidernib>-</textureslidernib>
				<textureslidernibfocus>-</textureslidernibfocus>
				<onleft>61</onleft>
				<onright>9000</onright>
				<showonepage>false</showonepage>
				<orientation>vertical</orientation>
				<visible>Control.IsVisible(51)</visible>
			</control>
		</control>
	</include>
	<include name="VideoLibraryWideIcon_Small">
		<control type="panel" id="57">
			<visible>Container.Content(Movies) | [Container.Content(tvshows) + !Skin.HasSetting(UseTVPosters)] | Container.Content(MusicVideos) | Container.Content(Episodes)</visible>
			<posx>432</posx>
			<posy>100</posy>
			<width>242</width>
			<height>424</height>
			<onleft>9000</onleft>
			<onright>60</onright>
			<onup>57</onup>
			<ondown>57</ondown>
			<viewtype label="$LOCALIZE[544] 2">wide</viewtype>
			<scrolltime>200</scrolltime>
			<pagecontrol>60</pagecontrol>
			<include>contentpanelslide</include>
			<itemlayout condition="!Container.Content(Episodes)" height="106" width="242">
				<control type="image">
					<width>238</width>
					<height>100</height>
					<posx>2</posx>
					<posy>0</posy>
					<texture border="0,0,0,15">WideIconNF.png</texture>
				</control>
				<control type="image">
					<posx>7</posx>
					<posy>5</posy>
					<width>228</width>
					<height>70</height>
					<aspectratio>keep</aspectratio>
					<info>ListItem.Icon</info>
					<visible>container.content(tvshows)</visible>
				</control>
				<control type="label">
					<posx>235</posx>
					<posy>80</posy>
					<width>228</width>
					<height>16</height>
					<font>font13</font>
					<selectedcolor>green</selectedcolor>
					<scroll>true</scroll>
					<info>ListItem.Label</info>
					<aligny>center</aligny>
					<align>right</align>
					<visible>container.content(tvshows)</visible>
				</control>
				<control type="image">
					<posx>5</posx>
					<posy>5</posy>
					<width>70</width>
					<height>90</height>
					<aspectratio>keep</aspectratio>
					<info>ListItem.Icon</info>
					<visible>!container.content(tvshows)</visible>
				</control>
				<control type="label">
					<posx>80</posx>
					<posy>11</posy>
					<width>155</width>
					<height>16</height>
					<font>font13</font>
					<selectedcolor>green</selectedcolor>
					<scroll>true</scroll>
					<info>ListItem.Title</info>
					<aligny>center</aligny>
					<visible>!container.content(tvshows)</visible>
				</control>
				<control type="label">
					<posx>80</posx>
					<posy>34</posy>
					<width>155</width>
					<height>16</height>
					<font>font13</font>
					<selectedcolor>green</selectedcolor>
					<scroll>true</scroll>
					<label>$INFO[ListItem.Year ,$LOCALIZE[562]: ]</label>
					<aligny>center</aligny>
					<visible>container.content(movies)</visible>
				</control>
				<control type="label">
					<posx>235</posx>
					<posy>80</posy>
					<width>160</width>
					<height>16</height>
					<font>font13</font>
					<align>right</align>
					<selectedcolor>green</selectedcolor>
					<scroll>true</scroll>
					<label>$INFO[ListItem.Rating ,$LOCALIZE[563]: ]</label>
					<aligny>center</aligny>
					<visible>container.content(movies)</visible>
				</control>
				<control type="image">
					<posx>70</posx>
					<posy>65</posy>
					<width>32</width>
					<height>32</height>
					<info>ListItem.Overlay</info>
					<visible>!container.content(tvshows)</visible>
				</control>
				<control type="image">
					<posx>210</posx>
					<posy>53</posy>
					<width>32</width>
					<height>32</height>
					<info>ListItem.Overlay</info>
					<visible>container.content(tvshows)</visible>
				</control>
			</itemlayout>
			<focusedlayout condition="!Container.Content(Episodes)" height="106" width="242">
				<control type="image">
					<width>238</width>
					<height>100</height>
					<posx>2</posx>
					<posy>0</posy>
					<texture border="0,0,0,15">WideIcon.png</texture>
					<visible>Control.HasFocus(57)</visible>
				</control>
				<control type="image">
					<width>238</width>
					<height>100</height>
					<posx>2</posx>
					<posy>0</posy>
					<texture border="0,0,0,15">WideIconNF.png</texture>
					<visible>!Control.HasFocus(57)</visible>
				</control>
				<control type="image">
					<posx>7</posx>
					<posy>5</posy>
					<width>228</width>
					<height>70</height>
					<aspectratio>keep</aspectratio>
					<info>ListItem.Icon</info>
					<visible>container.content(tvshows)</visible>
				</control>
				<control type="label">
					<posx>235</posx>
					<posy>80</posy>
					<width>228</width>
					<height>16</height>
					<font>font13</font>
					<selectedcolor>green</selectedcolor>
					<scroll>true</scroll>
					<info>ListItem.Label</info>
					<aligny>center</aligny>
					<align>right</align>
					<visible>container.content(tvshows)</visible>
				</control>
				<control type="image">
					<posx>5</posx>
					<posy>5</posy>
					<width>70</width>
					<height>90</height>
					<aspectratio>keep</aspectratio>
					<info>ListItem.Icon</info>
					<visible>!container.content(tvshows)</visible>
				</control>
				<control type="label">
					<posx>80</posx>
					<posy>11</posy>
					<width>155</width>
					<height>16</height>
					<font>font13</font>
					<selectedcolor>green</selectedcolor>
					<scroll>true</scroll>
					<info>ListItem.Title</info>
					<aligny>center</aligny>
					<visible>!container.content(tvshows)</visible>
				</control>
				<control type="label">
					<posx>80</posx>
					<posy>34</posy>
					<width>155</width>
					<height>16</height>
					<font>font13</font>
					<selectedcolor>green</selectedcolor>
					<scroll>true</scroll>
					<label>$INFO[ListItem.Year ,$LOCALIZE[562]: ]</label>
					<aligny>center</aligny>
					<visible>container.content(movies)</visible>
				</control>
				<control type="label">
					<posx>235</posx>
					<posy>80</posy>
					<width>160</width>
					<height>16</height>
					<font>font13</font>
					<align>right</align>
					<selectedcolor>green</selectedcolor>
					<scroll>true</scroll>
					<label>$INFO[ListItem.Rating ,$LOCALIZE[563]: ]</label>
					<aligny>center</aligny>
					<visible>container.content(movies)</visible>
				</control>
				<control type="image">
					<posx>70</posx>
					<posy>65</posy>
					<width>32</width>
					<height>32</height>
					<info>ListItem.Overlay</info>
					<visible>!container.content(tvshows)</visible>
				</control>
				<control type="image">
					<posx>210</posx>
					<posy>53</posy>
					<width>32</width>
					<height>32</height>
					<info>ListItem.Overlay</info>
					<visible>container.content(tvshows)</visible>
				</control>
			</focusedlayout>
			<itemlayout condition="Container.Content(Episodes)" height="141" width="120">
				<control type="image">
					<posx>10</posx>
					<posy>10</posy>
					<width>100</width>
					<height>100</height>
					<info>ListItem.Icon</info>
				</control>
				<control type="image">
					<posx>80</posx>
					<posy>75</posy>
					<width>32</width>
					<height>32</height>
					<info>ListItem.Overlay</info>
				</control>
				<control type="label">
					<posx>60</posx>
					<posy>115</posy>
					<width>110</width>
					<height>22</height>
					<font>font13</font>
					<selectedcolor>green</selectedcolor>
					<align>center</align>
					<info>ListItem.Label</info>
				</control>
			</itemlayout>
			<focusedlayout condition="Container.Content(Episodes)" height="141" width="120">
				<control type="image">
					<width>110</width>
					<height>110</height>
					<posx>5</posx>
					<posy>5</posy>
					<texture>folder-focus.png</texture>
					<animation effect="zoom" end="0,0,120,120" time="100">focus</animation>
				</control>
				<control type="image">
					<posx>10</posx>
					<posy>10</posy>
					<width>100</width>
					<height>100</height>
					<info>ListItem.Icon</info>
					<animation effect="zoom" end="5,5,110,110" time="100">focus</animation>
				</control>
				<control type="image">
					<posx>80</posx>
					<posy>75</posy>
					<width>32</width>
					<height>32</height>
					<info>ListItem.Overlay</info>
					<animation effect="slide" end="5,5" time="100">focus</animation>
				</control>
				<control type="label">
					<posx>60</posx>
					<posy>115</posy>
					<width>110</width>
					<height>22</height>
					<font>font13</font>
					<selectedcolor>green</selectedcolor>
					<align>center</align>
					<info>ListItem.Label</info>
					<animation effect="slide" end="0,5" time="100">focus</animation>
				</control>
			</focusedlayout>
		</control>
		<control type="label">
			<posx>190</posx>
			<posy>105</posy>
			<width>235</width>
			<height>424</height>
			<font>special13</font>
			<label>$INFO[ListItem.Label]</label>
			<include>contentpanelslide</include>
			<visible>Control.IsVisible(57)</visible>
		</control>
		<control type="label">
			<posx>190</posx>
			<posy>135</posy>
			<width>235</width>
			<height>424</height>
			<font>special12</font>
			<label>$INFO[ListItem.Season ,$LOCALIZE[20373] ] $INFO[ListItem.episode,$LOCALIZE[20359] ]</label>
			<include>contentpanelslide</include>
			<visible>Control.IsVisible(57) + container.content(episodes)</visible>
		</control>
		<control type="label">
			<posx>190</posx>
			<posy>135</posy>
			<width>235</width>
			<height>424</height>
			<font>font13</font>
			<label>$INFO[ListItem.episode,, $LOCALIZE[20360]][COLOR=grey]$INFO[ListItem.Property(UnWatchedEpisodes), (, $LOCALIZE[16101])][/COLOR]</label>
			<include>contentpanelslide</include>
			<visible>Control.IsVisible(57) + container.content(tvshows)</visible>
		</control>
		<control type="label">
			<posx>190</posx>
			<posy>135</posy>
			<width>235</width>
			<height>424</height>
			<font>special12</font>
			<label>$INFO[ListItem.genre]</label>
			<scroll>true</scroll>
			<include>contentpanelslide</include>
			<visible>Control.IsVisible(57) + container.content(movies)</visible>
		</control>
		<control type="textbox">
			<posx>190</posx>
			<posy>170</posy>
			<width>235</width>
			<height>350</height>
			<font>font13</font>
			<pagecontrol>999999999</pagecontrol>
			<label>$INFO[ListItem.Plot]</label>
			<include>contentpanelslide</include>
			<visible>Control.IsVisible(57)</visible>
			<include>autoscrollmedium</include>
		</control>
	</include>
	<include name="VideoLibrary_BigList">
		<control type="list" id="59">
			<visible>!Container.Content(Seasons) + ![Container.Content(tvshows) + Skin.HasSetting(UseTVPosters)]</visible>
			<posx>190</posx>
			<posy>100</posy>
			<width>485</width>
			<height>423</height>
			<onleft>9000</onleft>
			<onright>60</onright>
			<onup>59</onup>
			<ondown>59</ondown>
			<scrolltime>200</scrolltime>
			<viewtype label="537">biglist</viewtype>
			<pagecontrol>60</pagecontrol>
			<include>contentpanelslide</include>
			<itemlayout condition="!Container.Content(Episodes) + !Container.Content(TVShows)" height="141">
				<control type="image">
					<width>485</width>
					<height>136</height>
					<posx>0</posx>
					<posy>0</posy>
					<texture>blue-rectangleNF.png</texture>
				</control>
				<control type="image">
					<posx>5</posx>
					<posy>0</posy>
					<width>110</width>
					<height>136</height>
					<info>ListItem.Icon</info>
				</control>
				<control type="image">
					<posx>95</posx>
					<posy>95</posy>
					<width>32</width>
					<height>32</height>
					<info>ListItem.Overlay</info>
				</control>
				<control type="label">
					<posx>125</posx>
					<posy>7</posy>
					<width>350</width>
					<height>16</height>
					<font>special13</font>
					<aligny>center</aligny>
					<selectedcolor>green</selectedcolor>
					<info>ListItem.Label</info>
				</control>
				<control type="label">
					<posx>125</posx>
					<posy>40</posy>
					<width>350</width>
					<height>16</height>
					<font>font13</font>
					<aligny>center</aligny>
					<selectedcolor>white</selectedcolor>
					<scroll>true</scroll>
					<label>$INFO[ListItem.Year ,$LOCALIZE[562]: ]</label>
				</control>
				<control type="label">
					<posx>125</posx>
					<posy>70</posy>
					<width>350</width>
					<height>16</height>
					<font>font13</font>
					<aligny>center</aligny>
					<selectedcolor>white</selectedcolor>
					<label>$INFO[ListItem.Genre]</label>
				</control>
				<control type="label">
					<posx>475</posx>
					<posy>110</posy>
					<width>350</width>
					<height>16</height>
					<font>font13</font>
					<align>right</align>
					<aligny>center</aligny>
					<selectedcolor>green</selectedcolor>
					<label>$INFO[ListItem.Rating,$LOCALIZE[563]: ]</label>
				</control>
			</itemlayout>
			<focusedlayout condition="!Container.Content(Episodes) + !Container.Content(TVShows)" height="141">
				<control type="image">
					<width>485</width>
					<height>136</height>
					<posx>0</posx>
					<posy>0</posy>
					<texture>blue-rectangle.png</texture>
					<visible>Control.HasFocus(59)</visible>
				</control>
				<control type="image">
					<width>485</width>
					<height>136</height>
					<posx>0</posx>
					<posy>0</posy>
					<texture>blue-rectangleNF.png</texture>
					<visible>!Control.HasFocus(59)</visible>
				</control>
				<control type="image">
					<posx>5</posx>
					<posy>0</posy>
					<width>110</width>
					<height>136</height>
					<info>ListItem.Icon</info>
				</control>
				<control type="image">
					<posx>95</posx>
					<posy>95</posy>
					<width>32</width>
					<height>32</height>
					<info>ListItem.Overlay</info>
				</control>
				<control type="label">
					<posx>125</posx>
					<posy>7</posy>
					<width>350</width>
					<height>16</height>
					<font>special13</font>
					<aligny>center</aligny>
					<selectedcolor>green</selectedcolor>
					<info>ListItem.Label</info>
				</control>
				<control type="label">
					<posx>125</posx>
					<posy>40</posy>
					<width>350</width>
					<height>16</height>
					<font>font13</font>
					<aligny>center</aligny>
					<selectedcolor>white</selectedcolor>
					<scroll>true</scroll>
					<label>$INFO[ListItem.Year ,$LOCALIZE[562]: ]</label>
				</control>
				<control type="label">
					<posx>125</posx>
					<posy>70</posy>
					<width>350</width>
					<height>16</height>
					<font>font13</font>
					<aligny>center</aligny>
					<selectedcolor>white</selectedcolor>
					<label>$INFO[ListItem.Genre]</label>
				</control>
				<control type="label">
					<posx>475</posx>
					<posy>110</posy>
					<width>350</width>
					<height>16</height>
					<font>font13</font>
					<align>right</align>
					<aligny>center</aligny>
					<selectedcolor>green</selectedcolor>
					<label>$INFO[ListItem.Rating,$LOCALIZE[563]: ]</label>
				</control>
			</focusedlayout>
			<itemlayout condition="Container.Content(TVShows)" height="141">
				<control type="image">
					<width>485</width>
					<height>136</height>
					<posx>0</posx>
					<posy>0</posy>
					<texture>WideIconNF.png</texture>
				</control>
				<control type="image">
					<posx>5</posx>
					<posy>5</posy>
					<width>475</width>
					<height>100</height>
					<info>ListItem.Icon</info>
					<aspectratio>keep</aspectratio>
				</control>
				<control type="image">
					<posx>445</posx>
					<posy>75</posy>
					<width>32</width>
					<height>32</height>
					<info>ListItem.Overlay</info>
				</control>
				<control type="label">
					<posx>10</posx>
					<posy>115</posy>
					<width>295</width>
					<height>16</height>
					<font>special13</font>
					<aligny>center</aligny>
					<selectedcolor>green</selectedcolor>
					<scroll>true</scroll>
					<info>ListItem.Label</info>
				</control>
				<control type="label">
					<posx>475</posx>
					<posy>115</posy>
					<width>450</width>
					<height>16</height>
					<font>font13</font>
					<align>right</align>
					<aligny>center</aligny>
					<selectedcolor>green</selectedcolor>
					<info>ListItem.Label2</info>
				</control>
			</itemlayout>
			<focusedlayout condition="Container.Content(TVShows)" height="141">
				<control type="image">
					<width>485</width>
					<height>136</height>
					<posx>0</posx>
					<posy>0</posy>
					<texture>WideIcon.png</texture>
					<visible>Control.HasFocus(59)</visible>
				</control>
				<control type="image">
					<width>485</width>
					<height>136</height>
					<posx>0</posx>
					<posy>0</posy>
					<texture>WideIconNF.png</texture>
					<visible>!Control.HasFocus(59)</visible>
				</control>
				<control type="image">
					<posx>5</posx>
					<posy>5</posy>
					<width>475</width>
					<height>100</height>
					<info>ListItem.Icon</info>
					<aspectratio>keep</aspectratio>
				</control>
				<control type="image">
					<posx>445</posx>
					<posy>75</posy>
					<width>32</width>
					<height>32</height>
					<info>ListItem.Overlay</info>
				</control>
				<control type="label">
					<posx>10</posx>
					<posy>115</posy>
					<width>295</width>
					<height>16</height>
					<font>special13</font>
					<aligny>center</aligny>
					<selectedcolor>green</selectedcolor>
					<scroll>true</scroll>
					<info>ListItem.Label</info>
				</control>
				<control type="label">
					<posx>475</posx>
					<posy>115</posy>
					<width>450</width>
					<height>16</height>
					<font>font13</font>
					<align>right</align>
					<aligny>center</aligny>
					<selectedcolor>green</selectedcolor>
					<info>ListItem.Label2</info>
				</control>
			</focusedlayout>
			<itemlayout condition="Container.Content(Episodes)" height="141">
				<control type="image">
					<width>485</width>
					<height>136</height>
					<posx>0</posx>
					<posy>0</posy>
					<texture>blue-rectangleNF.png</texture>
				</control>
				<control type="image">
					<posx>5</posx>
					<posy>0</posy>
					<width>153</width>
					<height>136</height>
					<info>ListItem.Icon</info>
				</control>
				<control type="image">
					<posx>125</posx>
					<posy>100</posy>
					<width>32</width>
					<height>32</height>
					<info>ListItem.Overlay</info>
				</control>
				<control type="label">
					<posx>165</posx>
					<posy>7</posy>
					<width>310</width>
					<height>16</height>
					<font>special13</font>
					<aligny>center</aligny>
					<selectedcolor>green</selectedcolor>
					<info>ListItem.Label</info>
				</control>
				<control type="label">
					<posx>165</posx>
					<posy>40</posy>
					<width>310</width>
					<height>16</height>
					<font>font13</font>
					<aligny>center</aligny>
					<selectedcolor>white</selectedcolor>
					<label>$INFO[ListItem.TVShowTitle ,$LOCALIZE[20364] - ]</label>
				</control>
				<control type="label">
					<posx>165</posx>
					<posy>70</posy>
					<width>310</width>
					<height>16</height>
					<font>font13</font>
					<scroll>true</scroll>
					<aligny>center</aligny>
					<selectedcolor>white</selectedcolor>
					<label>$INFO[ListItem.Season ,$LOCALIZE[20373] ] - $INFO[ListItem.episode,$LOCALIZE[20359] ]</label>
				</control>
				<control type="label">
					<posx>475</posx>
					<posy>110</posy>
					<width>350</width>
					<height>16</height>
					<font>font13</font>
					<align>right</align>
					<aligny>center</aligny>
					<selectedcolor>green</selectedcolor>
					<label>$INFO[ListItem.Year ,$LOCALIZE[562]: ]</label>
				</control>
			</itemlayout>
			<focusedlayout condition="Container.Content(Episodes)" height="141">
				<control type="image">
					<width>485</width>
					<height>136</height>
					<posx>0</posx>
					<posy>0</posy>
					<texture>blue-rectangle.png</texture>
					<visible>Control.HasFocus(59)</visible>
				</control>
				<control type="image">
					<width>485</width>
					<height>136</height>
					<posx>0</posx>
					<posy>0</posy>
					<texture>blue-rectangleNF.png</texture>
					<visible>!Control.HasFocus(59)</visible>
				</control>
				<control type="image">
					<posx>5</posx>
					<posy>0</posy>
					<width>153</width>
					<height>136</height>
					<info>ListItem.Icon</info>
				</control>
				<control type="image">
					<posx>125</posx>
					<posy>100</posy>
					<width>32</width>
					<height>32</height>
					<info>ListItem.Overlay</info>
				</control>
				<control type="label">
					<posx>165</posx>
					<posy>7</posy>
					<width>310</width>
					<height>16</height>
					<font>special13</font>
					<aligny>center</aligny>
					<selectedcolor>green</selectedcolor>
					<info>ListItem.Label</info>
				</control>
				<control type="label">
					<posx>165</posx>
					<posy>40</posy>
					<width>310</width>
					<height>16</height>
					<font>font13</font>
					<aligny>center</aligny>
					<selectedcolor>white</selectedcolor>
					<label>$INFO[ListItem.TVShowTitle ,$LOCALIZE[20364] - ]</label>
				</control>
				<control type="label">
					<posx>165</posx>
					<posy>70</posy>
					<width>310</width>
					<height>16</height>
					<font>font13</font>
					<scroll>true</scroll>
					<aligny>center</aligny>
					<selectedcolor>white</selectedcolor>
					<label>$INFO[ListItem.Season ,$LOCALIZE[20373] ] - $INFO[ListItem.episode,$LOCALIZE[20359] ]</label>
				</control>
				<control type="label">
					<posx>475</posx>
					<posy>110</posy>
					<width>350</width>
					<height>16</height>
					<font>font13</font>
					<align>right</align>
					<aligny>center</aligny>
					<selectedcolor>green</selectedcolor>
					<label>$INFO[ListItem.Year ,$LOCALIZE[562]: ]</label>
				</control>
			</focusedlayout>
		</control>
	</include>
	<include name="VideoLibrarySeasonView">
		<control type="list" id="58">
			<posx>190</posx>
			<posy>100</posy>
			<width>330</width>
			<height>425</height>
			<onleft>9000</onleft>
			<onright>60</onright>
			<onup>58</onup>
			<ondown>58</ondown>
			<viewtype label="$LOCALIZE[535] 2">list</viewtype>
			<pagecontrol>60</pagecontrol>
			<scrolltime>200</scrolltime>
			<include>contentpanelslide</include>
			<visible>Container.Content(Seasons) | [Container.Content(tvshows) + Skin.HasSetting(UseTVPosters)]</visible>
			<itemlayout height="29">
				<control type="image">
					<posx>5</posx>
					<posy>3</posy>
					<width>22</width>
					<height>22</height>
					<info>ListItem.Icon</info>
				</control>
				<control type="label">
					<posx>30</posx>
					<posy>3</posy>
					<width>245</width>
					<height>22</height>
					<font>font13</font>
					<aligny>center</aligny>
					<selectedcolor>green</selectedcolor>
					<align>left</align>
					<info>ListItem.Label</info>
				</control>
			</itemlayout>
			<focusedlayout height="29">
				<control type="image">
					<width>280</width>
					<height>29</height>
					<posx>0</posx>
					<posy>0</posy>
					<visible>Control.HasFocus(58)</visible>
					<texture border="5">list-focus.png</texture>
				</control>
				<control type="image">
					<posx>5</posx>
					<posy>3</posy>
					<width>22</width>
					<height>22</height>
					<info>ListItem.Icon</info>
				</control>
				<control type="label">
					<posx>30</posx>
					<posy>3</posy>
					<width>245</width>
					<height>22</height>
					<font>font13</font>
					<aligny>center</aligny>
					<selectedcolor>green</selectedcolor>
					<align>left</align>
					<info>ListItem.Label</info>
				</control>
			</focusedlayout>
		</control>
		<control type="group">
			<include>contentpanelslide</include>
			<visible>Control.IsVisible(58)</visible>
			<control type="image">
				<posx>500</posx>
				<posy>100</posy>
				<width>200</width>
				<height>425</height>
				<aspectratio>keep</aspectratio>
				<info>ListItem.Icon</info>
			</control>
			<control type="image">
				<posx>670</posx>
				<posy>455</posy>
				<width>32</width>
				<height>32</height>
				<aspectratio>keep</aspectratio>
				<info>ListItem.Overlay</info>
			</control>
		</control>
	</include>
	<include name="MusicLibraryMediaInfo">
		<control type="list" id="51">
			<posx>190</posx>
			<posy>100</posy>
			<width>330</width>
			<height>232</height>
			<onleft>9000</onleft>
			<onright>61</onright>
			<onup>51</onup>
			<ondown>51</ondown>
			<viewtype label="544">list</viewtype>
			<pagecontrol>61</pagecontrol>
			<scrolltime>200</scrolltime>
			<include>contentpanelslide</include>
			<visible>Container.Content(Albums) | Container.Content(Artists)</visible>
			<itemlayout height="29">
				<control type="image">
					<posx>5</posx>
					<posy>3</posy>
					<width>22</width>
					<height>22</height>
					<info>ListItem.Icon</info>
				</control>
				<control type="label">
					<posx>30</posx>
					<posy>3</posy>
					<width>290</width>
					<height>22</height>
					<font>font13</font>
					<aligny>center</aligny>
					<selectedcolor>green</selectedcolor>
					<align>left</align>
					<info>ListItem.Label</info>
				</control>
				<control type="label">
					<posx>320</posx>
					<posy>3</posy>
					<width>200</width>
					<height>22</height>
					<font>font13</font>
					<aligny>center</aligny>
					<selectedcolor>green</selectedcolor>
					<textcolor>grey</textcolor>
					<align>right</align>
					<info>ListItem.Label2</info>
				</control>
			</itemlayout>
			<focusedlayout height="29">
				<control type="image">
					<width>325</width>
					<height>29</height>
					<posx>0</posx>
					<posy>0</posy>
					<visible>Control.HasFocus(51)</visible>
					<texture>list-focus.png</texture>
				</control>
				<control type="image">
					<posx>5</posx>
					<posy>3</posy>
					<width>22</width>
					<height>22</height>
					<info>ListItem.Icon</info>
				</control>
				<control type="label">
					<posx>30</posx>
					<posy>3</posy>
					<width>290</width>
					<height>22</height>
					<font>font13</font>
					<aligny>center</aligny>
					<selectedcolor>green</selectedcolor>
					<align>left</align>
					<info>ListItem.Label</info>
				</control>
				<control type="label">
					<posx>320</posx>
					<posy>3</posy>
					<width>200</width>
					<height>22</height>
					<font>font13</font>
					<aligny>center</aligny>
					<selectedcolor>green</selectedcolor>
					<textcolor>grey</textcolor>
					<align>right</align>
					<info>ListItem.Label2</info>
				</control>
			</focusedlayout>
		</control>
		<control type="group">
			<include>contentpanelslide</include>
			<control type="button">
				<posx>520</posx>
				<posy>100</posy>
				<include>scrollbar_width</include>
				<height>20</height>
				<onclick>PageUp(61)</onclick>
				<texturefocus border="4">scrollbar_arrow_up_focus.png</texturefocus>
				<texturenofocus border="4">scrollbar_arrow_up.png</texturenofocus>
				<visible>Control.IsVisible(51) + Control.IsVisible(61)</visible>
			</control>
			<control type="button">
				<posx>520</posx>
				<posy>312</posy>
				<include>scrollbar_width</include>
				<height>20</height>
				<onclick>PageDown(61)</onclick>
				<texturefocus border="4">scrollbar_arrow_down_focus.png</texturefocus>
				<texturenofocus border="4">scrollbar_arrow_down.png</texturenofocus>
				<visible>Control.IsVisible(51) + Control.IsVisible(61)</visible>
			</control>
			<control type="scrollbar" id="61">
				<posx>520</posx>
				<posy>120</posy>
				<include>scrollbar_width</include>
				<height>192</height>
				<texturesliderbackground border="4">scrollbar_background.png</texturesliderbackground>
				<texturesliderbar border="4">scrollbar_bar.png</texturesliderbar>
				<texturesliderbarfocus border="4">scrollbar_bar_focus.png</texturesliderbarfocus>
				<textureslidernib>-</textureslidernib>
				<textureslidernibfocus>-</textureslidernibfocus>
				<onleft>50</onleft>
				<onright>611</onright>
				<showonepage>false</showonepage>
				<orientation>vertical</orientation>
				<visible>Control.IsVisible(51)</visible>
			</control>
			<control type="image">
				<posx>190</posx>
				<posy>337</posy>
				<width>510</width>
				<height>10</height>
				<texture>separator.png</texture>
				<visible>Control.IsVisible(51)</visible>
			</control>
			<control type="image">
				<posx>545</posx>
				<posy>100</posy>
				<width>140</width>
				<height>232</height>
				<aspectratio>keep</aspectratio>
				<info>ListItem.Icon</info>
				<visible>Control.IsVisible(51)</visible>
			</control>
			<control type="label">
				<posx>200</posx>
				<posy>345</posy>
				<width>420</width>
				<height>22</height>
				<font>special13</font>
				<info>ListItem.Label</info>
				<visible>Control.IsVisible(51)</visible>
				<scroll>true</scroll>
			</control>
			<control type="label">
				<posx>680</posx>
				<posy>345</posy>
				<width>420</width>
				<height>22</height>
				<font>special13</font>
				<align>right</align>
				<info>ListItem.Year</info>
				<visible>Control.IsVisible(51) + container.content(Albums)</visible>
				<scroll>true</scroll>
			</control>
			<control type="label">
				<posx>200</posx>
				<posy>505</posy>
				<width>420</width>
				<height>22</height>
				<font>special13</font>
				<info>ListItem.Property(Genre)</info>
				<visible>Control.IsVisible(51) + container.content(Albums)</visible>
				<scroll>true</scroll>
			</control>
			<control type="label">
				<posx>680</posx>
				<posy>505</posy>
				<width>420</width>
				<height>22</height>
				<font>special13</font>
				<align>right</align>
				<label>$INFO[ListItem.Property(Rating),$LOCALIZE[563]: ]</label>
				<visible>Control.IsVisible(51) + container.content(Albums)</visible>
				<scroll>true</scroll>
			</control>
			<control type="label">
				<posx>680</posx>
				<posy>345</posy>
				<width>420</width>
				<height>22</height>
				<font>special13</font>
				<align>right</align>
				<label>$INFO[ListItem.Property(Artist_Formed)]</label>
				<visible>Control.IsVisible(51) + container.content(Artists)</visible>
				<scroll>true</scroll>
			</control>
			<control type="label">
				<posx>200</posx>
				<posy>505</posy>
				<width>480</width>
				<height>22</height>
				<font>special13</font>
				<label>$INFO[ListItem.Property(Artist_Style)]</label>
				<visible>Control.IsVisible(51) + container.content(Artists)</visible>
				<scroll>true</scroll>
			</control>
			<control type="label">
				<posx>680</posx>
				<posy>505</posy>
				<width>420</width>
				<height>22</height>
				<font>special13</font>
				<align>right</align>
				<label>$INFO[ListItem.Duration,$LOCALIZE[2050]: ]</label>
				<visible>Control.IsVisible(51) + container.content(Artists)</visible>
				<scroll>true</scroll>
			</control>
			<control type="textbox">
				<description>Textbox when for Artist</description>
				<posx>200</posx>
				<posy>373</posy>
				<width>460</width>
				<height>127</height>
				<font>font13</font>
				<pagecontrol>611</pagecontrol>
				<label>$INFO[ListItem.Property(Artist_Description)]</label>
				<visible>Control.IsVisible(51) + Container.Content(Artists)</visible>
				<include>autoscrollmedium</include>
			</control>
			<control type="textbox">
				<description>Textbox when for Albums</description>
				<posx>200</posx>
				<posy>373</posy>
				<width>460</width>
				<height>127</height>
				<font>font13</font>
				<pagecontrol>611</pagecontrol>
				<label>$INFO[ListItem.Property(Album_Description)]</label>
				<visible>Control.IsVisible(51) + Container.Content(Albums)</visible>
				<include>autoscrollmedium</include>
			</control>
			<control type="label">
				<description>Label when Artist textboxes are empty</description>
				<posx>200</posx>
				<posy>420</posy>
				<width>480</width>
				<height>30</height>
				<align>center</align>
				<font>font13</font>
				<label>$LOCALIZE[21887] - $LOCALIZE[416]</label>
				<visible>Control.IsVisible(51) + IsEmpty(ListItem.Property(Description)) + Container.Content(Artists)</visible>
			</control>
			<control type="label">
				<description>Label when Album textboxes are empty</description>
				<posx>200</posx>
				<posy>420</posy>
				<width>480</width>
				<height>30</height>
				<align>center</align>
				<font>font13</font>
				<label>$LOCALIZE[183] - $LOCALIZE[416]</label>
				<visible>Control.IsVisible(51) + IsEmpty(ListItem.Property(Description)) + Container.Content(Albums)</visible>
			</control>
			<control type="button">
				<posx>663</posx>
				<posy>373</posy>
				<include>scrollbar_width</include>
				<height>20</height>
				<onclick>PageUp(611)</onclick>
				<texturefocus border="4">scrollbar_arrow_up_focus.png</texturefocus>
				<texturenofocus border="4">scrollbar_arrow_up.png</texturenofocus>
				<visible>Control.IsVisible(611)</visible>
			</control>
			<control type="button">
				<posx>663</posx>
				<posy>483</posy>
				<include>scrollbar_width</include>
				<height>20</height>
				<onclick>PageDown(611)</onclick>
				<texturefocus border="4">scrollbar_arrow_down_focus.png</texturefocus>
				<texturenofocus border="4">scrollbar_arrow_down.png</texturenofocus>
				<visible>Control.IsVisible(611)</visible>
			</control>
			<control type="scrollbar" id="611">
				<posx>663</posx>
				<posy>393</posy>
				<include>scrollbar_width</include>
				<height>90</height>
				<texturesliderbackground border="4">scrollbar_background.png</texturesliderbackground>
				<texturesliderbar border="4">scrollbar_bar.png</texturesliderbar>
				<texturesliderbarfocus border="4">scrollbar_bar_focus.png</texturesliderbarfocus>
				<textureslidernib>-</textureslidernib>
				<textureslidernibfocus>-</textureslidernibfocus>
				<onleft>61</onleft>
				<onright>9000</onright>
				<showonepage>false</showonepage>
				<orientation>vertical</orientation>
				<visible>Control.IsVisible(51)</visible>
			</control>
		</control>
	</include>
	<include name="MusicLibrarySongInfo">
		<control type="list" id="58">
			<posx>190</posx>
			<posy>100</posy>
			<width>485</width>
			<height>290</height>
			<onleft>9000</onleft>
			<onright>61</onright>
			<onup>58</onup>
			<ondown>58</ondown>
			<viewtype label="544">list</viewtype>
			<pagecontrol>61</pagecontrol>
			<scrolltime>200</scrolltime>
			<include>contentpanelslide</include>
			<visible>Container.Content(Songs)</visible>
			<itemlayout height="29">
				<control type="image">
					<posx>5</posx>
					<posy>3</posy>
					<width>22</width>
					<height>22</height>
					<info>ListItem.Icon</info>
				</control>
				<control type="label">
					<posx>30</posx>
					<posy>3</posy>
					<width>430</width>
					<height>22</height>
					<font>font13</font>
					<aligny>center</aligny>
					<selectedcolor>green</selectedcolor>
					<align>left</align>
					<info>ListItem.Label</info>
				</control>
				<control type="label">
					<posx>475</posx>
					<posy>3</posy>
					<width>300</width>
					<height>22</height>
					<font>font13</font>
					<aligny>center</aligny>
					<selectedcolor>green</selectedcolor>
					<textcolor>grey</textcolor>
					<align>right</align>
					<info>ListItem.duration</info>
				</control>
			</itemlayout>
			<focusedlayout height="29">
				<control type="image">
					<width>485</width>
					<height>29</height>
					<posx>0</posx>
					<posy>0</posy>
					<visible>Control.HasFocus(58)</visible>
					<texture>list-focus.png</texture>
				</control>
				<control type="image">
					<posx>5</posx>
					<posy>3</posy>
					<width>22</width>
					<height>22</height>
					<info>ListItem.Icon</info>
				</control>
				<control type="label">
					<posx>30</posx>
					<posy>3</posy>
					<width>430</width>
					<height>22</height>
					<font>font13</font>
					<aligny>center</aligny>
					<selectedcolor>green</selectedcolor>
					<align>left</align>
					<info>ListItem.Label</info>
				</control>
				<control type="label">
					<posx>475</posx>
					<posy>3</posy>
					<width>300</width>
					<height>22</height>
					<font>font13</font>
					<aligny>center</aligny>
					<selectedcolor>green</selectedcolor>
					<textcolor>grey</textcolor>
					<align>right</align>
					<info>ListItem.duration</info>
				</control>
			</focusedlayout>
		</control>
		<control type="group">
			<include>contentpanelslide</include>
			<control type="group">
				<visible>Control.IsVisible(58)</visible>
				<control type="button">
					<posx>680</posx>
					<posy>100</posy>
					<include>scrollbar_width</include>
					<height>20</height>
					<onclick>PageUp(61)</onclick>
					<texturefocus border="4">scrollbar_arrow_up_focus.png</texturefocus>
					<texturenofocus border="4">scrollbar_arrow_up.png</texturenofocus>
				</control>
				<control type="button">
					<posx>680</posx>
					<posy>370</posy>
					<include>scrollbar_width</include>
					<height>20</height>
					<onclick>PageDown(61)</onclick>
					<texturefocus border="4">scrollbar_arrow_down_focus.png</texturefocus>
					<texturenofocus border="4">scrollbar_arrow_down.png</texturenofocus>
				</control>
				<control type="scrollbar" id="61">
					<posx>680</posx>
					<posy>120</posy>
					<include>scrollbar_width</include>
					<height>250</height>
					<texturesliderbackground border="4">scrollbar_background.png</texturesliderbackground>
					<texturesliderbar border="4">scrollbar_bar.png</texturesliderbar>
					<texturesliderbarfocus border="4">scrollbar_bar_focus.png</texturesliderbarfocus>
					<textureslidernib>-</textureslidernib>
					<textureslidernibfocus>-</textureslidernibfocus>
					<onleft>50</onleft>
					<onright>9000</onright>
					<showonepage>false</showonepage>
					<orientation>vertical</orientation>
				</control>
				<control type="image">
					<posx>190</posx>
					<posy>395</posy>
					<width>510</width>
					<height>10</height>
					<texture>separator.png</texture>
				</control>
				<control type="image">
					<posx>195</posx>
					<posy>405</posy>
					<width>110</width>
					<height>120</height>
					<aspectratio align="right">keep</aspectratio>
					<texture>$INFO[ListItem.Icon]</texture>
				</control>
				<control type="label">
					<posx>380</posx>
					<posy>405</posy>
					<width>75</width>
					<height>22</height>
					<font>font12</font>
					<textcolor>grey</textcolor>
					<align>right</align>
					<aligny>center</aligny>
					<label>$LOCALIZE[179]:</label>
				</control>
				<control type="fadelabel">
					<posx>385</posx>
					<posy>405</posy>
					<width>310</width>
					<height>22</height>
					<font>font12</font>
					<textcolor>white</textcolor>
					<align>left</align>
					<aligny>center</aligny>
					<label>$INFO[Listitem.Title]</label>
				</control>
				<control type="label">
					<posx>380</posx>
					<posy>430</posy>
					<width>75</width>
					<height>22</height>
					<font>font12</font>
					<textcolor>grey</textcolor>
					<align>right</align>
					<aligny>center</aligny>
					<label>$LOCALIZE[557]:</label>
				</control>
				<control type="fadelabel">
					<posx>385</posx>
					<posy>430</posy>
					<width>310</width>
					<height>22</height>
					<font>font12</font>
					<textcolor>white</textcolor>
					<align>left</align>
					<aligny>center</aligny>
					<label>$INFO[Listitem.Artist]</label>
				</control>
				<control type="label">
					<posx>380</posx>
					<posy>455</posy>
					<width>75</width>
					<height>22</height>
					<font>font12</font>
					<textcolor>grey</textcolor>
					<align>right</align>
					<aligny>center</aligny>
					<label>$LOCALIZE[558]:</label>
				</control>
				<control type="fadelabel">
					<posx>385</posx>
					<posy>455</posy>
					<width>310</width>
					<height>22</height>
					<font>font12</font>
					<textcolor>white</textcolor>
					<align>left</align>
					<aligny>center</aligny>
					<label>$INFO[Listitem.Album]</label>
				</control>
				<control type="label">
					<posx>380</posx>
					<posy>480</posy>
					<width>75</width>
					<height>22</height>
					<font>font12</font>
					<textcolor>grey</textcolor>
					<align>right</align>
					<aligny>center</aligny>
					<label>$LOCALIZE[515]:</label>
				</control>
				<control type="fadelabel">
					<posx>385</posx>
					<posy>480</posy>
					<width>310</width>
					<height>22</height>
					<font>font12</font>
					<textcolor>white</textcolor>
					<align>left</align>
					<aligny>center</aligny>
					<label>$INFO[Listitem.Genre]</label>
				</control>
				<control type="label">
					<posx>380</posx>
					<posy>505</posy>
					<width>75</width>
					<height>22</height>
					<font>font12</font>
					<textcolor>grey</textcolor>
					<align>right</align>
					<aligny>center</aligny>
					<label>$LOCALIZE[562]:</label>
				</control>
				<control type="fadelabel">
					<posx>385</posx>
					<posy>505</posy>
					<width>110</width>
					<height>22</height>
					<font>font12</font>
					<textcolor>white</textcolor>
					<align>left</align>
					<aligny>center</aligny>
					<label>$INFO[Listitem.Year]</label>
				</control>
				<control type="label">
					<posx>590</posx>
					<posy>505</posy>
					<width>120</width>
					<height>22</height>
					<font>font12</font>
					<textcolor>grey</textcolor>
					<align>right</align>
					<aligny>center</aligny>
					<label>$LOCALIZE[563]:</label>
				</control>
				<control type="image" id="1">
					<description>Song Rating Image</description>
					<posx>570</posx>
					<posy>506</posy>
					<height>22</height>
					<width>132</width>
					<aspectratio>stretch</aspectratio>
					<info>ListItem.StarRating</info>
				</control>
			</control>
		</control>
	</include>
</includes>
