<window id="129">
	<defaultcontrol always="true">10</defaultcontrol>
	<animation effect="fade" time="400">WindowOpen</animation>
	<animation effect="fade" time="400">WindowClose</animation>
	<coordinates>
		<system>1</system>
		<posx>105</posx>
		<posy>130</posy>
	</coordinates>
	<controls>
		<control type="image">
			<posx>-300</posx>
			<posy>-300</posy>
			<width>1300</width>
			<height>1300</height>
			<texture>black.png</texture>
			<animation effect="fade" time="2000">WindowOpen</animation>
		</control>
		<control type="image">
			<description>background image</description>
			<posx>-15</posx>
			<posy>-15</posy>
			<width>540</width>
			<height>375</height>
			<texture>dialog-panel2.png</texture>
		</control>
		<control type="label" id="2">
			<description>Heading Label</description>
			<posx>10</posx>
			<posy>-2</posy>
			<width>500</width>
			<align>left</align>
			<label>-</label>
			<font>special13</font>
			<textcolor>dialogheader</textcolor>
		</control>
		<control type="label">
			<description>path label</description>
			<posx>10</posx>
			<posy>35</posy>
			<width>500</width>
			<align>left</align>
			<font>font12</font>
			<label>1021</label>
		</control>
		<control type="list" id="10">
			<posx>10</posx>
			<posy>60</posy>
			<width>380</width>
			<height>160</height>
			<onup>9001</onup>
			<onleft>9000</onleft>
			<onright>9000</onright>
			<ondown>12</ondown>
			<pagecontrol>-</pagecontrol>
			<scrolltime>200</scrolltime>
			<itemlayout height="40">
				<control type="image">
					<posx>0</posx>
					<posy>0</posy>
					<width>380</width>
					<height>32</height>
					<texture>input-nofocus.png</texture>
				</control>
				<control type="label">
					<posx>5</posx>
					<posy>0</posy>
					<width>370</width>
					<height>32</height>
					<font>font13</font>
					<aligny>center</aligny>
					<selectedcolor>green</selectedcolor>
					<align>left</align>
					<info>ListItem.Label</info>
				</control>
			</itemlayout>
			<focusedlayout height="40">
				<control type="image">
					<posx>0</posx>
					<posy>0</posy>
					<width>380</width>
					<height>32</height>
					<texture>input-nofocus.png</texture>
					<visible>!Control.hasfocus(10)</visible>
				</control>
				<control type="image">
					<posx>0</posx>
					<posy>0</posy>
					<width>380</width>
					<height>32</height>
					<texture>input-focus.png</texture>
					<visible>Control.hasfocus(10)</visible>
				</control>
				<control type="label">
					<posx>5</posx>
					<posy>0</posy>
					<width>370</width>
					<height>32</height>
					<font>font13</font>
					<aligny>center</aligny>
					<selectedcolor>green</selectedcolor>
					<align>left</align>
					<info>ListItem.Label</info>
				</control>
			</focusedlayout>
		</control>
		<control type="group" id="9000">
			<control type="button" id="11">
				<description>Browse Button</description>
				<posx>400</posx>
				<posy>60</posy>
				<width>110</width>
				<height>32</height>
				<font>font12</font>
				<textoffsetx>12</textoffsetx>
				<label>1024</label>
				<align>center</align>
				<aligny>center</aligny>
				<texturenofocus>keyboard-btn-backspace.png</texturenofocus>
				<texturefocus>keyboard-btn-backspace-focus.png</texturefocus>
				<onup>18</onup>
				<onleft>10</onleft>
				<onright>10</onright>
				<ondown>13</ondown>
			</control>
			<control type="button" id="13">
				<description>Add Path Button</description>
				<posx>400</posx>
				<posy>100</posy>
				<width>110</width>
				<height>32</height>
				<font>font12</font>
				<textoffsetx>12</textoffsetx>
				<label>15019</label>
				<align>center</align>
				<aligny>center</aligny>
				<texturenofocus>keyboard-btn-backspace.png</texturenofocus>
				<texturefocus>keyboard-btn-backspace-focus.png</texturefocus>
				<onup>11</onup>
				<onleft>10</onleft>
				<onright>10</onright>
				<ondown>14</ondown>
			</control>
			<control type="button" id="14">
				<description>Remove Path Button</description>
				<posx>400</posx>
				<posy>140</posy>
				<width>110</width>
				<height>32</height>
				<font>font12</font>
				<textoffsetx>12</textoffsetx>
				<label>1210</label>
				<align>center</align>
				<aligny>center</aligny>
				<texturenofocus>keyboard-btn-backspace.png</texturenofocus>
				<texturefocus>keyboard-btn-backspace-focus.png</texturefocus>
				<onup>13</onup>
				<onleft>10</onleft>
				<onright>10</onright>
				<ondown>12</ondown>
			</control>
		</control>
		<control type="label">
			<description>Name Label</description>
			<posx>10</posx>
			<posy>222</posy>
			<width>500</width>
			<font>font12</font>
			<label>1022</label>
		</control>
		<control type="button" id="12">
			<description>Name Button</description>
			<posx>10</posx>
			<posy>250</posy>
			<width>500</width>
			<height>32</height>
			<font>font12</font>
			<textoffsetx>12</textoffsetx>
			<textwidth>380</textwidth>
			<aligny>center</aligny>
			<texturefocus>input-focus.png</texturefocus>
			<texturenofocus>input-nofocus.png</texturenofocus>
			<label>-</label>
			<onup>10</onup>
			<onleft>12</onleft>
			<onright>19</onright>
			<ondown>9001</ondown>
		</control>
		<control type="group" id="9001">
			<control type="button" id="18">
				<description>Ok Button</description>
				<posx>285</posx>
				<posy>290</posy>
				<width>110</width>
				<height>32</height>
				<font>font12</font>
				<textoffsetx>12</textoffsetx>
				<align>center</align>
				<aligny>center</aligny>
				<texturenofocus>keyboard-btn-backspace.png</texturenofocus>
				<texturefocus>keyboard-btn-backspace-focus.png</texturefocus>
				<label>186</label>
				<onup>12</onup>
				<onleft>20</onleft>
				<onright>19</onright>
				<ondown>10</ondown>
			</control>
			<control type="button" id="19">
				<description>Cancel Button</description>
				<posx>400</posx>
				<posy>290</posy>
				<width>110</width>
				<height>32</height>
				<font>font12</font>
				<textoffsetx>12</textoffsetx>
				<align>center</align>
				<aligny>center</aligny>
				<texturenofocus>keyboard-btn-backspace.png</texturenofocus>
				<texturefocus>keyboard-btn-backspace-focus.png</texturefocus>
				<label>222</label>
				<onup>12</onup>
				<onleft>18</onleft>
				<onright>20</onright>
				<ondown>10</ondown>
			</control>`
			<control type="button" id="20">
				<description>Set Content Button</description>
				<posx>170</posx>
				<posy>290</posy>
				<width>110</width>
				<height>32</height>
				<font>font12</font>
				<textoffsetx>12</textoffsetx>
				<align>center</align>
				<aligny>center</aligny>
				<texturenofocus>keyboard-btn-backspace.png</texturenofocus>
				<texturefocus>keyboard-btn-backspace-focus.png</texturefocus>
				<label>20333</label>
				<onup>12</onup>
				<onleft>19</onleft>
				<onright>18</onright>
				<ondown>10</ondown>
			</control>
		</control>
	</controls>
</window>
