<window id="136">
	<animation effect="fade" time="100">WindowOpen</animation>
	<animation effect="fade" time="200">WindowClose</animation>
	<coordinates>
		<system>1</system>
		<posx>640</posx>
		<posy>20</posy>
	</coordinates>
	<controls>
		<control type="image">
			<description>background image</description>
			<posx>0</posx>
			<posy>0</posy>
			<width>50</width>
			<height>50</height>
			<texture border="4">osd_menu_bg.png</texture>
		</control>
		<control type="multiimage">
			<description>Busy animation</description>
			<posx>5</posx>
			<posy>5</posy>
			<width>40</width>
			<height>40</height>
			<imagepath>busy</imagepath>
			<timeperimage>100</timeperimage>
			<fadetime>0</fadetime>
		</control>
	</controls>
</window>