<Skin name="Softmod">
	<Information>
		<Author>Rocky5</Author>
		<Copyright>2016</Copyright>
		<Version>1.0</Version>
	</Information>
	<IntroMovie/>
	<FileManager>
		<BackGround/>
	</FileManager>
	<LoadingScreen ShowInfo="False">
		<BackGround>loading.png</BackGround>
	</LoadingScreen>
	<Main Globe="False" Orb="False" Fog="False">
		<BackGround EnableAudio="False">menu.png</BackGround>
		<Cellwall/>
		<Orb/>
		<Icon/>
		<Menu Smooth="True" Align="Middle" ShowIcon="False" Rotate="False" ShowArrows="False">
			<Position Top="138" Left="72" Width="226" Height="297" Fixed="False" FixAt="0" MaxItem="15"/>
			<Font>font10.xpr</Font>
			<Preview EnableAudio="False" Top="0" Left="0" Width="0" Height="0" />
		</Menu>
		<InfoFont>font10.xpr</InfoFont>
		<Text Top="137" Left="493" Align="Middle" Color="0xffaee239" Source="System Info"/>
		<Text Top="157" Left="423" Align="Left" Color="0xffafb2ce" Source="Time"/>
		<Text Top="177" Left="423" Align="Left" Color="0xffafb2ce" Source="Xbox Region: $VideoMode$"/>
		<Text Top="197" Left="423" Align="Left" Color="0xffafb2ce" Source="IP"/>
		<Text Top="217" Left="423" Align="Left" Color="0xffafb2ce" Source="NumClient"/>
		<Text Top="247" Left="493" Align="Middle" Color="0xffaee239" Source="2016 Softmod Info"/>
		<Text Top="267" Left="423" Align="Left" Color="0xffafb2ce" Source="Running: V1.0"/>
		<Text Top="287" Left="423" Align="Left" Color="0xffafb2ce" Source="Creator: Rocky5"/>
		<Text Top="430" Left="240" Align="Left" Color="0xff3a3a46" Source="Tray:"/>
		<Text Top="430" Left="275" Align="Left" Color="0xff3a3a46" Source="DVDTitle"/>
	</Main>
	<ColorScheme>
		<AMBIENT_FOGCOLOR>0x00000000</AMBIENT_FOGCOLOR>
		<AMBIENT_SKYCOLOR>0x00000000</AMBIENT_SKYCOLOR>
		<AMBIENT_CELLCOLOR>0x00000000</AMBIENT_CELLCOLOR>
		<CAPTION_TEXTCOLOR>0xffaee239</CAPTION_TEXTCOLOR>
		<CAPTION_BACKCOLOR>0x00626473</CAPTION_BACKCOLOR>
		<DIALOG_BORDERCOLOR>0xff3a3a46</DIALOG_BORDERCOLOR>
		<DIALOG_BACKCOLOR>0xdd626473</DIALOG_BACKCOLOR>
		<DIALOG_INNER_BORDERCOLOR>0xff3a3a46</DIALOG_INNER_BORDERCOLOR>
		<DIALOG_INNER_BACKCOLOR>0xbb3a3a46</DIALOG_INNER_BACKCOLOR>
		<DIALOG_TEXTCOLOR>0xffafb2ce</DIALOG_TEXTCOLOR>
		<DIALOG_DISABLEDTEXT>0xff626473</DIALOG_DISABLEDTEXT>
		<OPTION_TEXTCOLOR>0xffafb2ce</OPTION_TEXTCOLOR>
		<OPTION_ACTIVETEXTCOLOR>0xffaee239</OPTION_ACTIVETEXTCOLOR>
		<OPTION_ACTIVEBACKCOLOR>0xff3a3a46</OPTION_ACTIVEBACKCOLOR>
		<BUTTON_BORDERCOLOR>0xff3a3a46</BUTTON_BORDERCOLOR>
		<BUTTON_TEXTCOLOR>0xffafb2ce</BUTTON_TEXTCOLOR>
		<BUTTON_BACKCOLOR>0xff626473</BUTTON_BACKCOLOR>
		<BUTTON_ACTIVETEXTCOLOR>0xffaee239</BUTTON_ACTIVETEXTCOLOR>
		<BUTTON_ACTIVEBACKCOLOR>0xff3a3a46</BUTTON_ACTIVEBACKCOLOR>
		<KB_KEYBG_HIGHLIGHT>0xff626473</KB_KEYBG_HIGHLIGHT>
		<KB_KEYBG_DISABLED>0xff3a3a46</KB_KEYBG_DISABLED>
		<KB_KEY_PRESSED>0xff3a3a46</KB_KEY_PRESSED>
		<KB_KEY_NORMAL>0xff3a3a46</KB_KEY_NORMAL>
		<KB_KEY_DISABLED>0xffafb2ce</KB_KEY_DISABLED>
		<KB_KEY_ACTIVEBORDER>0xffaee239</KB_KEY_ACTIVEBORDER>
		<KB_KEY_TEXTCOLOR>0xff3a3a46</KB_KEY_TEXTCOLOR>
		<KB_KEY_TEXTBACKCOLOR>0xffaee239</KB_KEY_TEXTBACKCOLOR>
		<KB_KEY_TEXTBORDERCOLOR>0xffaee239</KB_KEY_TEXTBORDERCOLOR>
		<MENU_TEXTCOLOR>0xffafb2ce</MENU_TEXTCOLOR>
		<MENU_ACTIVETEXTCOLOR>0xffaee239</MENU_ACTIVETEXTCOLOR>
		<MENU_BORDERCOLOR>0x00000000</MENU_BORDERCOLOR>
		<MENU_BACKCOLOR>0x00000000</MENU_BACKCOLOR>
		<MENU_ACTIVEBACKCOLOR>0x00000000</MENU_ACTIVEBACKCOLOR>
		<MENU_ACTIVEBORDERCOLOR>0x00000000</MENU_ACTIVEBORDERCOLOR>
	</ColorScheme>
</Skin>
