<?xml version="1.0" encoding="Windows-1252" standalone="yes"?>
<addon id="Insignia Info" name="Insignia Info" version="1.0.0" provider-name="Rocky5">
		<requires>
				<import addon="xbmc.python" version="1.0" />
		</requires>
		<extension point="xbmc.python.script" library="default.py" />
		<extension point="xbmc.addon.metadata">
				<platform>all</platform>
				<summary lang="en">Insignia Info</summary>
				<description lang="en">Used to pull and display the current Info for Insingia (XBL resurrection).</description>
		</extension>
</addon>