<window type="dialog" id="1101">
		<controls>
				<include>BehindDialogFadeOut</include>
				<control type="multiimage">
						<description>Busy animation</description>
						<posx>603.5</posx>
						<posy>352</posy>
						<width>73.5</width>
						<height>16</height>
						<imagepath>loading</imagepath>
						<timeperimage>200</timeperimage>
						<fadetime>0</fadetime>
						<pauseatend>100</pauseatend>
						<randomize>false</randomize>
						<loop>true</loop>
						<aspectratio>keep</aspectratio>
						<animation effect="fade" start="0" end="100" delay="100" time="250">WindowOpen</animation>
						<animation effect="fade" start="100" end="0" delay="0" time="50">WindowClose</animation>
				</control>
		</controls>
</window>