<window type="dialog" id="1112">
		<defaultcontrol always="true">9002</defaultcontrol>
		<include>dialogeffect</include>
		<controls>
				<control type="image">
						<posx>0</posx>
						<posy>0</posy>
						<width>1280</width>
						<height>720</height>
						<texture>black-back.png</texture>
						<aspectratio>stretch</aspectratio>
				</control>
				<control type="group">
						<posy>0</posy>
						<include>dialogeffect</include>
						<control type="button" id="9002">
								<posx>-500</posx>
								<onfocus>Dialog.Close(1112,true)</onfocus>
								<onfocus>ActivateWindow(Favourites)</onfocus>
								<visible>!Skin.HasSetting(editmode)</visible>
						</control>
						<control type="image">
								<description>background top image</description>
								<posx>340</posx>
								<posy>190</posy>
								<width>595</width>
								<height>50</height>
								<texture border="40,40,40,0">contextmenu_top.png</texture>
						</control>
						<control type="image">
								<description>background top image</description>
								<posx>340</posx>
								<posy>240</posy>
								<width>595</width>
								<height>280</height>
								<texture border="40,0,40,0">contextmenu_middle.png</texture>
						</control>
						<control type="image">
								<description>background top image</description>
								<posx>340</posx>
								<posy>520</posy>
								<width>595</width>
								<height>50</height>
								<texture border="40,0,40,40">contextmenu_bottom.png</texture>
						</control>
						<control type="label">
								<description>IP Address label</description>
								<posx>395</posx>
								<posy>240</posy>
								<width>300</width>
								<height>40</height>
								<align>left</align>
								<aligny>center</aligny>
								<font>size_20</font>
								<label>[UPPERCASE]$LOCALIZE[150][/UPPERCASE]</label>
								<textcolor>white</textcolor>
						</control>
						<control type="label">
								<description>IP Address</description>
								<posx>395</posx>
								<posy>265</posy>
								<width>300</width>
								<height>40</height>
								<align>left</align>
								<aligny>center</aligny>
								<font>size_18</font>
								<label>$INFO[Network.IPAddress]</label>
								<textcolor>white</textcolor>
						</control>
						<control type="label">
								<description>Current Profile</description>
								<posx>395</posx>
								<posy>300</posy>
								<width>300</width>
								<height>40</height>
								<align>left</align>
								<aligny>center</aligny>
								<font>size_20</font>
								<label>[UPPERCASE]$LOCALIZE[20093][/UPPERCASE]</label>
								<textcolor>white</textcolor>
						</control>
						<control type="label">
								<description>Profile</description>
								<posx>395</posx>
								<posy>325</posy>
								<width>300</width>
								<height>40</height>
								<align>left</align>
								<aligny>center</aligny>
								<font>size_18</font>
								<label>$INFO[System.ProfileName]</label>
								<textcolor>white</textcolor>
						</control>
						<control type="label">
								<description>Drive Space</description>
								<posx>395</posx>
								<posy>360</posy>
								<width>300</width>
								<height>40</height>
								<align>left</align>
								<aligny>center</aligny>
								<font>size_20</font>
								<label>[UPPERCASE]$LOCALIZE[155] $LOCALIZE[20182][/UPPERCASE]</label>
								<textcolor>white</textcolor>
						</control>
						<control type="label">
								<description>Space</description>
								<posx>395</posx>
								<posy>385</posy>
								<width>300</width>
								<height>40</height>
								<align>left</align>
								<aligny>center</aligny>
								<font>size_18</font>
								<label>$INFO[System.Freespace(C)]</label>
								<textcolor>white</textcolor>
						</control>
						<control type="label">
								<description>Space</description>
								<posx>395</posx>
								<posy>405</posy>
								<width>300</width>
								<height>40</height>
								<align>left</align>
								<aligny>center</aligny>
								<font>size_18</font>
								<label>$INFO[System.Freespace(E)]</label>
								<textcolor>white</textcolor>
						</control>
						<control type="label">
								<description>Space</description>
								<posx>395</posx>
								<posy>425</posy>
								<width>300</width>
								<height>40</height>
								<align>left</align>
								<aligny>center</aligny>
								<font>size_18</font>
								<label>$INFO[System.Freespace(F)]</label>
								<textcolor>white</textcolor>
						</control>
						<control type="label">
								<description>Space</description>
								<posx>395</posx>
								<posy>445</posy>
								<width>300</width>
								<height>40</height>
								<align>left</align>
								<aligny>center</aligny>
								<font>size_18</font>
								<label>$INFO[System.Freespace(G)]</label>
								<textcolor>white</textcolor>
						</control>
						<control type="label">
								<description>Free Ram</description>
								<posx>395</posx>
								<posy>480</posy>
								<width>300</width>
								<height>40</height>
								<align>left</align>
								<aligny>center</aligny>
								<font>size_20</font>
								<label>$LOCALIZE[158]: $INFO[System.FreeMemory]</label>
								<textcolor>white</textcolor>
						</control>
						<control type="grouplist" id="9002">
								<description>button area</description>
								<posx>675</posx>
								<posy>240</posy>
								<width>200</width>
								<height>280</height>
								<itemgap>0</itemgap>
								<onleft>-</onleft>
								<onright>-</onright>
								<onup>9002</onup>
								<ondown>9002</ondown>
								<animation effect="slide" start="0,0" end="0,20" time="0" condition="!Skin.HasSetting(EmuButton)">Conditional</animation>
								<control type="button" id="1">
										<include>ButtonSettingsOptionsValues</include>
										<label>[UPPERCASE]$INFO[Skin.String(Emulator_Name)][/UPPERCASE]</label>
										<onclick>Dialog.Close(1112,true)</onclick>
										<onclick>XBMC.RunXBE($INFO[Skin.String(Emulator_Path)])</onclick>
										<visible>Skin.HasSetting(EmuButton)</visible>
								</control>
								<control type="button" id="2">
										<include>ButtonSettingsOptionsValues</include>
										<label>[UPPERCASE]$LOCALIZE[1036][/UPPERCASE]</label>
										<onclick>Dialog.Close(1112,true)</onclick>
										<onclick>ActivateWindow(Favourites)</onclick>
								</control>
								<control type="button" id="3">
										<include>ButtonSettingsOptionsValues</include>
										<label>[UPPERCASE]$LOCALIZE[20315][/UPPERCASE]</label>
										<onclick>Dialog.Close(1112,true)</onclick>
										<onclick>ActivateWindow(GameSaves)</onclick>
								</control>
								<control type="button" id="4">
										<include>ButtonSettingsOptionsValues</include>
										<label>[UPPERCASE]$LOCALIZE[32041][/UPPERCASE]</label>
										<onclick>Dialog.Close(1112,true)</onclick>
										<onclick>ActivateWindow(Settings)</onclick>
								</control>
								<control type="button" id="5">
										<include>ButtonSettingsOptionsValues</include>
										<label>[UPPERCASE]$LOCALIZE[13313][/UPPERCASE]</label>
										<onclick>RunXBE(Special://root/default.xbe)</onclick>
								</control>
								<control type="button" id="6">
										<include>ButtonSettingsOptionsValues</include>
										<label>[UPPERCASE]$LOCALIZE[13013][/UPPERCASE]</label>
										<onclick>Reboot</onclick>
								</control>
								<control type="button" id="7">
										<include>ButtonSettingsOptionsValues</include>
										<label>[UPPERCASE]$LOCALIZE[13005][/UPPERCASE]</label>
										<onclick>Shutdown</onclick>
								</control>
						</control>
				</control>
				<!-- Debug Info -->
				<include>Debug</include>
		</controls>
</window>