<includes>
		<include name="Menu_Options">
				<control type="image">
						<posx>0</posx>
						<posy>-50</posy>
						<width>22</width>
						<height>22</height>
						<texture>scroll-left.png</texture>
						<colordiffuse>FFFFFFFF</colordiffuse>
						<visible>Control.HasFocus(117)</visible>
						<animation effect="slide" start="0,0" end="0,100" delay="200" time="500">Visible</animation>
						<animation effect="slide" start="0,100" end="0,0" time="200">Hidden</animation>
						<animation type="Conditional" condition="System.IdleTime(1)" loop="true" reversable="false">
								<effect type="slide" start="0" end="-12" time="1000" tween="cubic" easing="inout" delay="500" />
								<effect type="slide" start="0" end="12" time="1000" tween="cubic" easing="inout" delay="1000" />
						</animation>
				</control>
				<control type="grouplist" id="9000">
						<posx>0</posx>
						<posy>780</posy>
						<width>1280</width>
						<height>570</height>
						<itemgap>0</itemgap>
						<ondown>50</ondown>
						<orientation>horizontal</orientation>
						<animation effect="slide" start="0,0" end="0,-60" delay="50" time="300">Focus</animation>
						<animation effect="slide" start="0,-60" end="0,0" time="200">Unfocus</animation>
						<control type="list" id="217">
								<posx>0</posx>
								<posy>0</posy>
								<width>1280</width>
								<height>45</height>
								<onleft>117</onleft>
								<onright>117</onright>
								<onup>118</onup>
								<ondown>50</ondown>
								<focusposition>3</focusposition>
								<orientation>horizontal</orientation>
								<itemlayout height="45" width="110">
										<control type="image">
												<posx>0</posx>
												<posy>0</posy>
												<width>110</width>
												<height>45</height>
												<texture border="5">listnf.png</texture>
										</control>
										<control type="image">
												<posx>5</posx>
												<posy>5</posy>
												<width>100</width>
												<height>35</height>
												<texture>$INFO[listitem.actualicon]</texture>
												<bordertexture>black-back.png</bordertexture>
												<bordersize>1</bordersize>
												<aspectratio>scale</aspectratio>
										</control>
								</itemlayout>
								<focusedlayout height="45" width="110">
										<control type="image">
												<posx>0</posx>
												<posy>0</posy>
												<width>110</width>
												<height>45</height>
												<texture border="5">listnf.png</texture>
												<visible>!Control.HasFocus(117)</visible>
										</control>
										<control type="image">
												<posx>0</posx>
												<posy>0</posy>
												<width>110</width>
												<height>45</height>
												<texture border="5">thumbfo.png</texture>
												<visible>Control.HasFocus(117)</visible>
										</control>
										<control type="image">
												<posx>5</posx>
												<posy>5</posy>
												<width>100</width>
												<height>35</height>
												<texture>$INFO[listitem.actualicon]</texture>
												<bordertexture>black-back.png</bordertexture>
												<bordersize>1</bordersize>
												<aspectratio>scale</aspectratio>
										</control>
								</focusedlayout>
								<content>
										<item id="100">
												<label>-</label>
												<onclick>SetFocus(9001)</onclick>
												<icon>views.png</icon>
										</item>
										<item id="101">
												<label>-</label>
												<onclick>Skin.ToggleSetting(fanartenabled)</onclick>
												<icon>fanart_disabled.png</icon>
												<visible>!Skin.HasSetting(fanartenabled) + !Skin.HasSetting(fadefanart) + !Skin.HasSetting(customfanartfog) + !Control.IsVisible(54) + !Control.IsVisible(55) + !Control.IsVisible(56) + !Control.IsVisible(57) + !Control.IsVisible(65)</visible>
										</item>
										<item id="101">
												<label>-</label>
												<onclick>Skin.ToggleSetting(fadefanart)</onclick>
												<icon>fanart_faded.png</icon>
												<visible>Skin.HasSetting(fanartenabled) + !Skin.HasSetting(fadefanart) + !Skin.HasSetting(customfanartfog) + !Control.IsVisible(54) + !Control.IsVisible(55) + !Control.IsVisible(56) + !Control.IsVisible(57) + !Control.IsVisible(65)</visible>
										</item>
										<item id="101">
												<label>-</label>
												<onclick>Skin.ToggleSetting(customfanartfog)</onclick>
												<icon>fanart.png</icon>
												<visible>Skin.HasSetting(fadefanart) + Skin.HasSetting(fanartenabled) + !Skin.HasSetting(customfanartfog) + !Control.IsVisible(54) + !Control.IsVisible(55) + !Control.IsVisible(56) + !Control.IsVisible(57) + !Control.IsVisible(65)</visible>
										</item>
								</content>
						</control>
				</control>
		</include>
</includes>