<includes>
		<variable name="var-labelcolour">
				<value condition="Skin.String(Background_Color,special://skin/media/backgrounds/2.png) | Skin.String(Background_Color,special://skin/media/backgrounds/14.png) | Skin.String(Background_Color,special://skin/media/backgrounds/15.png)">FF333333</value>
				<value>FFFFFFFF</value>
		</variable>
		<variable name="var-bgcustcolour">
				<value>FF$INFO[Skin.String(Background_Custom_Color)]</value>
		</variable>
		<variable name="var-xbmc4gamerslabelcolour">
				<value condition="Skin.HasSetting(EnabledXBMC4GamersLogoColour)">FF$INFO[Skin.String(XBMC4GamersLogoColour)]</value>
				<value condition="!Skin.HasSetting(EnabledXBMC4GamersLogoColour)">FFFFFFFF</value>
		</variable>
</includes>