<window id="1">
		<defaultcontrol always="true">50</defaultcontrol>
		<allowoverlay>no</allowoverlay>
		<onload>Skin.Reset(SynopsisPreviewThere)</onload>
		<onunload>Skin.Reset(SynopsisPreviewThere)</onunload>
		<views>50,51,52,53,54,55,56,57,58,59,60,61,62,63,64,65,66,67,68,69,70,71,72,73,74,75,79</views>
		<controls>
				<include>CommonBackground</include>
				<include>Fanart</include>
				<control type="group">
						<include>ViewVisibleEffect</include>
						<include file="Viewtype_View50.xml">PosterView</include>
						<include file="Viewtype_View51.xml">PosterViewSmall</include>
						<include file="Viewtype_View52.xml">LoginView</include>
						<include file="Viewtype_View53.xml">LandscapeView</include>
						<include file="Viewtype_View54.xml">PanelView</include>
						<include file="Viewtype_View55.xml">BannerView</include>
						<include file="Viewtype_View56.xml">CardView</include>
						<include file="Viewtype_View57.xml">FanartView</include>
						<include file="Viewtype_View58.xml">ListView</include>
						<include file="Viewtype_View59.xml">CarouselView</include>
						<include file="Viewtype_View60.xml">CarouselSmallView</include>
						<include file="Viewtype_View61.xml">CarouselSmallerView</include>
						<include file="Viewtype_View62.xml">IconView</include>
						<include file="Viewtype_View63.xml">OpenCaseView</include>
						<include file="Viewtype_View64.xml">Dual3DView</include>
						<include file="Viewtype_View65.xml">IconAltView</include>
						<include file="Viewtype_View66.xml">PSView</include>
						<include file="Viewtype_View67.xml">PosterFixed</include>
						<include file="Viewtype_View79.xml">ResourcesView</include>
				</control>
				<control type="group">
						<visible>!Window.IsVisible(3000)</visible>
						<include>WindowHeader</include>
						<control type="image">
								<posx>23</posx>
								<posy>3</posy>
								<width>123</width>
								<height>44</height>
								<aspectratio>stretch</aspectratio>
								<texture>xbmc4gamers_logo_shadow.png</texture>
						</control>
						<control type="image">
								<posx>25</posx>
								<posy>5</posy>
								<width>119</width>
								<height>40</height>
								<aspectratio>stretch</aspectratio>
								<colordiffuse>$VAR[var-xbmc4gamerslabelcolour]</colordiffuse>
								<texture>xbmc4gamers_logo.png</texture>
						</control>
						<include>ScrollOffsetLabel</include>
						<include>View_Options</include>
						<include>WindowFooter</include>
				</control>
				<!-- Debug Info -->
				<include>Debug</include>
		</controls>
</window>