<includes>
		<include name="OpenCaseView">
				<control type="group">
						<visible>Control.IsVisible(63) + !Control.IsVisible(50) + !Window.IsVisible(134) + !Window.IsVisible(3000)</visible>
						<control type="group">
								<control type="fixedlist" id="63">
										<posx>-295</posx>
										<posy>320</posy>
										<width>1700</width>
										<height>462</height>
										<onleft>63</onleft>
										<onright>63</onright>
										<onup>117</onup>
										<ondown>93</ondown>
										<viewtype label="view63">list</viewtype>
										<pagecontrol>93</pagecontrol>
										<scrolltime>200</scrolltime>
										<focusposition>2</focusposition>
										<movement>0</movement>
										<orientation>horizontal</orientation>
										<preloaditems>3</preloaditems>
										<itemlayout height="290" width="414">
												<control type="image">
														<posx>0</posx>
														<posy>0</posy>
														<width>214</width>
														<height>290</height>
														<aspectratio>stretch</aspectratio>
														<texture border="5">thumbnf.png</texture>
														<visible>!Skin.HasSetting(_recourcesenabled) | ListItem.IsFolder</visible>
												</control>
												<control type="image">
														<posx>5</posx>
														<posy>5</posy>
														<width>205</width>
														<height>280</height>
														<aspectratio>stretch</aspectratio>
														<fadetime>ThumbCrossfadeTime</fadetime>
														<texture fallback="no_poster.png">$INFO[listitem.icon]</texture>
														<bordertexture border="5">-</bordertexture>
														<bordersize>1</bordersize>
														<visible>Skin.HasSetting(_recourcesenabled) + ListItem.IsFolder</visible>
												</control>
												<control type="image">
														<posx>5</posx>
														<posy>5</posy>
														<width>205</width>
														<height>280</height>
														<aspectratio>stretch</aspectratio>
														<fadetime>ThumbCrossfadeTime</fadetime>
														<texture background="true" fallback="no_poster.png">$INFO[listitem.icon]</texture>
														<bordertexture border="5">-</bordertexture>
														<bordersize>1</bordersize>
														<visible>!Skin.HasSetting(_recourcesenabled)</visible>
												</control>
												<control type="image">
														<posx>5</posx>
														<posy>5</posy>
														<width>149</width>
														<height>264</height>
														<aspectratio align="" aligny="bottom">stretch</aspectratio>
														<fadetime>ThumbCrossfadeTime</fadetime>
														<texture>no_opencase.png</texture>
														<visible>Skin.HasSetting(_recourcesenabled) + !ListItem.IsFolder</visible>
												</control>
												<control type="image">
														<posx>5</posx>
														<posy>5</posy>
														<width>149</width>
														<height>264</height>
														<aspectratio align="" aligny="bottom">stretch</aspectratio>
														<fadetime>ThumbCrossfadeTime</fadetime>
														<texture background="true">$INFO[listitem.path,,_resources\artwork\opencase.png]</texture>
														<visible>Skin.HasSetting(_recourcesenabled) + !ListItem.IsFolder</visible>
												</control>
												<control type="image">
														<posx>10</posx>
														<posy>33</posy>
														<width>25</width>
														<height>25</height>
														<aspectratio>stretch</aspectratio>
														<fadetime>ThumbCrossfadeTime</fadetime>
														<texture>overlay-watched.png</texture>
														<animation reversible="false" effect="fade" start="100" end="0" time="0" condition="Container(63).OnScrollNext">Conditional</animation>
														<animation reversible="false" effect="fade" start="100" end="0" time="0" condition="Container(63).OnScrollPrevious">Conditional</animation>
														<visible>IntegerGreaterThan(ListItem.ProgramCount,0) + !Skin.HasSetting(_recourcesenabled) + !Skin.HasSetting(HidePlayedIndicator)</visible>
												</control>
												<control type="image">
														<posx>10</posx>
														<posy>35</posy>
														<width>25</width>
														<height>25</height>
														<aspectratio>stretch</aspectratio>
														<fadetime>ThumbCrossfadeTime</fadetime>
														<texture>$INFO[listitem.overlay]</texture>
														<animation reversible="false" effect="slide" start="0,0" end="0,23" time="0" condition="!Skin.HasSetting(HidePlayedIndicator) + IntegerGreaterThan(ListItem.ProgramCount,0)">Conditional</animation>
														<animation reversible="false" effect="fade" start="100" end="0" time="0" condition="Container(63).OnScrollNext">Conditional</animation>
														<animation reversible="false" effect="fade" start="100" end="0" time="0" condition="Container(63).OnScrollPrevious">Conditional</animation>
														<visible>!Skin.HasSetting(_recourcesenabled) + !Skin.HasSetting(HideTrainerIndicator)</visible>
												</control>
												<!-- Flipped images -->
												<control type="image">
														<posx>0</posx>
														<posy>290</posy>
														<width>214</width>
														<height>290</height>
														<aspectratio>stretch</aspectratio>
														<texture border="5" flipy="true" diffuse="diffuse_mirror3.png">thumbnf.png</texture>
														<visible>!Skin.HasSetting(_recourcesenabled) | ListItem.IsFolder</visible>
												</control>
												<control type="image">
														<posx>5</posx>
														<posy>294</posy>
														<width>205</width>
														<height>280</height>
														<aspectratio>stretch</aspectratio>
														<fadetime>ThumbCrossfadeTime</fadetime>
														<texture flipy="true" diffuse="diffuse_mirror2.png">$INFO[listitem.icon]</texture>
														<bordertexture border="5">-</bordertexture>
														<bordersize>1</bordersize>
														<visible>Skin.HasSetting(_recourcesenabled) + ListItem.IsFolder</visible>
												</control>
												<control type="image">
														<posx>5</posx>
														<posy>294</posy>
														<width>205</width>
														<height>280</height>
														<aspectratio>stretch</aspectratio>
														<fadetime>ThumbCrossfadeTime</fadetime>
														<texture background="true" flipy="true" diffuse="diffuse_mirror2.png">$INFO[listitem.icon]</texture>
														<bordertexture border="5">-</bordertexture>
														<bordersize>1</bordersize>
														<visible>!Skin.HasSetting(_recourcesenabled)</visible>
												</control>
										</itemlayout>
										<focusedlayout height="290" width="414">
												<control type="image">
														<posx>0</posx>
														<posy>0</posy>
														<width>214</width>
														<height>290</height>
														<aspectratio>stretch</aspectratio>
														<texture border="5">thumbnf.png</texture>
														<visible>!Skin.HasSetting(_recourcesenabled) | ListItem.IsFolder</visible>
														<animation reversible="false" effect="zoom" start="0,0,214,290" end="-10,-36,234,330" time="100">focus</animation>
														<animation reversible="false" effect="zoom" end="0,0,214,290" start="-10,-36,234,330" time="100">unfocus</animation>
												</control>
												<control type="image">
														<posx>5</posx>
														<posy>5</posy>
														<width>204</width>
														<height>280</height>
														<aspectratio>stretch</aspectratio>
														<fadetime>ThumbCrossfadeTime</fadetime>
														<texture border="5" fallback="no_poster.png">$INFO[listitem.icon]</texture>
														<visible>Skin.HasSetting(_recourcesenabled) + ListItem.IsFolder</visible>
														<animation reversible="false" effect="zoom" start="5,5,204,280" end="-5,-31,224,320" time="100">focus</animation>
														<animation reversible="false" effect="zoom" end="5,5,204,280" start="-5,-31,224,320" time="100">unfocus</animation>
												</control>
												<control type="image">
														<posx>5</posx>
														<posy>5</posy>
														<width>204</width>
														<height>280</height>
														<aspectratio>stretch</aspectratio>
														<fadetime>ThumbCrossfadeTime</fadetime>
														<texture border="5" background="true" fallback="no_poster.png">$INFO[listitem.icon]</texture>
														<visible>!Skin.HasSetting(_recourcesenabled)</visible>
														<animation reversible="false" effect="zoom" start="5,5,204,280" end="-5,-31,224,320" time="100">focus</animation>
														<animation reversible="false" effect="zoom" end="5,5,204,280" start="-5,-31,224,320" time="100">unfocus</animation>
												</control>
												<control type="image">
														<posx>33</posx>
														<posy>5</posy>
														<width>149</width>
														<height>264</height>
														<aspectratio align="" aligny="bottom">stretch</aspectratio>
														<fadetime>ThumbCrossfadeTime</fadetime>
														<texture>no_opencase.png</texture>
														<visible>Skin.HasSetting(_recourcesenabled) + !ListItem.IsFolder</visible>
														<animation reversible="false" effect="zoom" start="33,5,149,264" end="23,-31,169,304" time="100">focus</animation>
														<animation reversible="false" effect="zoom" end="33,5,149,264" start="23,-31,169,304" time="100">unfocus</animation>
												</control>
												<control type="image">
														<posx>33</posx>
														<posy>5</posy>
														<width>149</width>
														<height>264</height>
														<aspectratio align="" aligny="bottom">stretch</aspectratio>
														<fadetime>ThumbCrossfadeTime</fadetime>
														<texture background="true">$INFO[listitem.path,,_resources\artwork\opencase.png]</texture>
														<visible>Skin.HasSetting(_recourcesenabled) + !ListItem.IsFolder</visible>
														<animation reversible="false" effect="zoom" start="33,5,149,264" end="23,-31,169,304" time="100">focus</animation>
														<animation reversible="false" effect="zoom" end="33,5,149,264" start="23,-31,169,304" time="100">unfocus</animation>
												</control>
												<control type="image">
														<posx>0</posx>
														<posy>0</posy>
														<width>214</width>
														<height>290</height>
														<aspectratio>stretch</aspectratio>
														<texture border="5">poster-border.png</texture>
														<visible>!Skin.HasSetting(_recourcesenabled) | ListItem.IsFolder</visible>
														<animation reversible="false" effect="zoom" start="0,0,214,290" end="-10,-36,234,330" time="100">focus</animation>
														<animation reversible="false" effect="fade" start="100" end="0" time="0">unfocus</animation>
												</control>
												<control type="image">
														<posx>10</posx>
														<posy>35</posy>
														<width>25</width>
														<height>25</height>
														<aspectratio>stretch</aspectratio>
														<fadetime>ThumbCrossfadeTime</fadetime>
														<texture>overlay-watched.png</texture>
														<animation reversible="false" effect="zoom" start="10,35,25,25" end="0,3,30,30" time="100">focus</animation>
														<animation reversible="false" effect="zoom" end="10,35,25,25" start="0,3,30,30" time="100">unfocus</animation>
														<animation reversible="false" effect="fade" start="100" end="0" time="0" condition="Container(63).OnScrollNext">Conditional</animation>
														<animation reversible="false" effect="fade" start="100" end="0" time="0" condition="Container(63).OnScrollPrevious">Conditional</animation>
														<visible>IntegerGreaterThan(ListItem.ProgramCount,0) + !Skin.HasSetting(_recourcesenabled) + !Skin.HasSetting(HidePlayedIndicator)</visible>
												</control>
												<control type="image">
														<posx>10</posx>
														<posy>35</posy>
														<width>25</width>
														<height>25</height>
														<aspectratio>stretch</aspectratio>
														<fadetime>ThumbCrossfadeTime</fadetime>
														<texture>$INFO[listitem.overlay]</texture>
														<animation reversible="false" effect="zoom" start="10,55,25,25" end="0,26,30,30" time="100">focus</animation>
														<animation reversible="false" effect="zoom" end="10,55,25,25" start="0,26,30,30" time="100">unfocus</animation>
														<animation reversible="false" effect="slide" start="0,0" end="0,23" time="0" condition="!Skin.HasSetting(HidePlayedIndicator) + IntegerGreaterThan(ListItem.ProgramCount,0)">Conditional</animation>
														<animation reversible="false" effect="fade" start="100" end="0" time="0" condition="Container(63).OnScrollNext">Conditional</animation>
														<animation reversible="false" effect="fade" start="100" end="0" time="0" condition="Container(63).OnScrollPrevious">Conditional</animation>
														<visible>!Skin.HasSetting(_recourcesenabled) + !Skin.HasSetting(HideTrainerIndicator)</visible>
												</control>
												<!-- Flipped images -->
												<control type="image">
														<posx>0</posx>
														<posy>290</posy>
														<width>214</width>
														<height>290</height>
														<aspectratio>stretch</aspectratio>
														<visible>!Skin.HasSetting(_recourcesenabled) | ListItem.IsFolder</visible>
														<texture border="5" background="true" flipy="true" diffuse="diffuse_mirror3.png">thumbnf.png</texture>
														<animation reversible="false" effect="zoom" start="0,290,214,290" end="-10,294,234,330" time="100">focus</animation>
														<animation reversible="false" effect="zoom" end="0,290,214,290" start="-10,294,234,330" time="100">unfocus</animation>
												</control>
												<control type="image">
														<posx>5</posx>
														<posy>294</posy>
														<width>205</width>
														<height>280</height>
														<aspectratio>stretch</aspectratio>
														<fadetime>ThumbCrossfadeTime</fadetime>
														<texture border="5" flipy="true" diffuse="diffuse_mirror2.png">$INFO[listitem.icon]</texture>
														<visible>Skin.HasSetting(_recourcesenabled) + ListItem.IsFolder</visible>
														<animation reversible="false" effect="zoom" start="5,294,205,280" end="-5,300,224,320" time="100">focus</animation>
														<animation reversible="false" effect="zoom" start="-5,300,224,320" end="5,294,205,280" time="100">unfocus</animation>
												</control>
												<control type="image">
														<posx>5</posx>
														<posy>294</posy>
														<width>205</width>
														<height>280</height>
														<aspectratio>stretch</aspectratio>
														<fadetime>ThumbCrossfadeTime</fadetime>
														<texture border="5" background="true" flipy="true" diffuse="diffuse_mirror2.png">$INFO[listitem.icon]</texture>
														<visible>!Skin.HasSetting(_recourcesenabled)</visible>
														<animation reversible="false" effect="zoom" start="5,294,205,280" end="-5,300,224,320" time="100">focus</animation>
														<animation reversible="false" effect="zoom" start="-5,300,224,320" end="5,294,205,280" time="100">unfocus</animation>
												</control>
												<control type="image">
														<posx>0</posx>
														<posy>290</posy>
														<width>214</width>
														<height>290</height>
														<aspectratio>stretch</aspectratio>
														<visible>!Skin.HasSetting(_recourcesenabled) | ListItem.IsFolder</visible>
														<texture border="5" background="true" flipy="true" diffuse="diffuse_mirror2.png">poster-border.png</texture>
														<animation reversible="false" effect="zoom" start="0,290,214,290" end="-10,294,234,330" time="100">focus</animation>
														<animation reversible="false" effect="fade" start="100" end="0" time="0">unfocus</animation>
												</control>
										</focusedlayout>
								</control>
								<control type="label">
										<posx>0</posx>
										<posy>620</posy>
										<width>1280</width>
										<height>36</height>
										<font>size_35</font>
										<textcolor>$VAR[var-labelcolour]</textcolor>
										<scroll>true</scroll>
										<align>center</align>
										<aligny>center</aligny>
										<label>[UPPERCASE]$INFO[ListItem.Label][/UPPERCASE]</label>
								</control>
								<control type="grouplist">
										<posx>0</posx>
										<posy>650</posy>
										<width>1280</width>
										<itemgap>5</itemgap>
										<align>center</align>
										<orientation>horizontal</orientation>
										<visible>!Control.HasFocus(92) + !ListItem.IsFolder</visible>
										<control type="label">
												<width min="0" max="640">auto</width>
												<height>30</height>
												<font>size_15</font>
												<textcolor>$VAR[var-labelcolour]</textcolor>
												<scroll>true</scroll>
												<aligny>center</aligny>
												<label>$LOCALIZE[32030]</label>
												<visible>StringCompare(ListItem.ProgramCount,0)</visible>
										</control>
										<control type="label">
												<width min="0" max="640">auto</width>
												<height>30</height>
												<font>size_15</font>
												<textcolor>$VAR[var-labelcolour]</textcolor>
												<scroll>true</scroll>
												<aligny>center</aligny>
												<label>$LOCALIZE[32031] $INFO[ListItem.ProgramCount,, $LOCALIZE[32032]]</label>
												<visible>StringCompare(ListItem.ProgramCount,1)</visible>
										</control>
										<control type="label">
												<width min="0" max="640">auto</width>
												<height>30</height>
												<font>size_15</font>
												<textcolor>$VAR[var-labelcolour]</textcolor>
												<scroll>true</scroll>
												<aligny>center</aligny>
												<label>$LOCALIZE[32031] $INFO[ListItem.ProgramCount,, $LOCALIZE[32033]]</label>
												<visible>IntegerGreaterThan(ListItem.ProgramCount,1)</visible>
										</control>
										<control type="label">
												<width min="0" max="640">auto</width>
												<height>30</height>
												<font>size_15</font>
												<textcolor>$VAR[var-labelcolour]</textcolor>
												<scroll>true</scroll>
												<aligny>center</aligny>
												<label>- Has Trainer</label>
												<visible>!IsEmpty(listitem.overlay)</visible>
										</control>
								</control>
								<control type="scrollbar" id="93">
										<posx>150</posx>
										<posy>662</posy>
										<width>980</width>
										<height>15</height>
										<texturesliderbackground border="2,2,2,2">black-back.png</texturesliderbackground>
										<texturesliderbar border="16,2,16,2">scrollbar_bar-vertical.png</texturesliderbar>
										<texturesliderbarfocus border="16,2,16,2">scrollbar_bar_focus-vertical.png</texturesliderbarfocus>
										<textureslidernib>scrollbar_nib-vertical.png</textureslidernib>
										<textureslidernibfocus>scrollbar_nib-vertical.png</textureslidernibfocus>
										<onup>63</onup>
										<ondown>-</ondown>
										<showonepage>false</showonepage>
										<orientation>horizontal</orientation>
										<visible allowhiddenfocus="true">Control.HasFocus(93)</visible>
										<animation reversible="true" effect="fade" start="0" end="100" delay="" time="300">visible</animation>
										<animation reversible="true" effect="fade" start="100" end="0" delay="" time="300">hidden</animation>
								</control>
						</control>
				</control>
		</include>
</includes>