<window type="dialog" id="1101">
		<defaultcontrol always="true">10</defaultcontrol>
		<onunload>Skin.Reset(SynopsisPreviewThere)</onunload>
		<controls>
				<control type="group">
						<visible>!Skin.HasSetting(Synopsis_First_Run)</visible>
						<animation effect="fade" start="0" end="100" delay="400" time="200">WindowOpen</animation>
						<animation effect="fade" start="100" end="0" delay="0" time="100">WindowClose</animation>
						<control type="image">
								<left>0</left>
								<top>0</top>
								<width>1280</width>
								<height>720</height>
								<aspectratio>stretch</aspectratio>
								<texture background="true">select_synopsis.jpg</texture>
						</control>
						<control type="button" id="100">
								<left>9</left>
								<top>455</top>
								<width>622</width>
								<height>80</height>
								<onright>101</onright>
								<texturefocus>black-back.png</texturefocus>
								<font>size_35</font>
								<textcolor>1101_label</textcolor>
								<focusedcolor>1101_label</focusedcolor>
								<disabledcolor>1101_disabled_label</disabledcolor>
								<align>center</align>
								<aligny>center</aligny>
								<label>DEFAULT SYNOPSIS VIEW</label>
								<onclick>RunScript( Special://scripts/XBMC4Gamers/Utilities/dialog ok.py,show_both-Synopsis_First_Run,NOTICE,Default Synopsis View Set,You can change this view from the,skin settings &gt; toggles menu )</onclick>
								<onclick>Skin.SetBool(Synopsis_First_Run)</onclick>
								<onclick>Skin.Reset(Alt_Synopsis_View)</onclick>
								<visible allowhiddenfocus="true">Control.HasFocus(100)</visible>
						</control>
						<control type="button" id="101">
								<left>649</left>
								<top>455</top>
								<width>622</width>
								<height>80</height>
								<onleft>100</onleft>
								<texturefocus>black-back.png</texturefocus>
								<font>size_35</font>
								<textcolor>1101_label</textcolor>
								<focusedcolor>1101_label</focusedcolor>
								<disabledcolor>1101_disabled_label</disabledcolor>
								<align>center</align>
								<aligny>center</aligny>
								<label>ALT SYNOPSIS VIEW</label>
								<onclick>RunScript( Special://scripts/XBMC4Gamers/Utilities/dialog ok.py,show_both-Synopsis_First_Run,NOTICE,Alternative Synopsis View Set,You can change this view from the,skin settings &gt; toggles menu )</onclick>
								<onclick>Skin.SetBool(Synopsis_First_Run)</onclick>
								<onclick>Skin.SetBool(Alt_Synopsis_View)</onclick>
								<visible allowhiddenfocus="true">Control.HasFocus(101)</visible>
						</control>
				</control>
				<control type="group">
						<visible>Skin.HasSetting(Synopsis_First_Run)</visible>
						<!-- Default synopsis view -->
						<control type="group">
								<visible>!Skin.HasSetting(Alt_Synopsis_View)</visible>
								<control type="image">
										<left>0</left>
										<top>0</top>
										<width>1280</width>
										<height>720</height>
										<aspectratio>stretch</aspectratio>
										<texture background="true">$INFO[Window(MyPrograms).Property(Synopsis_fanart)]</texture>
										<animation effect="fade" start="0" end="100" delay="400" time="200">WindowOpen</animation>
										<animation effect="fade" start="100" end="0" delay="0" time="100">WindowClose</animation>
								</control>
								<control type="image">
										<description>background image</description>
										<left>440</left>
										<top>70</top>
										<width>800</width>
										<height>570</height>
										<texture background="true">Special://scripts/XBMC4Gamers Extras/synopsis/resources/textures/synopsis_overlay.png</texture>
										<aspectratio>stretch</aspectratio>
										<animation effect="fade" start="0" end="100" delay="700" time="350">WindowOpen</animation>
										<animation effect="fade" start="100" end="0" delay="200" time="100">WindowClose</animation>
								</control>
								<control type="image">
										<description>background overlay</description>
										<left>440</left>
										<top>70</top>
										<width>80</width>
										<height>570</height>
										<texture background="true">Special://scripts/XBMC4Gamers Extras/synopsis/resources/textures/synopsis_black-back.png</texture>
										<aspectratio>stretch</aspectratio>
										<animation effect="fade" start="0" end="100" delay="700" time="350">WindowOpen</animation>
										<animation effect="fade" start="100" end="0" delay="200" time="100">WindowClose</animation>
								</control>
								<!-- Poster image -->
								<control type="image">
										<description>Poster image</description>
										<left>40</left>
										<top>70</top>
										<width>390</width>
										<height>570</height>
										<texture background="false" fallback="Special://scripts/XBMC4Gamers Extras/synopsis/resources/textures/synopsis_no_poster.jpg">$INFO[Window(MyPrograms).Property(Synopsis_icon)]</texture>
										<bordersize>0</bordersize>
										<aspectratio>keep</aspectratio>
										<animation effect="fade" start="0" end="100" delay="700" time="350">WindowOpen</animation>
										<animation effect="fade" start="100" end="0" delay="0" time="100">WindowClose</animation>
								</control>
								<!-- Synopsis overview section -->
								<control type="group">
										<visible>ControlGroup(9001).HasFocus(10)</visible>
										<animation effect="fade" start="0" end="100" delay="1200" time="600">WindowOpen</animation>
										<animation effect="fade" start="100" end="0" delay="0" time="100">WindowClose</animation>
										<control type="label">
												<description>Synopsis Title alt</description>
												<left>552</left>
												<top>95</top>
												<width>650</width>
												<height>0</height>
												<font>synopsis_font35</font>
												<textcolor>$INFO[Window(MyPrograms).Property(Synopsis_colour_2)]</textcolor>
												<align>left</align>
												<label>[B]$INFO[Window(MyPrograms).Property(Synopsis_title_alt)][/B]</label>
										</control>
										<control type="label">
												<description>Synopsis Title ID alt</description>
												<left>552</left>
												<top>155</top>
												<width>650</width>
												<height>0</height>
												<font>synopsis_font18</font>
												<textcolor>$INFO[Window(MyPrograms).Property(Synopsis_colour_2)]</textcolor>
												<align>left</align>
												<label>$INFO[Window(MyPrograms).Property(Synopsis_label_1)] $INFO[Window(MyPrograms).Property(Synopsis_titleid_alt)]</label>
										</control>
										<control type="label">
												<description>Synopsis Label</description>
												<left>552</left>
												<top>190</top>
												<width>650</width>
												<height>0</height>
												<font>synopsis_font28</font>
												<textcolor>$INFO[Window(MyPrograms).Property(Synopsis_colour_2)]</textcolor>
												<align>left</align>
												<label>$INFO[Window(MyPrograms).Property(Synopsis_label_2)]</label>
										</control>
										<control type="textbox">
												<description>Synopsis Description alt</description>
												<left>552</left>
												<top>230</top>
												<width>650</width>
												<height>275</height>
												<font>synopsis_font18</font>
												<textcolor>$INFO[Window(MyPrograms).Property(Synopsis_colour_2)]</textcolor>
												<align>left</align>
												<scrolltime>200</scrolltime>
												<autoscroll delay="10000" time="1000" repeat="10000" condition="ControlGroup(9001).HasFocus(10)">Conditional</autoscroll>
												<label>$INFO[Window(MyPrograms).Property(Synopsis_overview_alt)]</label>
										</control>
										<control type="label">
												<description>Rating label</description>
												<left>552</left>
												<top>510</top>
												<width>325</width>
												<height>0</height>
												<font>synopsis_font28</font>
												<textcolor>$INFO[Window(MyPrograms).Property(Synopsis_colour_2)]</textcolor>
												<align>left</align>
												<label>$INFO[Window(MyPrograms).Property(Synopsis_label_3)]</label>
										</control>
										<control type="image">
												<description>Rating star 0</description>
												<left>545</left>
												<top>552</top>
												<width>185</width>
												<height>33</height>
												<texture background="true">Special://scripts/XBMC4Gamers Extras/synopsis/resources/textures/star_rating\rating$INFO[Window(MyPrograms).Property(Synopsis_rating_alt)].png</texture>
												<aspectratio>stretch</aspectratio>
										</control>
										<control type="label">
												<description>Rating star label</description>
												<left>730</left>
												<top>558</top>
												<width>50</width>
												<height>0</height>
												<font>synopsis_font21</font>
												<textcolor>$INFO[Window(MyPrograms).Property(Synopsis_colour_2)]</textcolor>
												<align>left</align>
												<label>$INFO[Window(MyPrograms).Property(Synopsis_label_4)]</label>
										</control>
										<control type="image">
												<description>Banner image</description>
												<left>855</left>
												<top>515</top>
												<width>355</width>
												<height>80</height>
												<texture background="false" fallback="Special://scripts/XBMC4Gamers Extras/synopsis/resources/textures/synopsis_no_banner.png">$INFO[Window(MyPrograms).Property(Synopsis_banner)]</texture>
												<aspectratio>stretch</aspectratio>
												<animation effect="fade" start="0" end="100" delay="0" time="400">WindowOpen</animation>
										</control>
								</control>
								<!-- Full Synopsis -->
								<control type="grouplist">
										<visible>ControlGroup(9001).HasFocus(11) + Skin.HasSetting(nodefaultxml)</visible>
										<left>552</left>
										<top>90</top>
										<width>670</width>
										<height>500</height>
										<itemgap>23</itemgap>
										<control type="label">
												<description>Synopsis No default.xml found</description>
												<left>0</left>
												<top>0</top>
												<width>670</width>
												<height>0</height>
												<font>synopsis_font17</font>
												<textcolor>$INFO[Window(MyPrograms).Property(Synopsis_colour_2)]</textcolor>
												<align>left</align>
												<aligny>left</aligny>
												<label>[COLOR=$INFO[Window(MyPrograms).Property(Synopsis_colour_1)]]$INFO[Window(MyPrograms).Property(Synopsis_title)][/COLOR][CR]$INFO[Window(MyPrograms).Property(Synopsis_developer)]</label>
												<visible>Skin.HasSetting(nodefaultxml)</visible>
										</control>
								</control>
								<control type="grouplist">
										<visible>ControlGroup(9001).HasFocus(11) + !Skin.HasSetting(nodefaultxml)</visible>
										<left>552</left>
										<top>90</top>
										<width>670</width>
										<height>500</height>
										<itemgap>20</itemgap>
										<control type="label">
												<description>Synopsis Title</description>
												<left>0</left>
												<top>0</top>
												<width>670</width>
												<height>0</height>
												<font>synopsis_font17</font>
												<textcolor>$INFO[Window(MyPrograms).Property(Synopsis_colour_2)]</textcolor>
												<align>left</align>
												<aligny>left</aligny>
												<label>[COLOR=$INFO[Window(MyPrograms).Property(Synopsis_colour_1)]]$INFO[Window(MyPrograms).Property(Synopsis_label_5)][/COLOR] $INFO[Window(MyPrograms).Property(Synopsis_title)]</label>
										</control>
										<control type="label">
												<description>Synopsis Developer</description>
												<left>0</left>
												<top>0</top>
												<width>670</width>
												<height>0</height>
												<font>synopsis_font17</font>
												<textcolor>$INFO[Window(MyPrograms).Property(Synopsis_colour_2)]</textcolor>
												<align>left</align>
												<aligny>left</aligny>
												<label>[COLOR=$INFO[Window(MyPrograms).Property(Synopsis_colour_1)]]$INFO[Window(MyPrograms).Property(Synopsis_label_6)][/COLOR] $INFO[Window(MyPrograms).Property(Synopsis_developer)]</label>
										</control>
										<control type="label">
												<description>Synopsis Publisher</description>
												<left>0</left>
												<top>0</top>
												<width>670</width>
												<height>0</height>
												<font>synopsis_font17</font>
												<textcolor>$INFO[Window(MyPrograms).Property(Synopsis_colour_2)]</textcolor>
												<align>left</align>
												<aligny>left</aligny>
												<label>[COLOR=$INFO[Window(MyPrograms).Property(Synopsis_colour_1)]]$INFO[Window(MyPrograms).Property(Synopsis_label_7)][/COLOR] $INFO[Window(MyPrograms).Property(Synopsis_publisher)]</label>
										</control>
										<control type="label">
												<description>Synopsis Offline</description>
												<left>0</left>
												<top>0</top>
												<width>670</width>
												<height>0</height>
												<font>synopsis_font17</font>
												<textcolor>$INFO[Window(MyPrograms).Property(Synopsis_colour_2)]</textcolor>
												<align>left</align>
												<aligny>left</aligny>
												<label>[COLOR=$INFO[Window(MyPrograms).Property(Synopsis_colour_1)]]$INFO[Window(MyPrograms).Property(Synopsis_label_8)][/COLOR] $INFO[Window(MyPrograms).Property(Synopsis_features_general)]</label>
										</control>
										<control type="label">
												<description>Synopsis Online</description>
												<left>0</left>
												<top>0</top>
												<width>670</width>
												<height>0</height>
												<font>synopsis_font17</font>
												<textcolor>$INFO[Window(MyPrograms).Property(Synopsis_colour_2)]</textcolor>
												<align>left</align>
												<aligny>left</aligny>
												<label>[COLOR=$INFO[Window(MyPrograms).Property(Synopsis_colour_1)]]$INFO[Window(MyPrograms).Property(Synopsis_label_9)][/COLOR] $INFO[Window(MyPrograms).Property(Synopsis_features_online)]</label>
										</control>
										<control type="label">
												<description>Synopsis ESRB</description>
												<left>0</left>
												<top>0</top>
												<width>670</width>
												<height>0</height>
												<font>synopsis_font17</font>
												<textcolor>$INFO[Window(MyPrograms).Property(Synopsis_colour_2)]</textcolor>
												<align>left</align>
												<aligny>left</aligny>
												<label>[COLOR=$INFO[Window(MyPrograms).Property(Synopsis_colour_1)]]$INFO[Window(MyPrograms).Property(Synopsis_label_10)][/COLOR] $INFO[Window(MyPrograms).Property(Synopsis_esrb)]</label>
										</control>
										<control type="label">
												<description>Synopsis ESRB Descriptors</description>
												<left>0</left>
												<top>0</top>
												<width>670</width>
												<height>0</height>
												<font>synopsis_font17</font>
												<textcolor>$INFO[Window(MyPrograms).Property(Synopsis_colour_2)]</textcolor>
												<align>left</align>
												<aligny>left</aligny>
												<label>[COLOR=$INFO[Window(MyPrograms).Property(Synopsis_colour_1)]]$INFO[Window(MyPrograms).Property(Synopsis_label_11)][/COLOR] $INFO[Window(MyPrograms).Property(Synopsis_esrb_descriptors)]</label>
										</control>
										<control type="label">
												<description>Synopsis Genre</description>
												<left>0</left>
												<top>0</top>
												<width>670</width>
												<height>0</height>
												<font>synopsis_font17</font>
												<textcolor>$INFO[Window(MyPrograms).Property(Synopsis_colour_2)]</textcolor>
												<align>left</align>
												<aligny>left</aligny>
												<label>[COLOR=$INFO[Window(MyPrograms).Property(Synopsis_colour_1)]]$INFO[Window(MyPrograms).Property(Synopsis_label_12)][/COLOR] $INFO[Window(MyPrograms).Property(Synopsis_genre)]</label>
										</control>
										<control type="label">
												<description>Synopsis Release Date</description>
												<left>0</left>
												<top>0</top>
												<width>670</width>
												<height>0</height>
												<font>synopsis_font17</font>
												<textcolor>$INFO[Window(MyPrograms).Property(Synopsis_colour_2)]</textcolor>
												<align>left</align>
												<aligny>left</aligny>
												<label>[COLOR=$INFO[Window(MyPrograms).Property(Synopsis_colour_1)]]$INFO[Window(MyPrograms).Property(Synopsis_label_13)][/COLOR] $INFO[Window(MyPrograms).Property(Synopsis_release_date)]</label>
										</control>
										<control type="label">
												<description>Synopsis Rating</description>
												<left>0</left>
												<top>0</top>
												<width>670</width>
												<height>0</height>
												<font>synopsis_font17</font>
												<textcolor>$INFO[Window(MyPrograms).Property(Synopsis_colour_2)]</textcolor>
												<align>left</align>
												<aligny>left</aligny>
												<label>[COLOR=$INFO[Window(MyPrograms).Property(Synopsis_colour_1)]]$INFO[Window(MyPrograms).Property(Synopsis_label_14)][/COLOR] $INFO[Window(MyPrograms).Property(Synopsis_rating)]</label>
										</control>
										<control type="label">
												<description>Synopsis Platform</description>
												<left>0</left>
												<top>0</top>
												<width>670</width>
												<height>0</height>
												<font>synopsis_font17</font>
												<textcolor>$INFO[Window(MyPrograms).Property(Synopsis_colour_2)]</textcolor>
												<align>left</align>
												<aligny>left</aligny>
												<label>[COLOR=$INFO[Window(MyPrograms).Property(Synopsis_colour_1)]]$INFO[Window(MyPrograms).Property(Synopsis_label_15)][/COLOR] $INFO[Window(MyPrograms).Property(Synopsis_platform)]</label>
										</control>
										<control type="label">
												<description>Synopsis Exclusive</description>
												<left>0</left>
												<top>0</top>
												<width>670</width>
												<height>0</height>
												<font>synopsis_font17</font>
												<textcolor>$INFO[Window(MyPrograms).Property(Synopsis_colour_2)]</textcolor>
												<align>left</align>
												<aligny>left</aligny>
												<label>[COLOR=$INFO[Window(MyPrograms).Property(Synopsis_colour_1)]]$INFO[Window(MyPrograms).Property(Synopsis_label_16)][/COLOR] $INFO[Window(MyPrograms).Property(Synopsis_exclusive)]</label>
										</control>
										<control type="label">
												<description>Synopsis TitleId</description>
												<left>0</left>
												<top>0</top>
												<width>670</width>
												<height>0</height>
												<font>synopsis_font17</font>
												<textcolor>$INFO[Window(MyPrograms).Property(Synopsis_colour_2)]</textcolor>
												<align>left</align>
												<aligny>left</aligny>
												<label>[COLOR=$INFO[Window(MyPrograms).Property(Synopsis_colour_1)]]$INFO[Window(MyPrograms).Property(Synopsis_label_17)][/COLOR] $INFO[Window(MyPrograms).Property(Synopsis_titleid)]</label>
										</control>
										<control type="label">
												<description>Synopsis Overview</description>
												<left>0</left>
												<top>0</top>
												<width>670</width>
												<height>0</height>
												<font>synopsis_font17</font>
												<textcolor>$INFO[Window(MyPrograms).Property(Synopsis_colour_2)]</textcolor>
												<align>left</align>
												<aligny>left</aligny>
												<label>[COLOR=$INFO[Window(MyPrograms).Property(Synopsis_colour_1)]]$INFO[Window(MyPrograms).Property(Synopsis_label_18)][/COLOR]</label>
										</control>
								</control>
								<control type="textbox">
										<description>Synopsis Description</description>
										<left>552</left>
										<top>375</top>
										<width>670</width>
										<height>223</height>
										<font>synopsis_font17</font>
										<textcolor>$INFO[Window(MyPrograms).Property(Synopsis_colour_2)]</textcolor>
										<align>left</align>
										<scrolltime>200</scrolltime>
										<autoscroll delay="10000" time="1000" repeat="10000" condition="ControlGroup(9001).HasFocus(2)">Conditional</autoscroll>
										<label>$INFO[Window(MyPrograms).Property(Synopsis_overview)]</label>
										<visible>ControlGroup(9001).HasFocus(11) + !Skin.HasSetting(nodefaultxml)</visible>
								</control>
								<!-- Screenshots and video preview -->
								<control type="textbox">
										<left>530</left>
										<top>325</top>
										<width>700</width>
										<height>275</height>
										<font>synopsis_font35</font>
										<align>center</align>
										<textcolor>1101_fade_label</textcolor>
										<label>[B]No Screenshots Found[/B]</label>
										<animation effect="fade" end="20" time="0">WindowOpen</animation>
										<visible>ControlGroup(9001).HasFocus(12)</visible>
								</control>
								<control type="multiimage">
										<description>Screenshots window</description>
										<left>530</left>
										<top>100</top>
										<width>700</width>
										<height>500</height>
										<imagepath>$INFO[Window(MyPrograms).Property(Synopsis_screenshots)]</imagepath>
										<timeperimage>5000</timeperimage>
										<fadetime>1000</fadetime>
										<pauseatend>0</pauseatend>
										<randomize>true</randomize>
										<loop>yes</loop>
										<aspectratio>keep</aspectratio>
										<visible>ControlGroup(9001).HasFocus(12)</visible>
								</control>
								<control type="textbox">
										<left>530</left>
										<top>325</top>
										<width>700</width>
										<height>275</height>
										<font>synopsis_font35</font>
										<align>center</align>
										<textcolor>1101_fade_label</textcolor>
										<label>[B]$INFO[Window(MyPrograms).Property(Synopsis_Video_Preview_Name)][/B]</label>
										<animation effect="fade" end="20" time="0">WindowOpen</animation>
										<visible>ControlGroup(9001).HasFocus(13)</visible>
								</control>
								<control type="videowindow">
										<description>video preview window</description>
										<left>530</left>
										<top>100</top>
										<width>700</width>
										<height>500</height>
										<visible>ControlGroup(9001).HasFocus(13)</visible>
								</control>
								<control type="group">
										<animation effect="fade" start="0" end="100" delay="700" time="800">WindowOpen</animation>
										<animation effect="fade" start="100" end="0" delay="0" time="100">WindowClose</animation>
										<!--  Side buttons -->
										<control type="grouplist" id="9001">
												<left>440</left>
												<top>187.5</top>
												<width>80</width>
												<height>335</height>
												<itemgap>5</itemgap>
												<pagecontrol>-</pagecontrol>
												<onleft>-</onleft>
												<onright>-</onright>
												<onup>-</onup>
												<ondown>-</ondown>
												<animation effect="slide" start="0,0" end="0,42" delay="0" time="0" condition="!Skin.HasSetting(SynopsisPreviewThere)">Conditional</animation>
												<control type="button" id="10">
														<description>Synopsis overview</description>
														<width>80</width>
														<height>80</height>
														<label>-</label>
														<texturenofocus>Special://scripts/XBMC4Gamers Extras/synopsis/resources/textures/synopsis_controller_nf.png</texturenofocus>
														<texturefocus>Special://scripts/XBMC4Gamers Extras/synopsis/resources/textures/synopsis_controller_f.png</texturefocus>
												</control>
												<control type="button" id="11">
														<description>Synopsis Full</description>
														<width>80</width>
														<height>80</height>
														<label>-</label>
														<texturenofocus>Special://scripts/XBMC4Gamers Extras/synopsis/resources/textures/synopsis_full_nf.png</texturenofocus>
														<texturefocus>Special://scripts/XBMC4Gamers Extras/synopsis/resources/textures/synopsis_full_f.png</texturefocus>
												</control>
												<control type="button" id="12">
														<description>Synopsis Screenshots</description>
														<width>80</width>
														<height>80</height>
														<label>-</label>
														<texturenofocus>Special://scripts/XBMC4Gamers Extras/synopsis/resources/textures/synopsis_screenshots_nf.png</texturenofocus>
														<texturefocus>Special://scripts/XBMC4Gamers Extras/synopsis/resources/textures/synopsis_screenshots_f.png</texturefocus>
												</control>
												<control type="button" id="13">
														<description>Synopsis Video</description>
														<width>80</width>
														<height>80</height>
														<label>-</label>
														<texturenofocus>Special://scripts/XBMC4Gamers Extras/synopsis/resources/textures/synopsis_video_nf.png</texturenofocus>
														<texturefocus>Special://scripts/XBMC4Gamers Extras/synopsis/resources/textures/synopsis_video_f.png</texturefocus>
														<visible>Skin.HasSetting(SynopsisPreviewThere)</visible>
												</control>
										</control>
								</control>
								<control type="group">
										<animation effect="fade" start="0" end="100" delay="700" time="800">WindowOpen</animation>
										<animation effect="fade" start="100" end="0" delay="0" time="100">WindowClose</animation>
										<left>520</left>
										<top>-80</top>
										<control type="image">
												<width>720</width>
												<include>Contect_Buttons_Underlay</include>
										</control>
										<include>Context_Buttons</include>
								</control>
						</control>
						<!-- Alternative synopsis view -->
						<control type="group">
								<visible>Skin.HasSetting(Alt_Synopsis_View)</visible>
								<control type="largeimage">
										<!-- must be largimage -->
										<left>0</left>
										<top>514</top>
										<width>1280</width>
										<height>206</height>
										<aspectratio scalediffuse="false">scale</aspectratio>
										<texture background="true" diffuse="fanart_low_diffuse_Custom.png">$INFO[Window(MyPrograms).Property(Synopsis_fog)]</texture>
										<animation effect="fade" start="0" end="100" delay="0" time="100">WindowOpen</animation>
										<animation effect="fade" start="100" end="0" delay="0" time="100">WindowClose</animation>
								</control>
								<control type="image">
										<left>0</left>
										<top>0</top>
										<width>1280</width>
										<height>720</height>
										<aspectratio>stretch</aspectratio>
										<texture background="true" diffuse="fanart_low_diffuse.png">$INFO[Window(MyPrograms).Property(Synopsis_fanart)]</texture>
										<animation effect="fade" start="0" end="100" delay="0" time="100">WindowOpen</animation>
										<animation effect="fade" start="100" end="0" delay="0" time="100">WindowClose</animation>
								</control>
								<control type="image">
										<left>0</left>
										<top>0</top>
										<width>1280</width>
										<height>720</height>
										<aspectratio scalediffuse="false">stretch</aspectratio>
										<texture background="true" diffuse="alt_synopsis_diffuse.png">$INFO[Window(MyPrograms).Property(Synopsis_fanart_blur)]</texture>
										<visible>IntegerGreaterThan(system.memory(free.percent),1)</visible>
										<animation effect="fade" start="0" end="100" delay="400" time="550">WindowOpen</animation>
										<animation effect="fade" start="100" end="0" delay="0" time="100">WindowClose</animation>
								</control>
								<control type="image">
										<left>0</left>
										<top>215</top>
										<width>1280</width>
										<height>372</height>
										<aspectratio>stretch</aspectratio>
										<colordiffuse>E9FFFFFF</colordiffuse>
										<texture background="true" border="5,5,5,5">listnf.png</texture>
										<animation effect="fade" start="0" end="100" delay="400" time="350">WindowOpen</animation>
										<animation effect="fade" start="100" end="0" delay="0" time="100">WindowClose</animation>
								</control>
								<!-- Screenshots and video preview -->
								<control type="textbox">
										<left>380</left>
										<top>370</top>
										<width>865</width>
										<height>60</height>
										<font>synopsis_font35</font>
										<align>center</align>
										<textcolor>1101_fade_label</textcolor>
										<label>[B]No Screenshots Found[/B]</label>
										<animation effect="fade" end="20" time="0">WindowOpen</animation>
										<visible>ControlGroup(9001).HasFocus(12)</visible>
								</control>
								<control type="multiimage">
										<description>Screenshots window</description>
										<left>380</left>
										<top>221</top>
										<width>865</width>
										<height>359</height>
										<imagepath>$INFO[Window(MyPrograms).Property(Synopsis_screenshots)]</imagepath>
										<timeperimage>5000</timeperimage>
										<fadetime>1000</fadetime>
										<pauseatend>0</pauseatend>
										<randomize>true</randomize>
										<loop>yes</loop>
										<aspectratio>keep</aspectratio>
										<visible>ControlGroup(9001).HasFocus(12)</visible>
								</control>
								<control type="textbox">
										<left>380</left>
										<top>370</top>
										<width>865</width>
										<height>60</height>
										<font>synopsis_font35</font>
										<align>center</align>
										<textcolor>1101_fade_label</textcolor>
										<label>[B]$INFO[Window(MyPrograms).Property(Synopsis_Video_Preview_Name)][/B]</label>
										<animation effect="fade" end="20" time="0">WindowOpen</animation>
										<visible>ControlGroup(9001).HasFocus(13)</visible>
								</control>
								<control type="videowindow">
										<description>video preview window</description>
										<left>380</left>
										<top>221</top>
										<width>865</width>
										<height>359</height>
										<visible>ControlGroup(9001).HasFocus(13)</visible>
								</control>
								<control type="group">
										<animation effect="fade" start="0" end="100" delay="400" time="450">WindowOpen</animation>
										<animation effect="fade" start="100" end="0" delay="0" time="100">WindowClose</animation>
										<top>70</top>
										<!-- Poster image -->
										<control type="image">
												<description>Poster image</description>
												<left>30</left>
												<top>535</top>
												<width>310</width>
												<height>13</height>
												<texture background="false">Special://scripts/XBMC4Gamers Extras/synopsis/resources/textures/synopsis_listview_shadow.png</texture>
												<aspectratio>stretch</aspectratio>
												<colordiffuse>FF000000</colordiffuse>
										</control>
										<control type="image">
												<description>Poster image</description>
												<left>40</left>
												<top>114</top>
												<width>290</width>
												<height>427</height>
												<texture background="false" fallback="Special://scripts/XBMC4Gamers Extras/synopsis/resources/textures/synopsis_no_poster.jpg">$INFO[Window(MyPrograms).Property(Synopsis_poster)]</texture>
												<visible>!IntegerGreaterThan(system.memory(free.percent),13)</visible>
												<aspectratio align="bottom">stretch</aspectratio>
										</control>
										<control type="image">
												<description>Poster image</description>
												<left>40</left>
												<top>114</top>
												<width>290</width>
												<height>427</height>
												<texture background="false" fallback="Special://scripts/XBMC4Gamers Extras/synopsis/resources/textures/synopsis_no_poster.jpg">$INFO[Window(MyPrograms).Property(Alt_Synopsis_icon)]</texture>
												<visible>IntegerGreaterThan(system.memory(free.percent),12)</visible>
												<aspectratio align="bottom">stretch</aspectratio>
										</control>
										<control type="image">
												<left>40</left>
												<top>541</top>
												<width>290</width>
												<height>427</height>
												<aspectratio align="top">stretch</aspectratio>
												<texture background="false" flipy="true" fallback="Special://scripts/XBMC4Gamers Extras/synopsis/resources/textures/synopsis_no_poster.jpg" diffuse="diffuse_mirror4.png">$INFO[Window(MyPrograms).Property(Synopsis_poster_small)]</texture>
										</control>
										<!-- Synopsis overview section -->
										<control type="group">
												<visible>ControlGroup(9001).HasFocus(10)</visible>
												<!-- Title and TitleID -->
												<control type="label">
														<description>Synopsis Title alt</description>
														<left>380</left>
														<top>160</top>
														<width>676</width>
														<height>24</height>
														<font>synopsis_font35</font>
														<align>left</align>
														<aligny>center</aligny>
														<textcolor>$INFO[Window(MyPrograms).Property(Synopsis_colour_3)]</textcolor>
														<label>[B]$INFO[Window(MyPrograms).Property(Synopsis_title_alt)][/B]</label>
												</control>
												<!-- Info labels -->
												<control type="label">
														<description>Synopsis Year</description>
														<left>380</left>
														<top>196</top>
														<width>846</width>
														<height>24</height>
														<font>synopsis_font17</font>
														<align>left</align>
														<aligny>center</aligny>
														<textcolor>$INFO[Window(MyPrograms).Property(Synopsis_colour_1)]</textcolor>
														<label>$INFO[Window(MyPrograms).Property(Synopsis_label_17)]</label>
												</control>
												<control type="label">
														<description>Synopsis Title ID alt</description>
														<left>480</left>
														<top>196</top>
														<width>846</width>
														<height>24</height>
														<font>synopsis_font17</font>
														<align>left</align>
														<aligny>center</aligny>
														<textcolor>$INFO[Window(MyPrograms).Property(Synopsis_colour_3)]</textcolor>
														<label>$INFO[Window(MyPrograms).Property(Synopsis_titleid_alt)]</label>
												</control>
												<control type="label">
														<description>Synopsis Year</description>
														<left>380</left>
														<top>220</top>
														<width>846</width>
														<height>24</height>
														<font>synopsis_font17</font>
														<align>left</align>
														<aligny>center</aligny>
														<textcolor>$INFO[Window(MyPrograms).Property(Synopsis_colour_1)]</textcolor>
														<label>$INFO[Window(MyPrograms).Property(Synopsis_label_19)]</label>
												</control>
												<control type="label">
														<description>Synopsis Year</description>
														<left>480</left>
														<top>220</top>
														<width>846</width>
														<height>24</height>
														<font>synopsis_font17</font>
														<align>left</align>
														<aligny>center</aligny>
														<textcolor>$INFO[Window(MyPrograms).Property(Synopsis_colour_3)]</textcolor>
														<label>$INFO[Window(MyPrograms).Property(Synopsis_release_date)]</label>
												</control>
												<control type="label">
														<description>Synopsis Developer</description>
														<left>380</left>
														<top>244</top>
														<width>846</width>
														<height>24</height>
														<font>synopsis_font17</font>
														<align>left</align>
														<aligny>center</aligny>
														<textcolor>$INFO[Window(MyPrograms).Property(Synopsis_colour_1)]</textcolor>
														<label>$INFO[Window(MyPrograms).Property(Synopsis_label_6)]</label>
												</control>
												<control type="label">
														<description>Synopsis Developer</description>
														<left>480</left>
														<top>244</top>
														<width>846</width>
														<height>24</height>
														<font>synopsis_font17</font>
														<align>left</align>
														<aligny>center</aligny>
														<textcolor>$INFO[Window(MyPrograms).Property(Synopsis_colour_3)]</textcolor>
														<label>$INFO[Window(MyPrograms).Property(Synopsis_developer)]</label>
														<visible>!StringCompare(Window(MyPrograms).Property(Synopsis_title),Could not find:)</visible>
												</control>
												<control type="label">
														<description>Synopsis Publisher</description>
														<left>380</left>
														<top>268</top>
														<width>846</width>
														<height>24</height>
														<font>synopsis_font17</font>
														<align>left</align>
														<aligny>center</aligny>
														<textcolor>$INFO[Window(MyPrograms).Property(Synopsis_colour_1)]</textcolor>
														<label>$INFO[Window(MyPrograms).Property(Synopsis_label_7)]</label>
												</control>
												<control type="label">
														<description>Synopsis Publisher</description>
														<left>480</left>
														<top>268</top>
														<width>846</width>
														<height>24</height>
														<font>synopsis_font17</font>
														<align>left</align>
														<aligny>center</aligny>
														<textcolor>$INFO[Window(MyPrograms).Property(Synopsis_colour_3)]</textcolor>
														<label>$INFO[Window(MyPrograms).Property(Synopsis_publisher)]</label>
												</control>
												<control type="label">
														<description>Synopsis Genre</description>
														<left>380</left>
														<top>292</top>
														<width>846</width>
														<height>24</height>
														<font>synopsis_font17</font>
														<align>left</align>
														<aligny>center</aligny>
														<textcolor>$INFO[Window(MyPrograms).Property(Synopsis_colour_1)]</textcolor>
														<label>$INFO[Window(MyPrograms).Property(Synopsis_label_12)]</label>
												</control>
												<control type="label">
														<description>Synopsis Genre</description>
														<left>480</left>
														<top>292</top>
														<width>846</width>
														<height>24</height>
														<font>synopsis_font17</font>
														<align>left</align>
														<aligny>center</aligny>
														<textcolor>$INFO[Window(MyPrograms).Property(Synopsis_colour_3)]</textcolor>
														<label>$INFO[Window(MyPrograms).Property(Synopsis_genre)]</label>
												</control>
												<control type="label">
														<description>Rating label</description>
														<left>380</left>
														<top>316</top>
														<width>846</width>
														<height>24</height>
														<font>synopsis_font17</font>
														<align>left</align>
														<aligny>center</aligny>
														<textcolor>$INFO[Window(MyPrograms).Property(Synopsis_colour_1)]</textcolor>
														<label>$INFO[Window(MyPrograms).Property(Synopsis_label_14)]</label>
												</control>
												<control type="image">
														<description>Rating star 0</description>
														<left>475</left>
														<top>317</top>
														<width>124</width>
														<height>24</height>
														<texture background="true">Special://scripts/XBMC4Gamers Extras/synopsis/resources/textures/star_rating\rating$INFO[Window(MyPrograms).Property(Synopsis_rating_alt)].png</texture>
														<aspectratio>stretch</aspectratio>
												</control>
												<control type="image">
														<description>separator</description>
														<left>380</left>
														<top>350</top>
														<width>846</width>
														<height>5</height>
														<texture background="false">Special://scripts/XBMC4Gamers Extras/synopsis/resources/textures/synopsis_separator.png</texture>
														<aspectratio>stretch</aspectratio>
														<colordiffuse>50FFFFFF</colordiffuse>
												</control>
												<control type="textbox">
														<description>Synopsis Description alt</description>
														<left>380</left>
														<top>365</top>
														<width>846</width>
														<height>140</height>
														<font>synopsis_font17</font>
														<align>left</align>
														<textcolor>$INFO[Window(MyPrograms).Property(Synopsis_colour_3)]</textcolor>
														<scrolltime>200</scrolltime>
														<autoscroll delay="10000" time="1000" repeat="10000" condition="ControlGroup(9001).HasFocus(10)">Conditional</autoscroll>
														<label>$INFO[Window(MyPrograms).Property(Synopsis_overview_alt)]</label>
												</control>
												<control type="image">
														<description>CD image</description>
														<left>1047</left>
														<top>160</top>
														<width>178</width>
														<height>178</height>
														<aspectratio>stretch</aspectratio>
														<texture background="false" fallback="Special://scripts/XBMC4Gamers Extras/synopsis/resources/textures/synopsis_no_cd.png">$INFO[Window(MyPrograms).Property(Synopsis_disc)]</texture>
														<animation effect="fade" start="0" end="100" delay="0" time="400">WindowOpen</animation>
												</control>
										</control>
										<!-- Full Synopsis -->
										<control type="grouplist">
												<visible>ControlGroup(9001).HasFocus(11) + Skin.HasSetting(nodefaultxml)</visible>
												<left>380</left>
												<top>178</top>
												<width>1280</width>
												<height>300</height>
												<itemgap>22</itemgap>
												<control type="label">
														<description>Synopsis No default.xml found</description>
														<left>0</left>
														<top>0</top>
														<width>846</width>
														<height>0</height>
														<font>synopsis_font20</font>
														<textcolor>$INFO[Window(MyPrograms).Property(Synopsis_colour_3)]</textcolor>
														<align>left</align>
														<aligny>left</aligny>
														<label>[COLOR=$INFO[Window(MyPrograms).Property(Synopsis_colour_1)]]$INFO[Window(MyPrograms).Property(Synopsis_title)][/COLOR][CR]$INFO[Window(MyPrograms).Property(Synopsis_developer)]</label>
														<visible>Skin.HasSetting(nodefaultxml)</visible>
												</control>
										</control>
										<control type="grouplist">
												<visible>ControlGroup(9001).HasFocus(11) + !Skin.HasSetting(nodefaultxml)</visible>
												<left>380</left>
												<top>178</top>
												<width>1280</width>
												<height>300</height>
												<itemgap>22</itemgap>
												<control type="label">
														<description>Synopsis Title</description>
														<left>0</left>
														<top>0</top>
														<width>870</width>
														<height>0</height>
														<font>synopsis_font20</font>
														<textcolor>$INFO[Window(MyPrograms).Property(Synopsis_colour_3)]</textcolor>
														<align>left</align>
														<label>[COLOR=$INFO[Window(MyPrograms).Property(Synopsis_colour_1)]]$INFO[Window(MyPrograms).Property(Synopsis_label_5)][/COLOR] $INFO[Window(MyPrograms).Property(Synopsis_title)]</label>
												</control>
												<control type="label">
														<description>Synopsis Developer</description>
														<left>0</left>
														<top>0</top>
														<width>870</width>
														<height>0</height>
														<font>synopsis_font20</font>
														<textcolor>$INFO[Window(MyPrograms).Property(Synopsis_colour_3)]</textcolor>
														<align>left</align>
														<label>[COLOR=$INFO[Window(MyPrograms).Property(Synopsis_colour_1)]]$INFO[Window(MyPrograms).Property(Synopsis_label_6)][/COLOR] $INFO[Window(MyPrograms).Property(Synopsis_developer)]</label>
												</control>
												<control type="label">
														<description>Synopsis Publisher</description>
														<left>0</left>
														<top>0</top>
														<width>870</width>
														<height>0</height>
														<font>synopsis_font20</font>
														<textcolor>$INFO[Window(MyPrograms).Property(Synopsis_colour_3)]</textcolor>
														<align>left</align>
														<label>[COLOR=$INFO[Window(MyPrograms).Property(Synopsis_colour_1)]]$INFO[Window(MyPrograms).Property(Synopsis_label_7)][/COLOR] $INFO[Window(MyPrograms).Property(Synopsis_publisher)]</label>
												</control>
												<control type="label">
														<description>Synopsis Offline</description>
														<left>0</left>
														<top>0</top>
														<width>870</width>
														<height>0</height>
														<font>synopsis_font20</font>
														<textcolor>$INFO[Window(MyPrograms).Property(Synopsis_colour_3)]</textcolor>
														<align>left</align>
														<label>[COLOR=$INFO[Window(MyPrograms).Property(Synopsis_colour_1)]]$INFO[Window(MyPrograms).Property(Synopsis_label_8)][/COLOR] $INFO[Window(MyPrograms).Property(Synopsis_features_general)]</label>
												</control>
												<control type="label">
														<description>Synopsis Online</description>
														<left>0</left>
														<top>0</top>
														<width>870</width>
														<height>0</height>
														<font>synopsis_font20</font>
														<textcolor>$INFO[Window(MyPrograms).Property(Synopsis_colour_3)]</textcolor>
														<align>left</align>
														<label>[COLOR=$INFO[Window(MyPrograms).Property(Synopsis_colour_1)]]$INFO[Window(MyPrograms).Property(Synopsis_label_9)][/COLOR] $INFO[Window(MyPrograms).Property(Synopsis_features_online)]</label>
												</control>
												<control type="label">
														<description>Synopsis ESRB</description>
														<left>0</left>
														<top>0</top>
														<width>870</width>
														<height>0</height>
														<font>synopsis_font20</font>
														<textcolor>$INFO[Window(MyPrograms).Property(Synopsis_colour_3)]</textcolor>
														<align>left</align>
														<label>[COLOR=$INFO[Window(MyPrograms).Property(Synopsis_colour_1)]]$INFO[Window(MyPrograms).Property(Synopsis_label_10)][/COLOR] $INFO[Window(MyPrograms).Property(Synopsis_esrb)]</label>
												</control>
												<control type="label">
														<description>Synopsis ESRB Descriptors</description>
														<left>0</left>
														<top>0</top>
														<width>870</width>
														<height>0</height>
														<font>synopsis_font20</font>
														<textcolor>$INFO[Window(MyPrograms).Property(Synopsis_colour_3)]</textcolor>
														<align>left</align>
														<label>[COLOR=$INFO[Window(MyPrograms).Property(Synopsis_colour_1)]]$INFO[Window(MyPrograms).Property(Synopsis_label_11)][/COLOR] $INFO[Window(MyPrograms).Property(Synopsis_esrb_descriptors)]</label>
												</control>
												<control type="label">
														<description>Synopsis Genre</description>
														<left>0</left>
														<top>0</top>
														<width>870</width>
														<height>0</height>
														<font>synopsis_font20</font>
														<textcolor>$INFO[Window(MyPrograms).Property(Synopsis_colour_3)]</textcolor>
														<align>left</align>
														<label>[COLOR=$INFO[Window(MyPrograms).Property(Synopsis_colour_1)]]$INFO[Window(MyPrograms).Property(Synopsis_label_12)][/COLOR] $INFO[Window(MyPrograms).Property(Synopsis_genre)]</label>
												</control>
												<control type="label">
														<description>Synopsis Release Date</description>
														<left>0</left>
														<top>0</top>
														<width>870</width>
														<height>0</height>
														<font>synopsis_font20</font>
														<textcolor>$INFO[Window(MyPrograms).Property(Synopsis_colour_3)]</textcolor>
														<align>left</align>
														<label>[COLOR=$INFO[Window(MyPrograms).Property(Synopsis_colour_1)]]$INFO[Window(MyPrograms).Property(Synopsis_label_13)][/COLOR] $INFO[Window(MyPrograms).Property(Synopsis_release_date)]</label>
												</control>
												<control type="label">
														<description>Synopsis Rating</description>
														<left>0</left>
														<top>0</top>
														<width>870</width>
														<height>0</height>
														<font>synopsis_font20</font>
														<textcolor>$INFO[Window(MyPrograms).Property(Synopsis_colour_3)]</textcolor>
														<align>left</align>
														<label>[COLOR=$INFO[Window(MyPrograms).Property(Synopsis_colour_1)]]$INFO[Window(MyPrograms).Property(Synopsis_label_14)][/COLOR] $INFO[Window(MyPrograms).Property(Synopsis_rating)]</label>
												</control>
												<control type="label">
														<description>Synopsis Platform</description>
														<left>0</left>
														<top>0</top>
														<width>870</width>
														<height>0</height>
														<font>synopsis_font20</font>
														<textcolor>$INFO[Window(MyPrograms).Property(Synopsis_colour_3)]</textcolor>
														<align>left</align>
														<label>[COLOR=$INFO[Window(MyPrograms).Property(Synopsis_colour_1)]]$INFO[Window(MyPrograms).Property(Synopsis_label_15)][/COLOR] $INFO[Window(MyPrograms).Property(Synopsis_platform)]</label>
												</control>
												<control type="label">
														<description>Synopsis Exclusive</description>
														<left>0</left>
														<top>0</top>
														<width>870</width>
														<height>0</height>
														<font>synopsis_font20</font>
														<textcolor>$INFO[Window(MyPrograms).Property(Synopsis_colour_3)]</textcolor>
														<align>left</align>
														<label>[COLOR=$INFO[Window(MyPrograms).Property(Synopsis_colour_1)]]$INFO[Window(MyPrograms).Property(Synopsis_label_16)][/COLOR] $INFO[Window(MyPrograms).Property(Synopsis_exclusive)]</label>
												</control>
												<control type="label">
														<description>Synopsis TitleId</description>
														<left>0</left>
														<top>0</top>
														<width>870</width>
														<height>0</height>
														<font>synopsis_font20</font>
														<textcolor>$INFO[Window(MyPrograms).Property(Synopsis_colour_3)]</textcolor>
														<align>left</align>
														<label>[COLOR=$INFO[Window(MyPrograms).Property(Synopsis_colour_1)]]$INFO[Window(MyPrograms).Property(Synopsis_label_17)][/COLOR] $INFO[Window(MyPrograms).Property(Synopsis_titleid)]</label>
												</control>
										</control>
										<control type="image.">
												<description>Banner image</description>
												<left>1010</left>
												<top>289</top>
												<width>355</width>
												<height>80</height>
												<aspectratio>keep</aspectratio>
												<texture background="false" fallback="Special://scripts/XBMC4Gamers Extras/synopsis/resources/textures/synopsis_no_banner.png">$INFO[Window(MyPrograms).Property(Synopsis_banner)]</texture>
												<animation effect="rotate" end="-90" center="auto" time="0">Visible</animation>
												<visible>ControlGroup(9001).HasFocus(11)</visible>
										</control>
										<!--  Side buttons -->
										<control type="grouplist" id="9001">
												<left>360</left>
												<top>525</top>
												<width>870</width>
												<height>46</height>
												<itemgap>11</itemgap>
												<pagecontrol>-</pagecontrol>
												<onleft>-</onleft>
												<onright>-</onright>
												<onup>-</onup>
												<ondown>-</ondown>
												<orientation>horizontal</orientation>
												<animation effect="slide" start="0,0" end="105,0" delay="0" time="0" condition="!Skin.HasSetting(SynopsisPreviewThere)">Conditional</animation>
												<control type="button" id="10">
														<description>Synopsis overview</description>
														<width>209</width>
														<height>46</height>
														<label>PLAY</label>
														<align>center</align>
														<aligny>center</aligny>
														<textcolor>1101_label</textcolor>
														<focusedcolor>1101_label</focusedcolor>
														<disabledcolor>1101_disabled_label</disabledcolor>
														<texturefocus border="5">Special://scripts/XBMC4Gamers Extras/synopsis/resources/textures/alt_synopsis_f.png</texturefocus>
														<texturenofocus border="5">Special://scripts/XBMC4Gamers Extras/synopsis/resources/textures/alt_synopsis_nf.png</texturenofocus>
												</control>
												<control type="button" id="11">
														<description>Synopsis Full</description>
														<width>209</width>
														<height>46</height>
														<align>center</align>
														<aligny>center</aligny>
														<label>INFORMATION</label>
														<textcolor>1101_label</textcolor>
														<focusedcolor>1101_label</focusedcolor>
														<disabledcolor>1101_disabled_label</disabledcolor>
														<texturefocus border="5">Special://scripts/XBMC4Gamers Extras/synopsis/resources/textures/alt_synopsis_f.png</texturefocus>
														<texturenofocus border="5">Special://scripts/XBMC4Gamers Extras/synopsis/resources/textures/alt_synopsis_nf.png</texturenofocus>
												</control>
												<control type="button" id="12">
														<description>Synopsis Screenshots</description>
														<width>209</width>
														<height>46</height>
														<label>IMAGES</label>
														<align>center</align>
														<aligny>center</aligny>
														<textcolor>1101_label</textcolor>
														<focusedcolor>1101_label</focusedcolor>
														<disabledcolor>1101_disabled_label</disabledcolor>
														<texturefocus border="5">Special://scripts/XBMC4Gamers Extras/synopsis/resources/textures/alt_synopsis_f.png</texturefocus>
														<texturenofocus border="5">Special://scripts/XBMC4Gamers Extras/synopsis/resources/textures/alt_synopsis_nf.png</texturenofocus>
												</control>
												<control type="button" id="13">
														<description>Synopsis Video</description>
														<width>209</width>
														<height>46</height>
														<label>PREVIEW</label>
														<align>center</align>
														<aligny>center</aligny>
														<textcolor>1101_label</textcolor>
														<focusedcolor>1101_label</focusedcolor>
														<disabledcolor>1101_disabled_label</disabledcolor>
														<texturefocus border="5">Special://scripts/XBMC4Gamers Extras/synopsis/resources/textures/alt_synopsis_f.png</texturefocus>
														<texturenofocus border="5">Special://scripts/XBMC4Gamers Extras/synopsis/resources/textures/alt_synopsis_nf.png</texturenofocus>
														<visible>Skin.HasSetting(SynopsisPreviewThere)</visible>
												</control>
										</control>
								</control>
								<control type="image">
										<include>Contect_Buttons_Underlay</include>
								</control>
								<include>Context_Buttons</include>
						</control>
				</control>
		</controls>
</window>