<window id="1116">
		<defaultcontrol always="true">1</defaultcontrol>
		<controls>
				<include>Global.Backgrounds</include>
				<control type="image">
						<left>0</left>
						<top>0</top>
						<width>1280</width>
						<height>720</height>
						<aspectratio>stretch</aspectratio>
						<texture background="true">windows\login\fade.png</texture>
						<animation type="WindowOpen" reversible="false">
								<effect type="zoom" start="1280,720" end="1280,720" time="1000" center="auto" easing="out" tween="Circle" />
								<effect type="slide" start="0,-720" end="0,0" time="1000" delay="0" />
						</animation>
				</control>
				<control type="group">
						<animation effect="fade" time="300">WindowOpen</animation>
						<include>Startup.Window.Profile</include>
				</control>
				<include>Startup.Window.Info</include>
				<control type="button" id="1">
						<left>-5000</left>
						<top>0</top>
						<width>0</width>
						<height>0</height>
						<label>-</label>
						<font>-</font>
						<onfocus>dialog.close(all,true)</onfocus>
						<onfocus>system.logoff</onfocus>
						<texturenofocus>-</texturenofocus>
						<texturefocus>-</texturefocus>
						<enable>System.HasLoginScreen</enable>
						<animation effect="fade" start="0" end="100" delay="1300" time="0">Focus</animation>
				</control>
		</controls>
</window>