<window id="1116">
		<defaultcontrol always="true">1</defaultcontrol>
		<controls>
				<control type="image">
						<include>1280x720</include>
						<texture fallback="background.jpg">$INFO[skin.string(background_color)]</texture>
						<aspectratio>stretch</aspectratio>
				</control>
				<control type="image">
						<include>1280x720</include>
						<texture>background diffuse.png</texture>
						<colordiffuse>$VAR[var-bgcustcolour]</colordiffuse>
						<aspectratio>stretch</aspectratio>
				</control>
				<control type="image">
						<include>1280x720</include>
						<texture>$INFO[skin.string(background_image)]</texture>
						<aspectratio>stretch</aspectratio>
				</control>
				<control type="group">
						<left>523</left>
						<top>243</top>
						<include>Window_OpenClose_Animation</include>
						<include>Startup_Window_Profile</include>
				</control>
				<include>Startup_Window_Info</include>
				<control type="button" id="1">
						<left>-500</left>
						<top>0</top>
						<width>0</width>
						<height>0</height>
						<label>-</label>
						<font>-</font>
						<onfocus>dialog.close(all,true)</onfocus>
						<onfocus>system.logoff</onfocus>
						<texturenofocus>-</texturenofocus>
						<texturefocus>-</texturefocus>
						<enable>System.HasLoginScreen</enable>
						<animation effect="fade" start="0" end="100" delay="600" time="0">Focus</animation>
				</control>
		</controls>
</window>