<window id="104">
		<defaultcontrol>1</defaultcontrol>
		<include>Dialog.Effect</include>
		<controls>
				<control type="progress" id="29999">
						<description>Hidden Progressbar Volume</description>
						<left>0</left>
						<top>0</top>
						<width>0</width>
						<height>0</height>
						<info>Player.Volume</info>
						<texturebg>-</texturebg>
						<midtexture>-</midtexture>
						<lefttexture>-</lefttexture>
						<righttexture>-</righttexture>
						<overlaytexture>-</overlaytexture>
				</control>
				<control type="group">
						<visible>!StringCompare(System.Profilename,Manage Profiles) + !StringCompare(System.Profilename,DVD2Xbox) + !Window.IsActive(114)</visible>
						<control type="image">
								<left>608</left>
								<top>17</top>
								<width>64</width>
								<height>64</height>
								<texture>windows/volume/back.png</texture>
								<animation effect="fade" start="100" end="0" delay="300" time="500" tween="sine" condition="Player.Muted">Conditional</animation>
						</control>
						<control type="image">
								<left>608</left>
								<top>17</top>
								<width>64</width>
								<height>64</height>
								<colordiffuse>104_diffuse</colordiffuse>
								<texture>$INFO[Control.GetLabel(29999),windows/volume/progress/p,.png]</texture>
								<animation effect="fade" start="100" end="0" delay="300" time="500" tween="sine" condition="Player.Muted">Conditional</animation>
						</control>
						<control type="image">
								<left>621</left>
								<top>30</top>
								<width>38</width>
								<height>38</height>
								<colordiffuse>104_diffuse</colordiffuse>
								<texture>$VAR[VolumeIconVar]</texture>
						</control>
				</control>
		</controls>
</window>