<window id="129">
		<defaultcontrol>10</defaultcontrol>
		<controls>
				<control type="image">
						<include>1280x720</include>
						<texture>black-back.png</texture>
						<include>dialogeffect</include>
				</control>
				<control type="group">
						<include>DialogEffectZoomFast</include>
						<left>240</left>
						<top>100</top>
						<control type="image">
								<description>background image</description>
								<left>30</left>
								<top>35</top>
								<width>740</width>
								<height>400</height>
								<texture border="20,20,20,20">thumbnofo.png</texture>
						</control>
						<control type="label" id="2">
								<description>heading label</description>
								<left>40</left>
								<top>35</top>
								<width>720</width>
								<height>40</height>
								<align>center</align>
								<aligny>center</aligny>
								<font>size_21_bold</font>
								<label>13406</label>
								<textcolor>129_header_label</textcolor>
						</control>
						<control type="label">
								<description>path label</description>
								<left>40</left>
								<top>85</top>
								<width>720</width>
								<height>30</height>
								<align>center</align>
								<aligny>center</aligny>
								<font>size_20</font>
								<label>1021</label>
								<textcolor>129_description_label</textcolor>
						</control>
						<control type="list" id="10">
								<left>45</left>
								<top>120</top>
								<width>550</width>
								<height>200</height>
								<onup>9001</onup>
								<onleft>9000</onleft>
								<onright>9000</onright>
								<ondown>12</ondown>
								<pagecontrol>-</pagecontrol>
								<scrolltime>200</scrolltime>
								<itemlayout height="40">
										<control type="image">
												<left>0</left>
												<top>0</top>
												<width>550</width>
												<height>35</height>
												<texture border="3">button-nofocus.png</texture>
										</control>
										<control type="label">
												<left>10</left>
												<top>0</top>
												<width>530</width>
												<height>35</height>
												<font>size_20</font>
												<align>left</align>
												<aligny>center</aligny>
												<textcolor>129_label</textcolor>
												<selectedcolor>129_label_selected</selectedcolor>
												<info>ListItem.Label</info>
										</control>
								</itemlayout>
								<focusedlayout height="40">
										<control type="image">
												<left>0</left>
												<top>0</top>
												<width>550</width>
												<height>35</height>
												<visible>!Control.HasFocus(10)</visible>
												<texture border="3">button-nofocus.png</texture>
										</control>
										<control type="image">
												<left>0</left>
												<top>0</top>
												<width>550</width>
												<height>35</height>
												<visible>Control.HasFocus(10)</visible>
												<texture border="3">button-focus2.png</texture>
										</control>
										<control type="label">
												<left>10</left>
												<top>0</top>
												<width>530</width>
												<height>35</height>
												<font>size_20</font>
												<align>left</align>
												<aligny>center</aligny>
												<textcolor>129_label</textcolor>
												<selectedcolor>129_label_selected</selectedcolor>
												<info>ListItem.Label</info>
										</control>
								</focusedlayout>
						</control>
						<control type="group" id="9000">
								<control type="button" id="11">
										<description>Browse Button</description>
										<left>605</left>
										<top>120</top>
										<width>150</width>
										<height>35</height>
										<label>1024</label>
										<font>size_20</font>
										<textcolor>129_button_label</textcolor>
										<align>center</align>
										<texturenofocus border="3">thumbnf.png</texturenofocus>
										<texturefocus border="3">thumbfo.png</texturefocus>
										<onup>18</onup>
										<onleft>10</onleft>
										<onright>10</onright>
										<ondown>13</ondown>
								</control>
								<control type="button" id="13">
										<description>Add Path Button</description>
										<left>605</left>
										<top>160</top>
										<width>150</width>
										<height>35</height>
										<label>15019</label>
										<font>size_20</font>
										<textcolor>129_button_label</textcolor>
										<focusedcolor>129_button_focus</focusedcolor>
										<align>center</align>
										<texturenofocus border="3">thumbnf.png</texturenofocus>
										<texturefocus border="3">thumbfo.png</texturefocus>
										<onup>11</onup>
										<onleft>10</onleft>
										<onright>10</onright>
										<ondown>14</ondown>
								</control>
								<control type="button" id="14">
										<description>Remove Path Button</description>
										<left>605</left>
										<top>200</top>
										<width>150</width>
										<height>35</height>
										<label>1210</label>
										<font>size_20</font>
										<textcolor>129_button_label</textcolor>
										<focusedcolor>129_button_focus</focusedcolor>
										<align>center</align>
										<texturenofocus border="3">thumbnf.png</texturenofocus>
										<texturefocus border="3">thumbfo.png</texturefocus>
										<onup>13</onup>
										<onleft>10</onleft>
										<onright>10</onright>
										<ondown>12</ondown>
								</control>
						</control>
						<control type="image">
								<left>40</left>
								<top>328</top>
								<width>720</width>
								<height>2</height>
								<texture>separator.png</texture>
						</control>
						<control type="label">
								<description>Name label</description>
								<left>40</left>
								<top>335</top>
								<width>720</width>
								<height>30</height>
								<align>center</align>
								<aligny>center</aligny>
								<font>size_20</font>
								<label>1022</label>
								<textcolor>129_description_label</textcolor>
						</control>
						<control type="button" id="12">
								<description>Name Button</description>
								<left>40</left>
								<top>370</top>
								<width>720</width>
								<height>35</height>
								<align>center</align>
								<aligny>center</aligny>
								<label>-</label>
								<textcolor>129_button_label</textcolor>
								<focusedcolor>129_label_selected</focusedcolor>
								<font>size_20</font>
								<texturefocus border="3">button-focus2.png</texturefocus>
								<texturenofocus border="3">button-nofocus.png</texturenofocus>
								<onup>10</onup>
								<onleft>12</onleft>
								<onright>19</onright>
								<ondown>9001</ondown>
						</control>
						<control type="group" id="9001">
								<control type="button" id="18">
										<description>Ok Button</description>
										<left>130</left>
										<top>435</top>
										<width>370</width>
										<height>35</height>
										<textcolor>129_button_label</textcolor>
										<focusedcolor>black</focusedcolor>
										<align>center</align>
										<texturenofocus border="3">thumbnf.png</texturenofocus>
										<texturefocus border="3">thumbfo.png</texturefocus>
										<label>186</label>
										<onup>12</onup>
										<onleft>20</onleft>
										<onright>19</onright>
										<ondown>10</ondown>
										<animation effect="slide" start="0,0" end="-102,0" time="0" condition="!Control.IsVisible(20)">Conditional</animation>
								</control>
								<control type="button" id="19">
										<description>Cancel Button</description>
										<left>500</left>
										<top>435</top>
										<width>370</width>
										<height>35</height>
										<textcolor>129_button_label</textcolor>
										<focusedcolor>black</focusedcolor>
										<align>center</align>
										<texturenofocus border="3">thumbnf.png</texturenofocus>
										<texturefocus border="3">thumbfo.png</texturefocus>
										<label>222</label>
										<onup>12</onup>
										<onleft>18</onleft>
										<onright>20</onright>
										<ondown>10</ondown>
										<animation effect="slide" start="0,0" end="-102,0" time="0" condition="!Control.IsVisible(20)">Conditional</animation>
								</control>
								<!-- Disabled as there is no movie support in this skin -->
								<control type="button." id="20">
										<description>Set Content Button</description>
										<left>90</left>
										<top>435</top>
										<width>200</width>
										<height>35</height>
										<textcolor>129_button_label</textcolor>
										<focusedcolor>black</focusedcolor>
										<align>center</align>
										<texturenofocus border="3">thumbnf.png</texturenofocus>
										<texturefocus border="3">thumbfo.png</texturefocus>
										<label>20333</label>
										<onup>12</onup>
										<onleft>19</onleft>
										<onright>18</onright>
										<ondown>10</ondown>
								</control>
						</control>
				</control>
		</controls>
</window>