<includes>
		<include name="Context_Buttons">
				<control type="group">
						<visible>!Skin.HasSetting(HideContextBar)</visible>
						<animation effect="slide" start="0,0" end="0,30" time="100">WindowClose</animation>
						<animation effect="slide" start="0,30" end="0,0" time="100" delay="100">WindowOpen</animation>
						<control type="image">
								<left>0</left>
								<bottom>30</bottom>
								<width>1280</width>
								<height>30</height>
								<texture>pad_buttons\underlay.png</texture>
								<visible>!Window.IsActive(1112) + !Window.IsActive(129)</visible>
								<animation effect="slide" start="0,0" end="0,30" time="100" condition="Window.IsActive(1112) + !Window.IsActive(129)">Hidden</animation>
								<animation effect="slide" start="0,30" end="0,0" time="100" delay="100" condition="!Window.IsActive(1112) + !Window.IsActive(129)">Visible</animation>
						</control>
						<control type="grouplist">
								<description>Control Info</description>
								<left>10</left>
								<bottom>25</bottom>
								<width>1280</width>
								<height>80</height>
								<itemgap>10</itemgap>
								<orientation>Horizontal</orientation>
								<visible>!Window.IsActive(1112) + !Window.IsActive(129)</visible>
								<animation effect="slide" start="0,0" end="0,30" time="100" condition="Window.IsActive(1112) + !Window.IsActive(129)">Hidden</animation>
								<animation effect="slide" start="0,30" end="0,0" time="100" delay="100" condition="!Window.IsActive(1112) + !Window.IsActive(129)">Visible</animation>
								<!-- A Button -->
								<control type="image">
										<left>0</left>
										<top>0</top>
										<width>22</width>
										<height>22</height>
										<texture>pad_buttons\a_button.png</texture>
										<aspectratio>keep</aspectratio>
								</control>
								<control type="label">
										<left>0</left>
										<top>0</top>
										<width min="40" max="250">auto</width>
										<height>22</height>
										<font>size_14</font>
										<aligny>center</aligny>
										<textcolor>context_buttons_label</textcolor>
										<label>$LOCALIZE[31106]</label>
								</control>
								<!-- B Button -->
								<control type="image">
										<left>0</left>
										<top>0</top>
										<width>22</width>
										<height>22</height>
										<texture>pad_buttons\b_button.png</texture>
										<aspectratio>keep</aspectratio>
										<visible>!Window.IsActive(Home) + [!SubString(ListItem.FolderPath,multipath,left) | StringCompare(Skin.String(HomeWindowSource),Home)]</visible>
								</control>
								<control type="label">
										<left>0</left>
										<top>0</top>
										<width min="40" max="250">auto</width>
										<height>22</height>
										<font>size_14</font>
										<aligny>center</aligny>
										<textcolor>context_buttons_label</textcolor>
										<label>$LOCALIZE[31108]</label>
										<visible>!Window.IsActive(Home) + [!SubString(ListItem.FolderPath,multipath,left) | StringCompare(Skin.String(HomeWindowSource),Home)]</visible>
								</control>
								<!-- X Button -->
								<control type="image">
										<left>0</left>
										<top>0</top>
										<width>22</width>
										<height>22</height>
										<texture>pad_buttons\x_button.png</texture>
										<aspectratio>keep</aspectratio>
										<visible>!Window.IsActive(Home) | [Window.IsActive(Home) + Player.HasMedia]</visible>
								</control>
								<control type="label">
										<left>0</left>
										<top>0</top>
										<width min="40" max="250">auto</width>
										<height>22</height>
										<font>size_14</font>
										<aligny>center</aligny>
										<textcolor>context_buttons_label</textcolor>
										<label>$LOCALIZE[31109]</label>
										<visible>Player.HasMedia</visible>
								</control>
								<control type="label">
										<left>0</left>
										<top>0</top>
										<width min="40" max="250">auto</width>
										<height>22</height>
										<font>size_14</font>
										<aligny>center</aligny>
										<textcolor>context_buttons_label</textcolor>
										<label>$LOCALIZE[31125]</label>
										<visible>!Player.HasMedia + !Window.IsActive(Home)</visible>
								</control>
								<!-- Y Button -->
								<control type="image">
										<left>0</left>
										<top>0</top>
										<width>22</width>
										<height>22</height>
										<texture>pad_buttons\y_button.png</texture>
										<aspectratio>keep</aspectratio>
										<visible>SubString(ListItem.FolderPath,.xbe,right)</visible>
								</control>
								<control type="label">
										<left>0</left>
										<top>0</top>
										<width min="40" max="250">auto</width>
										<height>22</height>
										<font>size_14</font>
										<aligny>center</aligny>
										<textcolor>context_buttons_label</textcolor>
										<label>$LOCALIZE[31110]</label>
										<visible>SubString(ListItem.FolderPath,.xbe,right)</visible>
								</control>
								<!-- White Button -->
								<control type="image">
										<left>0</left>
										<top>0</top>
										<width>22</width>
										<height>22</height>
										<texture>pad_buttons\white_button.png</texture>
										<aspectratio>keep</aspectratio>
										<visible>!Window.IsActive(Home) + Skin.HasSetting(kioskmode)</visible>
								</control>
								<control type="label">
										<left>0</left>
										<top>0</top>
										<width min="40" max="250">auto</width>
										<height>22</height>
										<font>size_14</font>
										<aligny>center</aligny>
										<textcolor>context_buttons_label</textcolor>
										<label>$LOCALIZE[31113]</label>
										<visible>!Window.IsActive(Home) + Skin.HasSetting(kioskmode)</visible>
								</control>
								<control type="image">
										<left>0</left>
										<top>0</top>
										<width>22</width>
										<height>22</height>
										<texture>pad_buttons\white_button.png</texture>
										<aspectratio>keep</aspectratio>
										<visible>!Window.IsActive(Home) + !Skin.HasSetting(kioskmode) + SubString(ListItem.FolderPath,.xbe,right)</visible>
								</control>
								<control type="label">
										<left>0</left>
										<top>0</top>
										<width min="40" max="250">auto</width>
										<height>22</height>
										<font>size_14</font>
										<aligny>center</aligny>
										<textcolor>context_buttons_label</textcolor>
										<label>$LOCALIZE[31113]</label>
										<visible>!Window.IsActive(Home) + !Skin.HasSetting(kioskmode) + SubString(ListItem.FolderPath,.xbe,right)</visible>
								</control>
								<!-- Black Button -->
								<control type="image">
										<left>0</left>
										<top>0</top>
										<width>22</width>
										<height>22</height>
										<texture>pad_buttons\black_button.png</texture>
										<aspectratio>keep</aspectratio>
								</control>
								<control type="label">
										<left>0</left>
										<top>0</top>
										<width min="40" max="250">auto</width>
										<height>22</height>
										<font>size_14</font>
										<aligny>center</aligny>
										<textcolor>context_buttons_label</textcolor>
										<label>$LOCALIZE[31114]</label>
								</control>
								<!-- Back Button -->
								<control type="image">
										<left>0</left>
										<top>0</top>
										<width>22</width>
										<height>22</height>
										<texture>pad_buttons\back_button.png</texture>
										<aspectratio>keep</aspectratio>
										<visible>!Window.IsActive(134) + !Window.IsActive(1115) + !Window.IsActive(Home)</visible>
								</control>
								<control type="label">
										<left>0</left>
										<top>0</top>
										<width min="40" max="250">auto</width>
										<height>22</height>
										<font>size_14</font>
										<aligny>center</aligny>
										<textcolor>context_buttons_label</textcolor>
										<label>$LOCALIZE[31119]</label>
										<visible>!Window.IsActive(134) + !Window.IsActive(1115) + !Window.IsActive(Home)</visible>
								</control>
								<!-- Start Button -->
								<control type="image">
										<left>0</left>
										<top>0</top>
										<width>22</width>
										<height>22</height>
										<texture>pad_buttons\start_button.png</texture>
										<aspectratio>keep</aspectratio>
										<visible>System.HasMediaDVD</visible>
								</control>
								<control type="label">
										<left>0</left>
										<top>0</top>
										<width min="40" max="250">auto</width>
										<height>22</height>
										<font>size_14</font>
										<aligny>center</aligny>
										<textcolor>context_buttons_label</textcolor>
										<label>$LOCALIZE[31120]</label>
										<visible>System.HasMediaDVD</visible>
								</control>
								<!-- DPad Buttons -->
								<control type="image">
										<left>0</left>
										<top>0</top>
										<width>22</width>
										<height>22</height>
										<texture>pad_buttons\dpad_up_button.png</texture>
										<aspectratio>keep</aspectratio>
										<visible>![Control.IsVisible(54) | Control.IsVisible(55) | Control.IsVisible(58)] + Skin.HasSetting(kioskmode) + !Window.IsActive(Home)</visible>
								</control>
								<control type="image">
										<left>0</left>
										<top>0</top>
										<width>22</width>
										<height>22</height>
										<texture>pad_buttons\dpad_left_button.png</texture>
										<aspectratio>keep</aspectratio>
										<visible>[Control.IsVisible(54) | Control.IsVisible(55) | Control.IsVisible(58)] + Skin.HasSetting(kioskmode) + !Window.IsActive(Home)</visible>
								</control>
								<control type="label">
										<left>0</left>
										<top>0</top>
										<width min="40" max="250">auto</width>
										<height>22</height>
										<font>size_14</font>
										<aligny>center</aligny>
										<textcolor>context_buttons_label</textcolor>
										<label>$LOCALIZE[31121]</label>
										<visible>Skin.HasSetting(kioskmode) + !Window.IsActive(Home)</visible>
								</control>
								<control type="label">
										<left>0</left>
										<top>0</top>
										<width min="40" max="250">auto</width>
										<height>22</height>
										<font>size_14</font>
										<aligny>center</aligny>
										<textcolor>context_buttons_label</textcolor>
										<label>$LOCALIZE[31122]</label>
										<visible>Window.IsActive(500) + Skin.HasSetting(kioskmode) + !Window.IsActive(Home)</visible>
								</control>
								<!-- L Stick Button -->
								<control type="image">
										<left>0</left>
										<top>0</top>
										<width>22</width>
										<height>22</height>
										<texture>pad_buttons\l_stick_button.png</texture>
										<aspectratio>keep</aspectratio>
										<visible>Skin.HasSetting(HideContextButtons)</visible>
								</control>
								<control type="label">
										<left>0</left>
										<top>0</top>
										<width min="40" max="250">auto</width>
										<height>22</height>
										<font>size_14</font>
										<aligny>center</aligny>
										<textcolor>context_buttons_label</textcolor>
										<label>$LOCALIZE[31124]</label>
										<visible>Skin.HasSetting(HideContextButtons)</visible>
								</control>
								<!-- R Stick Button -->
								<control type="image">
										<left>0</left>
										<top>0</top>
										<width>22</width>
										<height>22</height>
										<texture>pad_buttons\r_stick_button.png</texture>
										<aspectratio>keep</aspectratio>
										<visible>System.HasLoginScreen + Skin.HasSetting(HideContextButtons)</visible>
								</control>
								<control type="label">
										<left>0</left>
										<top>0</top>
										<width min="40" max="250">auto</width>
										<height>22</height>
										<font>size_14</font>
										<aligny>center</aligny>
										<textcolor>context_buttons_label</textcolor>
										<label>$LOCALIZE[31123]</label>
										<visible>System.HasLoginScreen + Skin.HasSetting(HideContextButtons)</visible>
								</control>
						</control>
				</control>
		</include>
</includes>