<window id="500">
		<defaultcontrol always="true">50</defaultcontrol>
		<allowoverlay>no</allowoverlay>
		<controls>
				<include>CommonBackground</include>
				<include>ViewVisibleEffect</include>
				<include file="Viewtype_CommonRootView.xml">CommonRootView</include>
				<control type="group">
						<include>CommonOptionsMenuBack</include>
						<control type="group" id="9000">
								<control type="button" id="2">
										<description>View As button</description>
										<left>0</left>
										<top>0</top>
										<width>330</width>
										<include>ButtonCommonValues</include>
										<label>-</label>
										<onleft>9001</onleft>
										<onright>50</onright>
										<onup>22</onup>
										<ondown>20</ondown>
								</control>
								<control type="radiobutton" id="20">
										<description>Shuffle button</description>
										<left>0</left>
										<top>45</top>
										<width>330</width>
										<include>ButtonCommonValues</include>
										<label>191</label>
										<onleft>9001</onleft>
										<onright>50</onright>
										<onup>2</onup>
										<ondown>26</ondown>
								</control>
								<control type="button" id="26">
										<description>Repeat button</description>
										<left>0</left>
										<top>90</top>
										<width>330</width>
										<include>ButtonCommonValues</include>
										<label>-</label>
										<onleft>9001</onleft>
										<onright>50</onright>
										<onup>20</onup>
										<ondown>21</ondown>
								</control>
								<control type="button" id="21">
										<description>Save button</description>
										<left>0</left>
										<top>135</top>
										<width>330</width>
										<label>190</label>
										<include>ButtonCommonValues</include>
										<onleft>9001</onleft>
										<onright>50</onright>
										<onup>26</onup>
										<ondown>22</ondown>
								</control>
								<control type="button" id="22">
										<description>Clear button</description>
										<left>0</left>
										<top>180</top>
										<width>330</width>
										<label>192</label>
										<onclick>ReplaceWindow(music)</onclick>
										<include>ButtonCommonValues</include>
										<onleft>9001</onleft>
										<onright>50</onright>
										<onup>21</onup>
										<ondown>2</ondown>
								</control>
						</control>
				</control>
				<include>WindowHeader</include>
				<include>ScrollOffsetLabel</include>
		</controls>
</window>