<window id="502">
		<defaultcontrol always="true">50</defaultcontrol>
		<allowoverlay>no</allowoverlay>
		<views>50</views>
		<controls>
				<include>CommonBackground</include>
				<control type="group">
						<include>ViewVisibleEffect</include>
						<include file="Viewtype_CommonRootView.xml">CommonRootView</include>
				</control>
				<control type="group">
						<include>CommonOptionsMenuBack</include>
						<control type="group" id="9000">
								<control type="button" id="2">
										<description>View As button</description>
										<left>0</left>
										<top>0</top>
										<width>330</width>
										<include>ButtonCommonValues</include>
										<label>-</label>
										<onleft>9001</onleft>
										<onright>50</onright>
										<onup>16</onup>
										<ondown>3</ondown>
								</control>
								<control type="button" id="3">
										<description>Sort by button</description>
										<left>0</left>
										<top>45</top>
										<width>270</width>
										<include>ButtonCommonValues</include>
										<label>103</label>
										<onleft>9001</onleft>
										<onright>4</onright>
										<onup>2</onup>
										<ondown>99</ondown>
								</control>
								<control type="image">
										<description>NoFocus Background for Sort Direction Toggle</description>
										<left>275</left>
										<top>47</top>
										<width>40</width>
										<height>40</height>
										<texture border="5">button-focus2.png</texture>
										<visible>Control.HasFocus(4)</visible>
								</control>
								<control type="togglebutton" id="4">
										<description>Sort asc</description>
										<left>285</left>
										<top>58</top>
										<label>-</label>
										<texturefocus>scroll-up.png</texturefocus>
										<texturenofocus>scroll-up.png</texturenofocus>
										<alttexturefocus>scroll-down.png</alttexturefocus>
										<alttexturenofocus>scroll-down.png</alttexturenofocus>
										<onleft>3</onleft>
										<onright>50</onright>
										<onup>2</onup>
										<ondown>99</ondown>
								</control>
								<control type="radiobutton" id="99">
										<description>Library button</description>
										<left>0</left>
										<top>90</top>
										<width>330</width>
										<label>$LOCALIZE[29800]</label>
										<onclick>ReplaceWindow(MusicFiles)</onclick>
										<selected>Window.IsVisible(MusicLibrary)</selected>
										<include>ButtonCommonValues</include>
										<onleft>9001</onleft>
										<onright>50</onright>
										<onup>3</onup>
										<ondown>8</ondown>
								</control>
								<control type="button" id="8">
										<description>Search</description>
										<left>0</left>
										<top>135</top>
										<width>330</width>
										<include>ButtonCommonValues</include>
										<label>137</label>
										<onleft>9001</onleft>
										<onright>50</onright>
										<onup>99</onup>
										<ondown>19</ondown>
								</control>
								<control type="radiobutton" id="19">
										<description>Filter</description>
										<left>0</left>
										<top>180</top>
										<width>330</width>
										<include>ButtonCommonValues</include>
										<label>587</label>
										<onleft>9001</onleft>
										<onright>50</onright>
										<onup>8</onup>
										<ondown>16</ondown>
								</control>
								<control type="radiobutton" id="16">
										<description>PartyMode</description>
										<left>0</left>
										<top>225</top>
										<width>330</width>
										<include>ButtonCommonValues</include>
										<label>589</label>
										<onleft>9001</onleft>
										<onright>50</onright>
										<onup>19</onup>
										<ondown>2</ondown>
								</control>
						</control>
				</control>
				<include>WindowHeader</include>
				<include>ScrollOffsetLabel</include>
		</controls>
</window>