<window id="1">
		<defaultcontrol always="true">50</defaultcontrol>
		<allowoverlay>no</allowoverlay>
		<onload condition="Skin.HasSetting(run_random_script)">RunScript(Special://root/system/scripts/XBMC4Gamers/Utilities/Random Select.py)</onload>
		<views>50,51,52,53,54,55,56,57,58,59,60,61,62,63,64,65,66,67,68,69,70,71,72,79,80,81,82,83,84,85,86,87,88,89</views>
		<controls>
				<include condition="!SubString(ListItem.FolderPath,.xbe,right) + !Skin.HasSetting(kioskmode)">Kiosk.Mode.Secret.Code</include>
				<include>Synopsis.Loader</include>
				<include>Global.Backgrounds</include>
				<include>Fanart</include>
				<!-- Views -->
				<control type="group">
						<visible>!Window.IsActive(1101)</visible>
						<animation effect="fade" start="100" end="0" time="100" delay="400">hidden</animation>
						<animation effect="fade" start="0" end="100" delay="0" time="100">visible</animation>
						<include>Game.List.OpenClose</include>
						<include file="Viewtype_50_Poster.xml">PosterView</include>
						<include file="Viewtype_51_PosterSmall.xml">PosterViewSmall</include>
						<include file="Viewtype_52_Login.xml">LoginView</include>
						<include file="Viewtype_53_Landscape.xml">LandscapeView</include>
						<include file="Viewtype_54_TextList.xml">TextListView</include>
						<include file="Viewtype_55_Banner.xml">BannerView</include>
						<include file="Viewtype_56_SynopsisPoster.xml">SynopsisPosterCenter</include>
						<include file="Viewtype_57_Fanart.xml">FanartView</include>
						<include file="Viewtype_58_List.xml">ListView</include>
						<include file="Viewtype_59_Carousel.xml">CarouselView</include>
						<include file="Viewtype_60_CarouselSmall.xml">CarouselSmallView</include>
						<include file="Viewtype_61_SynopsisList.xml">SynopsisList</include>
						<include file="Viewtype_62_Icon.xml">IconView</include>
						<include file="Viewtype_63_OpenCase.xml">OpenCaseView</include>
						<include file="Viewtype_64_Dual3D.xml">Dual3DView</include>
						<include file="Viewtype_65_IconAlt.xml">IconAltView</include>
						<include file="Viewtype_66_PS.xml">PSView</include>
						<include file="Viewtype_67_PosterFixed.xml">PosterFixed</include>
						<include file="Viewtype_68_CD.xml">CDFixed</include>
						<include file="Viewtype_69_LG.xml">LGView</include>
						<include file="Viewtype_70_LoginAlt.xml">LoginAltView</include>
						<include file="Viewtype_71_LargePoster.xml">LargePosterView</include>
						<include file="Viewtype_72_SynopsisInfoList.xml">SynopsisInfoList</include>
						<include file="Viewtype_79_Resources.xml">ResourcesView</include>
						<!-- Custom views -->
						<include file="custom views\CustomViewtype_id_80.xml" condition="Skin.HasSetting(CustomViewtype_id_80)">custom_id_80</include>
						<include file="custom views\CustomViewtype_id_81.xml" condition="Skin.HasSetting(CustomViewtype_id_81)">custom_id_81</include>
						<include file="custom views\CustomViewtype_id_82.xml" condition="Skin.HasSetting(CustomViewtype_id_82)">custom_id_82</include>
						<include file="custom views\CustomViewtype_id_83.xml" condition="Skin.HasSetting(CustomViewtype_id_83)">custom_id_83</include>
						<include file="custom views\CustomViewtype_id_84.xml" condition="Skin.HasSetting(CustomViewtype_id_84)">custom_id_84</include>
						<include file="custom views\CustomViewtype_id_85.xml" condition="Skin.HasSetting(CustomViewtype_id_85)">custom_id_85</include>
						<include file="custom views\CustomViewtype_id_86.xml" condition="Skin.HasSetting(CustomViewtype_id_86)">custom_id_86</include>
						<include file="custom views\CustomViewtype_id_87.xml" condition="Skin.HasSetting(CustomViewtype_id_87)">custom_id_87</include>
						<include file="custom views\CustomViewtype_id_88.xml" condition="Skin.HasSetting(CustomViewtype_id_88)">custom_id_88</include>
						<include file="custom views\CustomViewtype_id_89.xml" condition="Skin.HasSetting(CustomViewtype_id_89)">custom_id_89</include>
				</control>
				<control type="group">
						<include>Dialog.Effect.Fast</include>
						<visible>!Window.IsVisible(3000)</visible>
						<include>Window.Header</include>
						<include>Window.Footer</include>
				</control>
				<include condition="Skin.HasSetting(kioskmode)">View_Options</include>
		</controls>
</window>