<window type="dialog" id="114">
		<defaultcontrol always="true">9001</defaultcontrol>
		<onload condition="!Player.Playing">XBMC.RunScript(Special://xbmc/system/scripts/XBMC4Gamers/Utilities/Random Select.py)</onload>
		<controls>
				<include>BehindDialogFadeOut</include>
				<control type="button" id="9001">
						<left>-500</left>
						<onfocus>dialog.close(114,true)</onfocus>
						<visible>!Player.HasMedia</visible>
				</control>
				<control type="button" id="9001">
						<left>-500</left>
						<onfocus>SetFocus(603)</onfocus>
						<visible>Player.HasMedia</visible>
				</control>
				<control type="group">
						<left>452</left>
						<top>0</top>
						<visible>Player.HasAudio</visible>
						<animation effect="slide" start="0,-301" end="0,0" delay="10" time="250" tween="Quadratic" easing="out">WindowOpen</animation>
						<animation effect="slide" start="0,0" end="0,-115" delay="170" time="250" tween="Quadratic" easing="out">WindowClose</animation>
						<!-- Bottom Overlay Information -->
						<control type="group">
								<left>0</left>
								<top>119</top>
								<animation effect="slide" start="0,0" end="0,87" delay="0" time="250" tween="Quadratic" easing="out" condition="Skin.HasSetting(newplayer_large_artwork)">Conditional</animation>
								<animation effect="slide" start="0,-119" end="0,0" delay="260" time="900" tween="Bounce" easing="out" condition="!Skin.HasSetting(newplayer_large_artwork)">WindowOpen</animation>
								<animation effect="slide" start="0,0" end="0,-98" delay="70" time="240" tween="Quadratic" easing="out" condition="!Skin.HasSetting(newplayer_large_artwork)">WindowClose</animation>
								<animation effect="slide" start="0,-155" end="0,0" delay="260" time="900" tween="Bounce" easing="out" condition="Skin.HasSetting(newplayer_large_artwork)">WindowOpen</animation>
								<animation effect="slide" start="0,0" end="0,-155" delay="0" time="200" tween="Quadratic" easing="out" condition="Skin.HasSetting(newplayer_large_artwork)">WindowClose</animation>
								<control type="image">
										<left>0</left>
										<top>-92</top>
										<width>375</width>
										<height>150</height>
										<aspectratio>stretch</aspectratio>
										<texture diffuse="new player/player_lower_underlay_diffuse.png">new player/player_lower_underlay.png</texture>
								</control>
								<control type="image">
										<left>0</left>
										<top>-92</top>
										<width>375</width>
										<height>150</height>
										<aspectratio scalediffuse="false" aligny="middle">scale</aspectratio>
										<texture diffuse="new player/player_lower_underlay_diffuse.png">$INFO[musicplayer.cover]</texture>
								</control>
								<control type="image">
										<left>0</left>
										<top>0</top>
										<width>375</width>
										<height>58</height>
										<texture>new player/player_lower_underlay.png</texture>
										<colordiffuse>F1FFFFFF</colordiffuse>
								</control>
								<control type="progress">
										<description>Progressbar Current Playing</description>
										<left>1</left>
										<top>-2</top>
										<width>373</width>
										<height>5</height>
										<info>Player.Progress</info>
										<texturebg>new player/progress_underlay.png</texturebg>
										<midtexture border="1,1,1,1">new player/progress_overlay.png</midtexture>
										<lefttexture>-</lefttexture>
										<righttexture>-</righttexture>
										<overlaytexture>-</overlaytexture>
								</control>
								<control type="label">
										<left>356</left>
										<top>11</top>
										<width>40</width>
										<height>40</height>
										<font>size_11</font>
										<align>right</align>
										<textcolor>114_label</textcolor>
										<label>[B]$INFO[Player.Duration(mm:ss)][/B]</label>
								</control>
								<!-- Labels -->
								<control type="fadelabel">
										<left>15</left>
										<top>9</top>
										<width>300</width>
										<height>14</height>
										<font>size_14</font>
										<align>left</align>
										<textcolor>114_label</textcolor>
										<label>[B]$INFO[MusicPlayer.Album][/B]</label>
								</control>
								<control type="fadelabel">
										<left>15</left>
										<top>30</top>
										<width>340</width>
										<height>14</height>
										<font>size_14</font>
										<align>left</align>
										<textcolor>114_label</textcolor>
										<label>$INFO[MusicPlayer.Title]</label>
								</control>
						</control>
						<!-- Upper Overlay -->
						<control type="image">
								<left>0</left>
								<top>0</top>
								<width>375</width>
								<height>119</height>
								<texture>new player/upper_overlay.png</texture>
						</control>
						<control type="image">
								<left>56</left>
								<top>9</top>
								<width>2</width>
								<height>96</height>
								<texture>new player/player_sepirator.png</texture>
						</control>
						<control type="image">
								<left>316</left>
								<top>9</top>
								<width>2</width>
								<height>96</height>
								<texture>new player/player_sepirator.png</texture>
						</control>
						<!-- Buttons -->
						<control type="image">
								<left>88</left>
								<top>15</top>
								<width>196</width>
								<height>85</height>
								<texture>new player/player_underlay.png</texture>
						</control>
						<!-- Volume Button -->
						<control type="button" id="601">
								<left>95</left>
								<top>35</top>
								<width>48</width>
								<height>48</height>
								<label>-</label>
								<texturefocus>-</texturefocus>
								<texturenofocus>-</texturenofocus>
								<onclick>-</onclick>
								<onleft>605</onleft>
								<onright>602</onright>
								<onup>VolumeUp</onup>
								<ondown>VolumeDown</ondown>
						</control>
						<control type="progress" id="29999">
								<description>Hidden Progressbar Volume</description>
								<left>0</left>
								<top>0</top>
								<width>0</width>
								<height>0</height>
								<info>Player.Volume</info>
								<texturebg>-</texturebg>
								<midtexture>-</midtexture>
								<lefttexture>-</lefttexture>
								<righttexture>-</righttexture>
								<overlaytexture>-</overlaytexture>
						</control>
						<control type="label">
								<left>-8</left>
								<top>48</top>
								<top>48</top>
								<width>40</width>
								<height>20</height>
								<font>size_11</font>
								<align>center</align>
								<textcolor>114_label_alt</textcolor>
								<label>[B]$INFO[Control.GetLabel(29999),,%][/B]</label>
								<visible>Control.HasFocus(601)</visible>
								<animation effect="rotate" end="-90" center="auto" time="0" condition="true">Conditional</animation>
						</control>
						<control type="image">
								<left>5</left>
								<top>27</top>
								<width>17</width>
								<height>17</height>
								<texture>new player/arrow.png</texture>
								<visible>Control.HasFocus(601)</visible>
								<animation type="Conditional" condition="true" loop="true" reversable="false">
										<effect type="slide" start="0,0" end="0,-12" time="1000" tween="Quadratic" easing="out" delay="3000" />
										<effect type="slide" start="0,0" end="0,12" time="1000" tween="Quadratic" easing="out" delay="3500" />
								</animation>
						</control>
						<control type="image">
								<left>5</left>
								<top>72</top>
								<width>17</width>
								<height>17</height>
								<texture flipy="true">new player/arrow.png</texture>
								<visible>Control.HasFocus(601)</visible>
								<animation type="Conditional" condition="true" loop="true" reversable="false">
										<effect type="slide" start="0,0" end="0,12" time="1000" tween="Quadratic" easing="out" delay="3000" />
										<effect type="slide" start="0,0" end="0,-12" time="1000" tween="Quadratic" easing="out" delay="3500" />
								</animation>
						</control>
						<control type="image">
								<left>26</left>
								<top>10</top>
								<width>9</width>
								<height>99</height>
								<texture>new player/progress_volume_underlay.png</texture>
						</control>
						<control type="progress">
								<description>Progressbar</description>
								<left>-16</left>
								<top>58</top>
								<width>92</width>
								<height>3</height>
								<info>Player.Volume</info>
								<texturebg>new player/progress_volume_percent_back.png</texturebg>
								<lefttexture>-</lefttexture>
								<midtexture>new player/progress_volume_percent.png</midtexture>
								<righttexture>-</righttexture>
								<overlaytexture>-</overlaytexture>
								<visible>true</visible>
								<animation effect="rotate" end="90" center="auto" time="0" condition="true">Conditional</animation>
						</control>
						<!-- Previous Button -->
						<control type="button" id="602">
								<left>95</left>
								<top>35</top>
								<width>48</width>
								<height>48</height>
								<label>-</label>
								<texturefocus>new player/prev_fo.png</texturefocus>
								<texturenofocus>new player/prev_nfo.png</texturenofocus>
								<onclick>XBMC.PlayerControl(Previous)</onclick>
								<onleft>601</onleft>
								<onright>603</onright>
								<onup>-</onup>
								<ondown>-</ondown>
						</control>
						<!-- Play Button -->
						<control type="button" id="603">
								<left>148</left>
								<top>21</top>
								<width>76</width>
								<height>76</height>
								<label>-</label>
								<texturefocus>-</texturefocus>
								<texturenofocus>-</texturenofocus>
								<onclick>XBMC.PlayerControl(Play)</onclick>
								<onleft>602</onleft>
								<onright>604</onright>
								<onup>-</onup>
								<ondown>613</ondown>
						</control>
						<control type="image">
								<left>148</left>
								<top>21</top>
								<width>76</width>
								<height>76</height>
								<texture>new player/pause_fo.png</texture>
								<visible>Control.HasFocus(603) + !Control.HasFocus(613) + !Player.Paused</visible>
						</control>
						<control type="image">
								<left>148</left>
								<top>21</top>
								<width>76</width>
								<height>76</height>
								<texture>new player/pause_nfo.png</texture>
								<visible>!Control.HasFocus(603) + !Control.HasFocus(613) + !Player.Paused</visible>
						</control>
						<control type="image">
								<left>148</left>
								<top>21</top>
								<width>76</width>
								<height>76</height>
								<texture>new player/play_fo.png</texture>
								<visible>Control.HasFocus(603) + !Control.HasFocus(613) + Player.Paused</visible>
						</control>
						<control type="image">
								<left>148</left>
								<top>21</top>
								<width>76</width>
								<height>76</height>
								<texture>new player/play_nfo.png</texture>
								<visible>!Control.HasFocus(603) + !Control.HasFocus(613) + Player.Paused</visible>
						</control>
						<!-- Next Button -->
						<control type="button" id="604">
								<left>229</left>
								<top>35</top>
								<width>48</width>
								<height>48</height>
								<label>-</label>
								<texturefocus>new player/next_fo.png</texturefocus>
								<texturenofocus>new player/next_nfo.png</texturenofocus>
								<onclick>XBMC.PlayerControl(Next)</onclick>
								<onleft>603</onleft>
								<onright>9002</onright>
								<onup>-</onup>
								<ondown>-</ondown>
						</control>
						<control type="group" id="9002">
								<!-- Visualisation Button -->
								<control type="button" id="605">
										<left>334</left>
										<top>30</top>
										<width>22</width>
										<height>22</height>
										<label>-</label>
										<texturefocus>new player/music_visualisation-fo.png</texturefocus>
										<texturenofocus>new player/music_visualisation-nf.png</texturenofocus>
										<onclick>ActivateWindow(121)</onclick>
										<onup>607</onup>
										<ondown>606</ondown>
										<onleft>604</onleft>
										<onright>-</onright>
										<visible>Window.IsActive(2006)</visible>
								</control>
								<!-- Shuffle Button -->
								<control type="button" id="605">
										<left>332</left>
										<top>30</top>
										<width>28</width>
										<height>22</height>
										<label>-</label>
										<texturefocus>new player/shuffle_fo.png</texturefocus>
										<texturenofocus>-</texturenofocus>
										<onclick>XBMC.PlayerControl(Random)</onclick>
										<onup>607</onup>
										<ondown>606</ondown>
										<onleft>604</onleft>
										<onright>-</onright>
										<visible>!Window.IsActive(2006)</visible>
								</control>
								<control type="image">
										<left>332</left>
										<top>30</top>
										<width>28</width>
										<height>22</height>
										<texture>new player/shuffle_off.png</texture>
										<visible>!Playlist.IsRandom + !Control.HasFocus(605) + !Window.IsActive(2006)</visible>
								</control>
								<control type="image">
										<left>332</left>
										<top>30</top>
										<width>28</width>
										<height>22</height>
										<texture>new player/shuffle_on.png</texture>
										<visible>Playlist.IsRandom + !Control.HasFocus(605) + !Window.IsActive(2006)</visible>
								</control>
								<!-- Repeat Button -->
								<control type="button" id="606">
										<left>332</left>
										<top>62</top>
										<width>28</width>
										<height>22</height>
										<label>-</label>
										<texturefocus>-</texturefocus>
										<texturenofocus>-</texturenofocus>
										<onclick>XBMC.PlayerControl(Repeat)</onclick>
										<onup>605</onup>
										<ondown>607</ondown>
										<onleft>604</onleft>
										<onright>-</onright>
								</control>
								<control type="image">
										<left>332</left>
										<top>62</top>
										<width>28</width>
										<height>22</height>
										<texture>new player/repeat_track.png</texture>
										<visible>Playlist.IsRepeatOne + !Control.HasFocus(606)</visible>
								</control>
								<control type="image">
										<left>332</left>
										<top>62</top>
										<width>28</width>
										<height>22</height>
										<texture>new player/repeat_track_fo.png</texture>
										<visible>Playlist.IsRepeatOne + Control.HasFocus(606)</visible>
								</control>
								<control type="image">
										<left>332</left>
										<top>62</top>
										<width>28</width>
										<height>22</height>
										<texture>new player/repeat_all.png</texture>
										<visible>Playlist.IsRepeat + !Playlist.IsRepeatOne + !Control.HasFocus(606)</visible>
								</control>
								<control type="image">
										<left>332</left>
										<top>62</top>
										<width>28</width>
										<height>22</height>
										<texture>new player/repeat_all_fo.png</texture>
										<visible>Playlist.IsRepeat + !Playlist.IsRepeatOne + Control.HasFocus(606)</visible>
								</control>
								<control type="image">
										<left>332</left>
										<top>62</top>
										<width>28</width>
										<height>22</height>
										<texture>new player/repeat_off_fo.png</texture>
										<visible>!Playlist.IsRepeat + !Playlist.IsRepeatOne + Control.HasFocus(606)</visible>
								</control>
								<control type="image">
										<left>332</left>
										<top>62</top>
										<width>28</width>
										<height>22</height>
										<texture>new player/repeat_off.png</texture>
										<visible>!Playlist.IsRepeat + !Playlist.IsRepeatOne + !Control.HasFocus(606)</visible>
								</control>
								<!-- Toggle Artwork Size -->
								<control type="button" id="607">
										<left>333</left>
										<top>99</top>
										<width>24</width>
										<height>15</height>
										<label>-</label>
										<texturefocus>new player/toggle_artwork_fo.png</texturefocus>
										<texturenofocus>new player/toggle_artwork_nfo.png</texturenofocus>
										<onclick>Skin.ToggleSetting(newplayer_large_artwork)</onclick>
										<onup>606</onup>
										<ondown>605</ondown>
										<onleft>604</onleft>
										<onright>-</onright>
								</control>
						</control>
						<!-- Stop Button -->
						<control type="button" id="613">
								<left>148</left>
								<top>21</top>
								<width>76</width>
								<height>76</height>
								<label>-</label>
								<texturefocus>-</texturefocus>
								<texturenofocus>-</texturenofocus>
								<onclick>XBMC.PlayerControl(Stop)</onclick>
								<onclick>dialog.close(114,false)</onclick>
								<onleft>602</onleft>
								<onright>604</onright>
								<onup>603</onup>
								<ondown>-</ondown>
								<visible />
						</control>
						<control type="image">
								<left>148</left>
								<top>21</top>
								<width>76</width>
								<height>76</height>
								<texture>new player/stop_fo.png</texture>
								<visible>Control.HasFocus(613)</visible>
						</control>
						<control type="image">
								<left>139</left>
								<top>10</top>
								<width>94</width>
								<height>95</height>
								<texture flipy="false">new player/play_indicator.png</texture>
								<visible>Control.HasFocus(613)</visible>
								<animation type="Conditional" condition="Control.HasFocus(613)" loop="true" reversable="false">
										<effect type="fade" start="0" end="100" time="1000" delay="1500" />
										<effect type="fade" start="100" end="0" time="1000" delay="1700" />
								</animation>
						</control>
						<control type="image">
								<left>139</left>
								<top>10</top>
								<width>94</width>
								<height>95</height>
								<texture flipy="true">new player/play_indicator.png</texture>
								<visible>Control.HasFocus(603)</visible>
								<animation type="Conditional" condition="Control.HasFocus(603)" loop="true" reversable="false">
										<effect type="fade" start="0" end="100" time="1000" delay="1500" />
										<effect type="fade" start="100" end="0" time="1000" delay="2000" />
								</animation>
						</control>
				</control>
				<!-- Old player controls -->
				<control type="group">
						<visible>false</visible>
						<animation effect="slide" start="0,90" end="0,-30" delay="0" time="250">WindowOpen</animation>
						<animation effect="slide" start="0,-30" end="0,90" delay="0" time="100">WindowClose</animation>
						<control type="button" id="9002">
								<left>-500</left>
								<onfocus>dialog.close(114,true)</onfocus>
								<visible>!Player.HasMedia</visible>
						</control>
						<control type="image">
								<left>900</left>
								<top>650</top>
								<width>380</width>
								<height>70</height>
								<texture border="20,20,20,20">thumbfo.png</texture>
						</control>
						<control type="image">
								<left>900</left>
								<top>720</top>
								<width>380</width>
								<height>30</height>
								<texture border="20,20,20,20">thumbnofo.png</texture>
						</control>
						<control type="image">
								<left>900</left>
								<top>650</top>
								<width>70</width>
								<height>70</height>
								<aspectratio>scale</aspectratio>
								<texture>$INFO[musicplayer.cover]</texture>
								<bordersize>3</bordersize>
								<visible>!Skin.HasSetting(MusicVis)</visible>
						</control>
						<!-- Progress Bar -->
						<control type="progress">
								<description>Progressbar</description>
								<left>970</left>
								<top>650</top>
								<width>310</width>
								<height>70</height>
								<info>Player.Progress</info>
								<texturebg border="0,0,0,0">ProgressBack.png</texturebg>
								<lefttexture>-</lefttexture>
								<midtexture border="0,0,0,0">ProgressFront.png</midtexture>
								<righttexture>-</righttexture>
								<overlaytexture>-</overlaytexture>
						</control>
						<control type="label">
								<left>1275</left>
								<top>700</top>
								<width>80</width>
								<height>40</height>
								<font>size_14</font>
								<align>right</align>
								<textcolor>114_label_alt</textcolor>
								<label>$INFO[Player.Duration(hh:mm:ss)]</label>
						</control>
						<control type="label">
								<left>975</left>
								<top>700</top>
								<width>80</width>
								<height>40</height>
								<font>size_14</font>
								<align>left</align>
								<textcolor>114_label_alt</textcolor>
								<label>$INFO[Player.Time(hh:mm:ss)]</label>
						</control>
						<!-- Labels -->
						<control type="fadelabel">
								<left>975</left>
								<top>650</top>
								<width>300</width>
								<height>40</height>
								<font>size_22</font>
								<align>left</align>
								<textcolor>114_label_alt</textcolor>
								<label>$INFO[MusicPlayer.Album]</label>
						</control>
						<control type="fadelabel">
								<left>975</left>
								<top>680</top>
								<width>300</width>
								<height>40</height>
								<font>size_14</font>
								<align>left</align>
								<textcolor>114_label_alt</textcolor>
								<label>$INFO[MusicPlayer.Title]</label>
								<animation effect="fade" start="0" end="80" time="0" condition="true">Conditional</animation>
						</control>
						<!-- Buttons -->
						<control type="group" id="9002">
								<left>1010</left>
								<top>723</top>
								<control type="button" id="600">
										<left>0</left>
										<top>0</top>
										<width>48</width>
										<height>24</height>
										<label>-</label>
										<texturefocus>PlayerControls-Prevfo.png</texturefocus>
										<texturenofocus>PlayerControls-Prevnf.png</texturenofocus>
										<onclick>XBMC.PlayerControl(Previous)</onclick>
										<onleft>605</onleft>
										<onright>603</onright>
										<onup>-</onup>
										<ondown>-</ondown>
								</control>
								<control type="group">
										<left>53</left>
										<control type="button" id="603">
												<left>0</left>
												<top>0</top>
												<width>24</width>
												<height>24</height>
												<label>-</label>
												<texturefocus>-</texturefocus>
												<texturenofocus>-</texturenofocus>
												<onclick>XBMC.PlayerControl(Play)</onclick>
												<onleft>600</onleft>
												<onright>601</onright>
												<onup>-</onup>
												<ondown>-</ondown>
										</control>
										<control type="image">
												<left>0</left>
												<top>0</top>
												<width>24</width>
												<height>24</height>
												<texture>playercontrols-pausefo.png</texture>
												<visible>Control.HasFocus(603) + !Player.Paused</visible>
										</control>
										<control type="image">
												<left>0</left>
												<top>0</top>
												<width>24</width>
												<height>24</height>
												<texture>playercontrols-pausenf.png</texture>
												<visible>!Control.HasFocus(603) + !Player.Paused</visible>
										</control>
										<control type="image">
												<left>0</left>
												<top>0</top>
												<width>24</width>
												<height>24</height>
												<texture>playercontrols-playfo.png</texture>
												<visible>Control.HasFocus(603) + Player.Paused</visible>
										</control>
										<control type="image">
												<left>0</left>
												<top>0</top>
												<width>24</width>
												<height>24</height>
												<texture>playercontrols-playnf.png</texture>
												<visible>!Control.HasFocus(603) + Player.Paused</visible>
										</control>
								</control>
								<control type="button" id="601">
										<left>81</left>
										<top>0</top>
										<width>24</width>
										<height>24</height>
										<label>-</label>
										<texturefocus>playercontrols-stopnf.png</texturefocus>
										<texturenofocus>playercontrols-stopfo.png</texturenofocus>
										<onclick>XBMC.PlayerControl(Stop)</onclick>
										<onclick>dialog.close(114,true)</onclick>
										<onleft>603</onleft>
										<onright>602</onright>
										<onup>-</onup>
										<ondown>-</ondown>
								</control>
								<control type="button" id="602">
										<left>110</left>
										<top>0</top>
										<width>48</width>
										<height>24</height>
										<label>-</label>
										<texturefocus>playercontrols-nextfo.png</texturefocus>
										<texturenofocus>playercontrols-nextnf.png</texturenofocus>
										<onleft>601</onleft>
										<onright>604</onright>
										<onup>-</onup>
										<ondown>-</ondown>
										<onclick>XBMC.PlayerControl(Next)</onclick>
								</control>
						</control>
						<!-- Shuffle Repeat buttons -->
						<control type="group" id="9001">
								<left>969</left>
								<top>723</top>
								<control type="image">
										<left>0</left>
										<top>0</top>
										<width>32</width>
										<height>24</height>
										<texture>playercontrols-randomnf.png</texture>
										<visible>!Playlist.IsRandom</visible>
								</control>
								<control type="image">
										<left>0</left>
										<top>0</top>
										<width>32</width>
										<height>24</height>
										<texture>playercontrols-randomon.png</texture>
										<visible>Playlist.IsRandom</visible>
								</control>
								<control type="button" id="605">
										<left>0</left>
										<top>0</top>
										<width>32</width>
										<height>24</height>
										<label>-</label>
										<texturefocus>playercontrols-randomfo.png</texturefocus>
										<texturenofocus>-</texturenofocus>
										<onclick>XBMC.PlayerControl(Random)</onclick>
										<onup>-</onup>
										<ondown>-</ondown>
										<onleft>604</onleft>
										<onright>600</onright>
								</control>
								<control type="image">
										<left>208</left>
										<top>0</top>
										<width>32</width>
										<height>24</height>
										<texture>playercontrols-repeatnf.png</texture>
										<visible>!Playlist.IsRepeat + !Playlist.IsRepeatOne</visible>
								</control>
								<control type="image">
										<left>208</left>
										<top>0</top>
										<width>32</width>
										<height>24</height>
										<texture>playercontrols-repeatonenf.png</texture>
										<visible>Playlist.IsRepeatOne</visible>
								</control>
								<control type="image">
										<left>208</left>
										<top>0</top>
										<width>32</width>
										<height>24</height>
										<texture>playercontrols-repeatallnf.png</texture>
										<visible>Playlist.IsRepeat</visible>
								</control>
								<control type="button" id="604">
										<left>208</left>
										<top>0</top>
										<width>32</width>
										<height>24</height>
										<label>-</label>
										<texturefocus>PlayerControls-Repeatfo.png</texturefocus>
										<texturenofocus>-</texturenofocus>
										<onclick>XBMC.PlayerControl(Repeat)</onclick>
										<onup>-</onup>
										<ondown>-</ondown>
										<onleft>602</onleft>
										<onright>605</onright>
								</control>
						</control>
				</control>
		</controls>
</window>