<window id="2999">
		<!-- Onload, these are loaded when the window is first loaded -->
		<onload>RunScript(Special://root/system/scripts/XBMC4Gamers/default.py)</onload>
		<onunload condition="Skin.HasSetting(Random_Game)">Skin.SetBool(run_random_script,true)</onunload>
		<onunload>Skin.SetBool(xbmc4gamers)</onunload>
		<onunload>Skin.SetString(urldownloader,Special://urldownloader/)</onunload>
		<defaultcontrol always="true">1</defaultcontrol>
		<allowoverlay>no</allowoverlay>
		<controls>
				<control type="image">
						<include>1280x720</include>
						<texture fallback="background.jpg">$INFO[skin.string(background_color)]</texture>
						<aspectratio>stretch</aspectratio>
				</control>
				<control type="image">
						<include>1280x720</include>
						<texture>background diffuse.png</texture>
						<colordiffuse>$VAR[var-bgcustcolour]</colordiffuse>
						<aspectratio>stretch</aspectratio>
				</control>
				<control type="image">
						<include>1280x720</include>
						<texture>$INFO[skin.string(background_image)]</texture>
						<aspectratio>stretch</aspectratio>
				</control>
				<control type="group">
						<left>523</left>
						<top>243</top>
						<animation effect="fade" start="0" end="100" time="200" reversible="false">WindowOpen</animation>
						<include>Startup_Window_Profile</include>
				</control>
				<include>Startup_Window_Info</include>
		</controls>
</window>