<includes>
		<include name="ResourcesView">
				<control type="group">
						<visible>Control.IsVisible(79) + !Control.IsVisible(50) + !Window.IsVisible(134) + !Window.IsVisible(3000)</visible>
						<control type="group">
								<left>15</left>
								<!-- Poster.jpg -->
								<control type="image">
										<left>10</left>
										<top>110</top>
										<width>205</width>
										<height>280</height>
										<aspectratio>stretch</aspectratio>
										<texture background="true" fallback="no_poster.jpg">$INFO[listitem.Synopsis_Resources]artwork\poster.jpg</texture>
								</control>
								<!-- Thumb.jpg -->
								<control type="image">
										<left>225</left>
										<top>110</top>
										<width>310</width>
										<height>170</height>
										<aspectratio>stretch</aspectratio>
										<texture background="true" fallback="no_thumb.jpg">$INFO[listitem.Synopsis_Resources]artwork\thumb.jpg</texture>
								</control>
								<!-- cdposter.png -->
								<control type="image">
										<left>10</left>
										<top>400</top>
										<width>205</width>
										<height>280</height>
										<aspectratio>keep</aspectratio>
										<texture background="true" fallback="no_cdposter.png">$INFO[listitem.Synopsis_Resources]artwork\cdposter.png</texture>
								</control>
								<!-- banner.png -->
								<control type="image">
										<left>225</left>
										<top>250</top>
										<width>310</width>
										<height>130</height>
										<aspectratio>keep</aspectratio>
										<texture background="true" fallback="no_banner.png">$INFO[listitem.Synopsis_Resources]artwork\banner.png</texture>
								</control>
								<!-- icon.png -->
								<control type="image">
										<left>225</left>
										<top>360</top>
										<width>155</width>
										<height>155</height>
										<aspectratio>keep</aspectratio>
										<texture background="true" fallback="no_icon.png">$INFO[listitem.Synopsis_Resources]artwork\icon.png</texture>
								</control>
								<!-- dual3d.png -->
								<control type="image">
										<left>370</left>
										<top>360</top>
										<width>155</width>
										<height>155</height>
										<aspectratio>keep</aspectratio>
										<texture background="true" fallback="no_dual3d.png">$INFO[listitem.Synopsis_Resources]artwork\dual3d.png</texture>
								</control>
								<!-- opencase.png -->
								<control type="image">
										<left>225</left>
										<top>515</top>
										<width>155</width>
										<height>155</height>
										<aspectratio>keep</aspectratio>
										<texture background="true" fallback="no_opencase.png">$INFO[listitem.Synopsis_Resources]artwork\opencase.png</texture>
								</control>
								<!-- poster_small.jpg -->
								<control type="image">
										<left>380</left>
										<top>515</top>
										<width>45</width>
										<height>64</height>
										<aspectratio>stretch</aspectratio>
										<texture background="true" fallback="no_poster.jpg">$INFO[listitem.Synopsis_Resources]artwork\poster_small.jpg</texture>
								</control>
								<!-- poster_small_blurred.jpg -->
								<control type="image">
										<left>435</left>
										<top>515</top>
										<width>45</width>
										<height>64</height>
										<aspectratio>stretch</aspectratio>
										<texture background="true" fallback="no_poster.jpg">$INFO[listitem.Synopsis_Resources]artwork\poster_small_blurred.jpg</texture>
								</control>
								<!-- cd_small.jpg -->
								<control type="image">
										<left>400</left>
										<top>585</top>
										<width>64</width>
										<height>64</height>
										<aspectratio>stretch</aspectratio>
										<texture background="true" diffuse="views/list/CD_diffuse_listview.png" fallback="no_cd_small.png">$INFO[listitem.Synopsis_Resources]artwork\cd_small.jpg</texture>
								</control>
								<!-- cd.png -->
								<control type="image">
										<left>500</left>
										<top>485</top>
										<width>200</width>
										<height>200</height>
										<aspectratio>stretch</aspectratio>
										<texture background="true" fallback="no_cd.png">$INFO[listitem.Synopsis_Resources]artwork\cd.png</texture>
								</control>
								<!-- Screenshots -->
								<control type="image">
										<left>540</left>
										<top>290</top>
										<width>310</width>
										<height>170</height>
										<aspectratio>keep</aspectratio>
										<texture background="true">no_screenshots.jpg</texture>
								</control>
								<control type="multiimage">
										<left>540</left>
										<top>290</top>
										<width>310</width>
										<height>170</height>
										<aspectratio scalediffuse="false">scale</aspectratio>
										<fadetime>2000</fadetime>
										<colordiffuse>FFFFFFFF</colordiffuse>
										<timeperimage>5000</timeperimage>
										<pauseatend>10000</pauseatend>
										<randomize>false</randomize>
										<loop>true</loop>
										<imagepath falback="">$INFO[listitem.Synopsis_Resources]screenshots</imagepath>
								</control>
								<!-- Fanart.jpg -->
								<control type="largeimage">
										<left>540</left>
										<top>110</top>
										<width>310</width>
										<height>170</height>
										<aspectratio>stretch</aspectratio>
										<texture background="true" fallback="no_fanart.jpg">$INFO[listitem.Synopsis_Resources]artwork\fanart.jpg</texture>
								</control>
								<!-- fanart_thumb.jpg -->
								<control type="image">
										<left>860</left>
										<top>110</top>
										<width>310</width>
										<height>80</height>
										<aspectratio>keep</aspectratio>
										<texture background="true" fallback="no_fanart.jpg">$INFO[listitem.Synopsis_Resources]artwork\fanart_thumb.jpg</texture>
								</control>
								<!-- fanart-blur.jpg -->
								<control type="image">
										<left>860</left>
										<top>200</top>
										<width>310</width>
										<height>80</height>
										<aspectratio>keep</aspectratio>
										<texture background="true" fallback="no_fanart.jpg">$INFO[listitem.Synopsis_Resources]artwork\fanart-blur.jpg</texture>
								</control>
								<!-- synopsis.jpg -->
								<control type="image">
										<left>860</left>
										<top>290</top>
										<width>205</width>
										<height>280</height>
										<aspectratio>keep</aspectratio>
										<texture background="true" fallback="no_poster.jpg">$INFO[listitem.Synopsis_Resources]artwork\synopsis.jpg</texture>
								</control>
								<!-- alt_synopsis.jpg -->
								<control type="image">
										<left>1060</left>
										<top>290</top>
										<width>205</width>
										<height>280</height>
										<aspectratio>keep</aspectratio>
										<texture background="true" fallback="no_poster.jpg">$INFO[listitem.Synopsis_Resources]artwork\alt_synopsis.jpg</texture>
								</control>
								<!-- fog.jpg -->
								<control type="image">
										<left>760</left>
										<top>580</top>
										<width>405</width>
										<height>60</height>
										<aspectratio>stretch</aspectratio>
										<texture background="true" fallback="no_fanart.jpg">$INFO[listitem.Synopsis_Resources]artwork\fog.jpg</texture>
								</control>
						</control>
						<control type="fixedlist" id="79">
								<left>0</left>
								<top>0</top>
								<width>1280</width>
								<height>460</height>
								<onleft>79</onleft>
								<onright>79</onright>
								<onup>9000</onup>
								<ondown>-</ondown>
								<viewtype label="view79">biglist</viewtype>
								<pagecontrol>-</pagecontrol>
								<scrolltime>0</scrolltime>
								<focusposition>1</focusposition>
								<orientation>horizontal</orientation>
								<preloaditems>0</preloaditems>
								<itemlayout />
								<focusedlayout />
						</control>
						<control type="label">
								<left>30</left>
								<top>70</top>
								<width>1220</width>
								<height>36</height>
								<font>size_35</font>
								<textcolor>$VAR[Alt_Label_Colour]</textcolor>
								<scroll>false</scroll>
								<align>left</align>
								<aligny>center</aligny>
								<label>[UPPERCASE]$INFO[ListItem.Label][/UPPERCASE]</label>
						</control>
						<control type="label">
								<left>770</left>
								<bottom>85</bottom>
								<width>405</width>
								<height>60</height>
								<font>size_15</font>
								<textcolor>$VAR[Alt_Label_Colour]</textcolor>
								<scroll>false</scroll>
								<align>center</align>
								<aligny>center</aligny>
								<label>This view is for creating [B]_resources[/B] files for your games.[CR]This is not meant to be used as a normal view.</label>
						</control>
				</control>
		</include>
</includes>