<includes>
		<include name="FanartView">
				<control type="group">
						<visible>Control.IsVisible(57) + !Control.IsVisible(50) + !Window.IsVisible(134) + !Window.IsVisible(3000)</visible>
						<control type="wraplist" id="57">
								<left>0</left>
								<top>0</top>
								<width>1280</width>
								<height>720</height>
								<onleft>57</onleft>
								<onright>57</onright>
								<onup>9000</onup>
								<ondown>-</ondown>
								<viewtype label="view57">Panel</viewtype>
								<pagecontrol>90</pagecontrol>
								<scrolltime>230</scrolltime>
								<focusposition>0</focusposition>
								<movement>0</movement>
								<orientation>horizontal</orientation>
								<preloaditems>2</preloaditems>
								<itemlayout condition="!Skin.HasSetting(fanartfullscreen)" width="1280" height="720">
										<control type="image">
												<description>background image</description>
												<left>100</left>
												<top>59</top>
												<width>1080</width>
												<height>614</height>
												<texture background="true">views/fanart/view_background.png</texture>
												<aspectratio>stretch</aspectratio>
										</control>
										<control type="image">
												<left>100</left>
												<top>59</top>
												<width>1080</width>
												<height>614</height>
												<aspectratio scalediffuse="false">stretch</aspectratio>
												<texture background="true" diffuse="views/fanart/view_diffuse.png">no_fanart.jpg</texture>
										</control>
										<control type="largeimage">
												<left>100</left>
												<top>59</top>
												<width>1080</width>
												<height>614</height>
												<aspectratio scalediffuse="false">stretch</aspectratio>
												<texture diffuse="views/fanart/view_diffuse.png">$INFO[listitem.path,,fanart.jpg]</texture>
										</control>
										<control type="largeimage">
												<left>100</left>
												<top>59</top>
												<width>1080</width>
												<height>614</height>
												<aspectratio scalediffuse="false">stretch</aspectratio>
												<texture diffuse="views/fanart/view_diffuse.png">Special://skin/extras/folder fanart/$INFO[ListItem.Label].jpg</texture>
												<visible>ListItem.IsFolder</visible>
										</control>
										<control type="image">
												<left>100</left>
												<top>59</top>
												<width>1080</width>
												<height>614</height>
												<aspectratio>stretch</aspectratio>
												<texture background="true" diffuse="views/fanart/view_diffuse_alt.png">views/fanart/black-back.png</texture>
												<visible>!Skin.HasSetting(fanartoverlayenabled)</visible>
										</control>
										<control type="label">
												<left>105</left>
												<top>627</top>
												<width>1070</width>
												<height>35</height>
												<font>size_35</font>
												<textcolor>view57_info_label</textcolor>
												<scroll>true</scroll>
												<align>center</align>
												<aligny>center</aligny>
												<label>[UPPERCASE]$INFO[ListItem.Label][/UPPERCASE]</label>
												<visible>!Skin.HasSetting(fanartoverlayenabled)</visible>
										</control>
										<control type="image">
												<left>113</left>
												<top>630</top>
												<width>30</width>
												<height>30</height>
												<aspectratio>stretch</aspectratio>
												<texture>overlay-watched.png</texture>
												<visible>IntegerGreaterThan(ListItem.ProgramCount,0)</visible>
												<animation reversible="false" effect="fade" start="100" end="80" time="0" condition="true">Conditional</animation>
										</control>
										<control type="image">
												<left>142r</left>
												<top>630</top>
												<width>30</width>
												<height>30</height>
												<aspectratio>stretch</aspectratio>
												<texture>$INFO[listitem.overlay]</texture>
												<animation reversible="false" effect="fade" start="100" end="80" time="0" condition="true">Conditional</animation>
										</control>
								</itemlayout>
								<focusedlayout condition="!Skin.HasSetting(fanartfullscreen)" width="1280" height="720">
										<control type="image">
												<description>background image</description>
												<left>100</left>
												<top>59</top>
												<width>1080</width>
												<height>614</height>
												<texture background="true">views/fanart/view_background.png</texture>
												<aspectratio>stretch</aspectratio>
										</control>
										<control type="image">
												<left>100</left>
												<top>59</top>
												<width>1080</width>
												<height>614</height>
												<aspectratio scalediffuse="false">stretch</aspectratio>
												<texture background="true" diffuse="views/fanart/view_diffuse.png">no_fanart.jpg</texture>
										</control>
										<control type="largeimage">
												<left>100</left>
												<top>59</top>
												<width>1080</width>
												<height>614</height>
												<aspectratio scalediffuse="false">stretch</aspectratio>
												<texture diffuse="views/fanart/view_diffuse.png">$INFO[listitem.path,,fanart.jpg]</texture>
										</control>
										<control type="largeimage">
												<left>100</left>
												<top>59</top>
												<width>1080</width>
												<height>614</height>
												<aspectratio scalediffuse="false">stretch</aspectratio>
												<texture diffuse="views/fanart/view_diffuse.png">Special://skin/extras/folder fanart/$INFO[ListItem.Label].jpg</texture>
												<visible>ListItem.IsFolder</visible>
										</control>
										<control type="image">
												<left>100</left>
												<top>59</top>
												<width>1080</width>
												<height>614</height>
												<aspectratio>stretch</aspectratio>
												<texture background="true" diffuse="views/fanart/view_diffuse_alt.png">views/fanart/black-back.png</texture>
												<visible>!Skin.HasSetting(fanartoverlayenabled)</visible>
										</control>
										<control type="label">
												<left>105</left>
												<top>627</top>
												<width>1070</width>
												<height>35</height>
												<font>size_35</font>
												<textcolor>view57_info_label</textcolor>
												<scroll>true</scroll>
												<align>center</align>
												<aligny>center</aligny>
												<label>[UPPERCASE]$INFO[ListItem.Label][/UPPERCASE]</label>
												<visible>!Skin.HasSetting(fanartoverlayenabled)</visible>
										</control>
										<control type="image">
												<left>113</left>
												<top>630</top>
												<width>30</width>
												<height>30</height>
												<aspectratio>stretch</aspectratio>
												<texture>overlay-watched.png</texture>
												<visible>IntegerGreaterThan(ListItem.ProgramCount,0)</visible>
												<animation reversible="false" effect="fade" start="100" end="80" time="0" condition="true">Conditional</animation>
										</control>
										<control type="image">
												<left>142r</left>
												<top>630</top>
												<width>30</width>
												<height>30</height>
												<aspectratio>stretch</aspectratio>
												<texture>$INFO[listitem.overlay]</texture>
												<animation reversible="false" effect="fade" start="100" end="80" time="0" condition="true">Conditional</animation>
										</control>
								</focusedlayout>
								<itemlayout condition="Skin.HasSetting(fanartfullscreen)" width="1280" height="720">
										<control type="image">
												<include>1280x720</include>
												<aspectratio scalediffuse="false">stretch</aspectratio>
												<texture background="true">no_fanart.jpg</texture>
										</control>
										<control type="image">
												<include>1280x720</include>
												<aspectratio scalediffuse="false">stretch</aspectratio>
												<texture background="true">$INFO[listitem.path,,fanart.jpg]</texture>
										</control>
										<control type="image">
												<include>1280x720</include>
												<aspectratio scalediffuse="false">stretch</aspectratio>
												<texture background="true">Special://skin/extras/folder fanart/$INFO[ListItem.Label].jpg</texture>
												<visible>ListItem.IsFolder</visible>
										</control>
										<control type="group">
												<animation effect="slide" start="0,0" end="0,0" time="0">WindowOpen</animation>
												<animation effect="slide" start="0,0" end="0,20" time="100" condition="Window.IsActive(1112)">Conditional</animation>
												<animation effect="slide" start="0,20" end="0,0" time="100" condition="!Window.IsActive(1112)">Conditional</animation>
												<control type="image">
														<left>0</left>
														<top>620</top>
														<width>1280</width>
														<height>50</height>
														<aspectratio>stretch</aspectratio>
														<texture background="true">views/fanart/black-back.png</texture>
														<visible>!Skin.HasSetting(fanartoverlayenabled)</visible>
												</control>
												<control type="label">
														<left>105</left>
														<top>627</top>
														<width>1070</width>
														<height>35</height>
														<font>size_35</font>
														<textcolor>view57_info_label</textcolor>
														<scroll>true</scroll>
														<align>center</align>
														<aligny>center</aligny>
														<label>[UPPERCASE]$INFO[ListItem.Label][/UPPERCASE]</label>
														<visible>!Skin.HasSetting(fanartoverlayenabled)</visible>
												</control>
												<control type="image">
														<left>113</left>
														<top>630</top>
														<width>30</width>
														<height>30</height>
														<aspectratio>stretch</aspectratio>
														<texture>overlay-watched.png</texture>
														<visible>IntegerGreaterThan(ListItem.ProgramCount,0)</visible>
														<animation reversible="false" effect="fade" start="100" end="80" time="0" condition="true">Conditional</animation>
												</control>
												<control type="image">
														<left>142r</left>
														<top>630</top>
														<width>30</width>
														<height>30</height>
														<aspectratio>stretch</aspectratio>
														<texture>$INFO[listitem.overlay]</texture>
														<animation reversible="false" effect="fade" start="100" end="80" time="0" condition="true">Conditional</animation>
												</control>
										</control>
								</itemlayout>
								<focusedlayout condition="Skin.HasSetting(fanartfullscreen)" width="1280" height="720">
										<control type="image">
												<include>1280x720</include>
												<aspectratio scalediffuse="false">stretch</aspectratio>
												<texture background="true">no_fanart.jpg</texture>
										</control>
										<control type="image">
												<include>1280x720</include>
												<aspectratio scalediffuse="false">stretch</aspectratio>
												<texture background="true">$INFO[listitem.path,,fanart.jpg]</texture>
										</control>
										<control type="image">
												<include>1280x720</include>
												<aspectratio scalediffuse="false">stretch</aspectratio>
												<texture background="true">Special://skin/extras/folder fanart/$INFO[ListItem.Label].jpg</texture>
												<visible>ListItem.IsFolder</visible>
										</control>
										<control type="group">
												<animation effect="slide" start="0,0" end="0,0" time="0">WindowOpen</animation>
												<animation effect="slide" start="0,0" end="0,20" time="100" condition="Window.IsActive(1112)">Conditional</animation>
												<animation effect="slide" start="0,20" end="0,0" time="100" condition="!Window.IsActive(1112)">Conditional</animation>
												<control type="image">
														<left>0</left>
														<top>620</top>
														<width>1280</width>
														<height>50</height>
														<aspectratio>stretch</aspectratio>
														<texture background="true">views/fanart/black-back.png</texture>
														<visible>!Skin.HasSetting(fanartoverlayenabled)</visible>
												</control>
												<control type="label">
														<left>105</left>
														<top>627</top>
														<width>1070</width>
														<height>35</height>
														<font>size_35</font>
														<textcolor>view57_info_label</textcolor>
														<scroll>true</scroll>
														<align>center</align>
														<aligny>center</aligny>
														<label>[UPPERCASE]$INFO[ListItem.Label][/UPPERCASE]</label>
														<visible>!Skin.HasSetting(fanartoverlayenabled)</visible>
												</control>
												<control type="image">
														<left>113</left>
														<top>630</top>
														<width>30</width>
														<height>30</height>
														<aspectratio>stretch</aspectratio>
														<texture>overlay-watched.png</texture>
														<visible>IntegerGreaterThan(ListItem.ProgramCount,0)</visible>
														<animation reversible="false" effect="fade" start="100" end="80" time="0" condition="true">Conditional</animation>
												</control>
												<control type="image">
														<left>142r</left>
														<top>630</top>
														<width>30</width>
														<height>30</height>
														<aspectratio>stretch</aspectratio>
														<texture>$INFO[listitem.overlay]</texture>
														<animation reversible="false" effect="fade" start="100" end="80" time="0" condition="true">Conditional</animation>
												</control>
										</control>
								</focusedlayout>
						</control>
						<!-- <control type="scrollbar" id="90"> -->
						<!-- <onup>57</onup> -->
						<!-- <include condition="Control.IsVisible(57)">ViewScrollBarHor</include> -->
						<!-- </control> -->
				</control>
		</include>
</includes>