<includes>
		<include name="CardView">
				<control type="group">
						<visible>Control.IsVisible(56) + !Control.IsVisible(50) + !Window.IsVisible(134) + !Window.IsVisible(3000)</visible>
						<control type="wraplist" id="56">
								<posx>0</posx>
								<posy>0</posy>
								<width>1280</width>
								<height>720</height>
								<onleft>56</onleft>
								<onright>56</onright>
								<onup>9000</onup>
								<ondown>-</ondown>
								<viewtype label="view56">Panel</viewtype>
								<pagecontrol>-</pagecontrol>
								<scrolltime>300</scrolltime>
								<focusposition>0</focusposition>
								<movement>0</movement>
								<orientation>horizontal</orientation>
								<preloaditems>3</preloaditems>
								<itemlayout width="1280" height="720">
										<control type="image">
												<posx>40</posx>
												<posy>100</posy>
												<width>1200</width>
												<height>500</height>
												<aspectratio>stretch</aspectratio>
												<texture background="true">view_background_alt.png</texture>
										</control>
										<control type="image">
												<posx>50</posx>
												<posy>110</posy>
												<width>340</width>
												<height>480</height>
												<aspectratio>keep</aspectratio>
												<fadetime>ThumbCrossfadeTime</fadetime>
												<texture background="true" diffuse="view_diffuse_alt_thumb.png" fallback="no_poster.jpg">$INFO[listitem.icon]</texture>
												<visible>!Skin.HasSetting(_resourcesenabled)</visible>
										</control>
										<control type="image">
												<posx>50</posx>
												<posy>110</posy>
												<width>340</width>
												<height>480</height>
												<aspectratio>stretch</aspectratio>
												<fadetime>ThumbCrossfadeTime</fadetime>
												<texture background="true" diffuse="view_diffuse_alt_thumb.png">no_poster.jpg</texture>
												<visible>Skin.HasSetting(_resourcesenabled)</visible>
										</control>
										<control type="image">
												<posx>50</posx>
												<posy>110</posy>
												<width>340</width>
												<height>480</height>
												<aspectratio>keep</aspectratio>
												<fadetime>ThumbCrossfadeTime</fadetime>
												<texture background="true" diffuse="view_diffuse_alt_thumb.png">$INFO[listitem.icon]</texture>
												<visible>!IsEmpty(ListItem.Thumb) + ListItem.IsFolder + Skin.HasSetting(_resourcesenabled)</visible>
										</control>
										<control type="largeimage">
												<posx>50</posx>
												<posy>110</posy>
												<width>340</width>
												<height>480</height>
												<aspectratio>stretch</aspectratio>
												<fadetime>ThumbCrossfadeTime</fadetime>
												<texture background="true" diffuse="view_diffuse_alt_thumb.png">$INFO[listitem.path,,_resources\artwork\poster.jpg]</texture>
												<visible>Skin.HasSetting(_resourcesenabled)</visible>
										</control>
										<control type="image">
												<posx>401</posx>
												<posy>161</posy>
												<width>828</width>
												<height>388</height>
												<aspectratio scalediffuse="false">scale</aspectratio>
												<fadetime>FanartCrossfadeTime</fadetime>
												<texture background="true" diffuse="view_diffuse.png" border="20,20,20,20">no_fanart.jpg</texture>
										</control>
										<control type="largeimage">
												<posx>400</posx>
												<posy>160</posy>
												<width>830</width>
												<height>390</height>
												<aspectratio scalediffuse="false">scale</aspectratio>
												<fadetime>FanartCrossfadeTime</fadetime>
												<texture background="true" diffuse="view_diffuse.png" border="20,20,20,20">$INFO[listitem.path,,fanart.jpg]</texture>
												<visible>!Skin.HasSetting(_resourcesenabled)</visible>
										</control>
										<control type="largeimage">
												<posx>400</posx>
												<posy>160</posy>
												<width>830</width>
												<height>390</height>
												<aspectratio scalediffuse="false">scale</aspectratio>
												<fadetime>FanartCrossfadeTime</fadetime>
												<texture background="true" diffuse="view_diffuse.png" border="20,20,20,20">$INFO[listitem.path,,_resources\artwork\fanart.jpg]</texture>
												<visible>Skin.HasSetting(_resourcesenabled)</visible>
										</control>
										<control type="largeimage">
												<posx>400</posx>
												<posy>160</posy>
												<width>830</width>
												<height>390</height>
												<aspectratio scalediffuse="false">scale</aspectratio>
												<fadetime>FanartCrossfadeTime</fadetime>
												<texture background="true" diffuse="view_diffuse.png" border="20,20,20,20">Special://skin/extras/folder fanart/$INFO[ListItem.Label].jpg</texture>
												<visible>ListItem.IsFolder</visible>
										</control>
										<control type="image">
												<posx>415</posx>
												<posy>170r</posy>
												<width>40</width>
												<height>40</height>
												<aspectratio>stretch</aspectratio>
												<texture>overlay-watched.png</texture>
												<visible>IntegerGreaterThan(ListItem.ProgramCount,0)</visible>
										</control>
										<control type="image">
												<posx>415</posx>
												<posy>170r</posy>
												<width>40</width>
												<height>40</height>
												<aspectratio>stretch</aspectratio>
												<texture>$INFO[listitem.overlay]</texture>
												<animation reversible="false" effect="slide" start="0,0" end="45,0" time="0" condition="IntegerGreaterThan(ListItem.ProgramCount,0)">Conditional</animation>
										</control>
										<control type="label">
												<posx>410</posx>
												<posy>110</posy>
												<width>790</width>
												<height>20</height>
												<font>size_35</font>
												<textcolor>$VAR[var-labelcolour]</textcolor>
												<scroll>true</scroll>
												<align>left</align>
												<label>[UPPERCASE]$INFO[ListItem.Label][/UPPERCASE]</label>
										</control>
								</itemlayout>
								<focusedlayout width="1280" height="720">
										<control type="image">
												<posx>40</posx>
												<posy>100</posy>
												<width>1200</width>
												<height>500</height>
												<aspectratio>stretch</aspectratio>
												<texture>view_background_alt.png</texture>
										</control>
										<control type="image">
												<posx>50</posx>
												<posy>110</posy>
												<width>340</width>
												<height>480</height>
												<aspectratio>keep</aspectratio>
												<fadetime>ThumbCrossfadeTime</fadetime>
												<texture background="true" diffuse="view_diffuse_alt_thumb.png" fallback="no_poster.jpg">$INFO[listitem.icon]</texture>
												<visible>!Skin.HasSetting(_resourcesenabled)</visible>
										</control>
										<control type="image">
												<posx>50</posx>
												<posy>110</posy>
												<width>340</width>
												<height>480</height>
												<aspectratio>stretch</aspectratio>
												<fadetime>ThumbCrossfadeTime</fadetime>
												<texture background="true" diffuse="view_diffuse_alt_thumb.png">no_poster.jpg</texture>
												<visible>Skin.HasSetting(_resourcesenabled)</visible>
										</control>
										<control type="image">
												<posx>50</posx>
												<posy>110</posy>
												<width>340</width>
												<height>480</height>
												<aspectratio>keep</aspectratio>
												<fadetime>ThumbCrossfadeTime</fadetime>
												<texture background="true" diffuse="view_diffuse_alt_thumb.png">$INFO[listitem.icon]</texture>
												<visible>!IsEmpty(ListItem.Thumb) + ListItem.IsFolder + Skin.HasSetting(_resourcesenabled)</visible>
										</control>
										<control type="largeimage">
												<posx>50</posx>
												<posy>110</posy>
												<width>340</width>
												<height>480</height>
												<aspectratio>stretch</aspectratio>
												<fadetime>ThumbCrossfadeTime</fadetime>
												<texture background="true" diffuse="view_diffuse_alt_thumb.png">$INFO[listitem.path,,_resources\artwork\poster.jpg]</texture>
												<visible>Skin.HasSetting(_resourcesenabled)</visible>
										</control>
										<control type="image">
												<posx>401</posx>
												<posy>161</posy>
												<width>828</width>
												<height>388</height>
												<aspectratio scalediffuse="false">scale</aspectratio>
												<fadetime>FanartCrossfadeTime</fadetime>
												<texture background="true" diffuse="view_diffuse.png" border="20,20,20,20">no_fanart.jpg</texture>
										</control>
										<control type="largeimage">
												<posx>400</posx>
												<posy>160</posy>
												<width>830</width>
												<height>390</height>
												<aspectratio scalediffuse="false">scale</aspectratio>
												<fadetime>FanartCrossfadeTime</fadetime>
												<texture background="true" diffuse="view_diffuse.png" border="20,20,20,20">$INFO[listitem.path,,fanart.jpg]</texture>
												<visible>!Skin.HasSetting(_resourcesenabled)</visible>
										</control>
										<control type="largeimage">
												<posx>400</posx>
												<posy>160</posy>
												<width>830</width>
												<height>390</height>
												<aspectratio scalediffuse="false">scale</aspectratio>
												<fadetime>FanartCrossfadeTime</fadetime>
												<texture background="true" diffuse="view_diffuse.png" border="20,20,20,20">$INFO[listitem.path,,_resources\artwork\fanart.jpg]</texture>
												<visible>Skin.HasSetting(_resourcesenabled)</visible>
										</control>
										<control type="largeimage">
												<posx>400</posx>
												<posy>160</posy>
												<width>830</width>
												<height>390</height>
												<aspectratio scalediffuse="false">scale</aspectratio>
												<fadetime>FanartCrossfadeTime</fadetime>
												<texture background="true" diffuse="view_diffuse.png" border="20,20,20,20">Special://skin/extras/folder fanart/$INFO[ListItem.Label].jpg</texture>
												<visible>ListItem.IsFolder</visible>
										</control>
										<control type="image">
												<posx>415</posx>
												<posy>170r</posy>
												<width>40</width>
												<height>40</height>
												<aspectratio>stretch</aspectratio>
												<texture>overlay-watched.png</texture>
												<visible>IntegerGreaterThan(ListItem.ProgramCount,0)</visible>
										</control>
										<control type="image">
												<posx>415</posx>
												<posy>170r</posy>
												<width>40</width>
												<height>40</height>
												<aspectratio>stretch</aspectratio>
												<texture>$INFO[listitem.overlay]</texture>
												<animation reversible="false" effect="slide" start="0,0" end="45,0" time="0" condition="IntegerGreaterThan(ListItem.ProgramCount,0)">Conditional</animation>
										</control>
										<control type="label">
												<posx>410</posx>
												<posy>110</posy>
												<width>790</width>
												<height>20</height>
												<font>size_35</font>
												<textcolor>$VAR[var-labelcolour]</textcolor>
												<scroll>true</scroll>
												<align>left</align>
												<label>[UPPERCASE]$INFO[ListItem.Label][/UPPERCASE]</label>
										</control>
								</focusedlayout>
						</control>
				</control>
		</include>
</includes>