<includes>
		<include name="CarouselView">
				<control type="group">
						<visible>Control.IsVisible(59) + !Control.IsVisible(50) + !Window.IsVisible(134) + !Window.IsVisible(3000)</visible>
						<control type="fixedlist" id="59">
								<left>0</left>
								<top>320</top>
								<width>1280</width>
								<height>460</height>
								<onleft>59</onleft>
								<onright>59</onright>
								<onup>9000</onup>
								<ondown>90</ondown>
								<viewtype label="view59">list</viewtype>
								<pagecontrol>90</pagecontrol>
								<scrolltime>230</scrolltime>
								<focusposition>1</focusposition>
								<movement>0</movement>
								<orientation>horizontal</orientation>
								<preloaditems>6</preloaditems>
								<itemlayout height="290" width="414">
										<control type="group">
												<left>119</left>
												<control type="image">
														<left>-6</left>
														<top>287</top>
														<width>225</width>
														<height>6</height>
														<aspectratio>stretch</aspectratio>
														<colordiffuse>F0FFFFFF</colordiffuse>
														<texture background="true">views/carousel/poster_shadow.png</texture>
												</control>
												<control type="image">
														<left>0</left>
														<top>0</top>
														<width>214</width>
														<height>290</height>
														<aspectratio>stretch</aspectratio>
														<texture background="true">no_poster.jpg</texture>
												</control>
												<control type="image">
														<left>0</left>
														<top>0</top>
														<width>214</width>
														<height>290</height>
														<aspectratio>stretch</aspectratio>
														<texture background="true">$INFO[listitem.icon]</texture>
														<visible>!Skin.HasSetting(_resourcesenabled)</visible>
												</control>
												<control type="group">
														<visible>Skin.HasSetting(_resourcesenabled)</visible>
														<control type="image">
																<left>0</left>
																<top>0</top>
																<width>214</width>
																<height>290</height>
																<aspectratio>stretch</aspectratio>
																<texture background="true">$INFO[listitem.icon]</texture>
																<visible>ListItem.IsFolder</visible>
														</control>
														<control type="largeimage">
																<left>0</left>
																<top>0</top>
																<width>214</width>
																<height>290</height>
																<aspectratio>stretch</aspectratio>
																<texture background="true">$INFO[listitem.path,,_resources\artwork\poster.jpg]</texture>
														</control>
												</control>
												<control type="image">
														<left>10</left>
														<top>33</top>
														<width>25</width>
														<height>25</height>
														<aspectratio>stretch</aspectratio>
														<texture>overlay-watched.png</texture>
														<visible>IntegerGreaterThan(ListItem.ProgramCount,0)</visible>
														<animation reversible="false" effect="fade" start="100" end="0" time="0" condition="Container(59).OnScrollNext">Conditional</animation>
														<animation reversible="false" effect="fade" start="100" end="0" time="0" condition="Container(59).OnScrollPrevious">Conditional</animation>
														<visible>!Skin.HasSetting(HidePlayedIndicator)</visible>
												</control>
												<control type="image">
														<left>10</left>
														<top>35</top>
														<width>25</width>
														<height>25</height>
														<aspectratio>stretch</aspectratio>
														<texture>$INFO[listitem.overlay]</texture>
														<animation reversible="false" effect="slide" start="0,0" end="0,23" time="0" condition="!Skin.HasSetting(HidePlayedIndicator) + IntegerGreaterThan(ListItem.ProgramCount,0)">Conditional</animation>
														<animation reversible="false" effect="fade" start="100" end="0" time="0" condition="Container(59).OnScrollNext">Conditional</animation>
														<animation reversible="false" effect="fade" start="100" end="0" time="0" condition="Container(59).OnScrollPrevious">Conditional</animation>
														<visible>!Skin.HasSetting(HideTrainerIndicator)</visible>
												</control>
												<!-- Flipped images -->
												<control type="image">
														<left>0</left>
														<top>290</top>
														<width>214</width>
														<height>290</height>
														<aspectratio>stretch</aspectratio>
														<texture background="true" flipy="true" diffuse="views/carousel/diffuse_mirror.png">no_poster.jpg</texture>
												</control>
												<control type="image">
														<left>0</left>
														<top>290</top>
														<width>214</width>
														<height>290</height>
														<aspectratio>stretch</aspectratio>
														<texture background="true" flipy="true" diffuse="views/carousel/diffuse_mirror.png">$INFO[listitem.icon]</texture>
														<visible>!Skin.HasSetting(_resourcesenabled)</visible>
												</control>
												<control type="largeimage">
														<left>0</left>
														<top>290</top>
														<width>214</width>
														<height>290</height>
														<aspectratio>stretch</aspectratio>
														<texture background="true" flipy="true" diffuse="views/carousel/diffuse_mirror.png">$INFO[listitem.path,,_resources\artwork\poster_small_blurred.jpg]</texture>
														<visible>Skin.HasSetting(_resourcesenabled)</visible>
												</control>
										</control>
								</itemlayout>
								<focusedlayout height="290" width="414">
										<control type="group">
												<left>119</left>
												<control type="image">
														<left>-6</left>
														<top>287</top>
														<width>225</width>
														<height>6</height>
														<aspectratio>stretch</aspectratio>
														<texture background="true">views/carousel/poster_shadow.png</texture>
														<colordiffuse>F0FFFFFF</colordiffuse>
														<animation reversible="false" effect="zoom" start="-6,267,225,6" end="-18,263,250,8" time="100">focus</animation>
														<animation reversible="false" effect="zoom" end="-6,267,225,6" start="-18,263,250,8" time="100">unfocus</animation>
												</control>
												<control type="image">
														<left>0</left>
														<top>0</top>
														<width>214</width>
														<height>290</height>
														<aspectratio>stretch</aspectratio>
														<texture background="true">no_poster.jpg</texture>
														<animation reversible="false" effect="zoom" start="0,0,214,290" end="-10,-36,234,330" time="100">focus</animation>
														<animation reversible="false" effect="zoom" end="0,0,214,290" start="-10,-36,234,330" time="100">unfocus</animation>
												</control>
												<control type="image">
														<left>0</left>
														<top>0</top>
														<width>214</width>
														<height>290</height>
														<aspectratio>stretch</aspectratio>
														<texture background="true">$INFO[listitem.icon]</texture>
														<animation reversible="false" effect="zoom" start="0,0,214,290" end="-10,-36,234,330" time="100">focus</animation>
														<animation reversible="false" effect="zoom" end="0,0,214,290" start="-10,-36,234,330" time="100">unfocus</animation>
														<visible>!Skin.HasSetting(_resourcesenabled)</visible>
												</control>
												<control type="group">
														<visible>Skin.HasSetting(_resourcesenabled)</visible>
														<control type="image">
																<left>0</left>
																<top>0</top>
																<width>214</width>
																<height>290</height>
																<aspectratio>stretch</aspectratio>
																<texture background="true">$INFO[listitem.icon]</texture>
																<visible>ListItem.IsFolder</visible>
																<animation reversible="false" effect="zoom" start="0,0,214,290" end="-10,-36,234,330" time="100">focus</animation>
																<animation reversible="false" effect="zoom" end="0,0,214,290" start="-10,-36,234,330" time="100">unfocus</animation>
														</control>
														<control type="largeimage">
																<left>0</left>
																<top>0</top>
																<width>214</width>
																<height>290</height>
																<aspectratio>stretch</aspectratio>
																<texture background="true" border="5">$INFO[listitem.path,,_resources\artwork\poster.jpg]</texture>
																<animation reversible="false" effect="zoom" start="0,0,214,290" end="-10,-36,234,330" time="100">focus</animation>
																<animation reversible="false" effect="zoom" end="0,0,214,290" start="-10,-36,234,330" time="100">unfocus</animation>
														</control>
												</control>
												<control type="image">
														<left>10</left>
														<top>35</top>
														<width>25</width>
														<height>25</height>
														<aspectratio>stretch</aspectratio>
														<texture>overlay-watched.png</texture>
														<visible>IntegerGreaterThan(ListItem.ProgramCount,0)</visible>
														<animation reversible="false" effect="zoom" start="10,35,25,25" end="0,3,30,30" time="100">focus</animation>
														<animation reversible="false" effect="zoom" end="10,35,25,25" start="0,3,30,30" time="100">unfocus</animation>
														<animation reversible="false" effect="fade" start="100" end="0" time="0" condition="Container(59).OnScrollNext">Conditional</animation>
														<animation reversible="false" effect="fade" start="100" end="0" time="0" condition="Container(59).OnScrollPrevious">Conditional</animation>
														<visible>!Skin.HasSetting(HidePlayedIndicator)</visible>
												</control>
												<control type="image">
														<left>10</left>
														<top>35</top>
														<width>25</width>
														<height>25</height>
														<aspectratio>stretch</aspectratio>
														<texture>$INFO[listitem.overlay]</texture>
														<animation reversible="false" effect="zoom" start="10,55,25,25" end="0,26,30,30" time="100">focus</animation>
														<animation reversible="false" effect="zoom" end="10,55,25,25" start="0,26,30,30" time="100">unfocus</animation>
														<animation reversible="false" effect="slide" start="0,0" end="0,23" time="0" condition="!Skin.HasSetting(HidePlayedIndicator) + IntegerGreaterThan(ListItem.ProgramCount,0)">Conditional</animation>
														<animation reversible="false" effect="fade" start="100" end="0" time="0" condition="Container(59).OnScrollNext">Conditional</animation>
														<animation reversible="false" effect="fade" start="100" end="0" time="0" condition="Container(59).OnScrollPrevious">Conditional</animation>
														<visible>!Skin.HasSetting(HideTrainerIndicator)</visible>
												</control>
												<!-- Flipped images -->
												<control type="image">
														<left>0</left>
														<top>290</top>
														<width>214</width>
														<height>290</height>
														<aspectratio>stretch</aspectratio>
														<texture background="true" flipy="true" diffuse="views/carousel/diffuse_mirror.png">no-poster.jpg</texture>
														<animation reversible="false" effect="zoom" start="5,294,214,280" end="-5,300,234,330" time="100">focus</animation>
														<animation reversible="false" effect="zoom" end="0,294,214,280" start="-5,300,234,330" time="100">unfocus</animation>
												</control>
												<control type="largeimage">
														<left>0</left>
														<top>290</top>
														<width>214</width>
														<height>290</height>
														<aspectratio>stretch</aspectratio>
														<texture background="true" flipy="true" diffuse="views/carousel/diffuse_mirror.png">$INFO[listitem.icon]</texture>
														<visible>!Skin.HasSetting(_resourcesenabled)</visible>
														<animation reversible="false" effect="zoom" start="5,294,214,280" end="-5,300,234,330" time="100">focus</animation>
														<animation reversible="false" effect="zoom" end="0,294,214,280" start="-5,300,234,330" time="100">unfocus</animation>
												</control>
												<control type="largeimage">
														<left>0</left>
														<top>290</top>
														<width>214</width>
														<height>290</height>
														<aspectratio>stretch</aspectratio>
														<texture background="true" flipy="true" diffuse="views/carousel/diffuse_mirror.png">$INFO[listitem.path,,_resources\artwork\poster_small_blurred.jpg]</texture>
														<visible>Skin.HasSetting(_resourcesenabled)</visible>
														<animation reversible="false" effect="zoom" start="5,294,214,280" end="-5,300,234,330" time="100">focus</animation>
														<animation reversible="false" effect="zoom" end="0,294,214,280" start="-5,300,234,330" time="100">unfocus</animation>
												</control>
										</control>
								</focusedlayout>
						</control>
						<control type="label">
								<left>0</left>
								<top>95r</top>
								<width>1280</width>
								<height>36</height>
								<font>size_35</font>
								<textcolor>$VAR[var-labelcolour]</textcolor>
								<scroll>true</scroll>
								<align>center</align>
								<aligny>center</aligny>
								<label>[UPPERCASE]$INFO[ListItem.Label][/UPPERCASE]</label>
								<animation effect="fade" start="100" end="0" time="0" condition="Skin.HasSetting(hidefoldernames) + !Container(59).ListItem.IsFolder">Conditional</animation>
								<animation effect="fade" start="100" end="0" time="0" condition="Skin.HasSetting(hidegamenames) + Container(59).ListItem.IsFolder">Conditional</animation>
						</control>
						<control type="scrollbar" id="90">
								<onup>59</onup>
								<include condition="Control.IsVisible(59)">ViewScrollBarHor</include>
						</control>
				</control>
		</include>
</includes>