<includes>
		<include name="LandscapeView">
				<control type="group">
						<visible>Control.IsVisible(53) + !Control.IsVisible(50) + !Window.IsVisible(134) + !Window.IsVisible(3000)</visible>
						<control type="group">
								<control type="fixedlist" id="53">
										<left>0</left>
										<top>410</top>
										<width>1280</width>
										<height>430</height>
										<onleft>53</onleft>
										<onright>53</onright>
										<onup>9000</onup>
										<ondown>90</ondown>
										<viewtype label="view53">list</viewtype>
										<pagecontrol>90</pagecontrol>
										<scrolltime>230</scrolltime>
										<focusposition>2</focusposition>
										<movement>0</movement>
										<orientation>horizontal</orientation>
										<preloaditems>6</preloaditems>
										<itemlayout height="180" width="320">
												<control type="group">
														<left>-160</left>
														<control type="image">
																<left>5</left>
																<top>5</top>
																<width>310</width>
																<height>170</height>
																<aspectratio>stretch</aspectratio>
																<texture background="true">views/landscape/thumbnf.png</texture>
														</control>
														<control type="image">
																<left>5</left>
																<top>5</top>
																<width>310</width>
																<height>170</height>
																<aspectratio>scale</aspectratio>
																<texture background="true" fallback="no_thumb.jpg">$INFO[listitem.icon]</texture>
																<visible>!Skin.HasSetting(_resourcesenabled)</visible>
														</control>
														<control type="group">
																<visible>Skin.HasSetting(_resourcesenabled)</visible>
																<control type="image">
																		<left>5</left>
																		<top>5</top>
																		<width>310</width>
																		<height>170</height>
																		<aspectratio>stretch</aspectratio>
																		<texture background="true">no_thumb.jpg</texture>
																</control>
																<control type="image">
																		<left>5</left>
																		<top>5</top>
																		<width>310</width>
																		<height>170</height>
																		<aspectratio aligny="bottom">scale</aspectratio>
																		<texture background="true">$INFO[listitem.icon]</texture>
																		<visible>ListItem.IsFolder</visible>
																</control>
																<control type="largeimage">
																		<left>5</left>
																		<top>5</top>
																		<width>310</width>
																		<height>170</height>
																		<aspectratio>stretch</aspectratio>
																		<texture>$INFO[listitem.path,,_resources\artwork\thumb.jpg]</texture>
																</control>
														</control>
														<control type="image">
																<left>8</left>
																<top>8</top>
																<width>25</width>
																<height>25</height>
																<aspectratio>stretch</aspectratio>
																<texture>$INFO[listitem.overlay]</texture>
														</control>
												</control>
										</itemlayout>
										<focusedlayout height="180" width="320">
												<control type="group">
														<left>-160</left>
														<control type="image">
																<left>5</left>
																<top>5</top>
																<width>310</width>
																<height>170</height>
																<aspectratio>stretch</aspectratio>
																<texture background="true">views/landscape/thumbnf.png</texture>
																<bordersize>1</bordersize>
														</control>
														<control type="image">
																<left>5</left>
																<top>5</top>
																<width>310</width>
																<height>170</height>
																<aspectratio>scale</aspectratio>
																<texture background="true" fallback="no_thumb.jpg">$INFO[listitem.icon]</texture>
																<visible>!Skin.HasSetting(_resourcesenabled)</visible>
														</control>
														<control type="group">
																<visible>Skin.HasSetting(_resourcesenabled)</visible>
																<control type="image">
																		<left>5</left>
																		<top>5</top>
																		<width>310</width>
																		<height>170</height>
																		<aspectratio>stretch</aspectratio>
																		<texture background="true">no_thumb.jpg</texture>
																</control>
																<control type="image">
																		<left>5</left>
																		<top>5</top>
																		<width>310</width>
																		<height>170</height>
																		<aspectratio aligny="bottom">scale</aspectratio>
																		<texture background="true">$INFO[listitem.icon]</texture>
																		<visible>ListItem.IsFolder</visible>
																</control>
																<control type="largeimage">
																		<left>5</left>
																		<top>5</top>
																		<width>310</width>
																		<height>170</height>
																		<aspectratio>stretch</aspectratio>
																		<texture>$INFO[listitem.path,,_resources\artwork\thumb.jpg]</texture>
																</control>
														</control>
														<control type="image">
																<left>0</left>
																<top>0</top>
																<width>320</width>
																<height>180</height>
																<aspectratio>stretch</aspectratio>
																<texture background="true" border="5">views/landscape/poster-border.png</texture>
														</control>
														<control type="image">
																<left>8</left>
																<top>8</top>
																<width>25</width>
																<height>25</height>
																<aspectratio>stretch</aspectratio>
																<texture>$INFO[listitem.overlay]</texture>
														</control>
												</control>
										</focusedlayout>
								</control>
								<control type="label">
										<left>0</left>
										<top>115r</top>
										<width>1280</width>
										<height>36</height>
										<font>size_35</font>
										<textcolor>$VAR[var-labelcolour]</textcolor>
										<scroll>true</scroll>
										<align>center</align>
										<aligny>center</aligny>
										<label>[UPPERCASE]$INFO[ListItem.Label][/UPPERCASE]</label>
										<animation effect="fade" start="100" end="0" time="0" condition="Skin.HasSetting(hidefoldernames) + !Container(53).ListItem.IsFolder">Conditional</animation>
										<animation effect="fade" start="100" end="0" time="0" condition="Skin.HasSetting(hidegamenames) + Container(53).ListItem.IsFolder">Conditional</animation>
								</control>
								<control type="label">
										<left>0</left>
										<top>640</top>
										<width>1280</width>
										<height>30</height>
										<font>size_15</font>
										<textcolor>$VAR[var-labelcolour]</textcolor>
										<scroll>true</scroll>
										<align>center</align>
										<aligny>center</aligny>
										<label>$LOCALIZE[31186]</label>
										<visible>StringCompare(ListItem.ProgramCount,0) + !ListItem.IsFolder</visible>
										<animation effect="fade" start="100" end="0" time="0" condition="Skin.HasSetting(hidefoldernames) + !Container(53).ListItem.IsFolder">Conditional</animation>
										<animation effect="fade" start="100" end="0" time="0" condition="Skin.HasSetting(hidegamenames) + Container(53).ListItem.IsFolder">Conditional</animation>
								</control>
								<control type="label">
										<left>0</left>
										<top>640</top>
										<width>1280</width>
										<height>30</height>
										<font>size_15</font>
										<textcolor>$VAR[var-labelcolour]</textcolor>
										<scroll>true</scroll>
										<align>center</align>
										<aligny>center</aligny>
										<label>$LOCALIZE[31187] $INFO[ListItem.ProgramCount,, $LOCALIZE[31188]]</label>
										<visible>StringCompare(ListItem.ProgramCount,1) + !ListItem.IsFolder</visible>
										<animation effect="fade" start="100" end="0" time="0" condition="Skin.HasSetting(hidefoldernames) + !Container(53).ListItem.IsFolder">Conditional</animation>
										<animation effect="fade" start="100" end="0" time="0" condition="Skin.HasSetting(hidegamenames) + Container(53).ListItem.IsFolder">Conditional</animation>
								</control>
								<control type="label">
										<left>0</left>
										<top>640</top>
										<width>1280</width>
										<height>30</height>
										<font>size_15</font>
										<textcolor>$VAR[var-labelcolour]</textcolor>
										<scroll>true</scroll>
										<align>center</align>
										<aligny>center</aligny>
										<label>$LOCALIZE[31187] $INFO[ListItem.ProgramCount,, $LOCALIZE[31189]]</label>
										<visible>IntegerGreaterThan(ListItem.ProgramCount,1) + !ListItem.IsFolder</visible>
										<animation effect="fade" start="100" end="0" time="0" condition="Skin.HasSetting(hidefoldernames) + !Container(53).ListItem.IsFolder">Conditional</animation>
										<animation effect="fade" start="100" end="0" time="0" condition="Skin.HasSetting(hidegamenames) + Container(53).ListItem.IsFolder">Conditional</animation>
								</control>
								<control type="scrollbar" id="90">
										<onup>53</onup>
										<include condition="Control.IsVisible(53)">ViewScrollBarHor</include>
								</control>
						</control>
				</control>
		</include>
</includes>