<includes>
		<include name="BannerView">
				<control type="group">
						<visible>Control.IsVisible(55) + !Control.IsVisible(50) + !Window.IsVisible(134) + !Window.IsVisible(3000)</visible>
						<control type="group">
								<left>55</left>
								<top>55</top>
								<control type="image">
										<left>0</left>
										<top>0</top>
										<width>1170</width>
										<height>620</height>
										<aspectratio>stretch</aspectratio>
										<texture background="true">views/banner/thumbnf.png</texture>
								</control>
								<control type="image">
										<left>580</left>
										<top>0</top>
										<width>10</width>
										<height>620</height>
										<aspectratio>scale</aspectratio>
										<texture background="true" border="2,2,2,2">views/banner/scrollbar_bar_back.png</texture>
								</control>
								<!-- fanart -->
								<control type="image">
										<left>595</left>
										<top>5</top>
										<width>570</width>
										<height>321</height>
										<aspectratio>stretch</aspectratio>
										<fadetime>FanartCrossfadeTime</fadetime>
										<texture background="true">no_fanart.jpg</texture>
								</control>
								<control type="largeimage">
										<left>595</left>
										<top>5</top>
										<width>570</width>
										<height>321</height>
										<aspectratio>stretch</aspectratio>
										<fadetime>FanartCrossfadeTime</fadetime>
										<texture>$INFO[listitem.path,,fanart.jpg]</texture>
										<visible>!Skin.HasSetting(_resourcesenabled)</visible>
								</control>
								<control type="largeimage">
										<left>595</left>
										<top>5</top>
										<width>570</width>
										<height>321</height>
										<aspectratio>stretch</aspectratio>
										<fadetime>FanartCrossfadeTime</fadetime>
										<texture>$INFO[listitem.path,,_resources\artwork\fanart.jpg]</texture>
										<visible>Skin.HasSetting(_resourcesenabled)</visible>
								</control>
								<control type="largeimage">
										<left>595</left>
										<top>5</top>
										<width>570</width>
										<height>321</height>
										<aspectratio>stretch</aspectratio>
										<fadetime>FanartCrossfadeTime</fadetime>
										<texture>Special://skin/extras/folder fanart/$INFO[ListItem.Label].jpg</texture>
										<visible>ListItem.IsFolder</visible>
								</control>
								<control type="image">
										<left>595</left>
										<top>5</top>
										<width>570</width>
										<height>321</height>
										<aspectratio>stretch</aspectratio>
										<texture background="true">views/banner/glassoverlay.png</texture>
								</control>
								<control type="image">
										<left>595</left>
										<top>5</top>
										<width>570</width>
										<height>321</height>
										<aspectratio>stretch</aspectratio>
										<colordiffuse>view55_info_label_alt</colordiffuse>
										<texture background="true" border="5">views/banner/poster-border.png</texture>
								</control>
								<!-- game info -->
								<control type="label">
										<left>595</left>
										<top>360</top>
										<width>570</width>
										<height>20</height>
										<font>size_28</font>
										<textcolor>view55_info_label</textcolor>
										<scroll>true</scroll>
										<align>left</align>
										<aligny>center</aligny>
										<label>[UPPERCASE]$INFO[ListItem.Label][/UPPERCASE]</label>
										<visible>Skin.HasSetting(_resourcesenabled)</visible>
								</control>
								<control type="label">
										<left>595</left>
										<top>420</top>
										<width>570</width>
										<height>20</height>
										<font>size_20</font>
										<textcolor>view55_info_label_alt</textcolor>
										<scroll>true</scroll>
										<align>left</align>
										<aligny>center</aligny>
										<label>$LOCALIZE[31192]</label>
								</control>
								<control type="label">
										<left>600</left>
										<top>445</top>
										<width>570</width>
										<height>20</height>
										<font>size_20</font>
										<textcolor>view55_info_label</textcolor>
										<scroll>true</scroll>
										<align>left</align>
										<aligny>center</aligny>
										<label>$LOCALIZE[31191]</label>
										<visible>StringCompare(ListItem.ProgramCount,0)</visible>
								</control>
								<control type="label">
										<left>600</left>
										<top>445</top>
										<width>570</width>
										<height>20</height>
										<font>size_20</font>
										<textcolor>view55_info_label</textcolor>
										<scroll>true</scroll>
										<align>left</align>
										<aligny>center</aligny>
										<label>$INFO[ListItem.ProgramCount,, $LOCALIZE[31188]]</label>
										<visible>StringCompare(ListItem.ProgramCount,1)</visible>
								</control>
								<control type="label">
										<left>600</left>
										<top>445</top>
										<width>570</width>
										<height>20</height>
										<font>size_20</font>
										<textcolor>view55_info_label</textcolor>
										<scroll>true</scroll>
										<align>left</align>
										<aligny>center</aligny>
										<label>$INFO[ListItem.ProgramCount,, $LOCALIZE[31189]]</label>
										<visible>IntegerGreaterThan(ListItem.ProgramCount,1)</visible>
								</control>
								<control type="label">
										<left>595</left>
										<top>470</top>
										<width>570</width>
										<height>20</height>
										<font>size_20</font>
										<textcolor>view55_info_label_alt</textcolor>
										<scroll>true</scroll>
										<align>left</align>
										<aligny>center</aligny>
										<label>$LOCALIZE[31193]</label>
								</control>
								<control type="label">
										<left>600</left>
										<top>495</top>
										<width>570</width>
										<height>20</height>
										<font>size_20</font>
										<textcolor>view55_info_label</textcolor>
										<scroll>true</scroll>
										<align>left</align>
										<aligny>center</aligny>
										<label>$INFO[ListItem.Label2]</label>
								</control>
								<control type="label">
										<left>595</left>
										<top>520</top>
										<width>570</width>
										<height>20</height>
										<font>size_20</font>
										<textcolor>view55_info_label_alt</textcolor>
										<scroll>true</scroll>
										<align>left</align>
										<aligny>center</aligny>
										<label>$LOCALIZE[31194]</label>
								</control>
								<control type="label">
										<left>600</left>
										<top>545</top>
										<width>570</width>
										<height>20</height>
										<font>size_20</font>
										<textcolor>view55_info_label</textcolor>
										<scroll>true</scroll>
										<align>left</align>
										<aligny>center</aligny>
										<label>$INFO[ListItem.Path]</label>
								</control>
								<control type="grouplist">
										<description>Control Info</description>
										<left>600</left>
										<top>578</top>
										<width>570</width>
										<height>30</height>
										<itemgap>5</itemgap>
										<orientation>Horizontal</orientation>
										<control type="image">
												<left>0</left>
												<top>0</top>
												<width>30</width>
												<height>30</height>
												<aspectratio>stretch</aspectratio>
												<texture background="true">overlay-watched.png</texture>
												<visible>IntegerGreaterThan(ListItem.ProgramCount,0)</visible>
										</control>
										<control type="image">
												<left>0</left>
												<top>0</top>
												<width>30</width>
												<height>30</height>
												<aspectratio>stretch</aspectratio>
												<texture background="true">$INFO[listitem.overlay]</texture>
										</control>
								</control>
								<control type="list" id="55">
										<left>5</left>
										<top>5</top>
										<width>570</width>
										<height>610</height>
										<onleft>9000</onleft>
										<onright>90</onright>
										<onup>55</onup>
										<ondown>55</ondown>
										<viewtype label="view55">list</viewtype>
										<pagecontrol>90</pagecontrol>
										<scrolltime>230</scrolltime>
										<orientation>vertical</orientation>
										<preloaditems>4</preloaditems>
										<itemlayout height="122" width="570">
												<control type="group">
														<visible>!Skin.HasSetting(_resourcesenabled)</visible>
														<control type="image">
																<left>10</left>
																<top>10</top>
																<width>100</width>
																<height>100</height>
																<aspectratio>scale</aspectratio>
																<texture background="true">$INFO[listitem.icon]</texture>
																<bordertexture border="5">-</bordertexture>
																<bordersize>1</bordersize>
																<visible>!Skin.HasSetting(imagestretchmode)</visible>
														</control>
														<control type="image">
																<left>10</left>
																<top>10</top>
																<width>100</width>
																<height>100</height>
																<aspectratio>stretch</aspectratio>
																<texture background="true">$INFO[listitem.icon]</texture>
																<bordertexture border="5">-</bordertexture>
																<bordersize>1</bordersize>
																<visible>Skin.HasSetting(imagestretchmode)</visible>
														</control>
														<control type="label">
																<left>120</left>
																<top>10</top>
																<width>420</width>
																<height>100</height>
																<font>size_24</font>
																<textcolor>view55_info_label</textcolor>
																<scroll>true</scroll>
																<align>left</align>
																<aligny>center</aligny>
																<label>[UPPERCASE]$INFO[ListItem.Label][/UPPERCASE]</label>
																<wrapmultiline>true</wrapmultiline>
														</control>
												</control>
												<control type="group">
														<visible>Skin.HasSetting(_resourcesenabled)</visible>
														<control type="image">
																<left>0</left>
																<top>0</top>
																<width>570</width>
																<height>120</height>
																<aspectratio>stretch</aspectratio>
																<texture background="true">no_banner.png</texture>
																<bordertexture border="5">-</bordertexture>
																<bordersize>1</bordersize>
														</control>
														<control type="largeimage">
																<left>0</left>
																<top>0</top>
																<width>570</width>
																<height>120</height>
																<aspectratio>stretch</aspectratio>
																<texture>$INFO[listitem.path,,_resources\artwork\banner.png]</texture>
																<bordertexture border="5">-</bordertexture>
																<bordersize>1</bordersize>
														</control>
												</control>
										</itemlayout>
										<focusedlayout height="122" width="570">
												<control type="group">
														<visible>!Skin.HasSetting(_resourcesenabled)</visible>
														<control type="image">
																<left>10</left>
																<top>10</top>
																<width>100</width>
																<height>100</height>
																<aspectratio>scale</aspectratio>
																<texture background="true">$INFO[listitem.icon]</texture>
																<bordertexture border="5">-</bordertexture>
																<bordersize>1</bordersize>
																<visible>!Skin.HasSetting(imagestretchmode)</visible>
														</control>
														<control type="image">
																<left>10</left>
																<top>10</top>
																<width>100</width>
																<height>100</height>
																<aspectratio>stretch</aspectratio>
																<texture background="true">$INFO[listitem.icon]</texture>
																<bordertexture border="5">-</bordertexture>
																<bordersize>1</bordersize>
																<visible>Skin.HasSetting(imagestretchmode)</visible>
														</control>
														<control type="label">
																<left>120</left>
																<top>10</top>
																<width>420</width>
																<height>100</height>
																<font>size_24</font>
																<textcolor>view55_info_label</textcolor>
																<scroll>true</scroll>
																<align>left</align>
																<aligny>center</aligny>
																<label>[UPPERCASE]$INFO[ListItem.Label][/UPPERCASE]</label>
																<wrapmultiline>true</wrapmultiline>
														</control>
												</control>
												<control type="group">
														<visible>Skin.HasSetting(_resourcesenabled)</visible>
														<control type="image">
																<left>0</left>
																<top>0</top>
																<width>570</width>
																<height>120</height>
																<aspectratio>stretch</aspectratio>
																<texture background="true">no_banner.png</texture>
																<bordertexture border="5">-</bordertexture>
																<bordersize>1</bordersize>
														</control>
														<control type="largeimage">
																<left>0</left>
																<top>0</top>
																<width>570</width>
																<height>120</height>
																<aspectratio>stretch</aspectratio>
																<texture>$INFO[listitem.path,,_resources\artwork\banner.png]</texture>
																<bordertexture border="5">-</bordertexture>
																<bordersize>1</bordersize>
														</control>
												</control>
												<control type="image">
														<left>0</left>
														<top>0</top>
														<width>570</width>
														<height>120</height>
														<aspectratio>stretch</aspectratio>
														<colordiffuse>view55_info_label_alt</colordiffuse>
														<texture background="true" border="5">views/banner/poster-border.png</texture>
												</control>
										</focusedlayout>
								</control>
								<control type="scrollbar" id="90">
										<left>580</left>
										<top>0</top>
										<width>8</width>
										<height>620</height>
										<onleft>55</onleft>
										<orientation>vertical</orientation>
										<texturesliderbackground>-</texturesliderbackground>
										<include condition="Control.IsVisible(55)">ViewScrollBarVer</include>
								</control>
						</control>
				</control>
		</include>
</includes>