<includes>
		<include name="LGView">
				<control type="group">
						<visible>Control.IsVisible(69) + !Control.IsVisible(50) + !Window.IsVisible(134) + !Window.IsVisible(3000)</visible>
						<control type="group">
								<!-- <animation effect="slide" start="0,0" end="0,-20" time="100" condition="Control.HasFocus(90)">Conditional</animation> -->
								<control type="image">
										<left>0</left>
										<top>433</top>
										<width>1280</width>
										<height>227</height>
										<aspectratio scalediffuse="false">stretch</aspectratio>
										<texture background="true" border="10,10,10,10">views/lg/lg_thumb_underlay.png</texture>
								</control>
								<control type="fixedlist" id="69">
										<animation effect="zoom" reversable="true" start="0" end="80" time="0" condition="Control.IsVisible(69)">Conditional</animation>
										<left>454</left>
										<top>563</top>
										<width>1146</width>
										<height>300</height>
										<onleft>69</onleft>
										<onright>69</onright>
										<onup>9000</onup>
										<ondown>90</ondown>
										<viewtype label="view69">list</viewtype>
										<pagecontrol>90</pagecontrol>
										<scrolltime>210</scrolltime>
										<focusposition>1</focusposition>
										<movement>0</movement>
										<orientation>horizontal</orientation>
										<preloaditems>6</preloaditems>
										<itemlayout height="300" width="146">
												<control type="image">
														<left>0</left>
														<top>20</top>
														<width>134</width>
														<height>200</height>
														<aspectratio>stretch</aspectratio>
														<texture background="true">no_poster.jpg</texture>
												</control>
												<control type="image">
														<left>0</left>
														<top>20</top>
														<width>134</width>
														<height>200</height>
														<aspectratio>keep</aspectratio>
														<texture background="true">$INFO[listitem.icon]</texture>
														<visible>!Skin.HasSetting(_resourcesenabled)</visible>
												</control>
												<control type="group">
														<visible>Skin.HasSetting(_resourcesenabled)</visible>
														<control type="image">
																<left>0</left>
																<top>20</top>
																<width>134</width>
																<height>200</height>
																<aspectratio>stretch</aspectratio>
																<texture background="true">$INFO[listitem.icon]</texture>
																<visible>ListItem.IsFolder</visible>
														</control>
														<control type="largeimage">
																<left>0</left>
																<top>20</top>
																<width>134</width>
																<height>200</height>
																<aspectratio>stretch</aspectratio>
																<texture background="true">$INFO[listitem.path,,_resources\artwork\poster.jpg]</texture>
														</control>
												</control>
										</itemlayout>
										<focusedlayout height="300" width="146">
												<control type="image">
														<left>-15</left>
														<top>0</top>
														<width>161</width>
														<height>240</height>
														<aspectratio>stretch</aspectratio>
														<texture background="true">no_poster.jpg</texture>
												</control>
												<control type="image">
														<left>-15</left>
														<top>0</top>
														<width>161</width>
														<height>240</height>
														<aspectratio>keep</aspectratio>
														<texture background="true">$INFO[listitem.icon]</texture>
														<visible>!Skin.HasSetting(_resourcesenabled)</visible>
												</control>
												<control type="group">
														<visible>Skin.HasSetting(_resourcesenabled)</visible>
														<control type="image">
																<left>-15</left>
																<top>0</top>
																<width>161</width>
																<height>240</height>
																<aspectratio>stretch</aspectratio>
																<texture background="true">$INFO[listitem.icon]</texture>
																<visible>ListItem.IsFolder</visible>
																<bordersize>5</bordersize>
														</control>
														<control type="largeimage">
																<left>-15</left>
																<top>0</top>
																<width>161</width>
																<height>240</height>
																<aspectratio>stretch</aspectratio>
																<texture background="true">$INFO[listitem.path,,_resources\artwork\poster.jpg]</texture>
																<bordersize>5</bordersize>
														</control>
												</control>
												<!-- Shared image -->
												<control type="image">
														<left>-15</left>
														<top>0</top>
														<width>161</width>
														<height>240</height>
														<aspectratio>stretch</aspectratio>
														<texture background="true" border="5">views/lg/poster-border.png</texture>
												</control>
										</focusedlayout>
								</control>
								<control type="image">
										<left>0</left>
										<top>0</top>
										<width>1280</width>
										<height>720</height>
										<aspectratio scalediffuse="false">stretch</aspectratio>
										<texture>views/lg/lg_blur_underlay.png</texture>
								</control>
								<control type="image">
										<left>0</left>
										<top>0</top>
										<width>1280</width>
										<height>720</height>
										<aspectratio scalediffuse="false">stretch</aspectratio>
										<colordiffuse>27FFFFFF</colordiffuse>
										<fadetime>FanartCrossfadeTime</fadetime>
										<texture background="true" diffuse="views/lg/lg_blur_diffuse.png">$INFO[listitem.path,,_resources\artwork\fanart-blur.jpg]</texture>
										<visible>Skin.HasSetting(fanartenabled)</visible>
								</control>
								<control type="label">
										<left>15</left>
										<top>455</top>
										<width>385</width>
										<height>100</height>
										<font>size_28</font>
										<textcolor>view69_info_label</textcolor>
										<align>left</align>
										<aligny>center</aligny>
										<label>[UPPERCASE]$INFO[ListItem.Label][/UPPERCASE]</label>
										<wrapmultiline>true</wrapmultiline>
								</control>
								<control type="group">
										<visible>!ListItem.IsFolder</visible>
										<control type="label">
												<left>15</left>
												<top>555</top>
												<width>279</width>
												<height>20</height>
												<font>size_17</font>
												<textcolor>view69_info_label_alt</textcolor>
												<scroll>true</scroll>
												<align>left</align>
												<aligny>center</aligny>
												<label>$LOCALIZE[31192]</label>
										</control>
										<control type="label">
												<left>15</left>
												<top>575</top>
												<width>279</width>
												<height>20</height>
												<font>size_17</font>
												<textcolor>view69_info_label</textcolor>
												<scroll>true</scroll>
												<align>left</align>
												<aligny>center</aligny>
												<label>$LOCALIZE[31191]</label>
												<visible>StringCompare(ListItem.ProgramCount,0)</visible>
										</control>
										<control type="label">
												<left>15</left>
												<top>575</top>
												<width>279</width>
												<height>20</height>
												<font>size_17</font>
												<textcolor>view69_info_label</textcolor>
												<scroll>true</scroll>
												<align>left</align>
												<aligny>center</aligny>
												<label>$INFO[ListItem.ProgramCount,, $LOCALIZE[31188]]</label>
												<visible>StringCompare(ListItem.ProgramCount,1)</visible>
										</control>
										<control type="label">
												<left>15</left>
												<top>575</top>
												<width>279</width>
												<height>20</height>
												<font>size_17</font>
												<textcolor>view69_info_label</textcolor>
												<scroll>true</scroll>
												<align>left</align>
												<aligny>center</aligny>
												<label>$INFO[ListItem.ProgramCount,, $LOCALIZE[31189]]</label>
												<visible>IntegerGreaterThan(ListItem.ProgramCount,1)</visible>
										</control>
										<control type="label">
												<left>15</left>
												<top>595</top>
												<width>279</width>
												<height>20</height>
												<font>size_17</font>
												<textcolor>view69_info_label_alt</textcolor>
												<scroll>true</scroll>
												<align>left</align>
												<aligny>center</aligny>
												<label>$LOCALIZE[31193]</label>
										</control>
										<control type="label">
												<left>15</left>
												<top>615</top>
												<width>279</width>
												<height>20</height>
												<font>size_17</font>
												<textcolor>view69_info_label</textcolor>
												<scroll>true</scroll>
												<align>left</align>
												<aligny>center</aligny>
												<label>$INFO[ListItem.Label2]</label>
										</control>
										<control type="image">
												<left>360</left>
												<top>612</top>
												<width>28</width>
												<height>28</height>
												<aspectratio>stretch</aspectratio>
												<texture background="true">$INFO[listitem.overlay]</texture>
										</control>
								</control>
						</control>
						<control type="scrollbar" id="90">
								<onup>69</onup>
								<include condition="Control.IsVisible(69)">ViewScrollBarHor</include>
						</control>
				</control>
		</include>
</includes>