<?xml version="1.0" encoding="Windows-1252" standalone="yes"?>
<addon id="File Patcher" name="File Patcher" version="1.0.0" provider-name="Rocky5">
		<requires>
				<import addon="xbmc.python" version="1.0" />
		</requires>
		<extension point="xbmc.python.script" library="default.py" />
		<extension point="xbmc.addon.metadata">
				<platform>all</platform>
				<summary lang="en">File Patcher</summary>
				<description lang="en">Used to patch games using .pf files</description>
		</extension>
</addon>