<Skin name="Ultimate Chromulous Remix">
		<Information>
				<Author>WHiTE BOi</Author>
				<Copyright>2004</Copyright>
				<Version>0.2.2</Version>
		</Information>
		<FileManager>
				<BackGround>filemanager.png</BackGround>
		</FileManager>
		<LoadingScreen ShowInfo="True">
				<BackGround>loading.png</BackGround>
		</LoadingScreen>
		<Main Globe="False" Orb="False">
				<InfoFont>Verdana_10.xpr</InfoFont>
				<BackGround EnableAudio="False">BG.wmv</BackGround>
				<Image Top="79" Left="3" Width="155" Height="108" Opacity="100" source="GameIcon" />
				<Image Source="GamePreview" />
				<Image Left="5" Top="0" Width="630" Height="475" Opacity="100">bg.png</Image>
				<Cellwall>Cell.png</Cellwall>
				<Orb>orb.png</Orb>
				<Icon>orb.png</Icon>
				<Menu Smooth="True" ShowArrows="False" Scroll="True" Align="Left" Rotate="False" ShowIcon="False">
						<Position Top="100" Scroll="True" Left="180" Width="445" Height="300" Fixed="False" FixAt="1" MaxItem="8">
						</Position>
						<Preview EnableAudio="False" Left="3" Top="79" Width="155" Height="108" />
				</Menu>
				<Text Left="160" Top="205" Align="Right" Color="0xFFFFFFFF" Source="$Time$">
				</Text>
				<Text Left="160" Top="225" Align="Right" Color="0xFFFFFFFF" Source="$Date$">
				</Text>
				<Text Left="160" Top="245" Align="Right" Color="0xFFFFFFFF" Source="$DVDTitle$">
				</Text>
				<Text Left="160" Top="265" Align="Right" Color="0xFFFFFFFF" Source="$Tray$">
				</Text>
				<Text Left="160" Top="285" Align="Right" Color="0xFFFFFFFF" Source="CPU:$CPUTempC$">
				</Text>
				<Text Left="160" Top="305" Align="Right" Color="0xFFFFFFFF" Source="MB:$MBTempC$">
				</Text>
				<Text Left="160" Top="325" Align="Right" Color="0xFFFFFFFF" Source="C:$C_FreeMB$">
				</Text>
				<Text Left="160" Top="345" Align="Right" Color="0xFFFFFFFF" Source="E:$E_FreeMB$">
				</Text>
				<Text Left="160" Top="365" Align="Right" Color="0xFFFFFFFF" Source="F:$F_FreeMB$">
				</Text>
				<Text Left="305" Top="15" Align="Right" Color="0xFF000000" Source="IP:$IP$">
				</Text>
				<Text Left="315" Top="15" Align="Left" Color="0xFF000000" Source="FTP Users:$NumClient$">
				</Text>
				<Text Left="200" Top="50" Align="Left" Color="0xFFFFFFFF" Source="$SongName$">
				</Text>
				<Text Left="200" Top="70" Align="Left" Color="0xFFFFFFFF" Source="$SongTime$">
				</Text>
				<Text Left="10" Top="450" Width="610" Scroll="True" Align="Left" Color="0xFF000000" Source="NewsFeed">
				</Text>
		</Main>
		<ColorScheme>
				<AMBIENT_FOGCOLOR>
				</AMBIENT_FOGCOLOR>
				<AMBIENT_SKYCOLOR>
				</AMBIENT_SKYCOLOR>
				<AMBIENT_CELLCOLOR>0x00FFFFFF</AMBIENT_CELLCOLOR>
				<CAPTION_TEXTCOLOR>0xFFFFFFFF</CAPTION_TEXTCOLOR>
				<CAPTION_BACKCOLOR>0xFF2E438D</CAPTION_BACKCOLOR>
				<DIALOG_BORDERCOLOR>0xFFFFFFFF</DIALOG_BORDERCOLOR>
				<DIALOG_BACKCOLOR>0xFF162043</DIALOG_BACKCOLOR>
				<DIALOG_INNER_BORDERCOLOR>0xFFFFFFFF</DIALOG_INNER_BORDERCOLOR>
				<DIALOG_INNER_BACKCOLOR>0xFF2E438D</DIALOG_INNER_BACKCOLOR>
				<DIALOG_TEXTCOLOR>0xFFFFFFFF</DIALOG_TEXTCOLOR>
				<DIALOG_DISABLEDTEXT>0xFFC0C0C0</DIALOG_DISABLEDTEXT>
				<OPTION_TEXTCOLOR>0xFFFFFFFF</OPTION_TEXTCOLOR>
				<OPTION_ACTIVETEXTCOLOR>0xFFFFFFFF</OPTION_ACTIVETEXTCOLOR>
				<OPTION_ACTIVEBACKCOLOR>
				</OPTION_ACTIVEBACKCOLOR>
				<BUTTON_BORDERCOLOR>
				</BUTTON_BORDERCOLOR>
				<BUTTON_TEXTCOLOR>0xFF02C90C</BUTTON_TEXTCOLOR>
				<BUTTON_BACKCOLOR>0xCD636482</BUTTON_BACKCOLOR>
				<BUTTON_ACTIVETEXTCOLOR>0xFFFFFFFF</BUTTON_ACTIVETEXTCOLOR>
				<BUTTON_ACTIVEBACKCOLOR>0xE102C90C</BUTTON_ACTIVEBACKCOLOR>
				<KB_KEYBG_HIGHLIGHT>0xCC00C000</KB_KEYBG_HIGHLIGHT>
				<KB_KEYBG_DISABLED>0xffc0c0c0</KB_KEYBG_DISABLED>
				<KB_KEY_PRESSED>0xff808080</KB_KEY_PRESSED>
				<KB_KEY_NORMAL>0xff000000</KB_KEY_NORMAL>
				<KB_KEY_DISABLED>0xff808080</KB_KEY_DISABLED>
				<KB_KEY_ACTIVEBORDER>0xff008000</KB_KEY_ACTIVEBORDER>
				<KB_KEY_TEXTCOLOR>0xff000000</KB_KEY_TEXTCOLOR>
				<KB_KEY_TEXTBACKCOLOR>0xffFFFFFF</KB_KEY_TEXTBACKCOLOR>
				<KB_KEY_TEXTBORDERCOLOR>0xff0000FF</KB_KEY_TEXTBORDERCOLOR>
				<MENU_TEXTCOLOR>0xFFFFFFFF</MENU_TEXTCOLOR>
				<MENU_ACTIVETEXTCOLOR>0xFF4060B5</MENU_ACTIVETEXTCOLOR>
				<MENU_BORDERCOLOR>0x00000000</MENU_BORDERCOLOR>
				<MENU_BACKCOLOR>0x00000000</MENU_BACKCOLOR>
				<MENU_ACTIVEBACKCOLOR>
				</MENU_ACTIVEBACKCOLOR>
				<MENU_ACTIVEBORDERCOLOR>
				</MENU_ACTIVEBORDERCOLOR>
		</ColorScheme>
</Skin>