<settings>
		<mymusic>
				<playlist>
						<repeat>true</repeat>
						<shuffle>true</shuffle>
				</playlist>
				<scanning>
						<isscanning>false</isscanning>
				</scanning>
				<startwindow>10501</startwindow>
				<songinfoinvis>true</songinfoinvis>
				<songthumbinvis>false</songthumbinvis>
				<defaultlibview pathversion="1">
				</defaultlibview>
		</mymusic>
		<myvideos>
				<startwindow>10024</startwindow>
				<stackvideomode>0</stackvideomode>
				<defaultlibview pathversion="1">
				</defaultlibview>
				<watchmode>0</watchmode>
				<flatten>false</flatten>
				<playlist>
						<repeat>false</repeat>
						<shuffle>false</shuffle>
				</playlist>
				<cleanstrings>false</cleanstrings>
				<extractflags>false</extractflags>
				<extractthumb>false</extractthumb>
				<treatstackasfile>true</treatstackasfile>
		</myvideos>
		<viewstates>
				<musicnavartists>
						<viewmode>65536</viewmode>
						<sortmethod>1</sortmethod>
						<sortorder>1</sortorder>
				</musicnavartists>
				<musicnavalbums>
						<viewmode>65536</viewmode>
						<sortmethod>1</sortmethod>
						<sortorder>1</sortorder>
				</musicnavalbums>
				<musicnavsongs>
						<viewmode>65536</viewmode>
						<sortmethod>1</sortmethod>
						<sortorder>1</sortorder>
				</musicnavsongs>
				<musicshoutcast>
						<viewmode>65536</viewmode>
						<sortmethod>1</sortmethod>
						<sortorder>1</sortorder>
				</musicshoutcast>
				<musiclastfm>
						<viewmode>65536</viewmode>
						<sortmethod>1</sortmethod>
						<sortorder>1</sortorder>
				</musiclastfm>
				<videonavactors>
						<viewmode>65536</viewmode>
						<sortmethod>1</sortmethod>
						<sortorder>1</sortorder>
				</videonavactors>
				<videonavyears>
						<viewmode>65536</viewmode>
						<sortmethod>1</sortmethod>
						<sortorder>1</sortorder>
				</videonavyears>
				<videonavgenres>
						<viewmode>65536</viewmode>
						<sortmethod>1</sortmethod>
						<sortorder>1</sortorder>
				</videonavgenres>
				<videonavtitles>
						<viewmode>524789</viewmode>
						<sortmethod>25</sortmethod>
						<sortorder>1</sortorder>
				</videonavtitles>
				<videonavepisodes>
						<viewmode>65536</viewmode>
						<sortmethod>1</sortmethod>
						<sortorder>1</sortorder>
				</videonavepisodes>
				<videonavseasons>
						<viewmode>65536</viewmode>
						<sortmethod>1</sortmethod>
						<sortorder>1</sortorder>
				</videonavseasons>
				<videonavtvshows>
						<viewmode>65536</viewmode>
						<sortmethod>1</sortmethod>
						<sortorder>1</sortorder>
				</videonavtvshows>
				<videonavmusicvideos>
						<viewmode>65536</viewmode>
						<sortmethod>1</sortmethod>
						<sortorder>1</sortorder>
				</videonavmusicvideos>
				<programs>
						<viewmode>65590</viewmode>
						<sortmethod>1</sortmethod>
						<sortorder>1</sortorder>
				</programs>
				<pictures>
						<viewmode>65536</viewmode>
						<sortmethod>1</sortmethod>
						<sortorder>1</sortorder>
				</pictures>
				<videofiles>
						<viewmode>65586</viewmode>
						<sortmethod>1</sortmethod>
						<sortorder>1</sortorder>
				</videofiles>
				<musicfiles>
						<viewmode>65536</viewmode>
						<sortmethod>1</sortmethod>
						<sortorder>1</sortorder>
				</musicfiles>
		</viewstates>
		<general>
				<systemtotaluptime>1537</systemtotaluptime>
				<httpapibroadcastport>8278</httpapibroadcastport>
				<httpapibroadcastlevel>0</httpapibroadcastlevel>
		</general>
		<defaultvideosettings>
				<interlacemethod>0</interlacemethod>
				<filmgrain>0.000000</filmgrain>
				<noisereduction>0.000000</noisereduction>
				<postprocess>false</postprocess>
				<sharpness>0.000000</sharpness>
				<viewmode>0</viewmode>
				<zoomamount>1.000000</zoomamount>
				<pixelratio>1.000000</pixelratio>
				<volumeamplification>0.000000</volumeamplification>
				<outputtoallspeakers>false</outputtoallspeakers>
				<showsubtitles>true</showsubtitles>
				<brightness>50.000000</brightness>
				<contrast>50.000000</contrast>
				<gamma>20.000000</gamma>
				<audiodelay>0.000000</audiodelay>
				<subtitledelay>0.000000</subtitledelay>
		</defaultvideosettings>
		<audio>
				<volumelevel>-622</volumelevel>
				<dynamicrangecompression>0</dynamicrangecompression>
				<karaoke0energy>0.000000</karaoke0energy>
				<karaoke0pitch>0.000000</karaoke0pitch>
				<karaoke0whisper>0.000000</karaoke0whisper>
				<karaoke0robotic>0.000000</karaoke0robotic>
				<karaoke1energy>0.000000</karaoke1energy>
				<karaoke1pitch>0.000000</karaoke1pitch>
				<karaoke1whisper>0.000000</karaoke1whisper>
				<karaoke1robotic>0.000000</karaoke1robotic>
				<karaoke2energy>0.000000</karaoke2energy>
				<karaoke2pitch>0.000000</karaoke2pitch>
				<karaoke2whisper>0.000000</karaoke2whisper>
				<karaoke2robotic>0.000000</karaoke2robotic>
				<karaoke3energy>0.000000</karaoke3energy>
				<karaoke3pitch>0.000000</karaoke3pitch>
				<karaoke3whisper>0.000000</karaoke3whisper>
				<karaoke3robotic>0.000000</karaoke3robotic>
		</audio>
		<calibration>
				<resolution>
						<description>1080i 16:9</description>
						<id>0</id>
						<subtitles>1042</subtitles>
						<pixelratio>1.000000</pixelratio>
						<overscan>
								<left>0</left>
								<top>0</top>
								<right>1920</right>
								<bottom>1080</bottom>
						</overscan>
				</resolution>
				<resolution>
						<description>720p 16:9</description>
						<id>1</id>
						<subtitles>649</subtitles>
						<pixelratio>0.959876</pixelratio>
						<overscan>
								<left>0</left>
								<top>0</top>
								<right>1280</right>
								<bottom>720</bottom>
						</overscan>
				</resolution>
				<resolution>
						<description>480p 4:3</description>
						<id>2</id>
						<subtitles>432</subtitles>
						<pixelratio>0.911585</pixelratio>
						<overscan>
								<left>0</left>
								<top>0</top>
								<right>720</right>
								<bottom>480</bottom>
						</overscan>
				</resolution>
				<resolution>
						<description>480p 16:9</description>
						<id>3</id>
						<subtitles>463</subtitles>
						<pixelratio>1.215446</pixelratio>
						<overscan>
								<left>0</left>
								<top>0</top>
								<right>720</right>
								<bottom>480</bottom>
						</overscan>
				</resolution>
				<resolution>
						<description>NTSC 4:3</description>
						<id>4</id>
						<subtitles>429</subtitles>
						<pixelratio>1.121055</pixelratio>
						<overscan>
								<left>0</left>
								<top>0</top>
								<right>687</right>
								<bottom>468</bottom>
						</overscan>
				</resolution>
				<resolution>
						<description>NTSC 16:9</description>
						<id>5</id>
						<subtitles>463</subtitles>
						<pixelratio>1.215446</pixelratio>
						<overscan>
								<left>0</left>
								<top>0</top>
								<right>720</right>
								<bottom>480</bottom>
						</overscan>
				</resolution>
				<resolution>
						<description>PAL 4:3</description>
						<id>6</id>
						<subtitles>514</subtitles>
						<pixelratio>1.357200</pixelratio>
						<overscan>
								<left>0</left>
								<top>0</top>
								<right>691</right>
								<bottom>565</bottom>
						</overscan>
				</resolution>
				<resolution>
						<description>PAL 16:9</description>
						<id>7</id>
						<subtitles>555</subtitles>
						<pixelratio>1.458689</pixelratio>
						<overscan>
								<left>0</left>
								<top>0</top>
								<right>720</right>
								<bottom>576</bottom>
						</overscan>
				</resolution>
				<resolution>
						<description>PAL60 4:3</description>
						<id>8</id>
						<subtitles>432</subtitles>
						<pixelratio>0.911585</pixelratio>
						<overscan>
								<left>0</left>
								<top>0</top>
								<right>720</right>
								<bottom>480</bottom>
						</overscan>
				</resolution>
				<resolution>
						<description>PAL60 16:9</description>
						<id>9</id>
						<subtitles>463</subtitles>
						<pixelratio>1.215446</pixelratio>
						<overscan>
								<left>0</left>
								<top>0</top>
								<right>720</right>
								<bottom>480</bottom>
						</overscan>
				</resolution>
		</calibration>
		<audiocds>
				<bitrate>192</bitrate>
				<compressionlevel>5</compressionlevel>
				<encoder>0</encoder>
				<quality>0</quality>
				<recordingpath pathversion="1">select writable folder</recordingpath>
				<sep1>
				</sep1>
				<trackpathformat>%A - %B/[%N. ][%A - ]%T</trackpathformat>
				<usecddb>true</usecddb>
		</audiocds>
		<audiooutput>
				<aacpassthrough>false</aacpassthrough>
				<ac3passthrough>false</ac3passthrough>
				<downmixmultichannel>true</downmixmultichannel>
				<dtspassthrough>false</dtspassthrough>
				<mode>0</mode>
		</audiooutput>
		<autodetect>
				<nickname>Quick Save</nickname>
				<onoff>false</onoff>
				<popupinfo>true</popupinfo>
				<senduserpw>true</senduserpw>
				<sep1>
				</sep1>
		</autodetect>
		<autorun>
				<cdda>false</cdda>
				<dvd>false</dvd>
				<music>false</music>
				<pictures>false</pictures>
				<vcd>false</vcd>
				<video>false</video>
				<xbox>false</xbox>
		</autorun>
		<cache>
				<harddisk>256</harddisk>
				<sep1>
				</sep1>
				<sep2>
				</sep2>
				<sep3>
				</sep3>
				<sep4>
				</sep4>
		</cache>
		<cacheaudio>
				<dvdrom>256</dvdrom>
				<internet>256</internet>
				<lan>256</lan>
		</cacheaudio>
		<cachedvd>
				<dvdrom>512</dvdrom>
				<lan>512</lan>
		</cachedvd>
		<cacheunknown>
				<internet>1024</internet>
		</cacheunknown>
		<cachevideo>
				<dvdrom>1024</dvdrom>
				<internet>1024</internet>
				<lan>1024</lan>
		</cachevideo>
		<debug>
				<screenshotpath pathversion="1">Special://xbmc/system/Screenshots/</screenshotpath>
				<showloginfo>false</showloginfo>
		</debug>
		<dvdplayercache>
				<audio>384</audio>
				<audiotime>8</audiotime>
				<sep1>
				</sep1>
				<video>1024</video>
				<videotime>8</videotime>
		</dvdplayercache>
		<dvds>
				<automenu>false</automenu>
				<externaldvdplayer>
				</externaldvdplayer>
				<playerregion>0</playerregion>
				<useexternaldvdplayer>false</useexternaldvdplayer>
		</dvds>
		<filelists>
				<allowfiledeletion>false</allowfiledeletion>
				<ignorethewhensorting>false</ignorethewhensorting>
				<sep1>
				</sep1>
				<showaddsourcebuttons>false</showaddsourcebuttons>
				<showextensions>false</showextensions>
				<showhidden>false</showhidden>
				<showparentdiritems>false</showparentdiritems>
				<unrollarchives>false</unrollarchives>
		</filelists>
		<harddisk>
				<aamlevel>1</aamlevel>
				<apmlevel>1</apmlevel>
				<remoteplayspindown>0</remoteplayspindown>
				<remoteplayspindowndelay>20</remoteplayspindowndelay>
				<remoteplayspindownminduration>20</remoteplayspindownminduration>
				<spindowntime>0</spindowntime>
		</harddisk>
		<karaoke>
				<enabled>false</enabled>
				<port0voicemask>None</port0voicemask>
				<port1voicemask>None</port1voicemask>
				<port2voicemask>None</port2voicemask>
				<port3voicemask>None</port3voicemask>
				<voiceenabled>false</voiceenabled>
				<volume>100</volume>
		</karaoke>
		<lcd>
				<backlight>80</backlight>
				<contrast>100</contrast>
				<disableonplayback>0</disableonplayback>
				<enableonpaused>true</enableonpaused>
				<modchip>0</modchip>
				<sep1>
				</sep1>
				<type>0</type>
		</lcd>
		<locale>
				<charset>DEFAULT</charset>
				<country>UK (24h)</country>
				<date>Mon, 27 Jun 2016</date>
				<language>english</language>
				<sep1>
				</sep1>
				<sep2>
				</sep2>
				<time>1:15</time>
				<timeserver>true</timeserver>
				<timeserveraddress>pool.ntp.org</timeserveraddress>
				<timezone>25</timezone>
				<usedst>true</usedst>
		</locale>
		<lookandfeel>
				<enablemouse>false</enablemouse>
				<enablerssfeeds>true</enablerssfeeds>
				<font>Default</font>
				<rssedit>
				</rssedit>
				<sep2>
				</sep2>
				<sep3>
				</sep3>
				<skin>Manage Profiles Skin</skin>
				<skincolors>SKINDEFAULT</skincolors>
				<skintheme>SKINDEFAULT</skintheme>
				<skinzoom>0</skinzoom>
				<soundskin>SKINDEFAULT</soundskin>
				<startupwindow>10000</startupwindow>
		</lookandfeel>
		<masterlock>
				<enableshutdown>true</enableshutdown>
				<lockcode>-</lockcode>
				<maxretries>3</maxretries>
				<startuplock>false</startuplock>
		</masterlock>
		<musicfiles>
				<findremotethumbs>true</findremotethumbs>
				<librarytrackformat>
				</librarytrackformat>
				<librarytrackformatright>
				</librarytrackformatright>
				<nowplayingtrackformat>
				</nowplayingtrackformat>
				<nowplayingtrackformatright>
				</nowplayingtrackformatright>
				<trackformat>[%N. ]%A - %T</trackformat>
				<trackformatright>%D</trackformatright>
				<usetags>false</usetags>
		</musicfiles>
		<musiclibrary>
				<backgroundupdate>false</backgroundupdate>
				<cleanup>
				</cleanup>
				<downloadinfo>false</downloadinfo>
				<enabled>false</enabled>
				<export>
				</export>
				<import>
				</import>
				<scraper>allmusic.xml</scraper>
				<scrapersettings>
				</scrapersettings>
				<sep1>
				</sep1>
				<sep2>
				</sep2>
				<showcompilationartists>true</showcompilationartists>
				<updateonstartup>false</updateonstartup>
		</musiclibrary>
		<musicplayer>
				<autoplaynextitem>true</autoplaynextitem>
				<crossfade>4</crossfade>
				<crossfadealbumtracks>true</crossfadealbumtracks>
				<defaultplayer>2</defaultplayer>
				<outputtoallspeakers>false</outputtoallspeakers>
				<queuebydefault>false</queuebydefault>
				<replaygainavoidclipping>false</replaygainavoidclipping>
				<replaygainnogainpreamp>89</replaygainnogainpreamp>
				<replaygainpreamp>89</replaygainpreamp>
				<replaygaintype>0</replaygaintype>
				<sep1>
				</sep1>
				<sep2>
				</sep2>
				<sep3>
				</sep3>
				<visualisation>milkdrop.vis</visualisation>
		</musicplayer>
		<myprograms>
				<autoffpatch>false</autoffpatch>
				<dashboard>Special:\\xbmc\default.xbe</dashboard>
				<gameautoregion>false</gameautoregion>
				<ntscmode>0</ntscmode>
				<sep1>
				</sep1>
				<sep2>
				</sep2>
				<sep3>
				</sep3>
				<usedashpath>true</usedashpath>
		</myprograms>
		<network>
				<assignment>1</assignment>
				<bandwidth>0</bandwidth>
				<dns>192.168.0.1</dns>
				<dnssuffix>
				</dnssuffix>
				<gateway>192.168.0.1</gateway>
				<httpproxypassword>
				</httpproxypassword>
				<httpproxyport>8080</httpproxyport>
				<httpproxyserver>
				</httpproxyserver>
				<httpproxyusername>
				</httpproxyusername>
				<ipaddress>192.168.0.6</ipaddress>
				<sep1>
				</sep1>
				<subnet>255.255.255.0</subnet>
				<usehttpproxy>false</usehttpproxy>
		</network>
		<pictures>
				<displayresolution>10</displayresolution>
				<generatethumbs>true</generatethumbs>
				<showvideos>false</showvideos>
				<useexifrotation>true</useexifrotation>
				<usetags>true</usetags>
		</pictures>
		<postprocessing>
				<auto>true</auto>
				<autobrightnesscontrastlevels>false</autobrightnesscontrastlevels>
				<dering>false</dering>
				<enable>false</enable>
				<horizontaldeblocking>false</horizontaldeblocking>
				<horizontaldeblocklevel>0</horizontaldeblocklevel>
				<verticaldeblocking>false</verticaldeblocking>
				<verticaldeblocklevel>0</verticaldeblocklevel>
		</postprocessing>
		<scrapers>
				<langfallback>false</langfallback>
				<moviedefault>tmdb.xml</moviedefault>
				<musicvideodefault>mtv.xml</musicvideodefault>
				<sep2>
				</sep2>
				<tvshowdefault>tvdb.xml</tvshowdefault>
		</scrapers>
		<screensaver>
				<dimlevel>20</dimlevel>
				<mode>Planestate.xbs</mode>
				<preview>
				</preview>
				<sep1>
				</sep1>
				<sep2>
				</sep2>
				<slideshowpath pathversion="1">F:\Pictures\</slideshowpath>
				<time>10</time>
				<usedimonpause>false</usedimonpause>
				<usemusicvisinstead>false</usemusicvisinstead>
		</screensaver>
		<scrobbler>
				<lastfmpass>
				</lastfmpass>
				<lastfmsubmit>false</lastfmsubmit>
				<lastfmsubmitradio>false</lastfmsubmitradio>
				<lastfmusername>
				</lastfmusername>
				<librefmpass>
				</librefmpass>
				<librefmsubmit>false</librefmsubmit>
				<librefmusername>
				</librefmusername>
				<sep1>
				</sep1>
		</scrobbler>
		<services>
				<escontinuousdelay>25</escontinuousdelay>
				<esenabled>true</esenabled>
				<esinitialdelay>750</esinitialdelay>
				<esmaxclients>20</esmaxclients>
				<esport>9777</esport>
				<esportrange>10</esportrange>
				<ftpautofatx>true</ftpautofatx>
				<ftpserver>true</ftpserver>
				<ftpserverpassword>xbox</ftpserverpassword>
				<ftpserveruser>xbox</ftpserveruser>
				<sep1>
				</sep1>
				<sep2>
				</sep2>
				<sep3>
				</sep3>
				<upnprenderer>false</upnprenderer>
				<upnpserver>false</upnpserver>
				<webserver>true</webserver>
				<webserverpassword>
				</webserverpassword>
				<webserverport>80</webserverport>
				<webserverusername>xbmc</webserverusername>
		</services>
		<slideshow>
				<displayeffects>true</displayeffects>
				<shuffle>false</shuffle>
				<staytime>5</staytime>
		</slideshow>
		<smb>
				<winsserver>
				</winsserver>
				<workgroup>WORKGROUP</workgroup>
		</smb>
		<subtitles>
				<charset>DEFAULT</charset>
				<color>1</color>
				<custompath pathversion="1">
				</custompath>
				<font>Arial.ttf</font>
				<height>28</height>
				<searchrars>false</searchrars>
				<sep1>
				</sep1>
				<sep2>
				</sep2>
				<style>1</style>
		</subtitles>
		<system>
				<autotemperature>false</autotemperature>
				<fanspeed>15</fanspeed>
				<fanspeedcontrol>false</fanspeedcontrol>
				<ledcolour>0</ledcolour>
				<leddisableonplayback>0</leddisableonplayback>
				<ledenableonpaused>true</ledenableonpaused>
				<mceremote>false</mceremote>
				<minfanspeed>1</minfanspeed>
				<playlistspath pathversion="1">special://profile/playlists/</playlistspath>
				<sep1>
				</sep1>
				<sep2>
				</sep2>
				<shutdowntime>0</shutdowntime>
				<targettemperature>55</targettemperature>
		</system>
		<videolibrary>
				<actorthumbs>true</actorthumbs>
				<backgroundupdate>false</backgroundupdate>
				<cleanup>
				</cleanup>
				<enabled>false</enabled>
				<export>
				</export>
				<flattentvshows>1</flattentvshows>
				<groupmoviesets>false</groupmoviesets>
				<import>
				</import>
				<seasonthumbs>true</seasonthumbs>
				<sep3>
				</sep3>
				<showunwatchedplots>true</showunwatchedplots>
				<updateonstartup>false</updateonstartup>
		</videolibrary>
		<videooutput>
				<aspect>0</aspect>
				<hd1080i>false</hd1080i>
				<hd480p>true</hd480p>
				<hd720p>true</hd720p>
		</videooutput>
		<videoplayer>
				<allcodecs>false</allcodecs>
				<calibrate>
				</calibrate>
				<defaultplayer>1</defaultplayer>
				<displayresolution>1</displayresolution>
				<errorinaspect>0.000000</errorinaspect>
				<fast>false</fast>
				<flicker>0</flicker>
				<framerateconversions>0</framerateconversions>
				<rendermethod>0</rendermethod>
				<resumeautomatically>0</resumeautomatically>
				<sep1>
				</sep1>
				<sep2>
				</sep2>
				<skiploopfilter>0</skiploopfilter>
				<soften>false</soften>
		</videoplayer>
		<videoscreen>
				<flickerfilter>2</flickerfilter>
				<guicalibration>
				</guicalibration>
				<resolution>1</resolution>
				<soften>false</soften>
		</videoscreen>
		<weather>
				<areacode1>USNY0996 - New York, NY</areacode1>
				<areacode2>UKXX0085 - London, United Kingdom</areacode2>
				<areacode3>JAXX0085 - Tokyo, Japan</areacode3>
				<plugin>
				</plugin>
				<pluginsettings>
				</pluginsettings>
				<sep1>
				</sep1>
		</weather>
</settings>