<window id="107">
		<include>dialogeffect</include>
		<coordinates>
				<system>1</system>
				<posx>850</posx>
				<posy>630</posy>
		</coordinates>
		<controls>
				<control type="group">
						<control type="image">
								<posx>0</posx>
								<posy>0</posy>
								<width>400</width>
								<height>60</height>
								<colordiffuse>DDFFFFFF</colordiffuse>
								<texture>black-back.png</texture>
								<bordertexture border="3">NoCover_1.png</bordertexture>
								<bordersize>4</bordersize>
						</control>
						<control type="image" id="400">
								<description>avatar</description>
								<posx>10</posx>
								<posy>10</posy>
								<width>40</width>
								<height>40</height>
								<aspectratio>keep</aspectratio>
								<texture>defaultfile.png</texture>
						</control>
						<control type="fadelabel" id="401">
								<description>Line 1 Label</description>
								<posx>60</posx>
								<posy>10</posy>
								<width>330</width>
								<height>18</height>
								<font>font20</font>
								<textcolor>blue</textcolor>
								<align>left</align>
								<aligny>center</aligny>
								<scrollout>false</scrollout>
								<pauseatend>2000</pauseatend>
						</control>
						<control type="fadelabel" id="402">
								<description>Line 2 Label</description>
								<posx>60</posx>
								<posy>32</posy>
								<width>330</width>
								<height>20</height>
								<font>font15</font>
								<align>left</align>
								<aligny>center</aligny>
								<scrollout>false</scrollout>
								<pauseatend>2000</pauseatend>
						</control>
						<control type="image" id="403">
								<description>avatar</description>
								<posx>10</posx>
								<posy>10</posy>
								<width>40</width>
								<height>40</height>
								<aspectratio>keep</aspectratio>
								<visible>false</visible>
								<texture>defaulticoninfo.png</texture>
						</control>
						<control type="image" id="404">
								<description>avatar</description>
								<posx>10</posx>
								<posy>10</posy>
								<width>40</width>
								<height>40</height>
								<aspectratio>keep</aspectratio>
								<visible>false</visible>
								<texture>defaulticonwarning.png</texture>
						</control>
						<control type="image" id="405">
								<description>avatar</description>
								<posx>10</posx>
								<posy>10</posy>
								<width>40</width>
								<height>40</height>
								<aspectratio>keep</aspectratio>
								<visible>false</visible>
								<texture>defaulticonerror.png</texture>
						</control>
				</control>
				<!-- Debug Info -->
				<include>Debug</include>
		</controls>
</window>