<fonts>
		<fontset id="Default" unicode="true">
				<font>
						<name>font8</name>
						<filename>arial.ttf</filename>
						<size>8</size>
				</font>
				<font>
						<name>font15</name>
						<filename>arial.ttf</filename>
						<size>15</size>
				</font>
				<font>
						<name>font17</name>
						<filename>arial.ttf</filename>
						<size>17</size>
				</font>
				<font>
						<name>font18</name>
						<filename>arial.ttf</filename>
						<size>18</size>
				</font>
				<font>
						<name>font20</name>
						<filename>arial.ttf</filename>
						<size>20</size>
				</font>
				<font>
						<name>font21_bold</name>
						<filename>arial.ttf</filename>
						<size>21</size>
						<style>bold</style>
				</font>
				<font>
						<name>font23</name>
						<filename>arial.ttf</filename>
						<size>23</size>
				</font>
				<font>
						<name>font25</name>
						<filename>arial.ttf</filename>
						<size>25</size>
				</font>
				<font>
						<name>font28</name>
						<filename>arial.ttf</filename>
						<size>28</size>
				</font>
				<font>
						<name>font35</name>
						<filename>arial.ttf</filename>
						<size>35</size>
				</font>
				<font>
						<name>font50</name>
						<filename>arial.ttf</filename>
						<size>50</size>
				</font>
				<font>
						<name>font80</name>
						<filename>arial.ttf</filename>
						<size>80</size>
				</font>
				<font>
						<name>font20_Numeric</name>
						<filename>DejaVuSans-Bold.ttf</filename>
						<size>20</size>
				</font>
				<font>
						<name>font40_Numeric</name>
						<filename>DejaVuSans-Bold.ttf</filename>
						<size>40</size>
				</font>
		</fontset>
		<fontset id="Roboto" unicode="true">
				<font>
						<name>font8</name>
						<filename>Roboto-Regular.ttf</filename>
						<size>8</size>
				</font>
				<font>
						<name>font15</name>
						<filename>Roboto-Regular.ttf</filename>
						<size>15</size>
				</font>
				<font>
						<name>font17</name>
						<filename>Roboto-Regular.ttf</filename>
						<size>17</size>
				</font>
				<font>
						<name>font18</name>
						<filename>Roboto-Regular.ttf</filename>
						<size>18</size>
				</font>
				<font>
						<name>font20</name>
						<filename>Roboto-Regular.ttf</filename>
						<size>20</size>
				</font>
				<font>
						<name>font21_bold</name>
						<filename>Roboto-Regular.ttf</filename>
						<size>21</size>
						<style>bold</style>
				</font>
				<font>
						<name>font23</name>
						<filename>Roboto-Regular.ttf</filename>
						<size>23</size>
				</font>
				<font>
						<name>font25</name>
						<filename>Roboto-Regular.ttf</filename>
						<size>25</size>
				</font>
				<font>
						<name>font28</name>
						<filename>Roboto-Regular.ttf</filename>
						<size>28</size>
				</font>
				<font>
						<name>font35</name>
						<filename>Roboto-Regular.ttf</filename>
						<size>35</size>
				</font>
				<font>
						<name>font50</name>
						<filename>Roboto-Regular.ttf</filename>
						<size>50</size>
				</font>
				<font>
						<name>font80</name>
						<filename>Roboto-Regular.ttf</filename>
						<size>80</size>
				</font>
				<font>
						<name>font20_Numeric</name>
						<filename>Roboto-Regular.ttf</filename>
						<size>20</size>
				</font>
				<font>
						<name>font40_Numeric</name>
						<filename>Roboto-Regular.ttf</filename>
						<size>40</size>
				</font>
		</fontset>
</fonts>