<!--example config file-->
<avalaunch>
	<!--
	    Name of language file. Leave out this setting (or type "default")
		for English language.
	-->
	<language>default</language>
	<clock>
		<sntp enabled="1">
			<server>pool.ntp.org</server>
			<port>123</port>
		</sntp>
	</clock>
	<network setup="1" type="dhcp">
		<ip>192.168.1.6</ip>
		<subnet>255.255.255.0</subnet>
		<gateway>192.168.1.1</gateway>
		<dns1>192.168.1.1</dns1>
		<dns2>0.0.0.0</dns2>
		<proxy enabled="0">
			<server>10.0.0.1</server>
			<port>8080</port>
		</proxy>
	</network>
	<hardware>
		<fanspeed>20</fanspeed>
	</hardware>
	<voiceserver enabled="1">
		<ip></ip>
	</voiceserver>
	<ftpserver enabled="1" allowboostmode="1" showrootfreespace="0">
		<port>21</port>
		<pasvportstart>2048</pasvportstart>
		<pasvportend>32767</pasvportend>
		<maxusers>10</maxusers>
	</ftpserver>
	<quickstart>
		<!--
		    To enable launching of the last launched XBE when you hold
			the left trigger while booting Avalaunch, set this setting
			to 1. Otherwise, set it to 0.
		-->
		<enablelastrun>1</enablelastrun>
		<righttrigger enabled="0">
			<path></path>
			<filename></filename>
		</righttrigger>
		<abutton enabled="0">
			<path></path>
			<filename></filename>
		</abutton>
		<bbutton enabled="0">
			<path></path>
			<filename></filename>
		</bbutton>
		<xbutton enabled="0">
			<path></path>
			<filename></filename>
		</xbutton>
		<ybutton enabled="0">
			<path></path>
			<filename></filename>
		</ybutton>
	</quickstart>
	<user name="xbox" password="xbox">
		<skin name="default" />
		<mount>
			<!--
				Specify whether or not to mount drives

				If omitted the F:\ drive will be mounted by default
				If omitted the G:\ drive will NOT be mounted by default
			-->
			<F enabled="1" />
			<G enabled="1" />
		</mount>
		<preferences>
			<!--
				Specify your preferred onscreen keyboard

				1 = original keyboard from xb-ftp
				2 = original keyboard from xToolBox

				If omitted the keyboard will default to the first one
			-->
			<keyboard type="2" />
			<!--
				Specify your preferred IR remote sensitivity in milliseconds

				If omitted the sensitivity will default to '230'
			-->
			<ir-remote sensitivity="230" />
			<!--
				Specify the preferred transparency to use in the
				different 'windows' (IRC, telnet, autoupdate)

				Can be a value between 0 and 255 - where 0 is full transparency

				If omitted the transparency will default to '136'
			-->
			<window transparency="136" />
			<!--
				Specify the preferred color of your led when idle and busy.
				LED color can be one of the following

					off
					red
					green
					orange

				If omitted the color will default to green when idle and red when busy
			-->
			<led idle="green" busy="off" />
			<!--
				Specify how the screen saver should act

				enabled;
				0 = don't enable the screen saver
				1 = enable the screen saver

				If omitted the screen saver will be enabled by default

				delay;
				specify the number of seconds to wait before the screen saver is activated

				If omitted the delay will default to '300'
			-->
			<screensaver enabled="0" delay="60" />
			<!--
				Specify whether the Astronomy Picture of the Day (APOD)
				should be loaded as the background or not

				enabled;
				0 = don't download the Astronomy Picture of the Day
				1 = download the Astronomy Picture of the Day

				If omitted the Astronomy Picture of the Day will not be downloaded by default

				random;
				0 = download the current Astronomy Picture of the Day
				1 = download random (old) Astronomy Picture of the Day

				If omitted the current Astronomy Picture of the Day will be downloaded by default

				explanation;
				0 = don't display the official explanation for the Astronomy Picture of the Day
				1 = display the official explanation for the Astronomy Picture of the Day

				If omitted the offical explanation of the Astronomy Picture of the Day will be displayed by default
			-->
			<apod enabled="0" random="1" explanation="1" />
			<!--
				Specify whether or not videomode switching should be
				allowed by using the controller

				enabled;
				0 = don't allow switching
				1 = allow switching

				If omitted the video mode will not be allowed switched by default
			-->
			<videomode enabled="0" />
		</preferences>
		<sound>
			<backgroundmusic enabled="0" cdda="1" cdmp3="1">
				<path>F:\mp3</path>
			</backgroundmusic>
		</sound>
		<newsfeed enabled="1">
			<source url="www.xbox-scene.com/xbox1data/xbox-scene.xml" />
			<source url="www.xbins.org/xbins.xml" />
		</newsfeed>
		<launcher>
			<!--
				Specify how the launcher should display icons

				display;
				0 = don't display icons
				1 = display icons

				If omitted the icons will be displayed

				rotate;
				0 = don't rotate icons (fixed)
				1 = rotate icons

				If omitted the icons will rotate

				override (uses avalaunch_icon.png/avalaunch_icon.jpg/<name>.png/<name>.jpg in that order);
				0 = don't override icons
				1 = override if no icon is embedded in the xbe
				2 = always override

				If omitted the icons will be overriden if no icons is embedded in the xbe
			-->
			<icons display="1" rotate="1" override="1" />
			<!--
				Specify whether or not the launcher should switch to the
				video mode most suitable for the game as described
				by the region (in the xbe) when launching a game

				autoregion;
				0 = don't switch
				1 = switch according to the game region in the xbe

				If omitted the video mode will not be switched by default
			-->
			<videomode autoregion="0" />
			<!--
				Specify whether or not the launcher should launch an external application
				when an audio CD/DVD is inserted

				enabled;
				0 = don't enable the audio player
				1 = enable the audio player

				If omitted the audio player will be enabled by default

				path;
				specify the path of the audio player that will be launched

				If omitted the path will default to C:\xboxdash.xbe
			-->
			<audioplayer enabled="1" path="C:\xboxdash.xbe" />
			<!--
				Specify whether or not the launcher should launch an external application
				when a movie CD/DVD is inserted

				enabled;
				0 = don't enable the movie player
				1 = enable the movie player

				If omitted the movie player will be enabled by default

				path;
				specify the path of the movie player that will be launched

				If omitted the path will default to C:\xboxdash.xbe
			-->
			<movieplayer enabled="1" path="E:\Applications\DVDX v2\default.xbe" />
		</launcher>
		<irc>
			<!--
				You can specify which font to use in the irc client.

				If omitted the font will default to 'lucon' size '12'

				NOTE!
				This font setting may be obsolete once the skinning engine
				is implemented
			-->
			<font name="framd" size="12" />
			<server>irc.homelien.no</server>
			<nick>woo484</nick>
			<altnick>_USER2_</altnick>
		</irc>
		<telnet>
			<!--
				You can specify which font to use in the telnet client.

				If omitted the font will default to 'lucon' size '12'

				NOTE!
				This font setting may be obsolete once the skinning engine
				is implemented
			-->
			<font name="telnet" size="12" />
			<server>192.168.0.11</server>
		</telnet>
		<menu>
			<!--
				You can specify which font to use in the main menu.

				If omitted the font will default to 'framd' size '20'

				NOTE!
				This font setting may be obsolete once the skinning engine
				is implemented
			-->
			<font name="menu" size="20" />
			<!--
				All menu entries has to be either an 'Item' or a 'List'
			-->
			<!--
				Path to the folder to scan for xbe's.

				The attribute scanlevel sets the levels of
				sub folders to scan from the starting point

				If omitted sub folders will be scanned 2 levels 'down'

					e.g.: <path scanlevel="2">E:\Games</path>

				meaning that all default.xbe's in
					E:\Games 		(level 1) and
					E:\Games\<folder>	(level 2)
				will be included in the list

				NOTE!
				If you want to divide your applications into sub groups
				you can add 'List' items to a list

					e.g.:
					<list presetname="Games">
						<list name="Action">
							<path>
								E:\Games\Action
							</path>
						</list>
					</list>
			-->
			<list presetname="Applications">
				<path>C:\Applications</path>
				<path>E:\Applications</path>
				<path>F:\Applications</path>
				<path>G:\Applications</path>
				<path>C:\Apps</path>
				<path>E:\Apps</path>
				<path>F:\Apps</path>
				<path>G:\Apps</path>
			</list>
			<list presetname="Emulators">
				<path>E:\Emulators</path>
				<path>F:\Emulators</path>
				<path>G:\Emulators</path>
				<path>E:\Emus</path>
				<path>F:\Emus</path>
				<path>G:\Emus</path>
			</list>
			<list presetname="Games">
				<path>E:\Games</path>
				<path>F:\Games</path>
				<path>G:\Games</path>
			</list>
			<list presetname="Homebrew">
				<path>E:\Homebrew</path>
				<path>F:\Homebrew</path>
				<path>G:\Homebrew</path>
			</list>
			<item presetname="File manager" function="FileManager" />
			<!-- <item presetname="IRC" function="IRC"/> -->
			<!-- <item presetname="Telnet" function="Telnet"/> -->
			<item presetname="Settings" function="Settings" />
			<item presetname="Restart" function="Restart" />
			<item presetname="Shutdown" function="Shutdown" />
		</menu>
	</user>
</avalaunch>