<includes>
	<default type="image">
		<left>0</left>
		<top>0</top>
		<texture>-</texture>
		<colorkey>0</colorkey>
	</default>
	<default type="label">
		<left>80</left>
		<top>60</top>
		<label>-</label>
		<font>size_23</font>
		<textcolor>colour.default.label.nofocus</textcolor>
		<selectedcolor>colour.default.label.selected</selectedcolor>
	</default>
	<default type="fadelabel">
		<left>80</left>
		<top>60</top>
		<font>size_23</font>
		<textcolor>colour.default.label.nofocus</textcolor>
		<selectedcolor>colour.default.label.selected</selectedcolor>
	</default>
	<default type="button">
		<left>300</left>
		<top>200</top>
		<width>300</width>
		<height>42</height>
		<texturefocus>button-focus2.png</texturefocus>
		<texturenofocus>button-nofocus.png</texturenofocus>
		<font>size_20</font>
		<textcolor>colour.default.label.nofocus</textcolor>
		<focusedcolor>colour.default.label</focusedcolor>
		<disabledcolor>colour.default.label.disabled</disabledcolor>
		<textoffsetx>7</textoffsetx>
		<aligny>center</aligny>
		<pulseonselect>no</pulseonselect>
	</default>
	<default type="togglebutton">
		<left>140</left>
		<top>167</top>
		<width>20</width>
		<height>20</height>
		<texturefocus>scroll-up-focus.png</texturefocus>
		<texturenofocus>scroll-up.png</texturenofocus>
		<alttexturefocus>scroll-down-focus.png</alttexturefocus>
		<alttexturenofocus>scroll-down.png</alttexturenofocus>
		<textcolor>colour.default.label.nofocus</textcolor>
		<focusedcolor>colour.default.label</focusedcolor>
		<disabledcolor>colour.default.label.disabled</disabledcolor>
		<label>-</label>
		<font>size_23</font>
		<disabledcolor>colour.default.label.disabled</disabledcolor>
		<pulseonselect>no</pulseonselect>
	</default>
	<default type="textbox">
		<left>220</left>
		<top>220</top>
		<width>410</width>
		<height>215</height>
		<spinwidth>18</spinwidth>
		<spinheight>16</spinheight>
		<spinposx>410</spinposx>
		<spinposy>305</spinposy>
		<spincolor>colour.default.label.nofocus</spincolor>
		<spinfont>size_13</spinfont>
		<textcolor>colour.default.label.nofocus</textcolor>
		<focusedcolor>colour.default.label</focusedcolor>
		<disabledcolor>colour.default.label.disabled</disabledcolor>
		<textureup>scroll-up.png</textureup>
		<texturedown>scroll-down.png</texturedown>
		<textureupfocus>scroll-up-focus.png</textureupfocus>
		<texturedownfocus>scroll-down-focus.png</texturedownfocus>
		<font>size_23</font>
	</default>
	<default type="progress">
		<left>100</left>
		<top>325</top>
		<texturebg border="4,0,4,0">ProgressBack.png</texturebg>
		<lefttexture>-</lefttexture>
		<midtexture border="4,0,4,0">ProgressFront.png</midtexture>
		<righttexture>-</righttexture>
		<overlaytexture>-</overlaytexture>
	</default>
	<default type="spincontrol">
		<left>330</left>
		<top>126</top>
		<textureup>scroll-up-2.png</textureup>
		<texturedown>scroll-down-2.png</texturedown>
		<textureupfocus>scroll-up-focus-2.png</textureupfocus>
		<texturedownfocus>scroll-down-focus-2.png</texturedownfocus>
		<align>right</align>
		<width>33</width>
		<height>22</height>
		<font>size_23</font>
		<reverse>yes</reverse>
		<textcolor>colour.default.label.nofocus</textcolor>
		<focusedcolor>colour.default.label</focusedcolor>
		<disabledcolor>colour.default.label.disabled</disabledcolor>
		<subtype>text</subtype>
		<textoffsetx>-5</textoffsetx>
		<textoffsety>0</textoffsety>
		<aligny>-</aligny>
		<pulseonselect>no</pulseonselect>
	</default>
	<default type="spincontrolex">
		<left>530</left>
		<top>160</top>
		<width>300</width>
		<height>42</height>
		<spinwidth>25</spinwidth>
		<spinheight>25</spinheight>
		<texturefocus>button-focus2.png</texturefocus>
		<texturenofocus>-</texturenofocus>
		<textureup>scroll-up-2.png</textureup>
		<texturedown>scroll-down-2.png</texturedown>
		<textureupfocus>scroll-up-focus-2.png</textureupfocus>
		<texturedownfocus>scroll-down-focus-2.png</texturedownfocus>
		<font>size_23</font>
		<textcolor>colour.default.label.nofocus</textcolor>
		<focusedcolor>colour.default.label</focusedcolor>
		<disabledcolor>colour.default.label.disabled</disabledcolor>
		<textoffsetx>7</textoffsetx>
		<aligny>center</aligny>
		<reverse>yes</reverse>
		<pulseonselect>no</pulseonselect>
	</default>
	<default type="radiobutton">
		<left>300</left>
		<top>200</top>
		<width>300</width>
		<height>42</height>
		<radiowidth>50</radiowidth>
		<radioheight>25</radioheight>
		<textureradioon>radiobutton-focus.png</textureradioon>
		<textureradiooff>radiobutton-nofocus.png</textureradiooff>
		<texturefocus>button-focus2.png</texturefocus>
		<texturenofocus>button-nofocus.png</texturenofocus>
		<label>215</label>
		<font>size_20</font>
		<textcolor>colour.default.label.nofocus</textcolor>
		<focusedcolor>colour.default.label</focusedcolor>
		<disabledcolor>colour.default.label.disabled</disabledcolor>
		<textoffsetx>7</textoffsetx>
		<aligny>center</aligny>
		<pulseonselect>no</pulseonselect>
	</default>
	<default type="selectbutton">
		<left>490</left>
		<top>335</top>
		<width>300</width>
		<height>50</height>
		<label>-</label>
		<font>size_20</font>
		<texturefocus>-</texturefocus>
		<texturenofocus>-</texturenofocus>
		<texturebg>button-focus2.png</texturebg>
		<textureleft>scroll-left.png</textureleft>
		<textureleftfocus>scroll-left-focus.png</textureleftfocus>
		<textureright>scroll-right.png</textureright>
		<texturerightfocus>scroll-right-focus.png</texturerightfocus>
		<font>size_23</font>
		<textcolor>colour.default.label.nofocus</textcolor>
		<focusedcolor>colour.default.label</focusedcolor>
		<disabledcolor>colour.default.label.disabled</disabledcolor>
		<aligny>center</aligny>
	</default>
	<default type="slider">
		<controloffsetx>75</controloffsetx>
		<controloffsety>0</controloffsety>
	</default>
	<default type="sliderex">
		<height>35</height>
		<textoffsetx>7</textoffsetx>
		<aligny>center</aligny>
		<texturefocus border="5">button-focus2.png</texturefocus>
		<texturenofocus border="5">button-nofocus.png</texturenofocus>
		<sliderwidth>150</sliderwidth>
		<sliderheight>20</sliderheight>
		<texturesliderbar>osd_slider_bg.png</texturesliderbar>
		<textureslidernib>osd_slider_nibNF.png</textureslidernib>
		<textureslidernibfocus>osd_slider_nib.png</textureslidernibfocus>
		<font>size_20</font>
		<textcolor>colour.default.label.nofocus</textcolor>
		<focusedcolor>colour.default.label</focusedcolor>
		<disabledcolor>colour.default.label.disabled</disabledcolor>
	</default>
	<default type="mover">
		<left>60</left>
		<top>192</top>
		<texturefocus>button-focus2.png</texturefocus>
		<texturenofocus>button-nofocus.png</texturenofocus>
	</default>
	<default type="resize">
		<left>60</left>
		<top>192</top>
		<texturefocus>button-focus2.png</texturefocus>
		<texturenofocus>button-nofocus.png</texturenofocus>
	</default>
	<default type="edit">
		<left>300</left>
		<top>200</top>
		<width>300</width>
		<height>42</height>
		<texturefocus>button-focus2.png</texturefocus>
		<texturenofocus>button-nofocus.png</texturenofocus>
		<font>size_20</font>
		<textcolor>colour.default.label.nofocus</textcolor>
		<focusedcolor>colour.default.label</focusedcolor>
		<disabledcolor>colour.default.label.disabled</disabledcolor>
		<textoffsetx>7</textoffsetx>
		<aligny>center</aligny>
		<pulseonselect>no</pulseonselect>
	</default>
</includes>