<window id="110">
	<defaultcontrol>0</defaultcontrol>
	<controls>
		<include>Behind.Dialog</include>
		<control type="group">
			<include>Dialog.Effect.Zoom.Fast</include>
			<control type="image">
				<description>background image</description>
				<left>326</left>
				<top>252</top>
				<width>628</width>
				<height>215</height>
				<texture>windows\dialogs\main.png</texture>
			</control>
			<control type="image">
				<description>Heading Background</description>
				<left>339</left>
				<top>259</top>
				<width>602</width>
				<height>61</height>
				<texture>windows\dialogs\header.png</texture>
			</control>
			<control type="label" id="1">
				<description>heading label</description>
				<left>370</left>
				<top>269</top>
				<width>540</width>
				<height>40</height>
				<font>size_28</font>
				<scroll>true</scroll>
				<align>left</align>
				<label>13406</label>
				<textcolor>colour.dialog.label.header</textcolor>
			</control>
			<control type="label" id="2">
				<description>dialog line 1</description>
				<left>370</left>
				<top>324</top>
				<width>540</width>
				<height>40</height>
				<font>size_28</font>
				<scroll>true</scroll>
				<align>left</align>
				<textcolor>colour.dialog.label</textcolor>
				<label>-</label>
			</control>
			<control type="label" id="3">
				<description>dialog line 2</description>
				<left>370</left>
				<top>356</top>
				<width>540</width>
				<height>40</height>
				<font>size_20</font>
				<scroll>true</scroll>
				<align>left</align>
				<textcolor>colour.dialog.label</textcolor>
				<label>-</label>
			</control>
			<control type="label" id="4">
				<description>dialog line 3</description>
				<left>370</left>
				<top>380</top>
				<width>540</width>
				<height>40</height>
				<font>size_20</font>
				<scroll>true</scroll>
				<align>left</align>
				<textcolor>colour.dialog.label</textcolor>
				<label>-</label>
			</control>
		</control>
	</controls>
</window>