<window id="103">
	<defaultcontrol always="true">49</defaultcontrol>
	<onunload>Skin.Reset(hex_entry)</onunload>
	<onload condition="Skin.HasSetting(kb_symbols_enabled)">Symbols</onload>
	<onload condition="Skin.HasSetting(kb_symbols_enabled)">Skin.Reset(kb_symbols_enabled)</onload>
	<controls>
		<include>Behind.Dialog</include>
		<!-- Normal keyboard -->
		<control type="group">
			<include>Dialog.Effect.Zoom.Fast</include>
			<visible>!Skin.HasSetting(hex_entry)</visible>
			<control type="button" id="120">
				<description>Fake button to set a skin toggle</description>
				<left>-1000</left>
				<onfocus>SetFocus(99)</onfocus>
				<onfocus>Symbols</onfocus>
				<onfocus>Skin.ToggleSetting(kb_symbols_enabled)</onfocus>
			</control>
			<control type="image">
				<left>0</left>
				<top>280</top>
				<width>1280</width>
				<height>440</height>
				<texture colordiffuse="FBFFFFFF">windows\keyboard\back.png</texture>
			</control>
			<control type="label" id="311">
				<description>dialog Heading</description>
				<left>13</left>
				<top>286</top>
				<width>1254</width>
				<height>30</height>
				<font>home_20</font>
				<textcolor>colour.dialog.keyboardnumpad.label.header</textcolor>
				<align>center</align>
				<aligny>center</aligny>
			</control>
			<control type="image">
				<left>13</left>
				<top>327</top>
				<width>1254</width>
				<height>45</height>
				<colordiffuse>BBFFFFFF</colordiffuse>
				<texture border="5">windows\keyboard\text_box.png</texture>
			</control>
			<control type="label" id="310">
				<description>Edit Text</description>
				<left>13</left>
				<top>327</top>
				<width>1254</width>
				<height>45</height>
				<font>home_20</font>
				<align>center</align>
				<aligny>center</aligny>
				<textcolor>colour.dialog.keyboardnumpad.label</textcolor>
				<visible>!Skin.HasSetting(hex_entry)</visible>
			</control>
			<control type="group" id="99">
				<!-- left column -->
				<control type="togglebutton" id="304">
					<description>Symbols button</description>
					<left>13</left>
					<top>390</top>
					<width>156</width>
					<height>61</height>
					<label>-</label>
					<onleft>302</onleft>
					<onright>49</onright>
					<onup>303</onup>
					<ondown>305</ondown>
					<onfocus>SetFocus(49)</onfocus>
					<align>left</align>
					<aligny>center</aligny>
					<textoffsetx>30</textoffsetx>
					<font>home_19</font>
					<textcolor>colour.dialog.keyboardnumpad.keys.nofocus</textcolor>
					<focusedcolor>colour.dialog.keyboardnumpad.keys</focusedcolor>
					<disabledcolor>colour.dialog.keyboardnumpad.keys.disabled</disabledcolor>
					<texturenofocus>windows\keyboard\symbols-nofocus-toggle-off.png</texturenofocus>
					<texturefocus>windows\keyboard\symbols-focus-toggle-off.png</texturefocus>
					<onclick>Skin.Reset(kb_symbols_enabled)</onclick>
					<alttexturenofocus>windows\keyboard\symbols-nofocus-toggle-on.png</alttexturenofocus>
					<alttexturefocus>windows\keyboard\symbols-focus-toggle-on.png</alttexturefocus>
				</control>
				<!-- Label so it fits correctly -->
				<control type="label">
					<left>9</left>
					<top>388</top>
					<width>100</width>
					<height>61</height>
					<label>20180</label>
					<align>right</align>
					<aligny>center</aligny>
					<textoffsetx>0</textoffsetx>
					<font>home_19</font>
					<textcolor>colour.dialog.keyboardnumpad.keys.nofocus</textcolor>
					<focusedcolor>colour.dialog.keyboardnumpad.keys</focusedcolor>
				</control>
				<control type="button" id="305">
					<description>previous button</description>
					<left>13</left>
					<top>453</top>
					<width>156</width>
					<height>124</height>
					<onleft>306</onleft>
					<onright>81</onright>
					<onup>304</onup>
					<ondown>303</ondown>
					<onfocus>SetFocus(49)</onfocus>
					<label>31102</label>
					<textoffsety>80</textoffsety>
					<align>center</align>
					<aligny>top</aligny>
					<font>home_19</font>
					<textcolor>colour.dialog.keyboardnumpad.keys.nofocus</textcolor>
					<focusedcolor>colour.dialog.keyboardnumpad.keys</focusedcolor>
					<disabledcolor>colour.dialog.keyboardnumpad.keys.disabled</disabledcolor>
					<texturenofocus>windows\keyboard\previous-nofocus.png</texturenofocus>
					<texturefocus>windows\keyboard\previous-focus.png</texturefocus>
					<onclick>Skin.Reset(kb_symbols_enabled)</onclick>
				</control>
				<control type="togglebutton" id="303">
					<description>CAPS LOCK button</description>
					<left>13</left>
					<top>579</top>
					<width>156</width>
					<height>123</height>
					<onleft>300</onleft>
					<onright>307</onright>
					<onup>305</onup>
					<ondown>304</ondown>
					<onfocus>SetFocus(49)</onfocus>
					<label>20179</label>
					<textoffsety>80</textoffsety>
					<align>center</align>
					<aligny>top</aligny>
					<font>home_19</font>
					<textcolor>colour.dialog.keyboardnumpad.keys.nofocus</textcolor>
					<focusedcolor>colour.dialog.keyboardnumpad.keys</focusedcolor>
					<disabledcolor>colour.dialog.keyboardnumpad.keys.disabled</disabledcolor>
					<texturenofocus>windows\keyboard\caps-nofocus-toggle-off.png</texturenofocus>
					<texturefocus>windows\keyboard\caps-focus-toggle-off.png</texturefocus>
					<onclick>Skin.Reset(kb_symbols_enabled)</onclick>
					<alttexturenofocus>windows\keyboard\caps-nofocus-toggle-on.png</alttexturenofocus>
					<alttexturefocus>windows\keyboard\caps-focus-toggle-on.png</alttexturefocus>
				</control>
				<!-- Right column -->
				<control type="togglebutton" id="302">
					<description>SHIFT button</description>
					<left>1111</left>
					<top>390</top>
					<width>156</width>
					<height>61</height>
					<onleft>48</onleft>
					<onright>304</onright>
					<onup>300</onup>
					<ondown>306</ondown>
					<onfocus>SetFocus(49)</onfocus>
					<label>-</label>
					<align>center</align>
					<aligny>center</aligny>
					<font>home_19</font>
					<textcolor>colour.dialog.keyboardnumpad.keys.nofocus</textcolor>
					<focusedcolor>colour.dialog.keyboardnumpad.keys</focusedcolor>
					<disabledcolor>colour.dialog.keyboardnumpad.keys.disabled</disabledcolor>
					<texturenofocus>windows\keyboard\shift-nofocus-toggle-off.png</texturenofocus>
					<texturefocus>windows\keyboard\shift-focus-toggle-off.png</texturefocus>
					<onclick>Skin.Reset(kb_symbols_enabled)</onclick>
					<alttexturenofocus>windows\keyboard\shift-nofocus-toggle-on.png</alttexturenofocus>
					<alttexturefocus>windows\keyboard\shift-focus-toggle-on.png</alttexturefocus>
				</control>
				<!-- Label so it fits correctly -->
				<control type="label">
					<left>1171</left>
					<top>388</top>
					<width>100</width>
					<height>61</height>
					<label>20178</label>
					<align>left</align>
					<aligny>center</aligny>
					<textoffsetx>0</textoffsetx>
					<font>home_19</font>
					<textcolor>colour.dialog.keyboardnumpad.keys.nofocus</textcolor>
					<focusedcolor>colour.dialog.keyboardnumpad.keys</focusedcolor>
				</control>
				<control type="button" id="306">
					<description>next button</description>
					<left>1111</left>
					<top>453</top>
					<width>156</width>
					<height>124</height>
					<onleft>80</onleft>
					<onright>305</onright>
					<onup>302</onup>
					<ondown>300</ondown>
					<onfocus>SetFocus(49)</onfocus>
					<label>31103</label>
					<textoffsety>80</textoffsety>
					<align>center</align>
					<aligny>top</aligny>
					<font>home_19</font>
					<textcolor>colour.dialog.keyboardnumpad.keys.nofocus</textcolor>
					<focusedcolor>colour.dialog.keyboardnumpad.keys</focusedcolor>
					<disabledcolor>colour.dialog.keyboardnumpad.keys.disabled</disabledcolor>
					<texturenofocus>windows\keyboard\next-nofocus.png</texturenofocus>
					<texturefocus>windows\keyboard\next-focus.png</texturefocus>
					<onclick>Skin.Reset(kb_symbols_enabled)</onclick>
				</control>
				<control type="button" id="300">
					<description>DONE button</description>
					<left>1111</left>
					<top>579</top>
					<width>156</width>
					<height>123</height>
					<onleft>8</onleft>
					<onright>303</onright>
					<onup>306</onup>
					<ondown>302</ondown>
					<onfocus>SetFocus(49)</onfocus>
					<label>20177</label>
					<textoffsety>80</textoffsety>
					<align>center</align>
					<aligny>top</aligny>
					<font>home_19</font>
					<textcolor>colour.dialog.keyboardnumpad.keys.nofocus</textcolor>
					<focusedcolor>colour.dialog.keyboardnumpad.keys</focusedcolor>
					<disabledcolor>colour.dialog.keyboardnumpad.keys.disabled</disabledcolor>
					<texturenofocus>windows\keyboard\done-nofocus.png</texturenofocus>
					<texturefocus>windows\keyboard\done-focus.png</texturefocus>
					<onclick>Skin.Reset(kb_symbols_enabled)</onclick>
				</control>
				<!-- Lower row -->
				<control type="button" id="307">
					<description>IP Input button</description>
					<left>171</left>
					<top>642</top>
					<width>186</width>
					<height>60</height>
					<!-- <onleft>303</onleft> -->
					<onleft>8</onleft>
					<onright>32</onright>
					<onup>90</onup>
					<ondown>49</ondown>
					<label>-</label>
					<font>home_19</font>
					<align>center</align>
					<aligny>center</aligny>
					<textcolor>colour.dialog.keyboardnumpad.keys.nofocus</textcolor>
					<focusedcolor>colour.dialog.keyboardnumpad.keys</focusedcolor>
					<disabledcolor>colour.dialog.keyboardnumpad.keys.disabled</disabledcolor>
					<texturenofocus border="3">windows\keyboard\keys_nofocus.png</texturenofocus>
					<texturefocus border="3">windows\keyboard\keys_focus.png</texturefocus>
					<onclick>Skin.Reset(kb_symbols_enabled)</onclick>
				</control>
				<!-- Label so it fits correctly -->
				<control type="label">
					<left>171</left>
					<top>638</top>
					<width>186</width>
					<height>60</height>
					<label>1006</label>
					<align>center</align>
					<aligny>center</aligny>
					<textoffsetx>0</textoffsetx>
					<font>home_19</font>
					<textcolor>colour.dialog.keyboardnumpad.keys.nofocus</textcolor>
					<focusedcolor>colour.dialog.keyboardnumpad.keys</focusedcolor>
				</control>
				<control type="button" id="32">
					<description>SPACE button</description>
					<left>359</left>
					<top>642</top>
					<width>562</width>
					<height>60</height>
					<onleft>307</onleft>
					<onright>8</onright>
					<onup>66</onup>
					<ondown>53</ondown>
					<label>-</label>
					<align>left</align>
					<aligny>center</aligny>
					<font>home_19</font>
					<textcolor>colour.dialog.keyboardnumpad.keys.nofocus</textcolor>
					<focusedcolor>colour.dialog.keyboardnumpad.keys</focusedcolor>
					<disabledcolor>colour.dialog.keyboardnumpad.keys.disabled</disabledcolor>
					<texturenofocus>windows\keyboard\spacebar_nofocus.png</texturenofocus>
					<texturefocus>windows\keyboard\spacebar_focus.png</texturefocus>
					<onclick>Skin.Reset(kb_symbols_enabled)</onclick>
				</control>
				<!-- Label so it fits correctly -->
				<control type="label">
					<left>356</left>
					<top>638</top>
					<width>276</width>
					<height>60</height>
					<label>20182</label>
					<align>right</align>
					<aligny>center</aligny>
					<textoffsetx>0</textoffsetx>
					<font>home_19</font>
					<textcolor>colour.dialog.keyboardnumpad.keys.nofocus</textcolor>
					<focusedcolor>colour.dialog.keyboardnumpad.keys</focusedcolor>
				</control>
				<control type="button" id="8">
					<description>BACKSPACE button</description>
					<left>923</left>
					<top>642</top>
					<width>186</width>
					<height>60</height>
					<onleft>32</onleft>
					<!-- <onright>300</onright> -->
					<onright>307</onright>
					<onup>102</onup>
					<ondown>48</ondown>
					<label>-</label>
					<align>center</align>
					<aligny>center</aligny>
					<font>home_19</font>
					<textcolor>colour.dialog.keyboardnumpad.keys.nofocus</textcolor>
					<focusedcolor>colour.dialog.keyboardnumpad.keys</focusedcolor>
					<disabledcolor>colour.dialog.keyboardnumpad.keys.disabled</disabledcolor>
					<texturenofocus border="3">windows\keyboard\backspace_nofocus.png</texturenofocus>
					<texturefocus border="3">windows\keyboard\backspace_focus.png</texturefocus>
					<onclick>Skin.Reset(kb_symbols_enabled)</onclick>
				</control>
				<!-- Label so it fits correctly -->
				<control type="label">
					<left>861</left>
					<top>638</top>
					<width>176</width>
					<height>60</height>
					<label>20181</label>
					<align>right</align>
					<aligny>center</aligny>
					<textoffsetx>0</textoffsetx>
					<font>home_19</font>
					<textcolor>colour.dialog.keyboardnumpad.keys.nofocus</textcolor>
					<focusedcolor>colour.dialog.keyboardnumpad.keys</focusedcolor>
				</control>
				<!-- Top row 1 > 0 -->
				<control type="group">
					<left>171</left>
					<top>390</top>
					<control type="button" id="49">
						<description>'1' button</description>
						<left>0</left>
						<top>0</top>
						<width>92</width>
						<height>61</height>
						<!-- <onleft>304</onleft> -->
						<onleft>48</onleft>
						<onright>50</onright>
						<onup>307</onup>
						<ondown>81</ondown>
						<align>center</align>
						<aligny>center</aligny>
						<font>home_20</font>
						<textcolor>colour.dialog.keyboardnumpad.keys.nofocus</textcolor>
						<focusedcolor>colour.dialog.keyboardnumpad.keys</focusedcolor>
						<disabledcolor>colour.dialog.keyboardnumpad.keys.disabled</disabledcolor>
						<texturenofocus border="3">windows\keyboard\keys_nofocus.png</texturenofocus>
						<texturefocus border="3">windows\keyboard\keys_focus.png</texturefocus>
						<onclick>Skin.Reset(kb_symbols_enabled)</onclick>
					</control>
					<control type="button" id="50">
						<description>'2' button</description>
						<left>94</left>
						<top>0</top>
						<width>92</width>
						<height>61</height>
						<onleft>49</onleft>
						<onright>51</onright>
						<onup>307</onup>
						<ondown>87</ondown>
						<align>center</align>
						<aligny>center</aligny>
						<font>home_20</font>
						<textcolor>colour.dialog.keyboardnumpad.keys.nofocus</textcolor>
						<focusedcolor>colour.dialog.keyboardnumpad.keys</focusedcolor>
						<disabledcolor>colour.dialog.keyboardnumpad.keys.disabled</disabledcolor>
						<texturenofocus border="3">windows\keyboard\keys_nofocus.png</texturenofocus>
						<texturefocus border="3">windows\keyboard\keys_focus.png</texturefocus>
						<onclick>Skin.Reset(kb_symbols_enabled)</onclick>
					</control>
					<control type="button" id="51">
						<description>'3' button</description>
						<left>188</left>
						<top>0</top>
						<width>92</width>
						<height>61</height>
						<onleft>50</onleft>
						<onright>52</onright>
						<onup>32</onup>
						<ondown>69</ondown>
						<align>center</align>
						<aligny>center</aligny>
						<font>home_20</font>
						<textcolor>colour.dialog.keyboardnumpad.keys.nofocus</textcolor>
						<focusedcolor>colour.dialog.keyboardnumpad.keys</focusedcolor>
						<disabledcolor>colour.dialog.keyboardnumpad.keys.disabled</disabledcolor>
						<texturenofocus border="3">windows\keyboard\keys_nofocus.png</texturenofocus>
						<texturefocus border="3">windows\keyboard\keys_focus.png</texturefocus>
						<onclick>Skin.Reset(kb_symbols_enabled)</onclick>
					</control>
					<control type="button" id="52">
						<description>'4' button</description>
						<left>282</left>
						<top>0</top>
						<width>92</width>
						<height>61</height>
						<onleft>51</onleft>
						<onright>53</onright>
						<onup>32</onup>
						<ondown>82</ondown>
						<align>center</align>
						<aligny>center</aligny>
						<font>home_20</font>
						<textcolor>colour.dialog.keyboardnumpad.keys.nofocus</textcolor>
						<focusedcolor>colour.dialog.keyboardnumpad.keys</focusedcolor>
						<disabledcolor>colour.dialog.keyboardnumpad.keys.disabled</disabledcolor>
						<texturenofocus border="3">windows\keyboard\keys_nofocus.png</texturenofocus>
						<texturefocus border="3">windows\keyboard\keys_focus.png</texturefocus>
						<onclick>Skin.Reset(kb_symbols_enabled)</onclick>
					</control>
					<control type="button" id="53">
						<description>'5' button</description>
						<left>376</left>
						<top>0</top>
						<width>92</width>
						<height>61</height>
						<onleft>52</onleft>
						<onright>54</onright>
						<onup>32</onup>
						<ondown>84</ondown>
						<align>center</align>
						<aligny>center</aligny>
						<font>home_20</font>
						<textcolor>colour.dialog.keyboardnumpad.keys.nofocus</textcolor>
						<focusedcolor>colour.dialog.keyboardnumpad.keys</focusedcolor>
						<disabledcolor>colour.dialog.keyboardnumpad.keys.disabled</disabledcolor>
						<texturenofocus border="3">windows\keyboard\keys_nofocus.png</texturenofocus>
						<texturefocus border="3">windows\keyboard\keys_focus.png</texturefocus>
						<onclick>Skin.Reset(kb_symbols_enabled)</onclick>
					</control>
					<control type="button" id="54">
						<description>'6' button</description>
						<left>470</left>
						<top>0</top>
						<width>92</width>
						<height>61</height>
						<onleft>53</onleft>
						<onright>55</onright>
						<onup>32</onup>
						<ondown>89</ondown>
						<align>center</align>
						<aligny>center</aligny>
						<font>home_20</font>
						<textcolor>colour.dialog.keyboardnumpad.keys.nofocus</textcolor>
						<focusedcolor>colour.dialog.keyboardnumpad.keys</focusedcolor>
						<disabledcolor>colour.dialog.keyboardnumpad.keys.disabled</disabledcolor>
						<texturenofocus border="3">windows\keyboard\keys_nofocus.png</texturenofocus>
						<texturefocus border="3">windows\keyboard\keys_focus.png</texturefocus>
						<onclick>Skin.Reset(kb_symbols_enabled)</onclick>
					</control>
					<control type="button" id="55">
						<description>'7' button</description>
						<left>564</left>
						<top>0</top>
						<width>92</width>
						<height>61</height>
						<onleft>54</onleft>
						<onright>56</onright>
						<onup>32</onup>
						<ondown>85</ondown>
						<align>center</align>
						<aligny>center</aligny>
						<font>home_20</font>
						<textcolor>colour.dialog.keyboardnumpad.keys.nofocus</textcolor>
						<focusedcolor>colour.dialog.keyboardnumpad.keys</focusedcolor>
						<disabledcolor>colour.dialog.keyboardnumpad.keys.disabled</disabledcolor>
						<texturenofocus border="3">windows\keyboard\keys_nofocus.png</texturenofocus>
						<texturefocus border="3">windows\keyboard\keys_focus.png</texturefocus>
						<onclick>Skin.Reset(kb_symbols_enabled)</onclick>
					</control>
					<control type="button" id="56">
						<description>'8' button</description>
						<left>658</left>
						<top>0</top>
						<width>92</width>
						<height>61</height>
						<onleft>55</onleft>
						<onright>57</onright>
						<onup>32</onup>
						<ondown>73</ondown>
						<align>center</align>
						<aligny>center</aligny>
						<font>home_20</font>
						<textcolor>colour.dialog.keyboardnumpad.keys.nofocus</textcolor>
						<focusedcolor>colour.dialog.keyboardnumpad.keys</focusedcolor>
						<disabledcolor>colour.dialog.keyboardnumpad.keys.disabled</disabledcolor>
						<texturenofocus border="3">windows\keyboard\keys_nofocus.png</texturenofocus>
						<texturefocus border="3">windows\keyboard\keys_focus.png</texturefocus>
						<onclick>Skin.Reset(kb_symbols_enabled)</onclick>
					</control>
					<control type="button" id="57">
						<description>'9' button</description>
						<left>752</left>
						<top>0</top>
						<width>92</width>
						<height>61</height>
						<onleft>56</onleft>
						<onright>48</onright>
						<onup>8</onup>
						<ondown>79</ondown>
						<align>center</align>
						<aligny>center</aligny>
						<font>home_20</font>
						<textcolor>colour.dialog.keyboardnumpad.keys.nofocus</textcolor>
						<focusedcolor>colour.dialog.keyboardnumpad.keys</focusedcolor>
						<disabledcolor>colour.dialog.keyboardnumpad.keys.disabled</disabledcolor>
						<texturenofocus border="3">windows\keyboard\keys_nofocus.png</texturenofocus>
						<texturefocus border="3">windows\keyboard\keys_focus.png</texturefocus>
						<onclick>Skin.Reset(kb_symbols_enabled)</onclick>
					</control>
					<control type="button" id="48">
						<description>'0' button</description>
						<left>846</left>
						<top>0</top>
						<width>92</width>
						<height>61</height>
						<onleft>57</onleft>
						<!-- <onright>302</onright> -->
						<onright>49</onright>
						<onup>8</onup>
						<ondown>80</ondown>
						<align>center</align>
						<aligny>center</aligny>
						<font>home_20</font>
						<textcolor>colour.dialog.keyboardnumpad.keys.nofocus</textcolor>
						<focusedcolor>colour.dialog.keyboardnumpad.keys</focusedcolor>
						<disabledcolor>colour.dialog.keyboardnumpad.keys.disabled</disabledcolor>
						<texturenofocus border="3">windows\keyboard\keys_nofocus.png</texturenofocus>
						<texturefocus border="3">windows\keyboard\keys_focus.png</texturefocus>
						<onclick>Skin.Reset(kb_symbols_enabled)</onclick>
					</control>
				</control>
				<!-- row 2 qwertyuiop -->
				<control type="group">
					<left>171</left>
					<top>453</top>
					<control type="button" id="81">
						<description>'Q' button</description>
						<left>0</left>
						<top>0</top>
						<width>92</width>
						<height>61</height>
						<!-- <onleft>305</onleft> -->
						<onleft>80</onleft>
						<onright>87</onright>
						<onup>49</onup>
						<ondown>65</ondown>
						<texturenofocus border="3">windows\keyboard\keys_nofocus.png</texturenofocus>
						<texturefocus border="3">windows\keyboard\keys_focus.png</texturefocus>
						<onclick>Skin.Reset(kb_symbols_enabled)</onclick>
						<align>center</align>
						<aligny>center</aligny>
						<font>home_20</font>
						<textcolor>colour.dialog.keyboardnumpad.keys.nofocus</textcolor>
						<focusedcolor>colour.dialog.keyboardnumpad.keys</focusedcolor>
						<disabledcolor>colour.dialog.keyboardnumpad.keys.disabled</disabledcolor>
					</control>
					<control type="button" id="87">
						<description>'W' button</description>
						<left>94</left>
						<top>0</top>
						<width>92</width>
						<height>61</height>
						<onleft>81</onleft>
						<onright>69</onright>
						<onup>50</onup>
						<ondown>83</ondown>
						<texturenofocus border="3">windows\keyboard\keys_nofocus.png</texturenofocus>
						<texturefocus border="3">windows\keyboard\keys_focus.png</texturefocus>
						<onclick>Skin.Reset(kb_symbols_enabled)</onclick>
						<align>center</align>
						<aligny>center</aligny>
						<font>home_20</font>
						<textcolor>colour.dialog.keyboardnumpad.keys.nofocus</textcolor>
						<focusedcolor>colour.dialog.keyboardnumpad.keys</focusedcolor>
						<disabledcolor>colour.dialog.keyboardnumpad.keys.disabled</disabledcolor>
					</control>
					<control type="button" id="69">
						<description>'E' button</description>
						<left>188</left>
						<top>0</top>
						<width>92</width>
						<height>61</height>
						<onleft>87</onleft>
						<onright>82</onright>
						<onup>51</onup>
						<ondown>68</ondown>
						<align>center</align>
						<aligny>center</aligny>
						<font>home_20</font>
						<textcolor>colour.dialog.keyboardnumpad.keys.nofocus</textcolor>
						<focusedcolor>colour.dialog.keyboardnumpad.keys</focusedcolor>
						<disabledcolor>colour.dialog.keyboardnumpad.keys.disabled</disabledcolor>
						<texturenofocus border="3">windows\keyboard\keys_nofocus.png</texturenofocus>
						<texturefocus border="3">windows\keyboard\keys_focus.png</texturefocus>
						<onclick>Skin.Reset(kb_symbols_enabled)</onclick>
					</control>
					<control type="button" id="82">
						<description>'R' button</description>
						<left>282</left>
						<top>0</top>
						<width>92</width>
						<height>61</height>
						<onleft>69</onleft>
						<onright>84</onright>
						<onup>52</onup>
						<ondown>70</ondown>
						<align>center</align>
						<aligny>center</aligny>
						<font>home_20</font>
						<textcolor>colour.dialog.keyboardnumpad.keys.nofocus</textcolor>
						<focusedcolor>colour.dialog.keyboardnumpad.keys</focusedcolor>
						<disabledcolor>colour.dialog.keyboardnumpad.keys.disabled</disabledcolor>
						<texturenofocus border="3">windows\keyboard\keys_nofocus.png</texturenofocus>
						<texturefocus border="3">windows\keyboard\keys_focus.png</texturefocus>
						<onclick>Skin.Reset(kb_symbols_enabled)</onclick>
					</control>
					<control type="button" id="84">
						<description>'T' button</description>
						<left>376</left>
						<top>0</top>
						<width>92</width>
						<height>61</height>
						<onleft>82</onleft>
						<onright>89</onright>
						<onup>53</onup>
						<ondown>71</ondown>
						<align>center</align>
						<aligny>center</aligny>
						<font>home_20</font>
						<textcolor>colour.dialog.keyboardnumpad.keys.nofocus</textcolor>
						<focusedcolor>colour.dialog.keyboardnumpad.keys</focusedcolor>
						<disabledcolor>colour.dialog.keyboardnumpad.keys.disabled</disabledcolor>
						<texturenofocus border="3">windows\keyboard\keys_nofocus.png</texturenofocus>
						<texturefocus border="3">windows\keyboard\keys_focus.png</texturefocus>
						<onclick>Skin.Reset(kb_symbols_enabled)</onclick>
					</control>
					<control type="button" id="89">
						<description>'Y' button</description>
						<left>470</left>
						<top>0</top>
						<width>92</width>
						<height>61</height>
						<onleft>84</onleft>
						<onright>85</onright>
						<onup>54</onup>
						<ondown>72</ondown>
						<align>center</align>
						<aligny>center</aligny>
						<font>home_20</font>
						<textcolor>colour.dialog.keyboardnumpad.keys.nofocus</textcolor>
						<focusedcolor>colour.dialog.keyboardnumpad.keys</focusedcolor>
						<disabledcolor>colour.dialog.keyboardnumpad.keys.disabled</disabledcolor>
						<texturenofocus border="3">windows\keyboard\keys_nofocus.png</texturenofocus>
						<texturefocus border="3">windows\keyboard\keys_focus.png</texturefocus>
						<onclick>Skin.Reset(kb_symbols_enabled)</onclick>
					</control>
					<control type="button" id="85">
						<description>'U' button</description>
						<left>564</left>
						<top>0</top>
						<width>92</width>
						<height>61</height>
						<onleft>89</onleft>
						<onright>73</onright>
						<onup>55</onup>
						<ondown>74</ondown>
						<align>center</align>
						<aligny>center</aligny>
						<font>home_20</font>
						<textcolor>colour.dialog.keyboardnumpad.keys.nofocus</textcolor>
						<focusedcolor>colour.dialog.keyboardnumpad.keys</focusedcolor>
						<disabledcolor>colour.dialog.keyboardnumpad.keys.disabled</disabledcolor>
						<texturenofocus border="3">windows\keyboard\keys_nofocus.png</texturenofocus>
						<texturefocus border="3">windows\keyboard\keys_focus.png</texturefocus>
						<onclick>Skin.Reset(kb_symbols_enabled)</onclick>
					</control>
					<control type="button" id="73">
						<description>'I' button</description>
						<left>658</left>
						<top>0</top>
						<width>92</width>
						<height>61</height>
						<onleft>85</onleft>
						<onright>79</onright>
						<onup>56</onup>
						<ondown>75</ondown>
						<align>center</align>
						<aligny>center</aligny>
						<font>home_20</font>
						<textcolor>colour.dialog.keyboardnumpad.keys.nofocus</textcolor>
						<focusedcolor>colour.dialog.keyboardnumpad.keys</focusedcolor>
						<disabledcolor>colour.dialog.keyboardnumpad.keys.disabled</disabledcolor>
						<texturenofocus border="3">windows\keyboard\keys_nofocus.png</texturenofocus>
						<texturefocus border="3">windows\keyboard\keys_focus.png</texturefocus>
						<onclick>Skin.Reset(kb_symbols_enabled)</onclick>
					</control>
					<control type="button" id="79">
						<description>'O' button</description>
						<left>752</left>
						<top>0</top>
						<width>92</width>
						<height>61</height>
						<onleft>73</onleft>
						<onright>80</onright>
						<onup>57</onup>
						<ondown>76</ondown>
						<align>center</align>
						<aligny>center</aligny>
						<font>home_20</font>
						<textcolor>colour.dialog.keyboardnumpad.keys.nofocus</textcolor>
						<focusedcolor>colour.dialog.keyboardnumpad.keys</focusedcolor>
						<disabledcolor>colour.dialog.keyboardnumpad.keys.disabled</disabledcolor>
						<texturenofocus border="3">windows\keyboard\keys_nofocus.png</texturenofocus>
						<texturefocus border="3">windows\keyboard\keys_focus.png</texturefocus>
						<onclick>Skin.Reset(kb_symbols_enabled)</onclick>
					</control>
					<control type="button" id="80">
						<description>'P' button</description>
						<left>846</left>
						<top>0</top>
						<width>92</width>
						<height>61</height>
						<onleft>79</onleft>
						<!-- <onright>306</onright> -->
						<onright>81</onright>
						<onup>48</onup>
						<ondown>103</ondown>
						<align>center</align>
						<aligny>center</aligny>
						<font>home_20</font>
						<textcolor>colour.dialog.keyboardnumpad.keys.nofocus</textcolor>
						<focusedcolor>colour.dialog.keyboardnumpad.keys</focusedcolor>
						<disabledcolor>colour.dialog.keyboardnumpad.keys.disabled</disabledcolor>
						<texturenofocus border="3">windows\keyboard\keys_nofocus.png</texturenofocus>
						<texturefocus border="3">windows\keyboard\keys_focus.png</texturefocus>
						<onclick>Skin.Reset(kb_symbols_enabled)</onclick>
					</control>
				</control>
				<!-- row 3 asdfghjkl -->
				<control type="group">
					<left>171</left>
					<top>516</top>
					<control type="button" id="65">
						<description>'A' button</description>
						<left>0</left>
						<top>0</top>
						<width>92</width>
						<height>61</height>
						<!-- <onleft>305</onleft> -->
						<onleft>103</onleft>
						<onright>83</onright>
						<onup>81</onup>
						<ondown>90</ondown>
						<align>center</align>
						<aligny>center</aligny>
						<font>home_20</font>
						<textcolor>colour.dialog.keyboardnumpad.keys.nofocus</textcolor>
						<focusedcolor>colour.dialog.keyboardnumpad.keys</focusedcolor>
						<disabledcolor>colour.dialog.keyboardnumpad.keys.disabled</disabledcolor>
						<texturenofocus border="3">windows\keyboard\keys_nofocus.png</texturenofocus>
						<texturefocus border="3">windows\keyboard\keys_focus.png</texturefocus>
						<onclick>Skin.Reset(kb_symbols_enabled)</onclick>
					</control>
					<control type="button" id="83">
						<description>'S' button</description>
						<left>94</left>
						<top>0</top>
						<width>92</width>
						<height>61</height>
						<onleft>65</onleft>
						<onright>68</onright>
						<onup>87</onup>
						<ondown>88</ondown>
						<align>center</align>
						<aligny>center</aligny>
						<font>home_20</font>
						<textcolor>colour.dialog.keyboardnumpad.keys.nofocus</textcolor>
						<focusedcolor>colour.dialog.keyboardnumpad.keys</focusedcolor>
						<disabledcolor>colour.dialog.keyboardnumpad.keys.disabled</disabledcolor>
						<texturenofocus border="3">windows\keyboard\keys_nofocus.png</texturenofocus>
						<texturefocus border="3">windows\keyboard\keys_focus.png</texturefocus>
						<onclick>Skin.Reset(kb_symbols_enabled)</onclick>
					</control>
					<control type="button" id="68">
						<description>'D' button</description>
						<left>188</left>
						<top>0</top>
						<width>92</width>
						<height>61</height>
						<onleft>83</onleft>
						<onright>70</onright>
						<onup>69</onup>
						<ondown>67</ondown>
						<align>center</align>
						<aligny>center</aligny>
						<font>home_20</font>
						<textcolor>colour.dialog.keyboardnumpad.keys.nofocus</textcolor>
						<focusedcolor>colour.dialog.keyboardnumpad.keys</focusedcolor>
						<disabledcolor>colour.dialog.keyboardnumpad.keys.disabled</disabledcolor>
						<texturenofocus border="3">windows\keyboard\keys_nofocus.png</texturenofocus>
						<texturefocus border="3">windows\keyboard\keys_focus.png</texturefocus>
						<onclick>Skin.Reset(kb_symbols_enabled)</onclick>
					</control>
					<control type="button" id="70">
						<description>'F' button</description>
						<left>282</left>
						<top>0</top>
						<width>92</width>
						<height>61</height>
						<onleft>68</onleft>
						<onright>71</onright>
						<onup>82</onup>
						<ondown>86</ondown>
						<align>center</align>
						<aligny>center</aligny>
						<font>home_20</font>
						<textcolor>colour.dialog.keyboardnumpad.keys.nofocus</textcolor>
						<focusedcolor>colour.dialog.keyboardnumpad.keys</focusedcolor>
						<disabledcolor>colour.dialog.keyboardnumpad.keys.disabled</disabledcolor>
						<texturenofocus border="3">windows\keyboard\keys_nofocus.png</texturenofocus>
						<texturefocus border="3">windows\keyboard\keys_focus.png</texturefocus>
						<onclick>Skin.Reset(kb_symbols_enabled)</onclick>
					</control>
					<control type="button" id="71">
						<description>'G' button</description>
						<left>376</left>
						<top>0</top>
						<width>92</width>
						<height>61</height>
						<onleft>70</onleft>
						<onright>72</onright>
						<onup>84</onup>
						<ondown>66</ondown>
						<align>center</align>
						<aligny>center</aligny>
						<font>home_20</font>
						<textcolor>colour.dialog.keyboardnumpad.keys.nofocus</textcolor>
						<focusedcolor>colour.dialog.keyboardnumpad.keys</focusedcolor>
						<disabledcolor>colour.dialog.keyboardnumpad.keys.disabled</disabledcolor>
						<texturenofocus border="3">windows\keyboard\keys_nofocus.png</texturenofocus>
						<texturefocus border="3">windows\keyboard\keys_focus.png</texturefocus>
						<onclick>Skin.Reset(kb_symbols_enabled)</onclick>
					</control>
					<control type="button" id="72">
						<description>'H' button</description>
						<left>470</left>
						<top>0</top>
						<width>92</width>
						<height>61</height>
						<onleft>71</onleft>
						<onright>74</onright>
						<onup>89</onup>
						<ondown>78</ondown>
						<align>center</align>
						<aligny>center</aligny>
						<font>home_20</font>
						<textcolor>colour.dialog.keyboardnumpad.keys.nofocus</textcolor>
						<focusedcolor>colour.dialog.keyboardnumpad.keys</focusedcolor>
						<disabledcolor>colour.dialog.keyboardnumpad.keys.disabled</disabledcolor>
						<texturenofocus border="3">windows\keyboard\keys_nofocus.png</texturenofocus>
						<texturefocus border="3">windows\keyboard\keys_focus.png</texturefocus>
						<onclick>Skin.Reset(kb_symbols_enabled)</onclick>
					</control>
					<control type="button" id="74">
						<description>'J' button</description>
						<left>564</left>
						<top>0</top>
						<width>92</width>
						<height>61</height>
						<onleft>72</onleft>
						<onright>75</onright>
						<onup>85</onup>
						<ondown>77</ondown>
						<align>center</align>
						<aligny>center</aligny>
						<font>home_20</font>
						<textcolor>colour.dialog.keyboardnumpad.keys.nofocus</textcolor>
						<focusedcolor>colour.dialog.keyboardnumpad.keys</focusedcolor>
						<disabledcolor>colour.dialog.keyboardnumpad.keys.disabled</disabledcolor>
						<texturenofocus border="3">windows\keyboard\keys_nofocus.png</texturenofocus>
						<texturefocus border="3">windows\keyboard\keys_focus.png</texturefocus>
						<onclick>Skin.Reset(kb_symbols_enabled)</onclick>
					</control>
					<control type="button" id="75">
						<description>'K' button</description>
						<left>658</left>
						<top>0</top>
						<width>92</width>
						<height>61</height>
						<onleft>74</onleft>
						<onright>76</onright>
						<onup>73</onup>
						<ondown>100</ondown>
						<align>center</align>
						<aligny>center</aligny>
						<font>home_20</font>
						<textcolor>colour.dialog.keyboardnumpad.keys.nofocus</textcolor>
						<focusedcolor>colour.dialog.keyboardnumpad.keys</focusedcolor>
						<disabledcolor>colour.dialog.keyboardnumpad.keys.disabled</disabledcolor>
						<texturenofocus border="3">windows\keyboard\keys_nofocus.png</texturenofocus>
						<texturefocus border="3">windows\keyboard\keys_focus.png</texturefocus>
						<onclick>Skin.Reset(kb_symbols_enabled)</onclick>
					</control>
					<control type="button" id="76">
						<description>'L' button</description>
						<left>752</left>
						<top>0</top>
						<width>92</width>
						<height>61</height>
						<onleft>75</onleft>
						<onright>103</onright>
						<onup>79</onup>
						<ondown>101</ondown>
						<align>center</align>
						<aligny>center</aligny>
						<font>home_20</font>
						<textcolor>colour.dialog.keyboardnumpad.keys.nofocus</textcolor>
						<focusedcolor>colour.dialog.keyboardnumpad.keys</focusedcolor>
						<disabledcolor>colour.dialog.keyboardnumpad.keys.disabled</disabledcolor>
						<texturenofocus border="3">windows\keyboard\keys_nofocus.png</texturenofocus>
						<texturefocus border="3">windows\keyboard\keys_focus.png</texturefocus>
						<onclick>Skin.Reset(kb_symbols_enabled)</onclick>
					</control>
					<control type="button" id="103">
						<description>Custom button there is a double Symbols so it changes back properly</description>
						<left>846</left>
						<top>0</top>
						<width>92</width>
						<height>61</height>
						<onleft>76</onleft>
						<!-- <onright>306</onright> -->
						<onright>65</onright>
						<onup>80</onup>
						<ondown>102</ondown>
						<align>center</align>
						<aligny>center</aligny>
						<font>home_20</font>
						<label>'</label>
						<textcolor>colour.dialog.keyboardnumpad.keys.nofocus</textcolor>
						<focusedcolor>colour.dialog.keyboardnumpad.keys</focusedcolor>
						<disabledcolor>colour.dialog.keyboardnumpad.keys.disabled</disabledcolor>
						<texturenofocus border="3">windows\keyboard\keys_nofocus.png</texturenofocus>
						<texturefocus border="3">windows\keyboard\keys_focus.png</texturefocus>
						<onclick>Symbols</onclick>
						<onclick>SendClick(103,75)</onclick>
						<onclick>Symbols</onclick>
						<onclick>Symbols</onclick>
						<visible>!Skin.HasSetting(kb_symbols_enabled)</visible>
					</control>
				</control>
				<!-- row 2 zxcvbnm -->
				<control type="group">
					<left>171</left>
					<top>579</top>
					<control type="button" id="90">
						<description>'Z' button</description>
						<left>0</left>
						<top>0</top>
						<width>92</width>
						<height>61</height>
						<!-- <onleft>303</onleft> -->
						<onleft>102</onleft>
						<onright>88</onright>
						<onup>65</onup>
						<ondown>307</ondown>
						<align>center</align>
						<aligny>center</aligny>
						<font>home_20</font>
						<textcolor>colour.dialog.keyboardnumpad.keys.nofocus</textcolor>
						<focusedcolor>colour.dialog.keyboardnumpad.keys</focusedcolor>
						<disabledcolor>colour.dialog.keyboardnumpad.keys.disabled</disabledcolor>
						<texturenofocus border="3">windows\keyboard\keys_nofocus.png</texturenofocus>
						<texturefocus border="3">windows\keyboard\keys_focus.png</texturefocus>
						<onclick>Skin.Reset(kb_symbols_enabled)</onclick>
					</control>
					<control type="button" id="88">
						<description>'X' button</description>
						<left>94</left>
						<top>0</top>
						<width>92</width>
						<height>61</height>
						<onleft>90</onleft>
						<onright>67</onright>
						<onup>83</onup>
						<ondown>307</ondown>
						<align>center</align>
						<aligny>center</aligny>
						<font>home_20</font>
						<textcolor>colour.dialog.keyboardnumpad.keys.nofocus</textcolor>
						<focusedcolor>colour.dialog.keyboardnumpad.keys</focusedcolor>
						<disabledcolor>colour.dialog.keyboardnumpad.keys.disabled</disabledcolor>
						<texturenofocus border="3">windows\keyboard\keys_nofocus.png</texturenofocus>
						<texturefocus border="3">windows\keyboard\keys_focus.png</texturefocus>
						<onclick>Skin.Reset(kb_symbols_enabled)</onclick>
					</control>
					<control type="button" id="67">
						<description>'C' button</description>
						<left>188</left>
						<top>0</top>
						<width>92</width>
						<height>61</height>
						<onleft>88</onleft>
						<onright>86</onright>
						<onup>68</onup>
						<ondown>32</ondown>
						<align>center</align>
						<aligny>center</aligny>
						<font>home_20</font>
						<textcolor>colour.dialog.keyboardnumpad.keys.nofocus</textcolor>
						<focusedcolor>colour.dialog.keyboardnumpad.keys</focusedcolor>
						<disabledcolor>colour.dialog.keyboardnumpad.keys.disabled</disabledcolor>
						<texturenofocus border="3">windows\keyboard\keys_nofocus.png</texturenofocus>
						<texturefocus border="3">windows\keyboard\keys_focus.png</texturefocus>
						<onclick>Skin.Reset(kb_symbols_enabled)</onclick>
					</control>
					<control type="button" id="86">
						<description>'V' button</description>
						<left>282</left>
						<top>0</top>
						<width>92</width>
						<height>61</height>
						<onleft>67</onleft>
						<onright>66</onright>
						<onup>70</onup>
						<ondown>32</ondown>
						<align>center</align>
						<aligny>center</aligny>
						<font>home_20</font>
						<textcolor>colour.dialog.keyboardnumpad.keys.nofocus</textcolor>
						<focusedcolor>colour.dialog.keyboardnumpad.keys</focusedcolor>
						<disabledcolor>colour.dialog.keyboardnumpad.keys.disabled</disabledcolor>
						<texturenofocus border="3">windows\keyboard\keys_nofocus.png</texturenofocus>
						<texturefocus border="3">windows\keyboard\keys_focus.png</texturefocus>
						<onclick>Skin.Reset(kb_symbols_enabled)</onclick>
					</control>
					<control type="button" id="66">
						<description>'B' button</description>
						<left>376</left>
						<top>0</top>
						<width>92</width>
						<height>61</height>
						<onleft>86</onleft>
						<onright>78</onright>
						<onup>71</onup>
						<ondown>32</ondown>
						<align>center</align>
						<aligny>center</aligny>
						<font>home_20</font>
						<textcolor>colour.dialog.keyboardnumpad.keys.nofocus</textcolor>
						<focusedcolor>colour.dialog.keyboardnumpad.keys</focusedcolor>
						<disabledcolor>colour.dialog.keyboardnumpad.keys.disabled</disabledcolor>
						<texturenofocus border="3">windows\keyboard\keys_nofocus.png</texturenofocus>
						<texturefocus border="3">windows\keyboard\keys_focus.png</texturefocus>
						<onclick>Skin.Reset(kb_symbols_enabled)</onclick>
					</control>
					<control type="button" id="78">
						<description>'N' button</description>
						<left>470</left>
						<top>0</top>
						<width>92</width>
						<height>61</height>
						<onleft>66</onleft>
						<onright>77</onright>
						<onup>72</onup>
						<ondown>32</ondown>
						<align>center</align>
						<aligny>center</aligny>
						<font>home_20</font>
						<textcolor>colour.dialog.keyboardnumpad.keys.nofocus</textcolor>
						<focusedcolor>colour.dialog.keyboardnumpad.keys</focusedcolor>
						<disabledcolor>colour.dialog.keyboardnumpad.keys.disabled</disabledcolor>
						<texturenofocus border="3">windows\keyboard\keys_nofocus.png</texturenofocus>
						<texturefocus border="3">windows\keyboard\keys_focus.png</texturefocus>
						<onclick>Skin.Reset(kb_symbols_enabled)</onclick>
					</control>
					<control type="button" id="77">
						<description>'M' button</description>
						<left>564</left>
						<top>0</top>
						<width>92</width>
						<height>61</height>
						<onleft>78</onleft>
						<onright>100</onright>
						<onup>74</onup>
						<ondown>32</ondown>
						<align>center</align>
						<aligny>center</aligny>
						<font>home_20</font>
						<textcolor>colour.dialog.keyboardnumpad.keys.nofocus</textcolor>
						<focusedcolor>colour.dialog.keyboardnumpad.keys</focusedcolor>
						<disabledcolor>colour.dialog.keyboardnumpad.keys.disabled</disabledcolor>
						<texturenofocus border="3">windows\keyboard\keys_nofocus.png</texturenofocus>
						<texturefocus border="3">windows\keyboard\keys_focus.png</texturefocus>
						<onclick>Skin.Reset(kb_symbols_enabled)</onclick>
					</control>
					<control type="button" id="100">
						<description>Custom button there is a double Symbols so it changes back properly</description>
						<left>658</left>
						<top>0</top>
						<width>92</width>
						<height>61</height>
						<onleft>77</onleft>
						<onright>101</onright>
						<onup>75</onup>
						<ondown>32</ondown>
						<align>center</align>
						<aligny>center</aligny>
						<font>home_20</font>
						<label>,</label>
						<textcolor>colour.dialog.keyboardnumpad.keys.nofocus</textcolor>
						<focusedcolor>colour.dialog.keyboardnumpad.keys</focusedcolor>
						<disabledcolor>colour.dialog.keyboardnumpad.keys.disabled</disabledcolor>
						<texturenofocus border="3">windows\keyboard\keys_nofocus.png</texturenofocus>
						<texturefocus border="3">windows\keyboard\keys_focus.png</texturefocus>
						<onclick>Symbols</onclick>
						<onclick>SendClick(103,77)</onclick>
						<onclick>Symbols</onclick>
						<onclick>Symbols</onclick>
						<visible>!Skin.HasSetting(kb_symbols_enabled)</visible>
					</control>
					<control type="button" id="101">
						<description>Custom button there is a double Symbols so it changes back properly</description>
						<left>752</left>
						<top>0</top>
						<width>92</width>
						<height>61</height>
						<onleft>100</onleft>
						<onright>102</onright>
						<onup>76</onup>
						<ondown>8</ondown>
						<align>center</align>
						<aligny>center</aligny>
						<font>home_20</font>
						<label>.</label>
						<textcolor>colour.dialog.keyboardnumpad.keys.nofocus</textcolor>
						<focusedcolor>colour.dialog.keyboardnumpad.keys</focusedcolor>
						<disabledcolor>colour.dialog.keyboardnumpad.keys.disabled</disabledcolor>
						<texturenofocus border="3">windows\keyboard\keys_nofocus.png</texturenofocus>
						<texturefocus border="3">windows\keyboard\keys_focus.png</texturefocus>
						<onclick>Symbols</onclick>
						<onclick>SendClick(103,78)</onclick>
						<onclick>Symbols</onclick>
						<onclick>Symbols</onclick>
						<visible>!Skin.HasSetting(kb_symbols_enabled)</visible>
					</control>
					<control type="button" id="102">
						<description>Custom button there is a double Symbols so it changes back properly</description>
						<left>846</left>
						<top>0</top>
						<width>92</width>
						<height>61</height>
						<onleft>101</onleft>
						<!-- <onright>300</onright> -->
						<onright>90</onright>
						<onup>103</onup>
						<ondown>8</ondown>
						<align>center</align>
						<aligny>center</aligny>
						<font>home_20</font>
						<label>/</label>
						<textcolor>colour.dialog.keyboardnumpad.keys.nofocus</textcolor>
						<focusedcolor>colour.dialog.keyboardnumpad.keys</focusedcolor>
						<disabledcolor>colour.dialog.keyboardnumpad.keys.disabled</disabledcolor>
						<texturenofocus border="3">windows\keyboard\keys_nofocus.png</texturenofocus>
						<texturefocus border="3">windows\keyboard\keys_focus.png</texturefocus>
						<onclick>Symbols</onclick>
						<onclick>SendClick(103,81)</onclick>
						<onclick>Symbols</onclick>
						<onclick>Symbols</onclick>
						<visible>!Skin.HasSetting(kb_symbols_enabled)</visible>
					</control>
				</control>
			</control>
		</control>
		<!-- Hex code entry keyboard -->
		<control type="group">
			<include>Dialog.Effect.Zoom.Fast</include>
			<left>245</left>
			<top>140</top>
			<visible>Skin.HasSetting(hex_entry)</visible>
			<control type="image">
				<left>240</left>
				<top>40</top>
				<width>300</width>
				<height>320</height>
				<texture colordiffuse="FBFFFFFF" border="40">windows\keyboard\back.png</texture>
			</control>
			<control type="image">
				<left>260</left>
				<top>95</top>
				<width>260</width>
				<height>30</height>
				<colordiffuse>BBFFFFFF</colordiffuse>
				<texture border="5">windows\keyboard\text_box.png</texture>
			</control>
			<control type="label">
				<description>dialog Heading</description>
				<left>260</left>
				<top>50</top>
				<width>260</width>
				<height>40</height>
				<font>home_12</font>
				<textcolor>colour.dialog.keyboardnumpad.label.header</textcolor>
				<label>[B]$LOCALIZE[31101][/B]</label>
				<align>center</align>
				<aligny>center</aligny>
			</control>
			<control type="label" id="310">
				<description>Edit Text</description>
				<left>260</left>
				<top>93</top>
				<width>260</width>
				<height>30</height>
				<font>home_20</font>
				<align>center</align>
				<aligny>center</aligny>
				<textcolor>colour.dialog.keyboardnumpad.label</textcolor>
				<info>Skin.String(Background_Custom_Color)</info>
				<visible>Skin.HasSetting(hex_entry)</visible>
			</control>
			<control type="group">
				<left>65</left>
				<top>140</top>
				<control type="button" id="300">
					<description>DONE button</description>
					<left>200</left>
					<top>0</top>
					<width>48</width>
					<height>80</height>
					<label>20177</label>
					<onleft>-</onleft>
					<onright>48</onright>
					<onup>-</onup>
					<ondown>8</ondown>
					<angle>90</angle>
					<textwidth>80</textwidth>
					<align>center</align>
					<aligny>center</aligny>
					<font>home_15</font>
					<textcolor>colour.dialog.keyboardnumpad.keys.nofocus</textcolor>
					<focusedcolor>colour.dialog.keyboardnumpad.keys</focusedcolor>
					<disabledcolor>colour.dialog.keyboardnumpad.keys.disabled</disabledcolor>
					<texturenofocus border="3">windows\keyboard\keys_nofocus.png</texturenofocus>
					<texturefocus border="3">windows\keyboard\keys_focus.png</texturefocus>
				</control>
				<control type="button" id="8">
					<description>BACKSPACE button</description>
					<left>200</left>
					<top>81</top>
					<width>48</width>
					<height>117</height>
					<label>20181</label>
					<onleft>-</onleft>
					<onright>56</onright>
					<onup>300</onup>
					<ondown>-</ondown>
					<angle>90</angle>
					<textwidth>100</textwidth>
					<align>center</align>
					<aligny>center</aligny>
					<font>home_15</font>
					<textcolor>colour.dialog.keyboardnumpad.keys.nofocus</textcolor>
					<focusedcolor>colour.dialog.keyboardnumpad.keys</focusedcolor>
					<disabledcolor>colour.dialog.keyboardnumpad.keys.disabled</disabledcolor>
					<texturenofocus border="3">windows\keyboard\keys_nofocus.png</texturenofocus>
					<texturefocus border="3">windows\keyboard\keys_focus.png</texturefocus>
				</control>
				<control type="button" id="48">
					<description>'0' button</description>
					<left>250</left>
					<top>0</top>
					<width>48</width>
					<height>48</height>
					<onleft>300</onleft>
					<onright>49</onright>
					<onup>-</onup>
					<ondown>52</ondown>
					<align>center</align>
					<aligny>center</aligny>
					<font>home_20</font>
					<textcolor>colour.dialog.keyboardnumpad.keys.nofocus</textcolor>
					<focusedcolor>colour.dialog.keyboardnumpad.keys</focusedcolor>
					<disabledcolor>colour.dialog.keyboardnumpad.keys.disabled</disabledcolor>
					<texturenofocus border="3">windows\keyboard\keys_nofocus.png</texturenofocus>
					<texturefocus border="3">windows\keyboard\keys_focus.png</texturefocus>
				</control>
				<control type="button" id="49">
					<description>'1' button</description>
					<left>300</left>
					<top>0</top>
					<width>48</width>
					<height>48</height>
					<onleft>48</onleft>
					<onright>50</onright>
					<onup>-</onup>
					<ondown>53</ondown>
					<align>center</align>
					<aligny>center</aligny>
					<font>home_20</font>
					<textcolor>colour.dialog.keyboardnumpad.keys.nofocus</textcolor>
					<focusedcolor>colour.dialog.keyboardnumpad.keys</focusedcolor>
					<disabledcolor>colour.dialog.keyboardnumpad.keys.disabled</disabledcolor>
					<texturenofocus border="3">windows\keyboard\keys_nofocus.png</texturenofocus>
					<texturefocus border="3">windows\keyboard\keys_focus.png</texturefocus>
				</control>
				<control type="button" id="50">
					<description>'2' button</description>
					<left>350</left>
					<top>0</top>
					<width>48</width>
					<height>48</height>
					<onleft>49</onleft>
					<onright>51</onright>
					<onup>-</onup>
					<ondown>54</ondown>
					<align>center</align>
					<aligny>center</aligny>
					<font>home_20</font>
					<textcolor>colour.dialog.keyboardnumpad.keys.nofocus</textcolor>
					<focusedcolor>colour.dialog.keyboardnumpad.keys</focusedcolor>
					<disabledcolor>colour.dialog.keyboardnumpad.keys.disabled</disabledcolor>
					<texturenofocus border="3">windows\keyboard\keys_nofocus.png</texturenofocus>
					<texturefocus border="3">windows\keyboard\keys_focus.png</texturefocus>
				</control>
				<control type="button" id="51">
					<description>'3' button</description>
					<left>400</left>
					<top>0</top>
					<width>48</width>
					<height>48</height>
					<onleft>50</onleft>
					<onright>-</onright>
					<onup>-</onup>
					<ondown>55</ondown>
					<align>center</align>
					<aligny>center</aligny>
					<font>home_20</font>
					<textcolor>colour.dialog.keyboardnumpad.keys.nofocus</textcolor>
					<focusedcolor>colour.dialog.keyboardnumpad.keys</focusedcolor>
					<disabledcolor>colour.dialog.keyboardnumpad.keys.disabled</disabledcolor>
					<texturenofocus border="3">windows\keyboard\keys_nofocus.png</texturenofocus>
					<texturefocus border="3">windows\keyboard\keys_focus.png</texturefocus>
				</control>
				<control type="button" id="52">
					<description>'4' button</description>
					<left>250</left>
					<top>50</top>
					<width>48</width>
					<height>48</height>
					<onleft>300</onleft>
					<onright>53</onright>
					<onup>48</onup>
					<ondown>56</ondown>
					<align>center</align>
					<aligny>center</aligny>
					<font>home_20</font>
					<textcolor>colour.dialog.keyboardnumpad.keys.nofocus</textcolor>
					<focusedcolor>colour.dialog.keyboardnumpad.keys</focusedcolor>
					<disabledcolor>colour.dialog.keyboardnumpad.keys.disabled</disabledcolor>
					<texturenofocus border="3">windows\keyboard\keys_nofocus.png</texturenofocus>
					<texturefocus border="3">windows\keyboard\keys_focus.png</texturefocus>
				</control>
				<control type="button" id="53">
					<description>'5' button</description>
					<left>300</left>
					<top>50</top>
					<width>48</width>
					<height>48</height>
					<onleft>52</onleft>
					<onright>54</onright>
					<onup>49</onup>
					<ondown>57</ondown>
					<align>center</align>
					<aligny>center</aligny>
					<font>home_20</font>
					<textcolor>colour.dialog.keyboardnumpad.keys.nofocus</textcolor>
					<focusedcolor>colour.dialog.keyboardnumpad.keys</focusedcolor>
					<disabledcolor>colour.dialog.keyboardnumpad.keys.disabled</disabledcolor>
					<texturenofocus border="3">windows\keyboard\keys_nofocus.png</texturenofocus>
					<texturefocus border="3">windows\keyboard\keys_focus.png</texturefocus>
				</control>
				<control type="button" id="54">
					<description>'6' button</description>
					<left>350</left>
					<top>50</top>
					<width>48</width>
					<height>48</height>
					<onleft>53</onleft>
					<onright>55</onright>
					<onup>50</onup>
					<ondown>65</ondown>
					<align>center</align>
					<aligny>center</aligny>
					<font>home_20</font>
					<textcolor>colour.dialog.keyboardnumpad.keys.nofocus</textcolor>
					<focusedcolor>colour.dialog.keyboardnumpad.keys</focusedcolor>
					<disabledcolor>colour.dialog.keyboardnumpad.keys.disabled</disabledcolor>
					<texturenofocus border="3">windows\keyboard\keys_nofocus.png</texturenofocus>
					<texturefocus border="3">windows\keyboard\keys_focus.png</texturefocus>
				</control>
				<control type="button" id="55">
					<description>'7' button</description>
					<left>400</left>
					<top>50</top>
					<width>48</width>
					<height>48</height>
					<onleft>54</onleft>
					<onright>-</onright>
					<onup>51</onup>
					<ondown>66</ondown>
					<align>center</align>
					<aligny>center</aligny>
					<font>home_20</font>
					<textcolor>colour.dialog.keyboardnumpad.keys.nofocus</textcolor>
					<focusedcolor>colour.dialog.keyboardnumpad.keys</focusedcolor>
					<disabledcolor>colour.dialog.keyboardnumpad.keys.disabled</disabledcolor>
					<texturenofocus border="3">windows\keyboard\keys_nofocus.png</texturenofocus>
					<texturefocus border="3">windows\keyboard\keys_focus.png</texturefocus>
				</control>
				<control type="button" id="56">
					<description>'8' button</description>
					<left>250</left>
					<top>100</top>
					<width>48</width>
					<height>48</height>
					<onleft>8</onleft>
					<onright>57</onright>
					<onup>52</onup>
					<ondown>67</ondown>
					<align>center</align>
					<aligny>center</aligny>
					<font>home_20</font>
					<textcolor>colour.dialog.keyboardnumpad.keys.nofocus</textcolor>
					<focusedcolor>colour.dialog.keyboardnumpad.keys</focusedcolor>
					<disabledcolor>colour.dialog.keyboardnumpad.keys.disabled</disabledcolor>
					<texturenofocus border="3">windows\keyboard\keys_nofocus.png</texturenofocus>
					<texturefocus border="3">windows\keyboard\keys_focus.png</texturefocus>
				</control>
				<control type="button" id="57">
					<description>'9' button</description>
					<left>300</left>
					<top>100</top>
					<width>48</width>
					<height>48</height>
					<onleft>56</onleft>
					<onright>65</onright>
					<onup>53</onup>
					<ondown>68</ondown>
					<align>center</align>
					<aligny>center</aligny>
					<font>home_20</font>
					<textcolor>colour.dialog.keyboardnumpad.keys.nofocus</textcolor>
					<focusedcolor>colour.dialog.keyboardnumpad.keys</focusedcolor>
					<disabledcolor>colour.dialog.keyboardnumpad.keys.disabled</disabledcolor>
					<texturenofocus border="3">windows\keyboard\keys_nofocus.png</texturenofocus>
					<texturefocus border="3">windows\keyboard\keys_focus.png</texturefocus>
				</control>
				<control type="button" id="65">
					<description>'A' button</description>
					<left>350</left>
					<top>100</top>
					<width>48</width>
					<height>48</height>
					<onleft>57</onleft>
					<onright>66</onright>
					<onup>54</onup>
					<ondown>69</ondown>
					<align>center</align>
					<aligny>center</aligny>
					<font>home_20</font>
					<textcolor>colour.dialog.keyboardnumpad.keys.nofocus</textcolor>
					<focusedcolor>colour.dialog.keyboardnumpad.keys</focusedcolor>
					<disabledcolor>colour.dialog.keyboardnumpad.keys.disabled</disabledcolor>
					<texturenofocus border="3">windows\keyboard\keys_nofocus.png</texturenofocus>
					<texturefocus border="3">windows\keyboard\keys_focus.png</texturefocus>
				</control>
				<control type="button" id="66">
					<description>'B' button</description>
					<left>400</left>
					<top>100</top>
					<width>48</width>
					<height>48</height>
					<onleft>65</onleft>
					<onright>-</onright>
					<onup>55</onup>
					<ondown>70</ondown>
					<align>center</align>
					<aligny>center</aligny>
					<font>home_20</font>
					<textcolor>colour.dialog.keyboardnumpad.keys.nofocus</textcolor>
					<focusedcolor>colour.dialog.keyboardnumpad.keys</focusedcolor>
					<disabledcolor>colour.dialog.keyboardnumpad.keys.disabled</disabledcolor>
					<texturenofocus border="3">windows\keyboard\keys_nofocus.png</texturenofocus>
					<texturefocus border="3">windows\keyboard\keys_focus.png</texturefocus>
				</control>
				<control type="button" id="67">
					<description>'C' button</description>
					<left>250</left>
					<top>150</top>
					<width>48</width>
					<height>48</height>
					<onleft>8</onleft>
					<onright>68</onright>
					<onup>56</onup>
					<ondown>-</ondown>
					<align>center</align>
					<aligny>center</aligny>
					<font>home_20</font>
					<textcolor>colour.dialog.keyboardnumpad.keys.nofocus</textcolor>
					<focusedcolor>colour.dialog.keyboardnumpad.keys</focusedcolor>
					<disabledcolor>colour.dialog.keyboardnumpad.keys.disabled</disabledcolor>
					<texturenofocus border="3">windows\keyboard\keys_nofocus.png</texturenofocus>
					<texturefocus border="3">windows\keyboard\keys_focus.png</texturefocus>
				</control>
				<control type="button" id="68">
					<description>'D' button</description>
					<left>300</left>
					<top>150</top>
					<width>48</width>
					<height>48</height>
					<onleft>67</onleft>
					<onright>69</onright>
					<onup>57</onup>
					<ondown>-</ondown>
					<align>center</align>
					<aligny>center</aligny>
					<font>home_20</font>
					<textcolor>colour.dialog.keyboardnumpad.keys.nofocus</textcolor>
					<focusedcolor>colour.dialog.keyboardnumpad.keys</focusedcolor>
					<disabledcolor>colour.dialog.keyboardnumpad.keys.disabled</disabledcolor>
					<texturenofocus border="3">windows\keyboard\keys_nofocus.png</texturenofocus>
					<texturefocus border="3">windows\keyboard\keys_focus.png</texturefocus>
				</control>
				<control type="button" id="69">
					<description>'E' button</description>
					<left>350</left>
					<top>150</top>
					<width>48</width>
					<height>48</height>
					<onleft>68</onleft>
					<onright>70</onright>
					<onup>65</onup>
					<ondown>-</ondown>
					<align>center</align>
					<aligny>center</aligny>
					<font>home_20</font>
					<textcolor>colour.dialog.keyboardnumpad.keys.nofocus</textcolor>
					<focusedcolor>colour.dialog.keyboardnumpad.keys</focusedcolor>
					<disabledcolor>colour.dialog.keyboardnumpad.keys.disabled</disabledcolor>
					<texturenofocus border="3">windows\keyboard\keys_nofocus.png</texturenofocus>
					<texturefocus border="3">windows\keyboard\keys_focus.png</texturefocus>
				</control>
				<control type="button" id="70">
					<description>'F' button</description>
					<left>400</left>
					<top>150</top>
					<width>48</width>
					<height>48</height>
					<onleft>69</onleft>
					<onright>-</onright>
					<onup>66</onup>
					<ondown>-</ondown>
					<align>center</align>
					<aligny>center</aligny>
					<font>home_20</font>
					<textcolor>colour.dialog.keyboardnumpad.keys.nofocus</textcolor>
					<focusedcolor>colour.dialog.keyboardnumpad.keys</focusedcolor>
					<disabledcolor>colour.dialog.keyboardnumpad.keys.disabled</disabledcolor>
					<texturenofocus border="3">windows\keyboard\keys_nofocus.png</texturenofocus>
					<texturefocus border="3">windows\keyboard\keys_focus.png</texturefocus>
				</control>
			</control>
		</control>
	</controls>
</window>