<window id="107">
	<animation effect="slide" start="0,-50" end="0,0" delay="0" time="350" tween="sine">WindowOpen</animation>
	<animation effect="slide" start="0,0" end="0,-50" delay="500" time="250" tween="sine">WindowClose</animation>
	<controls>
		<control type="image">
			<left>415</left>
			<top>0</top>
			<width>450</width>
			<height>70</height>
			<colordiffuse>104_diffuse</colordiffuse>
			<texture colordiffuse="colour.dialog.volumekaitoast.diffuse.main">windows\volume\underlay.png</texture>
		</control>
		<control type="group">
			<left>450</left>
			<control type="image" id="400">
				<description>avatar</description>
				<left>0</left>
				<top>8</top>
				<width>40</width>
				<height>40</height>
				<aspectratio>keep</aspectratio>
				<texture>defaulticoninfo.png</texture>
			</control>
			<control type="image" id="403">
				<description>avatar</description>
				<left>0</left>
				<top>8</top>
				<width>40</width>
				<height>40</height>
				<aspectratio>keep</aspectratio>
				<visible>false</visible>
				<texture>defaulticoninfo.png</texture>
			</control>
			<control type="image" id="404">
				<description>avatar</description>
				<left>0</left>
				<top>8</top>
				<width>40</width>
				<height>40</height>
				<aspectratio>keep</aspectratio>
				<visible>false</visible>
				<texture>defaulticonwarning.png</texture>
			</control>
			<control type="image" id="405">
				<description>avatar</description>
				<left>0</left>
				<top>8</top>
				<width>40</width>
				<height>40</height>
				<aspectratio>keep</aspectratio>
				<visible>false</visible>
				<texture>defaulticonerror.png</texture>
			</control>
			<control type="fadelabel" id="401">
				<description>Line 1 Label</description>
				<left>50</left>
				<top>8</top>
				<width>330</width>
				<height>20</height>
				<font>size_20</font>
				<align>left</align>
				<aligny>center</aligny>
				<scroll>true</scroll>
				<scrollout>false</scrollout>
				<pauseatend>200</pauseatend>
				<textcolor>colour.dialog.volumekaitoast.label</textcolor>
			</control>
			<control type="fadelabel" id="402">
				<description>Line 2 Label</description>
				<left>50</left>
				<top>29</top>
				<width>330</width>
				<height>20</height>
				<font>size_15</font>
				<align>left</align>
				<aligny>center</aligny>
				<scroll>true</scroll>
				<scrollout>false</scrollout>
				<pauseatend>200</pauseatend>
				<textcolor>colour.dialog.volumekaitoast.label</textcolor>
			</control>
		</control>
	</controls>
</window>