<window id="115">
	<defaultcontrol>1</defaultcontrol>
	<!-- Uses 104 colours as they share the same look and assets -->
	<visible>Player.Seeking | Player.DisplayAfterSeek | Player.Forwarding | Player.Rewinding</visible>
	<controls>
		<!-- Player Controls are visible -->
		<control type="group">
			<animation effect="slide" start="0,0" end="0,87" delay="0" time="250" tween="Quadratic" easing="out" condition="Skin.HasSetting(newplayer_large_artwork)">Conditional</animation>
			<control type="group">
				<left>452</left>
				<top>119</top>
				<control type="slider" id="401">
					<description>Seek Slider</description>
					<left>1</left>
					<top>-2</top>
					<width>373</width>
					<height>10</height>
					<colordiffuse>colour.dialog.volumekaitoast.diffuse.progress.nib</colordiffuse>
					<texturesliderbar>seekslider.png</texturesliderbar>
					<textureslidernib>slider_nibFO.png</textureslidernib>
					<textureslidernibfocus>slider_nibFO.png</textureslidernibfocus>
					<visible>Window.IsActive(114) + !Skin.HasSetting(OldPlayerControls)</visible>
				</control>
			</control>
		</control>
		<control type="group">
			<animation effect="slide" start="0,-50" end="0,0" delay="10" time="250" tween="Quadratic" easing="out">WindowOpen</animation>
			<animation effect="slide" start="0,0" end="0,-50" delay="170" time="250" tween="Quadratic" easing="out">WindowClose</animation>
			<visible>!Window.IsActive(114)</visible>
			<control type="image">
				<left>425</left>
				<top>0</top>
				<width>430</width>
				<height>50</height>
				<texture border="20" colordiffuse="colour.dialog.volumekaitoast.diffuse.main">windows\volume\underlay.png</texture>
			</control>
			<control type="progress" id="29999">
				<description>Progressbar</description>
				<left>450</left>
				<top>25</top>
				<width>380</width>
				<height>10</height>
				<info>Player.Progress</info>
				<texturebg colordiffuse="colour.dialog.volumekaitoast.diffuse.progress.underlay">windows\volume\progress_back.png</texturebg>
				<midtexture border="5,0,5,0" colordiffuse="colour.dialog.volumekaitoast.diffuse.progress.bar">windows\volume\progress_bar.png</midtexture>
				<lefttexture colordiffuse="colour.dialog.volumekaitoast.diffuse.progress.underlay">windows\volume\progress_left.png</lefttexture>
				<righttexture colordiffuse="colour.dialog.volumekaitoast.diffuse.progress.underlay">windows\volume\progress_right.png</righttexture>
				<overlaytexture colordiffuse="colour.dialog.volumekaitoast.diffuse.progress.underlay">-</overlaytexture>
			</control>
			<control type="slider" id="401">
				<description>Seek Slider</description>
				<left>455</left>
				<top>25</top>
				<width>370</width>
				<height>10</height>
				<colordiffuse>colour.dialog.volumekaitoast.diffuse.progress.nib</colordiffuse>
				<texturesliderbar>seekslider.png</texturesliderbar>
				<textureslidernib>slider_nibFO.png</textureslidernib>
				<textureslidernibfocus>slider_nibFO.png</textureslidernibfocus>
				<onup>1</onup>
				<ondown>1</ondown>
				<onleft>1</onleft>
				<onright>1</onright>
				<visible>Player.Seeking</visible>
			</control>
			<control type="label">
				<description>Seeking Label</description>
				<left>340</left>
				<top>0</top>
				<width>600</width>
				<height>25</height>
				<align>center</align>
				<aligny>center</aligny>
				<textcolor>colour.dialog.volumekaitoast.label.header</textcolor>
				<font>mono_13</font>
				<label>[UPPERCASE]$LOCALIZE[773][/UPPERCASE]</label>
			</control>
			<control type="label">
				<description>Elapsed Time Label</description>
				<left>440</left>
				<top>0</top>
				<width>70</width>
				<height>25</height>
				<font>mono_13</font>
				<align>center</align>
				<aligny>center</aligny>
				<textcolor>colour.dialog.volumekaitoast.label</textcolor>
				<info>Player.SeekTime</info>
				<visible>Player.Seeking</visible>
			</control>
			<control type="label">
				<description>Elapsed Time Label</description>
				<left>440</left>
				<top>0</top>
				<width>70</width>
				<height>25</height>
				<font>mono_13</font>
				<align>center</align>
				<aligny>center</aligny>
				<textcolor>colour.dialog.volumekaitoast.label</textcolor>
				<info>Player.Time</info>
				<visible>!Player.Seeking</visible>
			</control>
			<control type="label">
				<description>Elapsed Time Label</description>
				<left>770</left>
				<top>0</top>
				<width>70</width>
				<height>25</height>
				<font>mono_13</font>
				<align>center</align>
				<aligny>center</aligny>
				<textcolor>colour.dialog.volumekaitoast.label</textcolor>
				<info>Player.Duration</info>
			</control>
		</control>
	</controls>
</window>