<window id="2002">
	<defaultcontrol always="true">10</defaultcontrol>
	<controls>
		<include>Behind.Dialog.Instant</include>
		<control type="image">
			<description>background image</description>
			<left>276</left>
			<top>235</top>
			<width>728</width>
			<height>249</height>
			<texture colordiffuse="colour.dialog.diffuse.main">windows\dialogs\main.png</texture>
		</control>
		<control type="image">
			<description>Heading Background</description>
			<left>291</left>
			<top>243</top>
			<width>698</width>
			<height>60</height>
			<texture colordiffuse="colour.dialog.diffuse.header">windows\dialogs\header.png</texture>
		</control>
		<control type="label" id="1">
			<description>heading label</description>
			<left>320</left>
			<top>253</top>
			<width>638</width>
			<height>40</height>
			<font>size_28</font>
			<align>left</align>
			<aligy>center</aligy>
			<textcolor>colour.dialog.label.header</textcolor>
			<label>-</label>
			<scroll>true</scroll>
		</control>
		<control type="label" id="2">
			<description>dialog line 1</description>
			<left>320</left>
			<top>310</top>
			<width>638</width>
			<height>80</height>
			<font>size_20</font>
			<align>left</align>
			<textcolor>colour.dialog.label.info.text</textcolor>
			<wrapmultiline>false</wrapmultiline>
			<label>-</label>
			<scroll>true</scroll>
		</control>
		<control type="label" id="3">
			<description>dialog line 2</description>
			<left>320</left>
			<top>345</top>
			<width>638</width>
			<height>80</height>
			<font>size_20</font>
			<align>left</align>
			<textcolor>colour.dialog.label.info.text</textcolor>
			<wrapmultiline>false</wrapmultiline>
			<label>-</label>
			<scroll>true</scroll>
		</control>
		<control type="label" id="4">
			<description>dialog line 3</description>
			<left>320</left>
			<top>380</top>
			<width>638</width>
			<height>80</height>
			<font>size_20</font>
			<align>left</align>
			<textcolor>colour.dialog.label.info.text</textcolor>
			<wrapmultiline>false</wrapmultiline>
			<label>-</label>
			<scroll>true</scroll>
		</control>
		<control type="grouplist">
			<right>322</right>
			<top>420</top>
			<width>300</width>
			<height>36</height>
			<label>186</label>
			<itemgap>10</itemgap>
			<orientation>Horizontal</orientation>
			<align>right</align>
			<control type="button" id="10">
				<description>OK button</description>
				<width min="100" max="300">auto</width>
				<height>36</height>
				<label>186</label>
				<textcolor>colour.dialog.button.nofocus</textcolor>
				<focusedcolor>colour.dialog.button.focus</focusedcolor>
				<align>center</align>
				<texturenofocus border="3" colordiffuse="colour.dialog.diffuse.button.nofocus">windows\dialogs\button_no_focus.png</texturenofocus>
				<texturefocus border="3" colordiffuse="colour.dialog.diffuse.button.focus">windows\dialogs\button_focus.png</texturefocus>
				<onleft>10</onleft>
				<onright>10</onright>
				<onup>10</onup>
				<ondown>10</ondown>
			</control>
		</control>
	</controls>
</window>