<window id="3">
	<defaultcontrol>20</defaultcontrol>
	<allowoverlay>no</allowoverlay>
	<controls>
		<include>Global.Backgrounds</include>
		<control type="group">
			<include>Dialog.Effect.Zoom.Fast</include>
			<control type="image">
				<left>52</left>
				<top>51</top>
				<width>1176</width>
				<height>618</height>
				<aspectratio>stretch</aspectratio>
				<texture colordiffuse="colour.dialog.diffuse.main">windows\file manager\main.png</texture>
			</control>
			<control type="image">
				<left>75</left>
				<top>74</top>
				<width>565</width>
				<height>50</height>
				<aspectratio>stretch</aspectratio>
				<texture colordiffuse="colour.dialog.diffuse.main.overlay">windows\file manager\main_overlay.png</texture>
				<visible>Control.HasFocus(21)</visible>
			</control>
			<control type="image">
				<left>110</left>
				<top>84</top>
				<width>30</width>
				<height>30</height>
				<aspectratio>stretch</aspectratio>
				<texture>pad_buttons\dialogs\dpad_right_button.png</texture>
				<animation effect="fade" start="100" end="50" time="0" condition="Control.HasFocus(21)">Conditional</animation>
			</control>
			<control type="label" id="103">
				<left>150</left>
				<top>84</top>
				<width>490</width>
				<height>27</height>
				<font>size_27</font>
				<textcolor>colour.dialog.label.nofocus</textcolor>
				<align>left</align>
				<aligny>center</aligny>
				<scroll>true</scroll>
				<animation effect="fade" start="100" end="50" time="0" condition="Control.HasFocus(21)">Conditional</animation>
			</control>
			<control type="label" id="101">
				<description>current directory text label left</description>
				<left>105</left>
				<top>150</top>
				<width>1070</width>
				<height>27</height>
				<font>size_27</font>
				<textcolor>colour.dialog.label.nofocus</textcolor>
				<align>left</align>
				<aligny>center</aligny>
				<scroll>true</scroll>
				<visible>Control.HasFocus(20)</visible>
			</control>
			<control type="label">
				<right>85</right>
				<bottom>85</bottom>
				<width>500</width>
				<height>20</height>
				<font>size_17</font>
				<textcolor>colour.dialog.label.context</textcolor>
				<scroll>false</scroll>
				<align>right</align>
				<aligny>center</aligny>
				<label>[B]($INFO[Container(20).NumItems])[/B] $LOCALIZE[31211] - $LOCALIZE[31210] [B]($INFO[Container(20).CurrentPage]/$INFO[Container(20).NumPages])[/B]</label>
				<animation effect="fade" start="100" end="50" time="0" condition="true">Conditional</animation>
				<visible>Control.HasFocus(20)</visible>
			</control>
			<include condition="Skin.HasSetting(File_Manager_Compact_Mode)">FileManager.Compact_Mode_Left</include>
			<include condition="!Skin.HasSetting(File_Manager_Compact_Mode)">FileManager.Normal_Mode_Left</include>
			<control type="image">
				<left>640</left>
				<top>74</top>
				<width>565</width>
				<height>50</height>
				<aspectratio>stretch</aspectratio>
				<texture colordiffuse="colour.dialog.diffuse.main.overlay">windows\file manager\main_overlay.png</texture>
				<visible>Control.HasFocus(20)</visible>
			</control>
			<control type="image">
				<left>1135</left>
				<top>85</top>
				<width>30</width>
				<height>30</height>
				<aspectratio>stretch</aspectratio>
				<texture>pad_buttons\dialogs\dpad_left_button.png</texture>
				<animation effect="fade" start="100" end="50" time="0" condition="Control.HasFocus(20)">Conditional</animation>
			</control>
			<control type="label" id="104">
				<right>150</right>
				<top>84</top>
				<width>490</width>
				<height>27</height>
				<font>size_27</font>
				<textcolor>colour.dialog.label.nofocus</textcolor>
				<align>right</align>
				<aligny>center</aligny>
				<scroll>true</scroll>
				<animation effect="fade" start="100" end="50" time="0" condition="Control.HasFocus(20)">Conditional</animation>
			</control>
			<control type="label" id="102">
				<description>current directory text label right</description>
				<left>105</left>
				<top>150</top>
				<width>1070</width>
				<height>27</height>
				<font>size_27</font>
				<textcolor>colour.dialog.label.nofocus</textcolor>
				<align>left</align>
				<aligny>center</aligny>
				<scroll>true</scroll>
				<visible>Control.HasFocus(21)</visible>
			</control>
			<control type="label">
				<right>85</right>
				<bottom>85</bottom>
				<width>500</width>
				<height>20</height>
				<font>size_17</font>
				<textcolor>colour.dialog.label.context</textcolor>
				<scroll>false</scroll>
				<align>right</align>
				<aligny>center</aligny>
				<label>[B]($INFO[Container(21).NumItems])[/B] $LOCALIZE[31211] - $LOCALIZE[31210] [B]($INFO[Container(21).CurrentPage]/$INFO[Container(21).NumPages])[/B]</label>
				<animation effect="fade" start="100" end="50" time="0" condition="true">Conditional</animation>
				<visible>Control.HasFocus(21)</visible>
			</control>
			<include condition="Skin.HasSetting(File_Manager_Compact_Mode)">FileManager.Compact_Mode_Right</include>
			<include condition="!Skin.HasSetting(File_Manager_Compact_Mode)">FileManager.Normal_Mode_Right</include>
			<control type="grouplist">
				<description>Control Info</description>
				<left>52</left>
				<top>580</top>
				<width>1176</width>
				<height>80</height>
				<itemgap>10</itemgap>
				<orientation>Horizontal</orientation>
				<align>center</align>
				<!-- A Button -->
				<control type="image">
					<left>0</left>
					<top>0</top>
					<width>32</width>
					<height>32</height>
					<aspectratio>stretch</aspectratio>
					<texture colordiffuse="colour.dialog.diffuse.a_button">pad_buttons\dialogs\a_button.png</texture>
				</control>
				<control type="label">
					<left>0</left>
					<top>0</top>
					<width min="40" max="147">auto</width>
					<height>32</height>
					<font>size_19</font>
					<align>left</align>
					<aligny>center</aligny>
					<textcolor>colour.dialog.label.context</textcolor>
					<label>$LOCALIZE[424]</label>
				</control>
				<!-- B Button -->
				<control type="image">
					<left>0</left>
					<top>0</top>
					<width>32</width>
					<height>32</height>
					<aspectratio>stretch</aspectratio>
					<texture colordiffuse="colour.dialog.diffuse.b_button">pad_buttons\dialogs\b_button.png</texture>
				</control>
				<control type="label">
					<left>0</left>
					<top>0</top>
					<width min="40" max="147">auto</width>
					<height>32</height>
					<font>size_19</font>
					<align>left</align>
					<aligny>center</aligny>
					<textcolor>colour.dialog.label.context</textcolor>
					<label>$LOCALIZE[31108]</label>
				</control>
				<!-- Y Button -->
				<control type="image">
					<left>0</left>
					<top>0</top>
					<width>32</width>
					<height>32</height>
					<aspectratio>stretch</aspectratio>
					<texture colordiffuse="colour.dialog.diffuse.y_button">pad_buttons\dialogs\y_button.png</texture>
				</control>
				<control type="label">
					<left>0</left>
					<top>0</top>
					<width min="40" max="147">auto</width>
					<height>32</height>
					<font>size_19</font>
					<align>left</align>
					<aligny>center</aligny>
					<textcolor>colour.dialog.label.context</textcolor>
					<label>$LOCALIZE[31530]</label>
				</control>
				<!-- White Button -->
				<control type="image">
					<left>0</left>
					<top>0</top>
					<width>32</width>
					<height>32</height>
					<aspectratio>stretch</aspectratio>
					<texture colordiffuse="colour.dialog.diffuse.white_button">pad_buttons\dialogs\white_button.png</texture>
				</control>
				<control type="label">
					<left>0</left>
					<top>0</top>
					<width min="40" max="147">auto</width>
					<height>32</height>
					<font>size_19</font>
					<align>left</align>
					<aligny>center</aligny>
					<textcolor>colour.dialog.label.context</textcolor>
					<label>$LOCALIZE[31521]</label>
				</control>
				<!-- Black Button -->
				<control type="image">
					<left>0</left>
					<top>0</top>
					<width>32</width>
					<height>32</height>
					<aspectratio>stretch</aspectratio>
					<texture colordiffuse="colour.dialog.diffuse.black_button">pad_buttons\dialogs\black_button.png</texture>
				</control>
				<control type="label">
					<left>0</left>
					<top>0</top>
					<width min="40" max="147">auto</width>
					<height>32</height>
					<font>size_19</font>
					<align>left</align>
					<aligny>center</aligny>
					<textcolor>colour.dialog.label.context</textcolor>
					<label>$LOCALIZE[31531]</label>
					<visible>Skin.HasSetting(File_Manager_Compact_Mode)</visible>
				</control>
				<control type="label">
					<left>0</left>
					<top>0</top>
					<width min="40" max="147">auto</width>
					<height>32</height>
					<font>size_19</font>
					<align>left</align>
					<aligny>center</aligny>
					<textcolor>colour.dialog.label.context</textcolor>
					<label>$LOCALIZE[31532]</label>
					<visible>!Skin.HasSetting(File_Manager_Compact_Mode)</visible>
				</control>
			</control>
		</control>
		<control type="button" id="9006">
			<left>-5000</left>
			<top>0</top>
			<onfocus>Skin.Reset(File_Manager_Compact_Mode)</onfocus>
			<onfocus>SetFocus(20)</onfocus>
			<onfocus>ActivateWindow(3)</onfocus>
			<visible>Skin.HasSetting(File_Manager_Compact_Mode)</visible>
		</control>
		<control type="button" id="9006">
			<left>-5000</left>
			<top>0</top>
			<onfocus>Skin.SetBool(File_Manager_Compact_Mode)</onfocus>
			<onfocus>SetFocus(20)</onfocus>
			<onfocus>ActivateWindow(3)</onfocus>
			<visible>!Skin.HasSetting(File_Manager_Compact_Mode)</visible>
		</control>
	</controls>
</window>