<window id="126">
	<defaultcontrol always="true">450</defaultcontrol>
	<allowoverlay>no</allowoverlay>
	<controls>
		<include>Behind.Dialog</include>
		<control type="group">
			<include>Dialog.Effect.Zoom.Fast</include>
			<control type="image">
				<left>270</left>
				<top>80</top>
				<width>740</width>
				<height>560</height>
				<aspectratio>stretch</aspectratio>
				<texture colordiffuse="colour.dialog.diffuse.main">windows\dialogs\select_browser\main.png</texture>
				<animation effect="zoom" start="270,80,740,560" end="120,80,1040,560" time="100" condition="Control.IsVisible(451)">Conditional</animation>
			</control>
			<control type="image">
				<left>286</left>
				<top>99</top>
				<width>709</width>
				<height>61</height>
				<aspectratio>stretch</aspectratio>
				<texture colordiffuse="colour.dialog.diffuse.header">windows\dialogs\select_browser\header.png</texture>
				<animation effect="zoom" start="286,99,709,61" end="142,99,996,61" time="100" condition="Control.IsVisible(451)">Conditional</animation>
			</control>
			<control type="label" id="411">
				<description>Heading label</description>
				<left>313</left>
				<top>107</top>
				<width>731</width>
				<height>37</height>
				<font>size_28</font>
				<scroll>true</scroll>
				<align>left</align>
				<aligny>center</aligny>
				<textcolor>colour.dialog.label.header</textcolor>
				<shadowcolor>-</shadowcolor>
				<animation effect="slide" start="0,0" end="-144,0" time="100" condition="Control.IsVisible(451)">Conditional</animation>
			</control>
			<control type="image">
				<left>828</left>
				<top>392</top>
				<width>155</width>
				<height>155</height>
				<aspectratio>keep</aspectratio>
				<texture>$INFO[ListItem.Icon]</texture>
				<visible>!Control.IsVisible(451)</visible>
			</control>
			<control type="label">
				<description>number of files in list text label</description>
				<right>295</right>
				<bottom>105</bottom>
				<width>550</width>
				<height>20</height>
				<font>size_15</font>
				<align>right</align>
				<aligny>center</aligny>
				<scroll>false</scroll>
				<textcolor>colour.dialog.label.context</textcolor>
				<label>$INFO[Container(450).CurrentItem]/$INFO[Container(450).NumItems]</label>
				<animation reversible="false" effect="fade" start="0" end="75" time="300">Visible</animation>
				<animation reversible="false" effect="fade" start="75" end="0" time="0">Hidden</animation>
				<visible>!Control.IsVisible(451)</visible>
			</control>
			<control type="image">
				<left>681</left>
				<top>220</top>
				<width>448</width>
				<height>328</height>
				<aspectratio>keep</aspectratio>
				<texture>$INFO[ListItem.Icon]</texture>
				<visible>Control.IsVisible(451)</visible>
			</control>
			<control type="label" id="412">
				<description>path</description>
				<left>295</left>
				<bottom>105</bottom>
				<width>550</width>
				<height>20</height>
				<font>size_15</font>
				<align>left</align>
				<aligny>center</aligny>
				<scroll>false</scroll>
				<textcolor>colour.dialog.label.context</textcolor>
				<animation reversible="false" effect="fade" start="0" end="75" time="300">Visible</animation>
				<animation reversible="false" effect="fade" start="75" end="0" time="0">Hidden</animation>
				<animation effect="slide" start="0,0" end="-144,0" time="100" condition="Control.IsVisible(451)">Conditional</animation>
			</control>
			<control type="label">
				<description>number of files in list text label</description>
				<right>295</right>
				<bottom>105</bottom>
				<width>550</width>
				<height>20</height>
				<font>size_15</font>
				<align>right</align>
				<aligny>center</aligny>
				<scroll>false</scroll>
				<textcolor>colour.dialog.label.context</textcolor>
				<label>$INFO[Container(451).CurrentItem]/$INFO[Container(451).NumItems]</label>
				<animation reversible="false" effect="fade" start="0" end="75" time="300">Visible</animation>
				<animation reversible="false" effect="fade" start="75" end="0" time="0">Hidden</animation>
				<animation effect="slide" start="0,0" end="144,0" time="100" condition="Control.IsVisible(451)">Conditional</animation>
				<visible>Control.IsVisible(451)</visible>
			</control>
			<control type="grouplist">
				<description>Control Info</description>
				<left>360</left>
				<top>560</top>
				<width>561</width>
				<height>80</height>
				<itemgap>10</itemgap>
				<orientation>Horizontal</orientation>
				<align>center</align>
				<!-- A Button -->
				<control type="image">
					<left>0</left>
					<top>0</top>
					<width>32</width>
					<height>32</height>
					<aspectratio>stretch</aspectratio>
					<texture colordiffuse="colour.dialog.diffuse.a_button">pad_buttons\dialogs\a_button.png</texture>
				</control>
				<control type="label">
					<left>0</left>
					<top>0</top>
					<width min="40" max="147">auto</width>
					<height>32</height>
					<font>size_19</font>
					<align>left</align>
					<aligny>center</aligny>
					<textcolor>colour.dialog.label.context</textcolor>
					<label>$LOCALIZE[424]</label>
				</control>
				<!-- B Button -->
				<control type="image">
					<left>0</left>
					<top>0</top>
					<width>32</width>
					<height>32</height>
					<aspectratio>stretch</aspectratio>
					<texture colordiffuse="colour.dialog.diffuse.b_button">pad_buttons\dialogs\b_button.png</texture>
				</control>
				<control type="label">
					<left>0</left>
					<top>0</top>
					<width min="40" max="147">auto</width>
					<height>32</height>
					<font>size_19</font>
					<align>left</align>
					<aligny>center</aligny>
					<textcolor>colour.dialog.label.context</textcolor>
					<label>$LOCALIZE[31108]</label>
				</control>
			</control>
			<control type="list" id="450">
				<description>button area</description>
				<left>295</left>
				<top>170</top>
				<width>520</width>
				<height>378</height>
				<onup>450</onup>
				<ondown>450</ondown>
				<onleft>60</onleft>
				<onright>9000</onright>
				<pagecontrol>60</pagecontrol>
				<scrolltime>200</scrolltime>
				<animation effect="slide" start="-144,0" end="0,0" time="100" condition="!Control.IsVisible(451)">Conditional</animation>
				<itemlayout height="42" width="520">
					<control type="image">
						<left>0</left>
						<top>0</top>
						<width>520</width>
						<height>40</height>
						<aspectratio>stretch</aspectratio>
						<texture border="3" colordiffuse="colour.dialog.diffuse.button.nofocus">windows\dialogs\select_browser\button_no_focus.png</texture>
					</control>
					<control type="label">
						<left>10</left>
						<top>0</top>
						<height>40</height>
						<width>500</width>
						<textoffsety>5</textoffsety>
						<font>size_20</font>
						<align>left</align>
						<aligny>center</aligny>
						<textcolor>colour.dialog.button.nofocus</textcolor>
						<label>$INFO[ListItem.Label]</label>
						<scroll>false</scroll>
					</control>
				</itemlayout>
				<focusedlayout height="42" width="520">
					<control type="image">
						<left>0</left>
						<top>0</top>
						<width>520</width>
						<height>40</height>
						<aspectratio>stretch</aspectratio>
						<texture border="3" colordiffuse="colour.dialog.diffuse.button.focus">windows\dialogs\select_browser\button_focus.png</texture>
					</control>
					<control type="label">
						<left>10</left>
						<top>0</top>
						<height>40</height>
						<width>500</width>
						<textoffsety>5</textoffsety>
						<font>size_20</font>
						<align>left</align>
						<aligny>center</aligny>
						<textcolor>colour.dialog.button.focus</textcolor>
						<label>$INFO[ListItem.Label]</label>
						<scroll>false</scroll>
					</control>
				</focusedlayout>
			</control>
			<control type="group">
				<animation effect="slide" start="0,0" end="-144,0" time="100" condition="Control.IsVisible(451)">Conditional</animation>
				<control type="panel" id="451">
					<description>button area</description>
					<left>295</left>
					<top>170</top>
					<width>520</width>
					<height>378</height>
					<onup>451</onup>
					<ondown>451</ondown>
					<onleft>60</onleft>
					<onright>9000</onright>
					<pagecontrol>60</pagecontrol>
					<scrolltime>200</scrolltime>
					<itemlayout height="42" width="520">
						<control type="image">
							<left>0</left>
							<top>0</top>
							<width>520</width>
							<height>40</height>
							<aspectratio>stretch</aspectratio>
							<texture border="3" colordiffuse="colour.dialog.diffuse.button.nofocus">windows\dialogs\select_browser\button_no_focus.png</texture>
						</control>
						<control type="label">
							<left>10</left>
							<top>0</top>
							<height>40</height>
							<width>500</width>
							<textoffsety>5</textoffsety>
							<font>size_20</font>
							<align>left</align>
							<aligny>center</aligny>
							<textcolor>colour.dialog.button.nofocus</textcolor>
							<label>$INFO[ListItem.Label]</label>
							<scroll>false</scroll>
						</control>
					</itemlayout>
					<focusedlayout height="42" width="520">
						<control type="image">
							<left>0</left>
							<top>0</top>
							<width>520</width>
							<height>40</height>
							<aspectratio>stretch</aspectratio>
							<texture border="3" colordiffuse="colour.dialog.diffuse.button.focus">windows\dialogs\select_browser\button_focus.png</texture>
						</control>
						<control type="label">
							<left>10</left>
							<top>0</top>
							<height>40</height>
							<width>500</width>
							<textoffsety>5</textoffsety>
							<font>size_20</font>
							<align>left</align>
							<aligny>center</aligny>
							<textcolor>colour.dialog.button.focus</textcolor>
							<label>$INFO[ListItem.Label]</label>
							<scroll>false</scroll>
						</control>
					</focusedlayout>
				</control>
				<control type="scrollbar" id="60">
					<left>291</left>
					<top>170</top>
					<width>4</width>
					<height>376</height>
					<onright>450</onright>
					<texturesliderbackground border="2,2,2,2">scrollbar_bar_back2.png</texturesliderbackground>
					<texturesliderbar border="2,16,2,16">scrollbar_bar.png</texturesliderbar>
					<texturesliderbarfocus border="2,16,2,16">scrollbar_bar.png</texturesliderbarfocus>
					<textureslidernib>-</textureslidernib>
					<textureslidernibfocus>-</textureslidernibfocus>
					<showonepage>false</showonepage>
					<orientation>vertical</orientation>
					<animation reversible="false" effect="fade" start="100" end="40" time="100" condition="!Control.HasFocus(60)">Conditional</animation>
				</control>
			</control>
			<control type="group" id="9000">
				<left>829</left>
				<top>170</top>
				<visible>!Control.IsVisible(451)</visible>
				<control type="button" id="413">
					<description>OK button</description>
					<onleft>450</onleft>
					<onright>450</onright>
					<onup>415</onup>
					<ondown>414</ondown>
					<left>0</left>
					<top>0</top>
					<width>155</width>
					<height>40</height>
					<label>186</label>
					<font>size_20</font>
					<align>center</align>
					<textcolor>colour.dialog.button.nofocus</textcolor>
					<focusedcolor>colour.dialog.button.focus</focusedcolor>
					<disabledcolor>colour.dialog.button.disabled</disabledcolor>
					<texturenofocus border="3" colordiffuse="colour.dialog.diffuse.button.nofocus">windows\dialogs\select_browser\button_no_focus.png</texturenofocus>
					<texturefocus border="3" colordiffuse="colour.dialog.diffuse.button.focus">windows\dialogs\select_browser\button_focus.png</texturefocus>
				</control>
				<control type="button" id="414">
					<description>Cancel button</description>
					<onleft>450</onleft>
					<onright>450</onright>
					<onup>413</onup>
					<ondown>415</ondown>
					<left>0</left>
					<top>45</top>
					<width>155</width>
					<height>40</height>
					<label>222</label>
					<font>size_20</font>
					<align>center</align>
					<textcolor>colour.dialog.button.nofocus</textcolor>
					<focusedcolor>colour.dialog.button.focus</focusedcolor>
					<disabledcolor>colour.dialog.button.disabled</disabledcolor>
					<texturenofocus border="3" colordiffuse="colour.dialog.diffuse.button.nofocus">windows\dialogs\select_browser\button_no_focus.png</texturenofocus>
					<texturefocus border="3" colordiffuse="colour.dialog.diffuse.button.focus">windows\dialogs\select_browser\button_focus.png</texturefocus>
				</control>
				<control type="button" id="415">
					<description>Create folder button</description>
					<onleft>450</onleft>
					<onright>450</onright>
					<onup>414</onup>
					<ondown>413</ondown>
					<left>0</left>
					<top>90</top>
					<width>155</width>
					<height>40</height>
					<label>119</label>
					<font>size_20</font>
					<align>center</align>
					<textcolor>colour.dialog.button.nofocus</textcolor>
					<focusedcolor>colour.dialog.button.focus</focusedcolor>
					<disabledcolor>colour.dialog.button.disabled</disabledcolor>
					<texturenofocus border="3" colordiffuse="colour.dialog.diffuse.button.nofocus">windows\dialogs\select_browser\button_no_focus.png</texturenofocus>
					<texturefocus border="3" colordiffuse="colour.dialog.diffuse.button.focus">windows\dialogs\select_browser\button_focus.png</texturefocus>
				</control>
			</control>
			<control type="group" id="9000">
				<left>741</left>
				<top>170</top>
				<control type="button" id="413">
					<description>OK button</description>
					<onleft>450</onleft>
					<onright>414</onright>
					<onup>-</onup>
					<ondown>-</ondown>
					<left>0</left>
					<top>0</top>
					<width>155</width>
					<height>40</height>
					<label>186</label>
					<font>size_20</font>
					<align>center</align>
					<textcolor>colour.dialog.button.nofocus</textcolor>
					<focusedcolor>colour.dialog.button.focus</focusedcolor>
					<disabledcolor>colour.dialog.button.disabled</disabledcolor>
					<texturenofocus border="3" colordiffuse="colour.dialog.diffuse.button.nofocus">windows\dialogs\select_browser\button_no_focus.png</texturenofocus>
					<texturefocus border="3" colordiffuse="colour.dialog.diffuse.button.focus">windows\dialogs\select_browser\button_focus.png</texturefocus>
					<animation effect="slide" start="88,0,155,40" end="0,0,155,40" time="100">Visible</animation>
					<visible>Control.IsVisible(451)</visible>
				</control>
				<control type="button" id="414">
					<description>Cancel button</description>
					<onleft>413</onleft>
					<onright>-</onright>
					<onup>-</onup>
					<ondown>-</ondown>
					<left>175</left>
					<top>0</top>
					<width>155</width>
					<height>40</height>
					<label>222</label>
					<font>size_20</font>
					<align>center</align>
					<textcolor>colour.dialog.button.nofocus</textcolor>
					<focusedcolor>colour.dialog.button.focus</focusedcolor>
					<disabledcolor>colour.dialog.button.disabled</disabledcolor>
					<texturenofocus border="3" colordiffuse="colour.dialog.diffuse.button.nofocus">windows\dialogs\select_browser\button_no_focus.png</texturenofocus>
					<texturefocus border="3" colordiffuse="colour.dialog.diffuse.button.focus">windows\dialogs\select_browser\button_focus.png</texturefocus>
					<animation effect="slide" start="-88,45,155,40" end="0,0,155,40" time="100">Visible</animation>
					<visible>Control.IsVisible(451)</visible>
				</control>
			</control>
		</control>
	</controls>
</window>