<includes>
	<include name="View_Options">
		<control type="button" id="9001">
			<left>-500</left>
			<top>0</top>
			<width>0</width>
			<height>0</height>
			<onfocus>SetFocus(52)</onfocus>
			<visible>!Skin.HasSetting(kioskmode)</visible>
		</control>
		<control type="group">
			<visible allowhiddenfocus="true">ControlGroup(9000).HasFocus() | Control.HasFocus(9001)</visible>
			<include>Behind.Dialog.FadeOut</include>
		</control>
		<control type="group">
			<top>-360</top>
			<visible allowhiddenfocus="true">ControlGroup(9000).HasFocus() | Control.HasFocus(9001)</visible>
			<animation effect="slide" start="0,0" end="0,320" time="200">Visible</animation>
			<animation effect="slide" start="0,320" end="0,0" time="200">Hidden</animation>
			<control type="image">
				<left>304.5</left>
				<top>31</top>
				<width>672</width>
				<height>321</height>
				<aspectratio>stretch</aspectratio>
				<texture>windows\generic\main.png</texture>
			</control>
			<control type="grouplist">
				<description>Control Info</description>
				<left>304.5</left>
				<top>297</top>
				<width>672</width>
				<height>80</height>
				<itemgap>5</itemgap>
				<orientation>Horizontal</orientation>
				<align>center</align>
				<!-- A Button -->
				<control type="image">
					<left>0</left>
					<top>0</top>
					<width>32</width>
					<height>32</height>
					<aspectratio>stretch</aspectratio>
					<texture colordiffuse="colour.dialog.diffuse.a_button">pad_buttons\dialogs\a_button.png</texture>
				</control>
				<control type="label">
					<left>0</left>
					<top>0</top>
					<width min="40" max="147">auto</width>
					<height>20</height>
					<font>size_19</font>
					<align>left</align>
					<textcolor>colour.dialog.label.context</textcolor>
					<label>$LOCALIZE[424]</label>
					<include>Context.Buttons.Text.Align</include>
				</control>
				<!-- B Button -->
				<control type="image">
					<left>0</left>
					<top>0</top>
					<width>32</width>
					<height>32</height>
					<aspectratio>stretch</aspectratio>
					<texture colordiffuse="colour.dialog.diffuse.b_button">pad_buttons\dialogs\b_button.png</texture>
				</control>
				<control type="label">
					<left>0</left>
					<top>0</top>
					<width min="40" max="147">auto</width>
					<height>20</height>
					<font>size_19</font>
					<align>left</align>
					<textcolor>colour.dialog.label.context</textcolor>
					<label>$LOCALIZE[31108]</label>
					<include>Context.Buttons.Text.Align</include>
				</control>
			</control>
			<!-- Backgrounds -->
			<control type="panel" id="9001">
				<left>349.5</left>
				<top>53</top>
				<width>671</width>
				<height>230</height>
				<onleft>9001</onleft>
				<onright>9001</onright>
				<onup>-</onup>
				<ondown>-</ondown>
				<onback>52</onback>
				<itemlayout height="57" width="118">
					<control type="image">
						<left>5</left>
						<top>5</top>
						<width>100</width>
						<height>52</height>
						<texture>$INFO[listitem.actualicon]</texture>
						<bordertexture>windows/generic/header.png</bordertexture>
						<bordersize>3</bordersize>
						<aspectratio>stretch</aspectratio>
					</control>
				</itemlayout>
				<focusedlayout height="57" width="118">
					<control type="image">
						<left>5</left>
						<top>5</top>
						<width>100</width>
						<height>52</height>
						<texture>$INFO[listitem.actualicon]</texture>
						<bordersize>3</bordersize>
						<aspectratio>stretch</aspectratio>
					</control>
					<control type="image">
						<left>5</left>
						<top>5</top>
						<width>100</width>
						<height>52</height>
						<texture border="7,7,7,7">windows\generic\button_focus_alt.png</texture>
						<aspectratio>stretch</aspectratio>
					</control>
				</focusedlayout>
				<content>
					<item id="300">
						<label>-</label>
						<onclick condition="StringCompare(System.memory(total),64MB)">SetWallpaper(Background_Image, 720, 405, 100)</onclick>
						<onclick condition="!StringCompare(System.memory(total),64MB)">SetWallpaper(Background_Image, 953, 536, 100)</onclick>
						<icon>windows\programs\hdd.jpg</icon>
					</item>
					<item id="301">
						<label>-</label>
						<onclick>CleanWallpaper</onclick>
						<onclick>Skin.SetBool(hex_entry)</onclick>
						<onclick>Skin.SetString(Background_Custom_Color)</onclick>
						<onclick>Skin.Reset(Background_Color)</onclick>
						<onclick>Skin.Reset(Background_Image)</onclick>
						<icon>windows\programs\custom_color.jpg</icon>
					</item>
					<item id="302">
						<label>-</label>
						<onclick>CleanWallpaper</onclick>
						<onclick>Skin.Reset(Background_Color)</onclick>
						<onclick>Skin.Reset(Background_Custom_Color)</onclick>
						<onclick>Skin.Reset(Background_Image)</onclick>
						<icon>windows\programs\reset.jpg</icon>
					</item>
					<item id="304">
						<label>-</label>
						<onclick>Skin.ToggleSetting(profilewalls)</onclick>
						<icon>windows\programs\profilewalls_disabled.jpg</icon>
						<visible>Skin.HasSetting(profilewalls)</visible>
					</item>
					<item id="303">
						<label>-</label>
						<onclick>Skin.ToggleSetting(profilewalls)</onclick>
						<icon>windows\programs\profilewalls_enabled.jpg</icon>
						<visible>!Skin.HasSetting(profilewalls)</visible>
					</item>
					<!-- Backgrounds -->
					<item id="310">
						<label>-</label>
						<onclick>CleanWallpaper</onclick>
						<onclick>Skin.SetString(Background_Color,1.jpg)</onclick>
						<onclick>Skin.Reset(Background_Image)</onclick>
						<onclick>Skin.Reset(Background_Custom_Color)</onclick>
						<icon>windows\programs\background thumbs\1.jpg</icon>
					</item>
					<item id="311">
						<label>-</label>
						<onclick>CleanWallpaper</onclick>
						<onclick>Skin.SetString(Background_Color,2.jpg)</onclick>
						<onclick>Skin.Reset(Background_Image)</onclick>
						<onclick>Skin.Reset(Background_Custom_Color)</onclick>
						<icon>windows\programs\background thumbs\2.jpg</icon>
					</item>
					<item id="312">
						<label>-</label>
						<onclick>CleanWallpaper</onclick>
						<onclick>Skin.SetString(Background_Color,3.jpg)</onclick>
						<onclick>Skin.Reset(Background_Image)</onclick>
						<onclick>Skin.Reset(Background_Custom_Color)</onclick>
						<icon>windows\programs\background thumbs\3.jpg</icon>
					</item>
					<item id="313">
						<label>-</label>
						<onclick>CleanWallpaper</onclick>
						<onclick>Skin.SetString(Background_Color,4.jpg)</onclick>
						<onclick>Skin.Reset(Background_Image)</onclick>
						<onclick>Skin.Reset(Background_Custom_Color)</onclick>
						<icon>windows\programs\background thumbs\4.jpg</icon>
					</item>
					<item id="314">
						<label>-</label>
						<onclick>CleanWallpaper</onclick>
						<onclick>Skin.SetString(Background_Color,5.jpg)</onclick>
						<onclick>Skin.Reset(Background_Image)</onclick>
						<onclick>Skin.Reset(Background_Custom_Color)</onclick>
						<icon>windows\programs\background thumbs\5.jpg</icon>
					</item>
					<item id="315">
						<label>-</label>
						<onclick>CleanWallpaper</onclick>
						<onclick>Skin.SetString(Background_Color,6.jpg)</onclick>
						<onclick>Skin.Reset(Background_Image)</onclick>
						<onclick>Skin.Reset(Background_Custom_Color)</onclick>
						<icon>windows\programs\background thumbs\6.jpg</icon>
					</item>
					<item id="316">
						<label>-</label>
						<onclick>CleanWallpaper</onclick>
						<onclick>Skin.SetString(Background_Color,7.jpg)</onclick>
						<onclick>Skin.Reset(Background_Image)</onclick>
						<onclick>Skin.Reset(Background_Custom_Color)</onclick>
						<icon>windows\programs\background thumbs\7.jpg</icon>
					</item>
					<item id="317">
						<label>-</label>
						<onclick>CleanWallpaper</onclick>
						<onclick>Skin.SetString(Background_Color,8.jpg)</onclick>
						<onclick>Skin.Reset(Background_Image)</onclick>
						<onclick>Skin.Reset(Background_Custom_Color)</onclick>
						<icon>windows\programs\background thumbs\8.jpg</icon>
					</item>
					<item id="318">
						<label>-</label>
						<onclick>CleanWallpaper</onclick>
						<onclick>Skin.SetString(Background_Color,9.jpg)</onclick>
						<onclick>Skin.Reset(Background_Image)</onclick>
						<onclick>Skin.Reset(Background_Custom_Color)</onclick>
						<icon>windows\programs\background thumbs\9.jpg</icon>
					</item>
					<item id="319">
						<label>-</label>
						<onclick>CleanWallpaper</onclick>
						<onclick>Skin.SetString(Background_Color,10.jpg)</onclick>
						<onclick>Skin.Reset(Background_Image)</onclick>
						<onclick>Skin.Reset(Background_Custom_Color)</onclick>
						<icon>windows\programs\background thumbs\10.jpg</icon>
					</item>
					<item id="320">
						<label>-</label>
						<onclick>CleanWallpaper</onclick>
						<onclick>Skin.SetString(Background_Color,11.jpg)</onclick>
						<onclick>Skin.Reset(Background_Image)</onclick>
						<onclick>Skin.Reset(Background_Custom_Color)</onclick>
						<icon>windows\programs\background thumbs\11.jpg</icon>
					</item>
					<item id="321">
						<label>-</label>
						<onclick>CleanWallpaper</onclick>
						<onclick>Skin.SetString(Background_Color,12.jpg)</onclick>
						<onclick>Skin.Reset(Background_Image)</onclick>
						<onclick>Skin.Reset(Background_Custom_Color)</onclick>
						<icon>windows\programs\background thumbs\12.jpg</icon>
					</item>
					<item id="322">
						<label>-</label>
						<onclick>CleanWallpaper</onclick>
						<onclick>Skin.SetString(Background_Color,13.jpg)</onclick>
						<onclick>Skin.Reset(Background_Image)</onclick>
						<onclick>Skin.Reset(Background_Custom_Color)</onclick>
						<icon>windows\programs\background thumbs\13.jpg</icon>
					</item>
					<item id="323">
						<label>-</label>
						<onclick>CleanWallpaper</onclick>
						<onclick>Skin.SetString(Background_Color,14.jpg)</onclick>
						<onclick>Skin.Reset(Background_Image)</onclick>
						<onclick>Skin.Reset(Background_Custom_Color)</onclick>
						<icon>windows\programs\background thumbs\14.jpg</icon>
					</item>
					<item id="324">
						<label>-</label>
						<onclick>CleanWallpaper</onclick>
						<onclick>Skin.SetString(Background_Color,15.jpg)</onclick>
						<onclick>Skin.Reset(Background_Image)</onclick>
						<onclick>Skin.Reset(Background_Custom_Color)</onclick>
						<icon>windows\programs\background thumbs\15.jpg</icon>
					</item>
				</content>
			</control>
		</control>
	</include>
</includes>