<window id="130">
	<defaultcontrol>7</defaultcontrol>
	<onload condition="StringCompare(Control.GetLabel(1000),Add User)">Dialog.Close(130,true)</onload>
	<controls>
		<include>Behind.Dialog</include>
		<control type="group">
			<include>Dialog.Effect.Zoom.Fast</include>
			<control type="image">
				<left>270</left>
				<top>180</top>
				<width>740</width>
				<height>360</height>
				<aspectratio>stretch</aspectratio>
				<texture colordiffuse="colour.dialog.diffuse.main">windows\dialogs\select_browser\main.png</texture>
			</control>
			<control type="image">
				<left>286</left>
				<top>192</top>
				<width>709</width>
				<height>61</height>
				<aspectratio>stretch</aspectratio>
				<texture colordiffuse="colour.dialog.diffuse.header">windows\dialogs\select_browser\header.png</texture>
			</control>
			<control type="label" id="1">
				<description>Heading label</description>
				<left>313</left>
				<top>200</top>
				<width>731</width>
				<height>37</height>
				<font>size_28</font>
				<scroll>true</scroll>
				<align>left</align>
				<aligny>center</aligny>
				<label>$LOCALIZE[20067]</label>
				<textcolor>colour.dialog.label.header</textcolor>
				<shadowcolor>-</shadowcolor>
			</control>
			<control type="grouplist">
				<description>Control Info</description>
				<left>270</left>
				<top>483</top>
				<width>740</width>
				<height>80</height>
				<itemgap>10</itemgap>
				<orientation>Horizontal</orientation>
				<align>center</align>
				<!-- A Button -->
				<control type="image">
					<left>0</left>
					<top>0</top>
					<width>32</width>
					<height>32</height>
					<aspectratio>stretch</aspectratio>
					<texture colordiffuse="colour.dialog.diffuse.a_button">pad_buttons\dialogs\a_button.png</texture>
					<visible>!StringCompare(Container(450).NumItems,0)</visible>
				</control>
				<control type="label">
					<left>0</left>
					<top>0</top>
					<width min="40" max="147">auto</width>
					<height>32</height>
					<font>size_19</font>
					<align>left</align>
					<aligny>center</aligny>
					<textcolor>colour.dialog.label.context</textcolor>
					<label>$LOCALIZE[424]</label>
					<visible>!StringCompare(Container(450).NumItems,0)</visible>
				</control>
				<!-- B Button -->
				<control type="image">
					<left>0</left>
					<top>0</top>
					<width>32</width>
					<height>32</height>
					<aspectratio>stretch</aspectratio>
					<texture colordiffuse="colour.dialog.diffuse.b_button">pad_buttons\dialogs\b_button.png</texture>
				</control>
				<control type="label">
					<left>0</left>
					<top>0</top>
					<width min="40" max="147">auto</width>
					<height>32</height>
					<font>size_19</font>
					<align>left</align>
					<aligny>center</aligny>
					<textcolor>colour.dialog.label.context</textcolor>
					<label>$LOCALIZE[31108]</label>
				</control>
			</control>
			<control type="image" id="2">
				<left>675</left>
				<top>263</top>
				<width>305</width>
				<height>140</height>
				<aspectratio>keep</aspectratio>
				<texture>unknown-user.png</texture>
			</control>
			<!-- Content List -->
			<control type="grouplist" id="5">
				<left>300</left>
				<top>263</top>
				<width>365</width>
				<height>210</height>
				<onleft>5</onleft>
				<onright>5</onright>
				<onup>28</onup>
				<ondown>28</ondown>
				<scroll>true</scroll>
				<itemgap>10</itemgap>
				<aligny>centre</aligny>
			</control>
			<control type="button" id="7">
				<description>Default Button</description>
				<height>40</height>
				<font>size_20</font>
				<align>center</align>
				<textcolor>colour.settings.button.nofocus</textcolor>
				<focusedcolor>colour.settings.button.focus</focusedcolor>
				<texturenofocus border="3" colordiffuse="colour.settings.diffuse.button.nofocus">windows\dialogs\button_no_focus.png</texturenofocus>
				<texturefocus border="3" colordiffuse="colour.settings.diffuse.button.focus">windows\dialogs\button_focus.png</texturefocus>
			</control>
			<control type="button" id="8">
				<description>Default Button</description>
				<height>40</height>
				<font>size_20</font>
				<align>center</align>
				<textcolor>colour.settings.button.nofocus</textcolor>
				<focusedcolor>colour.settings.button.focus</focusedcolor>
				<texturenofocus border="3" colordiffuse="colour.settings.diffuse.button.nofocus">windows\dialogs\button_no_focus.png</texturenofocus>
				<texturefocus border="3" colordiffuse="colour.settings.diffuse.button.focus">windows\dialogs\button_focus.png</texturefocus>
			</control>
			<control type="button" id="28">
				<description>Yes button</description>
				<left>300</left>
				<top>363</top>
				<width>180</width>
				<height>40</height>
				<label>[UPPERCASE]$LOCALIZE[186][/UPPERCASE]</label>
				<font>size_20</font>
				<align>center</align>
				<textcolor>colour.settings.button.nofocus</textcolor>
				<focusedcolor>colour.settings.button.focus</focusedcolor>
				<texturenofocus border="3" colordiffuse="colour.settings.diffuse.button.nofocus">windows\dialogs\button_no_focus.png</texturenofocus>
				<texturefocus border="3" colordiffuse="colour.settings.diffuse.button.focus">windows\dialogs\button_focus.png</texturefocus>
				<onleft>29</onleft>
				<onright>29</onright>
				<onup>5</onup>
				<ondown>5</ondown>
			</control>
			<control type="button" id="29">
				<description>No button</description>
				<left>485</left>
				<top>363</top>
				<width>180</width>
				<height>40</height>
				<label>[UPPERCASE]$LOCALIZE[222][/UPPERCASE]</label>
				<font>size_20</font>
				<align>center</align>
				<textcolor>colour.settings.button.nofocus</textcolor>
				<focusedcolor>colour.settings.button.focus</focusedcolor>
				<texturenofocus border="3" colordiffuse="colour.settings.diffuse.button.nofocus">windows\dialogs\button_no_focus.png</texturenofocus>
				<texturefocus border="3" colordiffuse="colour.settings.diffuse.button.focus">windows\dialogs\button_focus.png</texturefocus>
				<onleft>28</onleft>
				<onright>28</onright>
				<onup>5</onup>
				<ondown>5</ondown>
			</control>
			<control type="label">
				<description>dialog line 2</description>
				<left>675</left>
				<top>420</top>
				<width>305</width>
				<height>40</height>
				<font>size_20</font>
				<scroll>true</scroll>
				<align>center</align>
				<textcolor>colour.settings.button.nofocus</textcolor>
				<focusedcolor>colour.settings.button.focus</focusedcolor>
				<label>[B]$LOCALIZE[20070][/B]</label>
			</control>
			<control type="label" id="1001">
				<description>dialog line 2</description>
				<left>675</left>
				<top>445</top>
				<width>305</width>
				<height>40</height>
				<font>size_18</font>
				<align>center</align>
				<scroll>true</scroll>
				<align>left</align>
				<textcolor>colour.settings.button.nofocus</textcolor>
				<focusedcolor>colour.settings.button.focus</focusedcolor>
				<label>-</label>
			</control>
		</control>
	</controls>
</window>