<window type="dialog" id="1101">
	<defaultcontrol always="true">8000</defaultcontrol>
	<onload>AlarmClock(AutoScroll_Synopsis_Thumbs,Control.Move(14,-1),00:20,silent,loop)</onload>
	<onunload>CancelAlarm(AutoScroll_Synopsis_Thumbs,silent)</onunload>
	<controls>
		<control type="image">
			<left>0</left>
			<top>0</top>
			<width>1280</width>
			<height>720</height>
			<aspectratio>stretch</aspectratio>
			<colordiffuse>FFFFFFFF</colordiffuse>
			<texture background="false">$INFO[ListItem.Synopsis_Resources]artwork\fanart-blur.jpg</texture>
			<include>Animated.Fanart.Effect</include>
		</control>
		<control type="image">
			<left>0</left>
			<top>0</top>
			<width>1280</width>
			<height>720</height>
			<aspectratio>stretch</aspectratio>
			<colordiffuse>CCFFFFFF</colordiffuse>
			<texture background="false" diffuse="windows\synopsis\back_diffuse.png">windows\synopsis\black-back.png</texture>
			<!-- <animation effect="fade" start="0" end="100" time="500" delay="0">WindowOpen</animation> -->
			<!-- <animation effect="fade" start="100" end="0" time="100" delay="0">WindowClose</animation> -->
		</control>
		<control type="group">
			<include>Information.Window</include>
			<!-- Images -->
			<control type="group">
				<!-- <animation effect="slide" start="-600,0" end="0,0" time="400" delay="300">WindowOpen</animation> -->
				<!-- <animation effect="slide" start="0,0" end="-600,0" time="200" delay="0">WindowClose</animation> -->
				<animation effect="fade" start="100" end="0" time="0" condition="Control.HasFocus(8002) | Control.HasFocus(8003) | Control.HasFocus(8004) | Player.HasVideo">Conditional</animation>
				<control type="wraplist" id="14">
					<left>53</left>
					<top>143</top>
					<width>288</width>
					<height>431</height>
					<scrolltime>350</scrolltime>
					<orientation>horizontal</orientation>
					<preloaditems>0</preloaditems>
					<!-- <animation effect="rotatex" start="3" end="-3" time="1500" condition="true" pulse="true" tween="sine" easing="inout">Conditional</animation> -->
					<itemlayout height="431" width="288">
						<control type="image">
							<left>0</left>
							<top>0</top>
							<width>288</width>
							<height>431</height>
							<texture background="false" diffuse="windows\synopsis\poster_diffuse.png" fallback="no_poster.jpg">$INFO[ListItem.Thumb]</texture>
							<aspectratio align="bottom">stretch</aspectratio>
						</control>
					</itemlayout>
					<focusedlayout height="431" width="288">
						<control type="image">
							<left>0</left>
							<top>0</top>
							<width>288</width>
							<height>431</height>
							<texture background="false" diffuse="windows\synopsis\poster_diffuse.png" fallback="no_poster.jpg">$INFO[ListItem.Thumb]</texture>
							<aspectratio align="bottom">stretch</aspectratio>
						</control>
					</focusedlayout>
					<content>
						<item>
							<thumb>$INFO[ListItem.Synopsis_Resources]artwork\synopsis.jpg</thumb>
							<onclick>-</onclick>
						</item>
						<item>
							<thumb>$INFO[ListItem.Synopsis_Resources]artwork\alt_synopsis.jpg</thumb>
							<onclick>-</onclick>
						</item>
					</content>
				</control>
			</control>
			<control type="group">
				<!-- <animation effect="slide" start="900,0" end="0,0" time="400" delay="300">WindowOpen</animation> -->
				<!-- <animation effect="slide" start="0,0" end="900,0" time="200" delay="0">WindowClose</animation> -->
				<!-- Screenshots and video preview -->
				<control type="multiimage" id="8004">
					<description>Screenshots window</description>
					<left>515</left>
					<top>205</top>
					<width>580</width>
					<height>326</height>
					<imagepath border="5" diffuse="windows\synopsis\artwork_diffuse.png">$INFO[listitem.Synopsis_Resources]screenshots</imagepath>
					<timeperimage>5000</timeperimage>
					<fadetime>1000</fadetime>
					<pauseatend>0</pauseatend>
					<randomize>false</randomize>
					<loop>yes</loop>
					<aspectratio scalediffuse="true">keep</aspectratio>
					<animation effect="zoom" start="515,205,580,326" end="230,130,820,460" time="0" delay="0" condition="Control.HasFocus(8003) | Control.HasFocus(8004)">Conditional</animation>
					<visible>ControlGroup(8000).HasFocus(3)</visible>
				</control>
				<!-- Fanart images -->
				<control type="image">
					<description>Fanart Image Thumb</description>
					<left>440</left>
					<top>153</top>
					<width>729</width>
					<height>410</height>
					<texture diffuse="windows\synopsis\artwork_diffuse.png">$INFO[ListItem.Synopsis_Resources]artwork\fanart_thumb.jpg</texture>
					<aspectratio scalediffuse="true">stretch</aspectratio>
					<visible>ControlGroup(8000).HasFocus(5) + !Control.HasFocus(8002)</visible>
				</control>
				<control type="image">
					<description>Fanart Image Thumb</description>
					<left>0</left>
					<top>0</top>
					<width>1280</width>
					<height>720</height>
					<texture>$INFO[ListItem.Synopsis_Resources]artwork\fanart.jpg</texture>
					<aspectratio>stretch</aspectratio>
					<visible>ControlGroup(8000).HasFocus(5) + Control.HasFocus(8002)</visible>
				</control>
				<control type="textbox">
					<left>380</left>
					<top>143</top>
					<width>850</width>
					<height>410</height>
					<font>home_20</font>
					<align>center</align>
					<aligny>center</aligny>
					<textcolor>colour.synopsis.label.info.alt</textcolor>
					<shadowcolor>colour.synopsis.label.info.shadow</shadowcolor>
					<label>You are running low on Memory. ($INFO[system.memory(free)])[CR][CR]The system may crash if I try playing video.</label>
					<animation effect="fade" start="0" end="100" time="200" delay="100">Visible</animation>
					<animation effect="fade" start="100" end="0" time="0" delay="0">Hidden</animation>
					<visible>Control.HasFocus(4) + !IntegerGreaterThan(system.memory(free_no_mb),10) + IntegerGreaterThan(system.memory(free_no_mb),5) + !IsEmpty(ListItem.Synopsis_Preview) + !Player.HasVideo + !Player.HasAudio</visible>
				</control>
				<control type="textbox">
					<left>380</left>
					<top>143</top>
					<width>850</width>
					<height>410</height>
					<font>home_20</font>
					<align>center</align>
					<aligny>center</aligny>
					<textcolor>colour.synopsis.label.info.alt</textcolor>
					<shadowcolor>colour.synopsis.label.info.shadow</shadowcolor>
					<label>You are running really low on Memory. ($INFO[system.memory(free)])[CR][CR]The system will crash if I try playing video.[CR][CR]You can try reloading the skin (press Left stick in)[CR]or restarting the dashboard.</label>
					<animation effect="fade" start="0" end="100" time="200" delay="100">Visible</animation>
					<animation effect="fade" start="100" end="0" time="0" delay="0">Hidden</animation>
					<visible>Control.HasFocus(4) + !IntegerGreaterThan(system.memory(free_no_mb),5) + !IsEmpty(ListItem.Synopsis_Preview) + !Player.HasVideo + !Player.HasAudio</visible>
				</control>
				<control type="videowindow">
					<description>video preview window</description>
					<left>0</left>
					<top>40</top>
					<width>1280</width>
					<height>640</height>
					<visible>Control.HasFocus(4)</visible>
					<animation effect="fade" start="0" end="100" time="230" delay="230" condition="Player.HasVideo">Conditional</animation>
				</control>
				<!-- Synopsis overview section -->
				<control type="group">
					<left>380</left>
					<top>84</top>
					<control type="group">
						<!-- <animation effect="fade" start="100" end="0" time="100">WindowClose</animation> -->
						<animation effect="fade" start="100" end="0" time="0" delay="0" condition="ControlGroup(8000).HasFocus(4) + Player.HasVideo">Conditional</animation>
						<animation effect="fade" start="100" end="0" time="0" delay="0" condition="Control.HasFocus(8002) | Control.HasFocus(8003) | Control.HasFocus(8004)">Conditional</animation>
						<!-- Title -->
						<control type="label">
							<left>0</left>
							<top>0</top>
							<width>850</width>
							<height>24</height>
							<font>home_40</font>
							<align>left</align>
							<aligny>center</aligny>
							<textcolor>colour.synopsis.label.info</textcolor>
							<shadowcolor>colour.synopsis.label.info.shadow</shadowcolor>
							<label>$INFO[ListItem.Label]</label>
							<visible>IsEmpty(ListItem.Synopsis_AltName)</visible>
						</control>
						<control type="label">
							<left>0</left>
							<top>0</top>
							<width>850</width>
							<height>24</height>
							<font>home_40</font>
							<align>left</align>
							<aligny>center</aligny>
							<textcolor>colour.synopsis.label.info</textcolor>
							<shadowcolor>colour.synopsis.label.info.shadow</shadowcolor>
							<label>$INFO[ListItem.Synopsis_AltName]</label>
							<visible>!IsEmpty(ListItem.Synopsis_AltName)</visible>
						</control>
						<!-- Multi info labels -->
						<control type="grouplist">
							<left>0</left>
							<top>33</top>
							<width>850</width>
							<height>30</height>
							<itemgap>5</itemgap>
							<orientation>Horizontal</orientation>
							<control type="label">
								<left>0</left>
								<top>0</top>
								<width min="10" max="250">auto</width>
								<height>20</height>
								<font>home_12</font>
								<align>left</align>
								<aligny>center</aligny>
								<textcolor>colour.synopsis.label.info</textcolor>
								<shadowcolor>colour.synopsis.label.info.shadow</shadowcolor>
								<label>[B]Rated[/B]</label>
								<visible>!IsEmpty(ListItem.Synopsis_ESRB)</visible>
							</control>
							<control type="label">
								<left>0</left>
								<top>0</top>
								<width min="10" max="700">auto</width>
								<height>20</height>
								<font>home_12</font>
								<align>left</align>
								<aligny>center</aligny>
								<textcolor>colour.synopsis.label.info.alt</textcolor>
								<shadowcolor>colour.synopsis.label.info.shadow</shadowcolor>
								<label>$INFO[ListItem.Synopsis_ESRB]</label>
								<visible>!IsEmpty(ListItem.Synopsis_ESRB)</visible>
							</control>
							<control type="label">
								<left>0</left>
								<top>0</top>
								<width min="5" max="20">auto</width>
								<height>20</height>
								<font>home_12</font>
								<align>left</align>
								<aligny>center</aligny>
								<textcolor>colour.synopsis.label.info</textcolor>
								<shadowcolor>colour.synopsis.label.info.shadow</shadowcolor>
								<label>|</label>
								<visible>!IsEmpty(ListItem.Synopsis_Year)</visible>
							</control>
							<control type="label">
								<left>0</left>
								<top>0</top>
								<width min="10" max="250">auto</width>
								<height>20</height>
								<font>home_12</font>
								<align>left</align>
								<aligny>center</aligny>
								<textcolor>colour.synopsis.label.info</textcolor>
								<shadowcolor>colour.synopsis.label.info.shadow</shadowcolor>
								<label>[B]Year[/B]</label>
								<visible>!IsEmpty(ListItem.Synopsis_ESRB)</visible>
							</control>
							<control type="label">
								<left>0</left>
								<top>0</top>
								<width min="10" max="250">auto</width>
								<height>20</height>
								<font>home_12</font>
								<align>left</align>
								<aligny>center</aligny>
								<textcolor>colour.synopsis.label.info.alt</textcolor>
								<shadowcolor>colour.synopsis.label.info.shadow</shadowcolor>
								<label>$INFO[ListItem.Synopsis_Year]</label>
								<visible>!IsEmpty(ListItem.Synopsis_Year)</visible>
							</control>
							<control type="label">
								<left>0</left>
								<top>0</top>
								<width min="5" max="20">auto</width>
								<height>20</height>
								<font>home_12</font>
								<align>left</align>
								<aligny>center</aligny>
								<textcolor>colour.synopsis.label.info</textcolor>
								<shadowcolor>colour.synopsis.label.info.shadow</shadowcolor>
								<label>|</label>
								<visible>!IsEmpty(ListItem.Synopsis_TitleID)</visible>
							</control>
							<control type="label">
								<left>0</left>
								<top>0</top>
								<width min="10" max="250">auto</width>
								<height>20</height>
								<font>home_12</font>
								<align>left</align>
								<aligny>center</aligny>
								<textcolor>colour.synopsis.label.info</textcolor>
								<shadowcolor>colour.synopsis.label.info.shadow</shadowcolor>
								<label>[B]ID[/B]</label>
								<visible>!IsEmpty(ListItem.Synopsis_TitleID)</visible>
							</control>
							<control type="label">
								<left>0</left>
								<top>0</top>
								<width min="10" max="250">auto</width>
								<height>20</height>
								<font>home_12</font>
								<align>left</align>
								<aligny>center</aligny>
								<textcolor>colour.synopsis.label.info.alt</textcolor>
								<shadowcolor>colour.synopsis.label.info.shadow</shadowcolor>
								<label>$INFO[ListItem.Synopsis_TitleID]</label>
								<visible>!IsEmpty(ListItem.Synopsis_TitleID)</visible>
							</control>
						</control>
					</control>
					<control type="group">
						<!-- <animation effect="fade" start="100" end="0" time="100">WindowClose</animation> -->
						<animation effect="fade" start="100" end="0" time="0" delay="0" condition="ControlGroup(8000).HasFocus(4) + Player.HasVideo">Conditional</animation>
						<animation effect="fade" start="100" end="0" time="0" delay="0" condition="ControlGroup(8000).HasFocus(3) | ControlGroup(8000).HasFocus(5) | Control.HasFocus(8002) | Control.HasFocus(8003) | Control.HasFocus(8004)">Conditional</animation>
						<!-- Ratings ESRB -->
						<control type="grouplist">
							<left>0</left>
							<top>55</top>
							<width>850</width>
							<height>25</height>
							<itemgap>10</itemgap>
							<orientation>Horizontal</orientation>
							<control type="image">
								<left>0</left>
								<top>0</top>
								<width>25</width>
								<height>25</height>
								<colordiffuse>colour.synopsis.label.info</colordiffuse>
								<texture>synopsis icons\medium_rating_alt.png</texture>
								<aspectratio>stretch</aspectratio>
								<animation effect="slide" start="0,0" end="-2.5,0" time="0" condition="true">Conditional</animation>
								<visible>!IsEmpty(ListItem.Synopsis_Rating)</visible>
							</control>
							<control type="label">
								<left>0</left>
								<top>0</top>
								<width min="10" max="250">auto</width>
								<height>25</height>
								<font>home_19</font>
								<align>center</align>
								<aligny>center</aligny>
								<textcolor>colour.synopsis.label.info.alt</textcolor>
								<shadowcolor>colour.synopsis.label.info.shadow</shadowcolor>
								<label>$INFO[ListItem.Synopsis_Rating]</label>
								<animation effect="slide" start="0,0" end="-5,0" time="0" condition="true">Conditional</animation>
								<visible>!IsEmpty(ListItem.Synopsis_Rating)</visible>
							</control>
							<control type="label">
								<left>0</left>
								<top>0</top>
								<width min="5" max="20">auto</width>
								<height>25</height>
								<font>home_19</font>
								<align>left</align>
								<aligny>center</aligny>
								<textcolor>colour.synopsis.label.info</textcolor>
								<shadowcolor>colour.synopsis.label.info.shadow</shadowcolor>
								<label>|</label>
								<animation effect="slide" start="0,0" end="-5,0" time="0" condition="true">Conditional</animation>
								<animation effect="slide" start="0,0" end="-37.5,0" time="0" condition="IsEmpty(ListItem.Synopsis_Rating)">Conditional</animation>
								<visible>!IsEmpty(ListItem.Synopsis_ESRB_Descriptors)</visible>
							</control>
							<control type="label">
								<left>0</left>
								<top>0</top>
								<width min="10" max="760">auto</width>
								<height>25</height>
								<font>home_19</font>
								<align>left</align>
								<aligny>center</aligny>
								<textcolor>colour.synopsis.label.info.alt</textcolor>
								<shadowcolor>colour.synopsis.label.info.shadow</shadowcolor>
								<label>$INFO[ListItem.Synopsis_ESRB_Descriptors]</label>
								<animation effect="slide" start="0,0" end="-5,0" time="0" condition="true">Conditional</animation>>
							<animation effect="slide" start="0,0" end="-37.5,0" time="0" condition="IsEmpty(ListItem.Synopsis_Rating)">Conditional</animation>
								<visible>!IsEmpty(ListItem.Synopsis_ESRB_Descriptors)</visible>
							</control>
						</control>
						<!-- Star rating -->
						<control type="image">
							<left>0</left>
							<top>84</top>
							<width>150</width>
							<height>21</height>
							<colordiffuse>60000000</colordiffuse>
							<texture>windows\synopsis\ratings\10.png</texture>
							<aspectratio>stretch</aspectratio>
							<visible>!IsEmpty(ListItem.Synopsis_Rating)</visible>
						</control>
						<control type="image">
							<left>0</left>
							<top>84</top>
							<width>150</width>
							<height>21</height>
							<colordiffuse>colour.synopsis.label.info</colordiffuse>
							<texture>windows\synopsis\ratings\$INFO[ListItem.Synopsis_Rating].png</texture>
							<aspectratio>stretch</aspectratio>
							<visible>!IsEmpty(ListItem.Synopsis_Rating)</visible>
						</control>
						<control type="group">
							<animation effect="fade" start="100" end="0" time="0" delay="0" condition="ControlGroup(8000).HasFocus(4) + !IntegerGreaterThan(system.memory(free_no_mb),10) | ControlGroup(8000).HasFocus(4) + Player.HasVideo">Conditional</animation>
							<!-- Synopsis -->
							<control type="textbox">
								<description>Synopsis Description alt</description>
								<left>0</left>
								<top>115</top>
								<width>850</width>
								<height>351</height>
								<font>home_19</font>
								<align>justify</align>
								<textcolor>colour.synopsis.label.info.alt</textcolor>
								<shadowcolor>colour.synopsis.label.info.shadow</shadowcolor>
								<scrolltime>200</scrolltime>
								<pagecontrol>60</pagecontrol>
								<autoscroll delay="10000" time="1000" repeat="10000" condition="ControlGroup(8000).HasFocus()">Conditional</autoscroll>
								<label>$VAR[SynopsisCheck]</label>
								<visible>!IsEmpty(ListItem.Synopsis_Overview) + [ControlGroup(8000).HasFocus(1) | ControlGroup(8000).HasFocus(4)]</visible>
							</control>
							<!-- Full info synopsis -->
							<control type="textbox">
								<description>Synopsis Description alt</description>
								<left>0</left>
								<top>115</top>
								<width>850</width>
								<height>203</height>
								<font>home_19</font>
								<align>justify</align>
								<textcolor>colour.synopsis.label.info.alt</textcolor>
								<shadowcolor>colour.synopsis.label.info.shadow</shadowcolor>
								<scrolltime>200</scrolltime>
								<pagecontrol>60</pagecontrol>
								<autoscroll delay="10000" time="1000" repeat="10000" condition="ControlGroup(8000).HasFocus()">Conditional</autoscroll>
								<label>$VAR[SynopsisCheck]</label>
								<visible>!IsEmpty(ListItem.Synopsis_Overview) + ControlGroup(8000).HasFocus(2)</visible>
							</control>
							<control type="scrollbar" id="60">
								<left>855</left>
								<top>120</top>
								<width>4</width>
								<height>198</height>
								<onright>60</onright>
								<onleft>8000</onleft>
								<onback>8000</onback>
								<texturesliderbackground border="2,2,2,2">scrollbar_bar_back2.png</texturesliderbackground>
								<texturesliderbar border="2,16,2,16">scrollbar_bar.png</texturesliderbar>
								<texturesliderbarfocus border="2,16,2,16">scrollbar_bar.png</texturesliderbarfocus>
								<textureslidernib>-</textureslidernib>
								<textureslidernibfocus>-</textureslidernibfocus>
								<showonepage>false</showonepage>
								<orientation>vertical</orientation>
								<animation reversible="false" effect="fade" start="20" end="100" time="100">Focus</animation>
								<animation reversible="false" effect="fade" start="100" end="20" time="100" condition="!Control.HasFocus(60)">Conditional</animation>
								<visible>ControlGroup(8000).HasFocus(2)</visible>
							</control>
							<control type="group">
								<visible>ControlGroup(8000).HasFocus(2)</visible>
								<!-- Lower info -->
								<control type="label">
									<description>Synopsis Year label</description>
									<left>0</left>
									<top>330</top>
									<width>115</width>
									<height>20</height>
									<font>home_19</font>
									<align>left</align>
									<aligny>center</aligny>
									<textcolor>colour.synopsis.label.info</textcolor>
									<shadowcolor>colour.synopsis.label.info.shadow</shadowcolor>
									<label>[B]Genre[/B]</label>
									<visible>!IsEmpty(ListItem.Synopsis_Genre)</visible>
								</control>
								<control type="label">
									<description>Synopsis Year label</description>
									<left>115</left>
									<top>330</top>
									<width>730</width>
									<height>20</height>
									<font>home_19</font>
									<align>left</align>
									<aligny>center</aligny>
									<textcolor>colour.synopsis.label.info.alt</textcolor>
									<shadowcolor>colour.synopsis.label.info.shadow</shadowcolor>
									<label>$INFO[ListItem.Synopsis_Genre]</label>
									<visible>!IsEmpty(ListItem.Synopsis_Genre)</visible>
								</control>
								<control type="group">
									<animation effect="slide" start="0,0" end="0,-30" time="0" delay="0" condition="IsEmpty(ListItem.Synopsis_Genre)">Conditional</animation>
									<control type="label">
										<description>Synopsis Developer label</description>
										<left>0</left>
										<top>360</top>
										<width>115</width>
										<height>20</height>
										<font>home_19</font>
										<align>left</align>
										<aligny>center</aligny>
										<textcolor>colour.synopsis.label.info</textcolor>
										<shadowcolor>colour.synopsis.label.info.shadow</shadowcolor>
										<label>[B]Developer[/B]</label>
										<visible>!IsEmpty(ListItem.Synopsis_Developer)</visible>
									</control>
									<control type="label">
										<description>Synopsis Developer label</description>
										<left>115</left>
										<top>360</top>
										<width>730</width>
										<height>20</height>
										<font>home_19</font>
										<align>left</align>
										<aligny>center</aligny>
										<textcolor>colour.synopsis.label.info.alt</textcolor>
										<shadowcolor>colour.synopsis.label.info.shadow</shadowcolor>
										<label>$INFO[ListItem.Synopsis_Developer]</label>
										<visible>!IsEmpty(ListItem.Synopsis_Developer)</visible>
									</control>
								</control>
								<control type="group">
									<animation effect="slide" start="0,0" end="0,-30" time="0" delay="0" condition="IsEmpty(ListItem.Synopsis_Genre)">Conditional</animation>
									<animation effect="slide" start="0,0" end="0,-30" time="0" delay="0" condition="IsEmpty(ListItem.Synopsis_Developer)">Conditional</animation>
									<control type="label">
										<description>Synopsis Publisher label</description>
										<left>0</left>
										<top>390</top>
										<width>115</width>
										<height>20</height>
										<font>home_19</font>
										<align>left</align>
										<aligny>center</aligny>
										<textcolor>colour.synopsis.label.info</textcolor>
										<shadowcolor>colour.synopsis.label.info.shadow</shadowcolor>
										<label>[B]Publisher[/B]</label>
										<visible>!IsEmpty(ListItem.Synopsis_Publisher)</visible>
									</control>
									<control type="label">
										<description>Synopsis Publisher label</description>
										<left>115</left>
										<top>390</top>
										<width>730</width>
										<height>20</height>
										<font>home_19</font>
										<align>left</align>
										<aligny>center</aligny>
										<textcolor>colour.synopsis.label.info.alt</textcolor>
										<shadowcolor>colour.synopsis.label.info.shadow</shadowcolor>
										<label>$INFO[ListItem.Synopsis_Publisher]</label>
										<visible>!IsEmpty(ListItem.Synopsis_Publisher)</visible>
									</control>
								</control>
								<control type="group">
									<animation effect="slide" start="0,0" end="0,-30" time="0" delay="0" condition="IsEmpty(ListItem.Synopsis_Genre)">Conditional</animation>
									<animation effect="slide" start="0,0" end="0,-30" time="0" delay="0" condition="IsEmpty(ListItem.Synopsis_Developer)">Conditional</animation>
									<animation effect="slide" start="0,0" end="0,-30" time="0" delay="0" condition="IsEmpty(ListItem.Synopsis_Publisher)">Conditional</animation>
									<control type="label">
										<description>Synopsis Features label</description>
										<left>0</left>
										<top>420</top>
										<width>115</width>
										<height>20</height>
										<font>home_19</font>
										<align>left</align>
										<aligny>center</aligny>
										<textcolor>colour.synopsis.label.info</textcolor>
										<shadowcolor>colour.synopsis.label.info.shadow</shadowcolor>
										<label>[B]Features[/B]</label>
										<visible>!IsEmpty(ListItem.Synopsis_Features_General)</visible>
									</control>
									<control type="label">
										<description>Synopsis General Features label</description>
										<left>115</left>
										<top>420</top>
										<width>730</width>
										<height>20</height>
										<font>home_19</font>
										<align>left</align>
										<aligny>center</aligny>
										<textcolor>colour.synopsis.label.info.alt</textcolor>
										<shadowcolor>colour.synopsis.label.info.shadow</shadowcolor>
										<label>$INFO[ListItem.Synopsis_Features_General]</label>
										<visible>!IsEmpty(ListItem.Synopsis_Features_General)</visible>
									</control>
								</control>
								<control type="group">
									<animation effect="slide" start="0,0" end="0,-30" time="0" delay="0" condition="IsEmpty(ListItem.Synopsis_Genre)">Conditional</animation>
									<animation effect="slide" start="0,0" end="0,-30" time="0" delay="0" condition="IsEmpty(ListItem.Synopsis_Developer)">Conditional</animation>
									<animation effect="slide" start="0,0" end="0,-30" time="0" delay="0" condition="IsEmpty(ListItem.Synopsis_Publisher)">Conditional</animation>
									<animation effect="slide" start="0,0" end="0,-30" time="0" delay="0" condition="IsEmpty(ListItem.Synopsis_Features_General)">Conditional</animation>
									<control type="label">
										<description>Synopsis Online label</description>
										<left>0</left>
										<top>450</top>
										<width>115</width>
										<height>20</height>
										<font>home_19</font>
										<align>left</align>
										<aligny>center</aligny>
										<textcolor>colour.synopsis.label.info</textcolor>
										<shadowcolor>colour.synopsis.label.info.shadow</shadowcolor>
										<label>[B]Online[/B]</label>
										<visible>!IsEmpty(ListItem.Synopsis_Features_Online)</visible>
									</control>
									<control type="label">
										<description>Synopsis Online Features label</description>
										<left>115</left>
										<top>450</top>
										<width>730</width>
										<height>20</height>
										<font>home_19</font>
										<align>left</align>
										<aligny>center</aligny>
										<textcolor>colour.synopsis.label.info.alt</textcolor>
										<shadowcolor>colour.synopsis.label.info.shadow</shadowcolor>
										<label>$INFO[ListItem.Synopsis_Features_Online]</label>
										<visible>!IsEmpty(ListItem.Synopsis_Features_Online)</visible>
									</control>
								</control>
							</control>
						</control>
					</control>
					<control type="group">
						<!-- <animation effect="fade" start="100" end="0" time="100">WindowClose</animation> -->
						<animation effect="fade" start="100" end="0" time="0" condition="Control.HasFocus(8002) | Control.HasFocus(8003) | Control.HasFocus(8004) | Player.HasVideo">Conditional</animation>
						<top>510</top>
						<control type="grouplist" id="8000">
							<description>Control Info</description>
							<left>0</left>
							<top>0</top>
							<width min="440" max="850">auto</width>
							<height>47</height>
							<onup>60</onup>
							<itemgap>18</itemgap>
							<orientation>Horizontal</orientation>
							<align>center</align>
							<!-- Buttons -->
							<control type="button" id="1">
								<description>Play button</description>
								<width>90</width>
								<height>47</height>
								<aspectratio>stretch</aspectratio>
								<texturefocus diffuse="windows\synopsis\button_diffuse.png" colordiffuse="colour.synopsis.diffuse.button.focus">windows\synopsis\icon_play_fo.jpg</texturefocus>
								<texturenofocus diffuse="windows\synopsis\button_diffuse.png" colordiffuse="colour.synopsis.diffuse.button.nofocus">windows\synopsis\icon_play.jpg</texturenofocus>
								<onclick>Dialog.Close(1101)</onclick>
								<onclick>$INFO[ListItem.Path,,default.xbe]</onclick>
								<onback>SetFocus(14,0)</onback>
								<onback>Dialog.Close(1101)</onback>
							</control>
							<control type="button" id="2">
								<description>Full info</description>
								<width>90</width>
								<height>47</height>
								<aspectratio>stretch</aspectratio>
								<texturefocus diffuse="windows\synopsis\button_diffuse.png" colordiffuse="colour.synopsis.diffuse.button.focus">windows\synopsis\icon_info_fo.jpg</texturefocus>
								<texturenofocus diffuse="windows\synopsis\button_diffuse.png" colordiffuse="colour.synopsis.diffuse.button.nofocus">windows\synopsis\icon_info.jpg</texturenofocus>
								<onback>SetFocus(14,0)</onback>
								<onback>Dialog.Close(1101)</onback>
								<visible>!IsEmpty(ListItem.Synopsis_AltName)</visible>
							</control>
							<control type="button" id="3">
								<description>Screenshots</description>
								<width>90</width>
								<height>47</height>
								<aspectratio>stretch</aspectratio>
								<texturefocus diffuse="windows\synopsis\button_diffuse.png" colordiffuse="colour.synopsis.diffuse.button.focus">windows\synopsis\icon_pictures_fo.jpg</texturefocus>
								<texturenofocus diffuse="windows\synopsis\button_diffuse.png" colordiffuse="colour.synopsis.diffuse.button.nofocus">windows\synopsis\icon_pictures.jpg</texturenofocus>
								<onclick>SetFocus(8003)</onclick>
								<onback>SetFocus(14,0)</onback>
								<onback>Dialog.Close(1101)</onback>
								<onup>SetFocus(8003)</onup>
								<visible>!IsEmpty(ListItem.Synopsis_Screenshot)</visible>
							</control>
							<control type="button" id="4">
								<description>Synopsis video</description>
								<onleft condition="Player.HasVideo">4</onleft>
								<onright condition="Player.HasVideo">4</onright>
								<ondown condition="Player.HasVideo">Stop</ondown>
								<onback condition="Player.HasVideo">Stop</onback>
								<onback condition="!Player.HasVideo">SetFocus(14,0)</onback>
								<onback condition="!Player.HasVideo">Dialog.Close(1101)</onback>
								<width>90</width>
								<height>47</height>
								<aspectratio>stretch</aspectratio>
								<texturefocus diffuse="windows\synopsis\button_diffuse.png" colordiffuse="colour.synopsis.diffuse.button.focus">windows\synopsis\icon_video_fo.jpg</texturefocus>
								<texturenofocus diffuse="windows\synopsis\button_diffuse.png" colordiffuse="colour.synopsis.diffuse.button.nofocus">windows\synopsis\icon_video.jpg</texturenofocus>
								<onclick>SetFocus(8001)</onclick>
								<visible>!IsEmpty(ListItem.Synopsis_Preview)</visible>
							</control>
							<control type="button" id="5">
								<description>Artwork</description>
								<width>90</width>
								<height>47</height>
								<aspectratio>stretch</aspectratio>
								<texturefocus diffuse="windows\synopsis\button_diffuse.png" colordiffuse="colour.synopsis.diffuse.button.focus">windows\synopsis\icon_artwork_fo.jpg</texturefocus>
								<texturenofocus diffuse="windows\synopsis\button_diffuse.png" colordiffuse="colour.synopsis.diffuse.button.nofocus">windows\synopsis\icon_artwork.jpg</texturenofocus>
								<onclick>SetFocus(8002)</onclick>
								<onback>SetFocus(14,0)</onback>
								<onback>Dialog.Close(1101)</onback>
								<onup>SetFocus(8002)</onup>
								<visible>!IsEmpty(ListItem.Synopsis_Fanart)</visible>
							</control>
						</control>
						<control type="fadelabel">
							<left>0</left>
							<top>50</top>
							<width>850</width>
							<height>24</height>
							<font>home_15</font>
							<align>center</align>
							<aligny>center</aligny>
							<label>$LOCALIZE[518]</label>
							<label>$INFO[ListItem.Path]</label>
							<textcolor>colour.synopsis.label.selected</textcolor>
							<shadowcolor>colour.synopsis.label.info.shadow</shadowcolor>
							<scroll>false</scroll>
							<scrollout>false</scrollout>
							<scrollspeed>0</scrollspeed>
							<pauseatend>5000</pauseatend>
							<visible>ControlGroup(8000).HasFocus(1)</visible>
						</control>
						<control type="fadelabel">
							<left>0</left>
							<top>50</top>
							<width>850</width>
							<height>24</height>
							<font>home_15</font>
							<align>center</align>
							<aligny>center</aligny>
							<label>$LOCALIZE[31620]</label>
							<textcolor>colour.synopsis.label.selected</textcolor>
							<shadowcolor>colour.synopsis.label.info.shadow</shadowcolor>
							<scroll>false</scroll>
							<scrollout>false</scrollout>
							<scrollspeed>0</scrollspeed>
							<pauseatend>5000</pauseatend>
							<visible>ControlGroup(8000).HasFocus(2)</visible>
						</control>
						<control type="fadelabel">
							<left>0</left>
							<top>50</top>
							<width>850</width>
							<height>24</height>
							<font>home_15</font>
							<align>center</align>
							<aligny>center</aligny>
							<label>$LOCALIZE[31618]</label>
							<textcolor>colour.synopsis.label.selected</textcolor>
							<shadowcolor>colour.synopsis.label.info.shadow</shadowcolor>
							<scroll>false</scroll>
							<scrollout>false</scrollout>
							<scrollspeed>0</scrollspeed>
							<pauseatend>5000</pauseatend>
							<visible>ControlGroup(8000).HasFocus(3)</visible>
						</control>
						<control type="fadelabel">
							<left>0</left>
							<top>50</top>
							<width>850</width>
							<height>24</height>
							<font>home_15</font>
							<align>center</align>
							<aligny>center</aligny>
							<label>$LOCALIZE[31619]</label>
							<textcolor>colour.synopsis.label.selected</textcolor>
							<shadowcolor>colour.synopsis.label.info.shadow</shadowcolor>
							<scroll>false</scroll>
							<scrollout>false</scrollout>
							<scrollspeed>0</scrollspeed>
							<pauseatend>5000</pauseatend>
							<visible>ControlGroup(8000).HasFocus(4)</visible>
						</control>
						<control type="fadelabel">
							<left>0</left>
							<top>50</top>
							<width>850</width>
							<height>24</height>
							<font>home_15</font>
							<align>center</align>
							<aligny>center</aligny>
							<label>$LOCALIZE[31621]</label>
							<textcolor>colour.synopsis.label.selected</textcolor>
							<shadowcolor>colour.synopsis.label.info.shadow</shadowcolor>
							<scroll>false</scroll>
							<scrollout>false</scrollout>
							<scrollspeed>0</scrollspeed>
							<pauseatend>5000</pauseatend>
							<visible>ControlGroup(8000).HasFocus(5)</visible>
						</control>
					</control>
				</control>
			</control>
			<!-- Fake buttons for video playback -->
			<control type="button" id="8001">
				<description>Fake button</description>
				<left>-1000</left>
				<width>0</width>
				<height>0</height>
				<onfocus>SetFocus(8000,4)</onfocus>
				<visible>!IntegerGreaterThan(system.memory(free_no_mb),10) + !Player.HasVideo</visible>
			</control>
			<control type="button" id="8001">
				<description>Fake button</description>
				<left>-1000</left>
				<width>0</width>
				<height>0</height>
				<onfocus>PlayMedia($INFO[ListItem.Synopsis_Resources]media\preview.mp4)</onfocus>
				<onfocus>SetFocus(8000,4)</onfocus>
				<visible>IntegerGreaterThan(system.memory(free_no_mb),10) | Player.HasVideo</visible>
			</control>
			<!-- Fake button so fanart goes fullscreen -->
			<control type="button" id="8002">
				<description>Fake button</description>
				<left>-1000</left>
				<width>0</width>
				<height>0</height>
				<ondown>SetFocus(8000,5)</ondown>
				<onback>SetFocus(8000,5)</onback>
			</control>
			<!-- Fake buttons to force the screenshot window -->
			<control type="button" id="8003">
				<description>Fake button</description>
				<left>-1000</left>
				<width>0</width>
				<height>0</height>
				<ondown>SetFocus(8000,3)</ondown>
				<onback>SetFocus(8000,3)</onback>
			</control>
		</control>
	</controls>
</window>