<window id="1115" type="dialog">
	<defaultcontrol always="true">9000</defaultcontrol>
	<controls>
		<control type="image">
			<left>0</left>
			<top>0</top>
			<width>1280</width>
			<height>720</height>
			<texture>black-back.png</texture>
			<aspectratio>stretch</aspectratio>
			<include>Dialog.Effect</include>
		</control>
		<control type="group">
			<animation effect="slide" end="0,200" start="0,0" time="100">WindowClose</animation>
			<animation delay="100" effect="slide" end="0,0" start="0,200" time="100">WindowOpen</animation>
			<control id="9000" type="wraplist">
				<left>0</left>
				<top>640</top>
				<width>1280</width>
				<height>50</height>
				<onleft>-</onleft>
				<onright>-</onright>
				<onup>50</onup>
				<ondown>-</ondown>
				<scrolltime>0</scrolltime>
				<focusposition>0</focusposition>
				<orientation>horizontal</orientation>
				<itemlayout height="50" width="1280">
								</itemlayout>
				<focusedlayout height="50" width="1280">
					<control type="image">
						<left>0</left>
						<top>0</top>
						<width>1280</width>
						<height>50</height>
						<texture border="5" colordiffuse="colour.general.diffuse.quick.change">pad_buttons\underlay.png</texture>
					</control>
					<control type="label">
						<description>heading label</description>
						<left>0</left>
						<top>0</top>
						<width>1280</width>
						<height>50</height>
						<align>center</align>
						<aligny>center</aligny>
						<font>size_28</font>
						<label>$INFO[ListItem.Label]</label>
						<textcolor>colour.context.buttons.label</textcolor>
					</control>
				</focusedlayout>
				<content>
					<item id="0">
						<label>[UPPERCASE]Applications[/UPPERCASE]</label>
						<onclick>Dialog.Close(1115)</onclick>
						<onclick>ActivateWindow(1,Applications)</onclick>
						<icon>-</icon>
					</item>
					<item id="1">
						<label>[UPPERCASE]Demos[/UPPERCASE]</label>
						<onclick>Dialog.Close(1115)</onclick>
						<onclick>ActivateWindow(1,Demos)</onclick>
						<icon>-</icon>
					</item>
					<item id="2">
						<label>[UPPERCASE]Emulators[/UPPERCASE]</label>
						<onclick>Dialog.Close(1115)</onclick>
						<onclick>ActivateWindow(1,Emulators)</onclick>
						<icon>-</icon>
					</item>
					<item id="3">
						<label>[UPPERCASE]Game ISOs[/UPPERCASE]</label>
						<onclick>Dialog.Close(1115)</onclick>
						<onclick>ActivateWindow(1,Game ISOs)</onclick>
						<icon>-</icon>
					</item>
					<item id="4">
						<label>[UPPERCASE]Games[/UPPERCASE]</label>
						<onclick>Dialog.Close(1115)</onclick>
						<onclick>ActivateWindow(1,Games)</onclick>
						<icon>-</icon>
					</item>
					<item id="5">
						<label>[UPPERCASE]Homebrew[/UPPERCASE]</label>
						<onclick>Dialog.Close(1115)</onclick>
						<onclick>ActivateWindow(1,Homebrew)</onclick>
						<icon>-</icon>
					</item>
					<item id="6">
						<label>[UPPERCASE]Movies[/UPPERCASE]</label>
						<onclick>Dialog.Close(1115)</onclick>
						<onclick>ActivateWindow(1,Movies)</onclick>
						<icon>-</icon>
					</item>
					<item id="7">
						<label>[UPPERCASE]Other Games[/UPPERCASE]</label>
						<onclick>Dialog.Close(1115)</onclick>
						<onclick>ActivateWindow(1,Other Games)</onclick>
						<icon>-</icon>
					</item>
					<item id="8">
						<label>[UPPERCASE]TV Shows[/UPPERCASE]</label>
						<onclick>Dialog.Close(1115)</onclick>
						<onclick>ActivateWindow(1,TV Shows)</onclick>
						<icon>-</icon>
					</item>
					<item id="9">
						<label>[UPPERCASE]$INFO[Skin.String(CustomQuickChange1)][/UPPERCASE]</label>
						<onclick>Dialog.Close(1115)</onclick>
						<onclick>ActivateWindow(1,$INFO[Skin.String(CustomQuickChange1)])</onclick>
						<icon>-</icon>
						<visible>Skin.HasSetting(CustomQuickChange1Enabled) + String.IsEmpty($INFO[Skin.String(CustomQuickChange1)])</visible>
					</item>
					<item id="10">
						<label>[UPPERCASE]$INFO[Skin.String(CustomQuickChange2)][/UPPERCASE]</label>
						<onclick>Dialog.Close(1115)</onclick>
						<onclick>ActivateWindow(1,$INFO[Skin.String(CustomQuickChange2)])</onclick>
						<icon>-</icon>
						<visible>Skin.HasSetting(CustomQuickChange2Enabled) + String.IsEmpty($INFO[Skin.String(CustomQuickChange2)])</visible>
					</item>
					<item id="11">
						<label>[UPPERCASE]$INFO[Skin.String(CustomQuickChange3)][/UPPERCASE]</label>
						<onclick>Dialog.Close(1115)</onclick>
						<onclick>ActivateWindow(1,$INFO[Skin.String(CustomQuickChange3)])</onclick>
						<icon>-</icon>
						<visible>Skin.HasSetting(CustomQuickChange3Enabled) + String.IsEmpty($INFO[Skin.String(CustomQuickChange3)])</visible>
					</item>
					<item id="12">
						<label>[UPPERCASE]$INFO[Skin.String(CustomQuickChange4)][/UPPERCASE]</label>
						<onclick>Dialog.Close(1115)</onclick>
						<onclick>ActivateWindow(1,$INFO[Skin.String(CustomQuickChange4)])</onclick>
						<icon>-</icon>
						<visible>Skin.HasSetting(CustomQuickChange4Enabled) + String.IsEmpty($INFO[Skin.String(CustomQuickChange4)])</visible>
					</item>
					<item id="13">
						<label>[UPPERCASE]$INFO[Skin.String(CustomQuickChange5)][/UPPERCASE]</label>
						<onclick>Dialog.Close(1115)</onclick>
						<onclick>ActivateWindow(1,$INFO[Skin.String(CustomQuickChange5)])</onclick>
						<icon>-</icon>
						<visible>Skin.HasSetting(CustomQuickChange5Enabled) + String.IsEmpty($INFO[Skin.String(CustomQuickChange5)])</visible>
					</item>
					<item id="14">
						<label>[UPPERCASE]$INFO[Skin.String(CustomQuickChange6)][/UPPERCASE]</label>
						<onclick>Dialog.Close(1115)</onclick>
						<onclick>ActivateWindow(1,$INFO[Skin.String(CustomQuickChange6)])</onclick>
						<icon>-</icon>
						<visible>Skin.HasSetting(CustomQuickChange6Enabled) + String.IsEmpty($INFO[Skin.String(CustomQuickChange6)])</visible>
					</item>
				</content>
			</control>
			<control type="image">
				<left>20</left>
				<top>650</top>
				<width>30</width>
				<height>30</height>
				<texture colordiffuse="colour.context.diffuse.dpad_left_button">pad_buttons\dpad_left_button.png</texture>
				<aspectratio>keep</aspectratio>
			</control>
			<control type="image">
				<left>1220</left>
				<top>650</top>
				<width>30</width>
				<height>30</height>
				<texture colordiffuse="colour.context.diffuse.dpad_right_button">pad_buttons\dpad_right_button.png</texture>
				<aspectratio>keep</aspectratio>
			</control>
		</control>
		<control type="group">
			<animation condition="Skin.HasSetting(HideContextBar)" effect="slide" end="0,30" start="0,0" time="100">WindowClose</animation>
			<animation condition="Skin.HasSetting(HideContextBar)" delay="100" effect="slide" end="0,0" start="0,30" time="100">WindowOpen</animation>
			<control type="image">
				<left>0</left>
				<bottom>0</bottom>
				<width>1280</width>
				<height>30</height>
				<texture>pad_buttons\underlay.png</texture>
			</control>
			<control type="grouplist">
				<description>Control Info</description>
				<left>10</left>
				<bottom>0</bottom>
				<width>1280</width>
				<height>25</height>
				<itemgap>10</itemgap>
				<orientation>Horizontal</orientation>
				<control type="image">
					<left>0</left>
					<top>0</top>
					<width>22</width>
					<height>22</height>
					<texture colordiffuse="colour.context.diffuse.a_button">pad_buttons\a_button.png</texture>
					<aspectratio>keep</aspectratio>
				</control>
				<control type="label">
					<left>0</left>
					<top>0</top>
					<width max="250" min="10">auto</width>
					<height>22</height>
					<font>size_14</font>
					<aligny>center</aligny>
					<textcolor>colour.context.buttons.label</textcolor>
					<label>$LOCALIZE[31106]</label>
				</control>
				<control type="image">
					<left>0</left>
					<top>0</top>
					<width>22</width>
					<height>22</height>
					<texture colordiffuse="colour.context.diffuse.b_button">pad_buttons\b_button.png</texture>
					<aspectratio>keep</aspectratio>
				</control>
				<control type="label">
					<left>0</left>
					<top>0</top>
					<width max="250" min="10">auto</width>
					<height>22</height>
					<font>size_14</font>
					<aligny>center</aligny>
					<textcolor>colour.context.buttons.label</textcolor>
					<label>$LOCALIZE[31108]</label>
				</control>
			</control>
		</control>
	</controls>
</window>