<window type="dialog" id="1117">
	<defaultcontrol always="true">9100</defaultcontrol>
	<include>Dialog.Effect.Zoom.Fast</include>
	<controls>
		<include>Behind.Dialog</include>
		<control type="group">
			<top>140</top>
			<control type="button" id="9110">
				<left>-1000</left>
				<onfocus>SetFocus(9101,0)</onfocus>
				<visible>Control.HasFocus(1)</visible>
			</control>
			<control type="button" id="9110">
				<left>-1000</left>
				<onfocus>SetFocus(9102)</onfocus>
				<visible>Control.HasFocus(2)</visible>
			</control>
			<control type="button" id="9110">
				<left>-1000</left>
				<onfocus>SetFocus(9103)</onfocus>
				<visible>Control.HasFocus(3)</visible>
			</control>
			<control type="image">
				<left>201</left>
				<top>0</top>
				<width>878</width>
				<height>440</height>
				<aspectratio>stretch</aspectratio>
				<texture colordiffuse="colour.dialog.diffuse.main">windows\generic\main.png</texture>
			</control>
			<control type="image">
				<left>220</left>
				<top>15</top>
				<width>230</width>
				<height>410</height>
				<aspectratio>stretch</aspectratio>
				<texture colordiffuse="colour.dialog.diffuse.main.overlay">windows\generic\main_overlay.png</texture>
			</control>
			<control type="grouplist">
				<description>Control Info</description>
				<left>450</left>
				<top>375</top>
				<width>610</width>
				<height>80</height>
				<itemgap>10</itemgap>
				<orientation>Horizontal</orientation>
				<align>center</align>
				<!-- A Button -->
				<control type="image">
					<left>0</left>
					<top>0</top>
					<width>32</width>
					<height>32</height>
					<aspectratio>stretch</aspectratio>
					<texture colordiffuse="colour.dialog.diffuse.a_button">pad_buttons\dialogs\a_button.png</texture>
				</control>
				<control type="label">
					<left>0</left>
					<top>0</top>
					<width min="40" max="147">auto</width>
					<height>32</height>
					<font>size_19</font>
					<align>left</align>
					<aligny>center</aligny>
					<textcolor>colour.dialog.label.context</textcolor>
					<label>$LOCALIZE[424]</label>
				</control>
				<!-- B Button -->
				<control type="image">
					<left>0</left>
					<top>0</top>
					<width>32</width>
					<height>32</height>
					<aspectratio>stretch</aspectratio>
					<texture colordiffuse="colour.dialog.diffuse.b_button">pad_buttons\dialogs\b_button.png</texture>
				</control>
				<control type="label">
					<left>0</left>
					<top>0</top>
					<width min="40" max="147">auto</width>
					<height>32</height>
					<font>size_19</font>
					<align>left</align>
					<aligny>center</aligny>
					<textcolor>colour.dialog.label.context</textcolor>
					<label>$LOCALIZE[31108]</label>
				</control>
			</control>
			<control type="grouplist" id="9100">
				<description>button area</description>
				<left>220</left>
				<top>45</top>
				<width max="230">auto</width>
				<height max="410">auto</height>
				<itemgap>5</itemgap>
				<onright>9110</onright>
				<onback>50</onback>
				<align>top</align>
				<control type="button" id="1">
					<description>Views</description>
					<height>50</height>
					<width>230</width>
					<textoffsetx>24</textoffsetx>
					<textoffsety>0</textoffsety>
					<font>size_22</font>
					<align>left</align>
					<aligny>center</aligny>
					<label>$LOCALIZE[31615]</label>
					<textcolor>colour.dialog.button.nofocus</textcolor>
					<focusedcolor>colour.dialog.button.focus</focusedcolor>
					<texturefocus colordiffuse="colour.dialog.diffuse.button.focus">windows\settings_categories\button_focus.png</texturefocus>
					<texturenofocus colordiffuse="colour.dialog.diffuse.button.nofocus">windows\settings_categories\button_no_focus.png</texturenofocus>
				</control>
				<control type="button" id="2">
					<description>Views</description>
					<height>50</height>
					<width>230</width>
					<textoffsetx>24</textoffsetx>
					<textoffsety>0</textoffsety>
					<font>size_22</font>
					<align>left</align>
					<aligny>center</aligny>
					<label>$LOCALIZE[31622]</label>
					<textcolor>colour.dialog.button.nofocus</textcolor>
					<focusedcolor>colour.dialog.button.focus</focusedcolor>
					<texturefocus colordiffuse="colour.dialog.diffuse.button.focus">windows\settings_categories\button_focus.png</texturefocus>
					<texturenofocus colordiffuse="colour.dialog.diffuse.button.nofocus">windows\settings_categories\button_no_focus.png</texturenofocus>
				</control>
				<control type="button" id="3">
					<description>Views</description>
					<height>50</height>
					<width>230</width>
					<textoffsetx>24</textoffsetx>
					<textoffsety>0</textoffsety>
					<font>size_22</font>
					<align>left</align>
					<aligny>center</aligny>
					<label>$LOCALIZE[31616]</label>
					<textcolor>colour.dialog.button.nofocus</textcolor>
					<focusedcolor>colour.dialog.button.focus</focusedcolor>
					<texturefocus colordiffuse="colour.dialog.diffuse.button.focus">windows\settings_categories\button_focus.png</texturefocus>
					<texturenofocus colordiffuse="colour.dialog.diffuse.button.nofocus">windows\settings_categories\button_no_focus.png</texturenofocus>
				</control>
			</control>
			<!-- Detailed Views -->
			<control type="panel" id="9101">
				<visible>ControlGroup(9100).HasFocus(1)</visible>
				<left>460</left>
				<top>40</top>
				<width>620</width>
				<height>320</height>
				<onleft>9100</onleft>
				<onback>9100</onback>
				<itemlayout height="97" width="147">
					<control type="image">
						<left>5</left>
						<top>5</top>
						<width>137</width>
						<height>71</height>
						<texture>$INFO[listitem.actualicon]</texture>
						<bordertexture colordiffuse="colour.dialog.diffuse.button.nofocus">windows/generic/header.png</bordertexture>
						<bordersize>3</bordersize>
						<aspectratio>stretch</aspectratio>
					</control>
					<control type="label">
						<left>0</left>
						<top>73</top>
						<width>147</width>
						<height>30</height>
						<font>size_14</font>
						<align>center</align>
						<aligny>center</aligny>
						<textcolor>colour.dialog.button.nofocus</textcolor>
						<label>[UPPERCASE]$INFO[ListItem.Label][/UPPERCASE]</label>
					</control>
				</itemlayout>
				<focusedlayout height="97" width="147">
					<control type="image">
						<left>5</left>
						<top>5</top>
						<width>137</width>
						<height>71</height>
						<texture>$INFO[listitem.actualicon]</texture>
						<aspectratio>stretch</aspectratio>
					</control>
					<control type="label">
						<left>0</left>
						<top>73</top>
						<width>147</width>
						<height>30</height>
						<font>size_14</font>
						<align>center</align>
						<aligny>center</aligny>
						<textcolor>colour.dialog.button.nofocus</textcolor>
						<label>[UPPERCASE]$INFO[ListItem.Label][/UPPERCASE]</label>
					</control>
					<control type="image">
						<left>2.5</left>
						<top>2.5</top>
						<width>142</width>
						<height>76</height>
						<texture border="5,5,5,5">windows\generic\button_focus_alt.png</texture>
						<aspectratio>stretch</aspectratio>
					</control>
				</focusedlayout>
				<content>
					<item id="300">
						<label>$VAR[View71_Condition]</label>
						<onclick>Skin.ToggleSetting(View71_Disabled)</onclick>
						<onclick>Skin.SetBool(RefershViews)</onclick>
						<icon>windows\programs\views\71.jpg</icon>
					</item>
					<item id="301">
						<label>$VAR[View57_Condition]</label>
						<onclick>Skin.ToggleSetting(View57_Disabled)</onclick>
						<onclick>Skin.SetBool(RefershViews)</onclick>
						<icon>windows\programs\views\57.jpg</icon>
					</item>
					<item id="302">
						<label>$VAR[View75_Condition]</label>
						<onclick>Skin.ToggleSetting(View75_Disabled)</onclick>
						<onclick>Skin.SetBool(RefershViews)</onclick>
						<icon>windows\programs\views\75.jpg</icon>
					</item>
					<item id="303">
						<label>$VAR[View56_Condition]</label>
						<onclick>Skin.ToggleSetting(View56_Disabled)</onclick>
						<onclick>Skin.SetBool(RefershViews)</onclick>
						<icon>windows\programs\views\56.jpg</icon>
					</item>
					<item id="304">
						<label>$VAR[View54_Condition]</label>
						<onclick>Skin.ToggleSetting(View54_Disabled)</onclick>
						<onclick>Skin.SetBool(RefershViews)</onclick>
						<icon>windows\programs\views\54.jpg</icon>
					</item>
					<item id="305">
						<label>$VAR[View61_Condition]</label>
						<onclick>Skin.ToggleSetting(View61_Disabled)</onclick>
						<onclick>Skin.SetBool(RefershViews)</onclick>
						<icon>windows\programs\views\61.jpg</icon>
					</item>
					<item id="306">
						<label>$VAR[View72_Condition]</label>
						<onclick>Skin.ToggleSetting(View72_Disabled)</onclick>
						<onclick>Skin.SetBool(RefershViews)</onclick>
						<icon>windows\programs\views\72.jpg</icon>
					</item>
					<item id="307">
						<label>$VAR[View74_Condition]</label>
						<onclick>Skin.ToggleSetting(View74_Disabled)</onclick>
						<onclick>Skin.SetBool(RefershViews)</onclick>
						<icon>windows\programs\views\74.jpg</icon>
					</item>
					<item id="308">
						<label>$VAR[View55_Condition]</label>
						<onclick>Skin.ToggleSetting(View55_Disabled)</onclick>
						<onclick>Skin.SetBool(RefershViews)</onclick>
						<icon>windows\programs\views\55.jpg</icon>
					</item>
					<item id="309">
						<label>$VAR[View69_Condition]</label>
						<onclick>Skin.ToggleSetting(View69_Disabled)</onclick>
						<onclick>Skin.SetBool(RefershViews)</onclick>
						<icon>windows\programs\views\69.jpg</icon>
					</item>
				</content>
			</control>
			<!-- Resources Views -->
			<control type="panel" id="9102">
				<visible>ControlGroup(9100).HasFocus(2)</visible>
				<left>460</left>
				<top>40</top>
				<width>620</width>
				<height>320</height>
				<onleft>9100</onleft>
				<onback>9100</onback>
				<itemlayout height="97" width="147">
					<control type="image">
						<left>5</left>
						<top>5</top>
						<width>137</width>
						<height>71</height>
						<texture>$INFO[listitem.actualicon]</texture>
						<bordertexture colordiffuse="colour.dialog.diffuse.button.nofocus">windows/generic/header.png</bordertexture>
						<bordersize>3</bordersize>
						<aspectratio>stretch</aspectratio>
					</control>
					<control type="label">
						<left>0</left>
						<top>73</top>
						<width>147</width>
						<height>30</height>
						<font>size_14</font>
						<align>center</align>
						<aligny>center</aligny>
						<textcolor>colour.dialog.button.nofocus</textcolor>
						<label>[UPPERCASE]$INFO[ListItem.Label][/UPPERCASE]</label>
					</control>
				</itemlayout>
				<focusedlayout height="97" width="147">
					<control type="image">
						<left>5</left>
						<top>5</top>
						<width>137</width>
						<height>71</height>
						<texture>$INFO[listitem.actualicon]</texture>
						<aspectratio>stretch</aspectratio>
					</control>
					<control type="label">
						<left>0</left>
						<top>73</top>
						<width>147</width>
						<height>30</height>
						<font>size_14</font>
						<align>center</align>
						<aligny>center</aligny>
						<textcolor>colour.dialog.button.nofocus</textcolor>
						<label>[UPPERCASE]$INFO[ListItem.Label][/UPPERCASE]</label>
					</control>
					<control type="image">
						<left>2.5</left>
						<top>2.5</top>
						<width>142</width>
						<height>76</height>
						<texture border="5,5,5,5">windows\generic\button_focus_alt.png</texture>
						<aspectratio>stretch</aspectratio>
					</control>
				</focusedlayout>
				<content>
					<item id="320">
						<label>$VAR[View53_Condition]</label>
						<onclick>Skin.ToggleSetting(View53_Disabled)</onclick>
						<onclick>Skin.SetBool(RefershViews)</onclick>
						<icon>windows\programs\views\53.jpg</icon>
					</item>
					<item id="321">
						<label>$VAR[View58_Condition]</label>
						<onclick>Skin.ToggleSetting(View58_Disabled)</onclick>
						<onclick>Skin.SetBool(RefershViews)</onclick>
						<icon>windows\programs\views\58.jpg</icon>
					</item>
					<item id="322">
						<label>$VAR[View62_Condition]</label>
						<onclick>Skin.ToggleSetting(View62_Disabled)</onclick>
						<onclick>Skin.SetBool(RefershViews)</onclick>
						<icon>windows\programs\views\62.jpg</icon>
					</item>
					<item id="323">
						<label>$VAR[View63_Condition]</label>
						<onclick>Skin.ToggleSetting(View63_Disabled)</onclick>
						<onclick>Skin.SetBool(RefershViews)</onclick>
						<icon>windows\programs\views\63.jpg</icon>
					</item>
					<item id="324">
						<label>$VAR[View64_Condition]</label>
						<onclick>Skin.ToggleSetting(View64_Disabled)</onclick>
						<onclick>Skin.SetBool(RefershViews)</onclick>
						<icon>windows\programs\views\64.jpg</icon>
					</item>
					<item id="325">
						<label>$VAR[View65_Condition]</label>
						<onclick>Skin.ToggleSetting(View65_Disabled)</onclick>
						<onclick>Skin.SetBool(RefershViews)</onclick>
						<icon>windows\programs\views\65.jpg</icon>
					</item>
					<item id="326">
						<label>$VAR[View68_Condition]</label>
						<onclick>Skin.ToggleSetting(View68_Disabled)</onclick>
						<onclick>Skin.SetBool(RefershViews)</onclick>
						<icon>windows\programs\views\68.jpg</icon>
					</item>
				</content>
			</control>
			<!-- Standard Views -->
			<control type="panel" id="9103">
				<visible>ControlGroup(9100).HasFocus(3)</visible>
				<left>460</left>
				<top>40</top>
				<width>620</width>
				<height>320</height>
				<onleft>9100</onleft>
				<onback>9100</onback>
				<itemlayout height="97" width="147">
					<control type="image">
						<left>5</left>
						<top>5</top>
						<width>137</width>
						<height>71</height>
						<texture>$INFO[listitem.actualicon]</texture>
						<bordertexture colordiffuse="colour.dialog.diffuse.button.nofocus">windows/generic/header.png</bordertexture>
						<bordersize>3</bordersize>
						<aspectratio>stretch</aspectratio>
					</control>
					<control type="label">
						<left>0</left>
						<top>73</top>
						<width>147</width>
						<height>30</height>
						<font>size_14</font>
						<align>center</align>
						<aligny>center</aligny>
						<textcolor>colour.dialog.button.nofocus</textcolor>
						<label>[UPPERCASE]$INFO[ListItem.Label][/UPPERCASE]</label>
					</control>
				</itemlayout>
				<focusedlayout height="97" width="147">
					<control type="image">
						<left>5</left>
						<top>5</top>
						<width>137</width>
						<height>71</height>
						<texture>$INFO[listitem.actualicon]</texture>
						<aspectratio>stretch</aspectratio>
					</control>
					<control type="label">
						<left>0</left>
						<top>73</top>
						<width>147</width>
						<height>30</height>
						<font>size_14</font>
						<align>center</align>
						<aligny>center</aligny>
						<textcolor>colour.dialog.button.nofocus</textcolor>
						<label>[UPPERCASE]$INFO[ListItem.Label][/UPPERCASE]</label>
					</control>
					<control type="image">
						<left>2.5</left>
						<top>2.5</top>
						<width>142</width>
						<height>76</height>
						<texture border="5,5,5,5">windows\generic\button_focus_alt.png</texture>
						<aspectratio>stretch</aspectratio>
					</control>
				</focusedlayout>
				<content>
					<!-- <item id="340"> -->
					<!-- <label>$VAR[View50_Condition]</label> -->
					<!-- <onclick>Skin.ToggleSetting(View50_Disabled)</onclick><onclick>Skin.SetBool(RefershViews)</onclick> -->
					<!-- <icon>windows\programs\views\50.jpg</icon> -->
					<!-- </item> -->
					<item id="341">
						<label>$VAR[View51_Condition]</label>
						<onclick>Skin.ToggleSetting(View51_Disabled)</onclick>
						<onclick>Skin.SetBool(RefershViews)</onclick>
						<icon>windows\programs\views\51.jpg</icon>
					</item>
					<item id="342">
						<label>$VAR[View52_Condition]</label>
						<onclick>Skin.ToggleSetting(View52_Disabled)</onclick>
						<onclick>Skin.SetBool(RefershViews)</onclick>
						<icon>windows\programs\views\52.jpg</icon>
					</item>
					<item id="343">
						<label>$VAR[View70_Condition]</label>
						<onclick>Skin.ToggleSetting(View70_Disabled)</onclick>
						<onclick>Skin.SetBool(RefershViews)</onclick>
						<icon>windows\programs\views\70.jpg</icon>
					</item>
					<item id="344">
						<label>$VAR[View59_Condition]</label>
						<onclick>Skin.ToggleSetting(View59_Disabled)</onclick>
						<onclick>Skin.SetBool(RefershViews)</onclick>
						<icon>windows\programs\views\59.jpg</icon>
					</item>
					<item id="345">
						<label>$VAR[View60_Condition]</label>
						<onclick>Skin.ToggleSetting(View60_Disabled)</onclick>
						<onclick>Skin.SetBool(RefershViews)</onclick>
						<icon>windows\programs\views\60.jpg</icon>
					</item>
					<item id="346">
						<label>$VAR[View66_Condition]</label>
						<onclick>Skin.ToggleSetting(View66_Disabled)</onclick>
						<onclick>Skin.SetBool(RefershViews)</onclick>
						<icon>windows\programs\views\66.jpg</icon>
					</item>
					<item id="347">
						<label>$VAR[View67_Condition]</label>
						<onclick>Skin.ToggleSetting(View67_Disabled)</onclick>
						<onclick>Skin.SetBool(RefershViews)</onclick>
						<icon>windows\programs\views\67.jpg</icon>
					</item>
				</content>
			</control>
		</control>
	</controls>
</window>