<window id="1114">
	<defaultcontrol always="true">1</defaultcontrol>
	<!-- Run random script if enabled and disable the updatedb settings -->
	<onload condition="!Skin.HasSetting(AdultProfile) + Skin.HasSetting(Random_Game)">Skin.SetBool(run_random_script,true)</onload>
	<onload condition="!Skin.HasSetting(AdultProfile) + Skin.HasSetting(UpdateDB)">Skin.Reset(UpdateDB)</onload>
	<!-- Load windows outside the script -->
	<onload condition="!StringCompare(Skin.String(HomeWindowSource),Home) + Window.Previous(1)">ActivateWindow(Programs,$INFO[skin.String(HomeWindow)])</onload>
	<onload condition="StringCompare(Skin.String(HomeWindowSource),Home) + Window.Previous(1)">ActivateWindow(Home)</onload>
	<!-- Start music if enabled -->
	<onunload condition="!Skin.HasSetting(AdultProfile) + !Skin.HasSetting(UseThemePlaylist) + Skin.HasSetting(Use_Startup_Playback) + !Skin.HasSetting(AdultProfile) + !Player.HasAudio">PlayMedia($INFO[Skin.String(Startup_Playback_Path)])</onunload>
	<onunload condition="!Skin.HasSetting(AdultProfile) + Skin.HasSetting(UseThemePlaylist) + Skin.HasSetting(Use_Startup_Playback) + !Skin.HasSetting(AdultProfile) + !Player.HasAudio">PlayMedia(Special://skin\extras\themes\playlists\$INFO[Skin.CurrentTheme].m3u)</onunload>
	<controls>
		<control type="button" id="1">
			<left>-5000</left>
			<onclick condition="Skin.HasSetting(AdultProfile) + !Skin.HasSetting(kioskmode)">System.LogOff</onclick>
			<animation effect="fade" start="0" end="100" delay="100" time="100">Focus</animation>
		</control>
		<control type="group">
			<animation effect="fade" start="100" end="70" delay="0" time="300" condition="Skin.HasSetting(AdultProfile)">WindowOpen</animation>
			<animation effect="fade" start="70" end="100" delay="0" time="100" condition="Skin.HasSetting(AdultProfile)">WindowClose</animation>
			<include>Global.Backgrounds</include>
		</control>
		<control type="group">
			<include condition="!Window.Previous(1)">Startup.Window.Profile</include>
			<animation effect="fade" start="100" end="20" time="300" condition="Skin.HasSetting(AdultProfile) + !Skin.HasSetting(kioskmode)">WindowOpen</animation>
			<animation effect="fade" start="20" end="100" time="100" condition="Skin.HasSetting(AdultProfile) + !Skin.HasSetting(kioskmode)">WindowClose</animation>
			<animation effect="fade" start="100" end="0" time="300" condition="Skin.HasSetting(kioskmode)">WindowClose</animation>
		</control>
		<include condition="!Window.Previous(1)">Startup.Window.Info</include>
	</controls>
</window>