<window id="129">
	<defaultcontrol>10</defaultcontrol>
	<include>Dialog.Effect.Zoom.Fast</include>
	<controls>
		<include>Behind.Dialog</include>
		<control type="image">
			<left>270</left>
			<top>80</top>
			<width>740</width>
			<height>560</height>
			<aspectratio>stretch</aspectratio>
			<texture colordiffuse="colour.dialog.diffuse.main">windows\dialogs\select_browser\main.png</texture>
		</control>
		<control type="image">
			<left>286</left>
			<top>99</top>
			<width>709</width>
			<height>61</height>
			<aspectratio>stretch</aspectratio>
			<texture colordiffuse="colour.dialog.diffuse.header">windows\dialogs\select_browser\header.png</texture>
		</control>
		<control type="label" id="2">
			<description>heading label</description>
			<left>313</left>
			<top>107</top>
			<width>731</width>
			<height>37</height>
			<font>size_28</font>
			<scroll>true</scroll>
			<align>left</align>
			<aligny>center</aligny>
			<textcolor>colour.dialog.label.header</textcolor>
		</control>
		<control type="label">
			<left>305</left>
			<top>170</top>
			<width>670</width>
			<height>30</height>
			<align>center</align>
			<aligny>center</aligny>
			<font>size_20</font>
			<label>1021</label>
			<textcolor>colour.dialog.label.info.text</textcolor>
		</control>
		<control type="list" id="10">
			<left>305</left>
			<top>210</top>
			<width>510</width>
			<height>252</height>
			<onup>9001</onup>
			<onleft>9000</onleft>
			<onright>9000</onright>
			<ondown>12</ondown>
			<pagecontrol>-</pagecontrol>
			<scrolltime>200</scrolltime>
			<itemlayout height="42">
				<control type="image">
					<left>0</left>
					<top>0</top>
					<width>550</width>
					<height>40</height>
					<texture colordiffuse="colour.dialog.diffuse.button.nofocus">windows\dialogs\select_browser\button_no_focus.png</texture>
				</control>
				<control type="label">
					<left>10</left>
					<top>0</top>
					<width>530</width>
					<height>40</height>
					<font>size_20</font>
					<align>left</align>
					<aligny>center</aligny>
					<textcolor>colour.dialog.label.nofocus</textcolor>
					<selectedcolor>colour.dialog.label.selected</selectedcolor>
					<info>ListItem.Label</info>
				</control>
			</itemlayout>
			<focusedlayout height="42">
				<control type="image">
					<left>0</left>
					<top>0</top>
					<width>550</width>
					<height>40</height>
					<texture colordiffuse="colour.dialog.diffuse.button.focus">windows\dialogs\select_browser\button_focus.png</texture>
				</control>
				<control type="label">
					<left>10</left>
					<top>0</top>
					<width>530</width>
					<height>40</height>
					<font>size_20</font>
					<align>left</align>
					<aligny>center</aligny>
					<textcolor>colour.dialog.label</textcolor>
					<selectedcolor>colour.dialog.label.selected</selectedcolor>
					<info>ListItem.Label</info>
				</control>
			</focusedlayout>
		</control>
		<control type="group" id="9000">
			<left>830</left>
			<top>210</top>
			<control type="button" id="11">
				<description>Browse Button</description>
				<left>0</left>
				<top>0</top>
				<width>150</width>
				<height>40</height>
				<label>1024</label>
				<font>size_20</font>
				<textcolor>colour.dialog.button.nofocus</textcolor>
				<focusedcolor>colour.dialog.button.focus</focusedcolor>
				<align>center</align>
				<texturenofocus colordiffuse="colour.dialog.diffuse.button.nofocus">windows\dialogs\select_browser\button_no_focus.png</texturenofocus>
				<texturefocus colordiffuse="colour.dialog.diffuse.button.focus">windows\dialogs\select_browser\button_focus.png</texturefocus>
				<onup>9001</onup>
				<onleft>10</onleft>
				<onright>10</onright>
				<ondown>13</ondown>
			</control>
			<control type="button" id="13">
				<description>Add Path Button</description>
				<left>0</left>
				<top>45</top>
				<width>150</width>
				<height>40</height>
				<label>15019</label>
				<font>size_20</font>
				<textcolor>colour.dialog.button.nofocus</textcolor>
				<focusedcolor>colour.dialog.button.focus</focusedcolor>
				<align>center</align>
				<texturenofocus colordiffuse="colour.dialog.diffuse.button.nofocus">windows\dialogs\select_browser\button_no_focus.png</texturenofocus>
				<texturefocus colordiffuse="colour.dialog.diffuse.button.focus">windows\dialogs\select_browser\button_focus.png</texturefocus>
				<onup>11</onup>
				<onleft>10</onleft>
				<onright>10</onright>
				<ondown>14</ondown>
			</control>
			<control type="button" id="14">
				<description>Remove Path Button</description>
				<left>0</left>
				<top>90</top>
				<width>150</width>
				<height>40</height>
				<label>1210</label>
				<font>size_20</font>
				<textcolor>colour.dialog.button.nofocus</textcolor>
				<focusedcolor>colour.dialog.button.focus</focusedcolor>
				<align>center</align>
				<texturenofocus colordiffuse="colour.dialog.diffuse.button.nofocus">windows\dialogs\select_browser\button_no_focus.png</texturenofocus>
				<texturefocus colordiffuse="colour.dialog.diffuse.button.focus">windows\dialogs\select_browser\button_focus.png</texturefocus>
				<onup>13</onup>
				<onleft>10</onleft>
				<onright>10</onright>
				<ondown>12</ondown>
			</control>
		</control>
		<control type="label">
			<description>Name label</description>
			<left>305</left>
			<top>472</top>
			<width>670</width>
			<height>30</height>
			<align>center</align>
			<aligny>center</aligny>
			<font>size_20</font>
			<label>1022</label>
			<textcolor>colour.dialog.label.info.text</textcolor>
		</control>
		<control type="button" id="12">
			<description>Name Button</description>
			<left>305</left>
			<top>512</top>
			<width>670</width>
			<height>40</height>
			<align>center</align>
			<aligny>center</aligny>
			<onup>10</onup>
			<onleft>12</onleft>
			<onright>19</onright>
			<ondown>9001</ondown>
			<label>-</label>
			<textcolor>colour.dialog.button.nofocus</textcolor>
			<focusedcolor>colour.dialog.button.focus</focusedcolor>
			<disabledcolor>colour.dialog.label.disabled</disabledcolor>
			<font>size_20</font>
			<texturenofocus colordiffuse="colour.dialog.diffuse.button.nofocus">windows\dialogs\select_browser\button_no_focus.png</texturenofocus>
			<texturefocus colordiffuse="colour.dialog.diffuse.button.focus">windows\dialogs\select_browser\button_focus.png</texturefocus>
		</control>
		<control type="group" id="9001">
			<left>475</left>
			<top>566</top>
			<control type="button" id="18">
				<description>Ok Button</description>
				<left>0</left>
				<top>0</top>
				<width>155</width>
				<height>40</height>
				<textcolor>colour.dialog.button.nofocus</textcolor>
				<focusedcolor>colour.dialog.button.focus</focusedcolor>
				<disabledcolor>colour.dialog.label.disabled</disabledcolor>
				<align>center</align>
				<texturenofocus colordiffuse="colour.dialog.diffuse.button.nofocus">windows\dialogs\select_browser\button_no_focus.png</texturenofocus>
				<texturefocus colordiffuse="colour.dialog.diffuse.button.focus">windows\dialogs\select_browser\button_focus.png</texturefocus>
				<label>186</label>
				<onup>12</onup>
				<onleft>20</onleft>
				<onright>19</onright>
				<ondown>10</ondown>
			</control>
			<control type="button" id="19">
				<description>Cancel Button</description>
				<left>175</left>
				<top>0</top>
				<width>155</width>
				<height>40</height>
				<textcolor>colour.dialog.button.nofocus</textcolor>
				<focusedcolor>colour.dialog.button.focus</focusedcolor>
				<disabledcolor>colour.dialog.label.disabled</disabledcolor>
				<align>center</align>
				<texturenofocus colordiffuse="colour.dialog.diffuse.button.nofocus">windows\dialogs\select_browser\button_no_focus.png</texturenofocus>
				<texturefocus colordiffuse="colour.dialog.diffuse.button.focus">windows\dialogs\select_browser\button_focus.png</texturefocus>
				<label>222</label>
				<onup>12</onup>
				<onleft>18</onleft>
				<onright>20</onright>
				<ondown>10</ondown>
			</control>
			<!-- Disabled as there is no movie support in this skin -->
			<control type="button." id="20">
				<description>Set Content Button</description>
				<left>350</left>
				<top>0</top>
				<width>155</width>
				<height>40</height>
				<textcolor>colour.dialog.button.nofocus</textcolor>
				<focusedcolor>colour.dialog.button.focus</focusedcolor>
				<disabledcolor>colour.dialog.label.disabled</disabledcolor>
				<align>center</align>
				<texturenofocus colordiffuse="colour.dialog.diffuse.button.nofocus">windows\dialogs\select_browser\button_no_focus.png</texturenofocus>
				<texturefocus colordiffuse="colour.dialog.diffuse.button.focus">windows\dialogs\select_browser\button_focus.png</texturefocus>
				<label>20333</label>
				<onup>12</onup>
				<onleft>19</onleft>
				<onright>18</onright>
				<ondown>10</ondown>
			</control>
		</control>
	</controls>
</window>