<window id="131">
	<defaultcontrol>5</defaultcontrol>
	<coordinates>
		<system>1</system>
		<left>290</left>
		<top>75</top>
	</coordinates>
	<include>Dialog.Effect</include>
	<controls>
		<control type="image">
			<description>background image</description>
			<left>0</left>
			<top>0</top>
			<width>700</width>
			<height>570</height>
			<texture border="40">dialogback.png</texture>
		</control>
		<control type="image">
			<description>Heading Background</description>
			<left>30</left>
			<top>35</top>
			<width>640</width>
			<height>40</height>
			<texture border="5">thumbfo.png</texture>
		</control>
		<control type="label">
			<description>heading label</description>
			<left>40</left>
			<top>35</top>
			<width>620</width>
			<height>40</height>
			<align>center</align>
			<aligny>center</aligny>
			<font>size_21_bold</font>
			<label>$LOCALIZE[20043]</label>
			<textcolor>131_header_label</textcolor>
		</control>
		<control type="grouplist" id="5">
			<description>control area</description>
			<left>40</left>
			<top>85</top>
			<width>620</width>
			<height>340</height>
			<itemgap>5</itemgap>
			<pagecontrol>-</pagecontrol>
			<onleft>28</onleft>
			<onright>28</onright>
			<onup>28</onup>
			<ondown>28</ondown>
		</control>
		<control type="button" id="7">
			<description>Default Button</description>
			<left>0</left>
			<top>0</top>
			<height>35</height>
			<font>size_20</font>
			<textcolor>131_button_label</textcolor>
			<textoffsetx>7</textoffsetx>
			<texturefocus border="5">button-focus2.png</texturefocus>
			<texturenofocus border="5">button-nofocus.png</texturenofocus>
		</control>
		<control type="radiobutton" id="8">
			<description>Default RadioButton</description>
			<left>0</left>
			<top>0</top>
			<height>35</height>
			<font>size_20</font>
			<textcolor>131_button_label</textcolor>
			<texturefocus border="5">button-focus2.png</texturefocus>
			<texturenofocus border="5">button-nofocus.png</texturenofocus>
			<textoffsetx>7</textoffsetx>
			<textureradioon>radiobutton-focus.png</textureradioon>
			<textureradiooff>radiobutton-nofocus.png</textureradiooff>
		</control>
		<control type="spincontrolex" id="9">
			<description>Default SpinControlex</description>
			<left>0</left>
			<top>0</top>
			<height>35</height>
			<texturefocus border="5">button-focus2.png</texturefocus>
			<texturenofocus border="5">button-nofocus.png</texturenofocus>
			<textureup>scroll-up.png</textureup>
			<texturedown>scroll-down.png</texturedown>
			<textureupfocus>scroll-up-focus.png</textureupfocus>
			<texturedownfocus>scroll-down-focus.png</texturedownfocus>
			<font>size_20</font>
			<textcolor>131_button_label</textcolor>
			<disabledcolor>disabled</disabledcolor>
			<textoffsetx>7</textoffsetx>
			<aligny>center</aligny>
			<reverse>yes</reverse>
		</control>
		<control type="image" id="11">
			<description>separator image</description>
			<width>350</width>
			<height>2</height>
			<texture>separator.png</texture>
		</control>
		<control type="button" id="28">
			<description>Ok Button</description>
			<left>147</left>
			<top>485</top>
			<width>200</width>
			<height>35</height>
			<align>center</align>
			<aligny>center</aligny>
			<textcolor>131_button_label</textcolor>
			<focusedcolor>131_button_focus</focusedcolor>
			<texturefocus border="3">button-focus2.png</texturefocus>
			<texturenofocus border="3">button-nofocus.png</texturenofocus>
			<label>186</label>
			<onleft>29</onleft>
			<onright>29</onright>
			<onup>5</onup>
			<ondown>5</ondown>
		</control>
		<control type="button" id="29">
			<description>Cancel Button</description>
			<left>352</left>
			<top>485</top>
			<width>200</width>
			<height>35</height>
			<align>center</align>
			<aligny>center</aligny>
			<textcolor>131_button_label</textcolor>
			<focusedcolor>131_button_focus</focusedcolor>
			<texturefocus border="3">button-focus2.png</texturefocus>
			<texturenofocus border="3">button-nofocus.png</texturenofocus>
			<label>222</label>
			<onleft>28</onleft>
			<onright>28</onright>
			<onup>5</onup>
			<ondown>5</ondown>
		</control>
	</controls>
</window>