<window id="121">
	<defaultcontrol>2</defaultcontrol>
	<onload condition="!Skin.HasSetting(kioskmode)">Dialog.Close(121,true)</onload>
	<include>Dialog.Effect</include>
	<controls>
		<control type="image">
			<description>background image</description>
			<left>0</left>
			<top>0</top>
			<width>1280</width>
			<height>720</height>
			<aspectratio>stretch</aspectratio>
			<texture>visualistation_osd_back.png</texture>
		</control>
		<control type="group">
			<top>90</top>
			<control type="label" id="2">
				<description>heading label</description>
				<left>0</left>
				<top>0</top>
				<width>1280</width>
				<height>30</height>
				<align>center</align>
				<aligny>center</aligny>
				<font>mono_27</font>
				<textcolor>FFF5F5F5</textcolor>
			</control>
			<control type="grouplist" id="5">
				<description>control area</description>
				<left>110</left>
				<top>60</top>
				<width>1060</width>
				<height>440</height>
				<itemgap>5</itemgap>
				<pagecontrol>60</pagecontrol>
				<onleft>5</onleft>
				<onright>5</onright>
				<onup>5</onup>
				<ondown>5</ondown>
			</control>
			<control type="button" id="7">
				<description>Default Button</description>
				<height>35</height>
				<font>mono_16</font>
				<aligny>center</aligny>
				<textcolor>FFFFFFFF</textcolor>
				<focusedcolor>FFFFFFFF</focusedcolor>
				<texturefocus border="5">button-focus2.png</texturefocus>
				<texturenofocus border="5">button-nofocus.png</texturenofocus>
			</control>
			<control type="radiobutton" id="8">
				<description>Default RadioButton</description>
				<height>35</height>
				<font>mono_16</font>
				<aligny>center</aligny>
				<textcolor>FFFFFFFF</textcolor>
				<focusedcolor>FFFFFFFF</focusedcolor>
				<texturefocus border="5">button-focus2.png</texturefocus>
				<texturenofocus border="5">button-nofocus.png</texturenofocus>
			</control>
			<control type="spincontrolex" id="9">
				<description>Default spincontrolex</description>
				<height>35</height>
				<texturefocus border="5">button-focus2.png</texturefocus>
				<texturenofocus border="5">button-nofocus.png</texturenofocus>
				<font>mono_16</font>
				<textcolor>FFFFFFFF</textcolor>
				<focusedcolor>FFFFFFFF</focusedcolor>
				<reverse>yes</reverse>
			</control>
		</control>
	</controls>
</window>