<window id="121">
	<defaultcontrol>2</defaultcontrol>
	<coordinates>
		<system>1</system>
		<left>290</left>
		<top>100</top>
	</coordinates>
	<include>Dialog.Effect</include>
	<controls>
		<control type="image">
			<left>-290</left>
			<top>-100</top>
			<width>1280</width>
			<height>720</height>
			<texture>black-back.png</texture>
			<aspectratio>stretch</aspectratio>
		</control>
		<control type="image">
			<description>background image</description>
			<left>0</left>
			<top>0</top>
			<width>700</width>
			<height>520</height>
			<texture border="20,20,20,20">thumbnofo.png</texture>
			<bordersize>30</bordersize>
		</control>
		<control type="label" id="2">
			<description>heading label</description>
			<left>40</left>
			<top>40</top>
			<width>620</width>
			<height>30</height>
			<align>center</align>
			<aligny>center</aligny>
			<font>size_21_bold</font>
			<label>$LOCALIZE[12015]</label>
			<textcolor>121_header_label</textcolor>
		</control>
		<control type="image">
			<left>40</left>
			<top>78</top>
			<width>620</width>
			<height>2</height>
			<texture>separator.png</texture>
		</control>
		<control type="image">
			<left>40</left>
			<top>78</top>
			<width>720</width>
			<height>2</height>
			<texture>separator.png</texture>
		</control>
		<control type="grouplist" id="5">
			<description>control area</description>
			<left>45</left>
			<top>85</top>
			<width>620</width>
			<height>480</height>
			<itemgap>5</itemgap>
			<pagecontrol>60</pagecontrol>
			<onleft>5</onleft>
			<onright>5</onright>
			<onup>5</onup>
			<ondown>5</ondown>
		</control>
		<control type="button" id="7">
			<description>Default Button</description>
			<height>35</height>
			<font>size_18</font>
			<textcolor>121_button_label</textcolor>
			<focusedcolor>121_button_facus</focusedcolor>
			<texturefocus border="5">button-focus2.png</texturefocus>
			<texturenofocus border="5">button-nofocus.png</texturenofocus>
		</control>
		<control type="radiobutton" id="8">
			<description>Default RadioButton</description>
			<height>35</height>
			<font>size_18</font>
			<textcolor>121_button_label</textcolor>
			<focusedcolor>121_button_facus</focusedcolor>
			<texturefocus border="5">button-focus2.png</texturefocus>
			<texturenofocus border="5">button-nofocus.png</texturenofocus>
		</control>
		<control type="spincontrolex" id="9">
			<description>Default spincontrolex</description>
			<height>35</height>
			<texturefocus border="5">button-focus2.png</texturefocus>
			<texturenofocus border="5">button-nofocus.png</texturenofocus>
			<font>size_18</font>
			<textcolor>121_button_label</textcolor>
			<focusedcolor>121_button_facus</focusedcolor>
			<reverse>yes</reverse>
		</control>
	</controls>
</window>