<window id="502">
	<defaultcontrol always="true">50</defaultcontrol>
	<allowoverlay>no</allowoverlay>
	<views>50</views>
	<controls>
		<include>Global.Backgrounds</include>
		<control type="group">
			<include>View.Visible.Effect</include>
			<control type="image">
				<left>55</left>
				<top>55</top>
				<width>1170</width>
				<height>610</height>
				<aspectratio>stretch</aspectratio>
				<texture>windows\settings_categories\main.png</texture>
			</control>
			<control type="image">
				<left>75</left>
				<top>75</top>
				<width>330</width>
				<height>570</height>
				<aspectratio>stretch</aspectratio>
				<texture>windows\settings_categories\main_overlay.png</texture>
			</control>
			<control type="image">
				<left>75</left>
				<top>75</top>
				<width>330</width>
				<height>76</height>
				<aspectratio>stretch</aspectratio>
				<texture>windows\settings\header.png</texture>
			</control>
			<control type="label">
				<left>75</left>
				<top>95</top>
				<width>330</width>
				<height>28</height>
				<font>size_28</font>
				<scroll>true</scroll>
				<align>center</align>
				<textcolor>common_header_label</textcolor>
				<label>$LOCALIZE[247]</label>
				<visible>Window.IsActive(20)</visible>
			</control>
			<control type="label">
				<left>75</left>
				<top>95</top>
				<width>330</width>
				<height>28</height>
				<font>size_28</font>
				<scroll>true</scroll>
				<align>center</align>
				<textcolor>common_header_label</textcolor>
				<label>$LOCALIZE[559]</label>
				<visible>Window.IsActive(500)</visible>
			</control>
			<control type="label">
				<left>75</left>
				<top>95</top>
				<width>330</width>
				<height>28</height>
				<font>size_28</font>
				<scroll>true</scroll>
				<align>center</align>
				<textcolor>common_header_label</textcolor>
				<label>$LOCALIZE[2]</label>
				<visible>Window.IsActive(501)</visible>
			</control>
			<control type="grouplist">
				<description>Control Info</description>
				<left>415</left>
				<top>568</top>
				<width min="100" max="775">auto</width>
				<height>80</height>
				<itemgap>10</itemgap>
				<orientation>Horizontal</orientation>
				<align>center</align>
				<!-- A Button -->
				<control type="image">
					<left>0</left>
					<top>0</top>
					<width>32</width>
					<height>32</height>
					<aspectratio>stretch</aspectratio>
					<texture>pad_buttons\dialogs\a_button.png</texture>
				</control>
				<control type="label">
					<left>0</left>
					<top>0</top>
					<width min="80" max="147">auto</width>
					<height>32</height>
					<font>size_19</font>
					<align>left</align>
					<aligny>center</aligny>
					<textcolor>common_context_label</textcolor>
					<label>$LOCALIZE[424]</label>
				</control>
				<!-- B Button -->
				<control type="image">
					<left>0</left>
					<top>0</top>
					<width>32</width>
					<height>32</height>
					<aspectratio>stretch</aspectratio>
					<texture>pad_buttons\dialogs\B_button.png</texture>
				</control>
				<control type="label">
					<left>0</left>
					<top>0</top>
					<width min="60" max="80">auto</width>
					<height>32</height>
					<font>size_19</font>
					<align>left</align>
					<aligny>center</aligny>
					<textcolor>common_context_label</textcolor>
					<label>$LOCALIZE[31151]</label>
				</control>
				<!-- Y Button -->
				<control type="image">
					<left>0</left>
					<top>0</top>
					<width>32</width>
					<height>32</height>
					<texture>pad_buttons\dialogs\y_button.png</texture>
					<aspectratio>keep</aspectratio>
					<visible>Window.IsVisible(500) | Window.IsVisible(501)</visible>
				</control>
				<control type="label">
					<left>0</left>
					<top>0</top>
					<width min="80" max="147">auto</width>
					<height>32</height>
					<font>size_19</font>
					<align>left</align>
					<aligny>center</aligny>
					<textcolor>common_context_label</textcolor>
					<label>$LOCALIZE[31111]</label>
					<visible>Window.IsVisible(501)</visible>
				</control>
				<control type="label">
					<left>0</left>
					<top>0</top>
					<width min="80" max="147">auto</width>
					<height>32</height>
					<font>size_19</font>
					<align>left</align>
					<aligny>center</aligny>
					<textcolor>common_context_label</textcolor>
					<label>$LOCALIZE[31112]</label>
					<visible>Window.IsVisible(500)</visible>
				</control>
				<!-- White Button -->
				<control type="image">
					<left>0</left>
					<top>0</top>
					<width>32</width>
					<height>32</height>
					<aspectratio>stretch</aspectratio>
					<texture>pad_buttons\dialogs\White_button.png</texture>
				</control>
				<control type="label">
					<left>0</left>
					<top>0</top>
					<width min="80" max="147">auto</width>
					<height>32</height>
					<font>size_19</font>
					<align>left</align>
					<aligny>center</aligny>
					<textcolor>common_context_label</textcolor>
					<label>$LOCALIZE[31113]</label>
				</control>
				<!-- Black Button -->
				<control type="image">
					<left>0</left>
					<top>0</top>
					<width>32</width>
					<height>32</height>
					<texture>pad_buttons\dialogs\black_button.png</texture>
					<aspectratio>keep</aspectratio>
					<visible>Window.IsVisible(500) | Window.IsVisible(501)</visible>
				</control>
				<control type="label">
					<left>0</left>
					<top>0</top>
					<width min="80" max="147">auto</width>
					<height>32</height>
					<font>size_19</font>
					<align>left</align>
					<aligny>center</aligny>
					<textcolor>common_context_label</textcolor>
					<label>$LOCALIZE[31117]</label>
					<visible>Window.IsVisible(500)</visible>
				</control>
				<control type="label">
					<left>0</left>
					<top>0</top>
					<width min="80" max="147">auto</width>
					<height>32</height>
					<font>size_19</font>
					<align>left</align>
					<aligny>center</aligny>
					<textcolor>common_context_label</textcolor>
					<label>$LOCALIZE[31118]</label>
					<visible>Window.IsVisible(501)</visible>
				</control>
			</control>
			<control type="image">
				<left>75</left>
				<top>170</top>
				<width>330</width>
				<height>410</height>
				<aspectratio>keep</aspectratio>
				<texture background="false">$INFO[listitem.Icon]</texture>
			</control>
			<!-- Content List -->
			<control type="list" id="50">
				<include>Common.View.Layout</include>
			</control>
			<control type="scrollbar" id="90">
				<left>1190</left>
				<top>105</top>
				<width>4</width>
				<height>420</height>
				<include>Fake.ScrollBar.Vertical</include>
			</control>
		</control>
		<control type="group">
			<include>Common.Options.Menu.Back</include>
			<control type="group" id="9000">
				<control type="button" id="2">
					<description>View As button</description>
					<left>0</left>
					<top>0</top>
					<width>330</width>
					<include>Button.Common.Values</include>
					<label>-</label>
					<onleft>9001</onleft>
					<onright>50</onright>
					<onup>16</onup>
					<ondown>3</ondown>
				</control>
				<control type="button" id="3">
					<description>Sort by button</description>
					<left>0</left>
					<top>45</top>
					<width>270</width>
					<include>Button.Common.Values</include>
					<label>103</label>
					<onleft>9001</onleft>
					<onright>4</onright>
					<onup>2</onup>
					<ondown>99</ondown>
				</control>
				<control type="image">
					<description>NoFocus Background for Sort Direction Toggle</description>
					<left>275</left>
					<top>47</top>
					<width>40</width>
					<height>40</height>
					<texture border="5">button-focus2.png</texture>
					<visible>Control.HasFocus(4)</visible>
				</control>
				<control type="togglebutton" id="4">
					<description>Sort asc</description>
					<left>285</left>
					<top>58</top>
					<label>-</label>
					<texturefocus>scroll-up.png</texturefocus>
					<texturenofocus>scroll-up.png</texturenofocus>
					<alttexturefocus>scroll-down.png</alttexturefocus>
					<alttexturenofocus>scroll-down.png</alttexturenofocus>
					<onleft>3</onleft>
					<onright>50</onright>
					<onup>2</onup>
					<ondown>99</ondown>
				</control>
				<control type="radiobutton" id="99">
					<description>Library button</description>
					<left>0</left>
					<top>90</top>
					<width>330</width>
					<label>$LOCALIZE[29800]</label>
					<onclick>ReplaceWindow(MusicFiles)</onclick>
					<selected>Window.IsVisible(MusicLibrary)</selected>
					<include>Button.Common.Values</include>
					<onleft>9001</onleft>
					<onright>50</onright>
					<onup>3</onup>
					<ondown>8</ondown>
				</control>
				<control type="button" id="8">
					<description>Search</description>
					<left>0</left>
					<top>135</top>
					<width>330</width>
					<include>Button.Common.Values</include>
					<label>137</label>
					<onleft>9001</onleft>
					<onright>50</onright>
					<onup>99</onup>
					<ondown>19</ondown>
				</control>
				<control type="radiobutton" id="19">
					<description>Filter</description>
					<left>0</left>
					<top>180</top>
					<width>330</width>
					<include>Button.Common.Values</include>
					<label>587</label>
					<onleft>9001</onleft>
					<onright>50</onright>
					<onup>8</onup>
					<ondown>16</ondown>
				</control>
				<control type="radiobutton" id="16">
					<description>PartyMode</description>
					<left>0</left>
					<top>225</top>
					<width>330</width>
					<include>Button.Common.Values</include>
					<label>589</label>
					<onleft>9001</onleft>
					<onright>50</onright>
					<onup>19</onup>
					<ondown>2</ondown>
				</control>
			</control>
		</control>
		<include>Window.Header</include>
		<include>ScrollOffsetLabel</include>
	</controls>
</window>