<window id="34">
	<defaultcontrol always="true">4</defaultcontrol>
	<allowoverlay>no</allowoverlay>
	<controls>
		<include>Global.Backgrounds</include>
		<include>Window.Header</include>
		<control type="group">
			<include>Dialog.Effect.Zoom.Fast</include>
			<control type="image">
				<left>55</left>
				<top>55</top>
				<width>1170</width>
				<height>610</height>
				<aspectratio>stretch</aspectratio>
				<texture>windows\settings_categories\main.png</texture>
			</control>
			<control type="grouplist">
				<description>Control Info</description>
				<left>55</left>
				<top>580</top>
				<width>1170</width>
				<height>80</height>
				<itemgap>10</itemgap>
				<orientation>Horizontal</orientation>
				<align>center</align>
				<!-- A Button -->
				<control type="image">
					<left>0</left>
					<top>0</top>
					<width>32</width>
					<height>32</height>
					<aspectratio>stretch</aspectratio>
					<texture>pad_buttons\dialogs\a_button.png</texture>
				</control>
				<control type="label">
					<left>0</left>
					<top>0</top>
					<width min="80" max="147">auto</width>
					<height>32</height>
					<font>size_19</font>
					<align>left</align>
					<aligny>center</aligny>
					<textcolor>34_context_label</textcolor>
					<label>$LOCALIZE[424]</label>
				</control>
				<!-- B Button -->
				<control type="image">
					<left>0</left>
					<top>0</top>
					<width>32</width>
					<height>32</height>
					<aspectratio>stretch</aspectratio>
					<texture>pad_buttons\dialogs\b_button.png</texture>
				</control>
				<control type="label">
					<left>0</left>
					<top>0</top>
					<width min="80" max="147">auto</width>
					<height>32</height>
					<font>size_19</font>
					<align>left</align>
					<aligny>center</aligny>
					<textcolor>34_context_label</textcolor>
					<label>$LOCALIZE[31021]</label>
				</control>
			</control>
			<control type="textbox">
				<left>260</left>
				<top>250</top>
				<width>760</width>
				<height>105</height>
				<font>size_30</font>
				<textcolor>34_label</textcolor>
				<scroll>true</scroll>
				<align>center</align>
				<label>$LOCALIZE[31171]</label>
				<visible>!System.HasLoginScreen</visible>
			</control>
			<control type="textbox">
				<left>260</left>
				<top>250</top>
				<width>760</width>
				<height>105</height>
				<font>size_30</font>
				<textcolor>34_label</textcolor>
				<scroll>true</scroll>
				<align>center</align>
				<label>$LOCALIZE[31172]</label>
				<visible>System.HasLoginScreen</visible>
			</control>
			<control type="radiobutton" id="4">
				<description>View As button</description>
				<left>420</left>
				<top>305</top>
				<width>360</width>
				<height>200</height>
				<label>$LOCALIZE[24022] $LOCALIZE[20096]</label>
				<font>size_24</font>
				<align>center</align>
				<textcolor>34_label</textcolor>
				<focusedcolor>windows_context_alt_label</focusedcolor>
				<texturefocus border="5">-</texturefocus>
				<texturenofocus border="5">-</texturenofocus>
			</control>
		</control>
	</controls>
</window>