<Skin name="H2">
		<Information>
				<Author>slick50zd</Author>
				<Version>1</Version>
				<Copyright>2004</Copyright>
				<Skinner Name="UX Architect" Version="1.0c" />
		</Information>
		<LoadingScreen ShowInfo="False">
				<Background>loading.png</Background>
		</LoadingScreen>
		<Main Globe="False" Orb="False" Fog="False">
				<Background EnableAudio="False">bgms.png</Background>
				<InfoFont>20thCentury-12.xpr</InfoFont>
				<Text Top="405" Left="21" Width="333" Scroll="0" Color="0xFFABD2D6" Source="IP" Align="Middle" />
				<Text Top="384" Left="22" Width="329" Scroll="0" Color="0xFFABD2D6" Source="MAC" Align="Middle" />
				<Text Top="361" Left="22" Width="332" Scroll="0" Color="0xFFABD2D6" Source="AppVersion" Align="Middle" />
				<Text Top="413" Left="388" Width="200" Scroll="0" Color="0xFFABD2D6" Source="G_FreeMB" Align="Left" />
				<Text Top="383" Left="387" Width="200" Scroll="0" Color="0xFFABD2D6" Source="F_FreeMB" Align="Left" />
				<Text Top="352" Left="387" Width="200" Scroll="0" Color="0xFFABD2D6" Source="E_FreeMB" Align="Left" />
				<Text Top="322" Left="386" Width="200" Scroll="0" Color="0xFFABD2D6" Source="C_FreeMB" Align="Left" />
				<Image Top="130" Left="409" Width="183" Height="134" Opacity="50" Source="GameIcon" />
				<Menu Align="Left" ShowIcon="False" ShowArrows="False">
						<ItemPos Top="143" Left="75" Width="180">
						</ItemPos>
						<ItemPos Top="181" Left="75" Width="177">
						</ItemPos>
						<ItemPos Top="220" Left="75" Width="176">
						</ItemPos>
						<ItemPos Top="258" Left="75" Width="182">
						</ItemPos>
						<Font>20thCentury-12.xpr</Font>
				</Menu>
				<ColorScheme>
						<AMBIENT_FOGCOLOR>0x78FFFFFF</AMBIENT_FOGCOLOR>
						<AMBIENT_SKYCOLOR>0xFF00000F</AMBIENT_SKYCOLOR>
						<AMBIENT_CELLCOLOR>0x7800C000</AMBIENT_CELLCOLOR>
						<CAPTION_TEXTCOLOR>0xFF5CAFCF</CAPTION_TEXTCOLOR>
						<CAPTION_BACKCOLOR>0x0031508A</CAPTION_BACKCOLOR>
						<DIALOG_BORDERCOLOR>0x80FFFFFF</DIALOG_BORDERCOLOR>
						<DIALOG_BACKCOLOR>0x9C31508A</DIALOG_BACKCOLOR>
						<DIALOG_INNER_BORDERCOLOR>0xFFFFFFFF</DIALOG_INNER_BORDERCOLOR>
						<DIALOG_INNER_BACKCOLOR>0x7E5CAFCF</DIALOG_INNER_BACKCOLOR>
						<DIALOG_TEXTCOLOR>0xFFFFFFFF</DIALOG_TEXTCOLOR>
						<DIALOG_DISABLEDTEXT>0xFFB3B3B4</DIALOG_DISABLEDTEXT>
						<OPTION_TEXTCOLOR>0xFFFFFFFF</OPTION_TEXTCOLOR>
						<OPTION_ACTIVETEXTCOLOR>0xFF47EAEA</OPTION_ACTIVETEXTCOLOR>
						<OPTION_ACTIVEBACKCOLOR>0xFF7EA2AD</OPTION_ACTIVEBACKCOLOR>
						<BUTTON_BORDERCOLOR>0xFF999999</BUTTON_BORDERCOLOR>
						<BUTTON_TEXTCOLOR>0xFFFFFFFF</BUTTON_TEXTCOLOR>
						<BUTTON_BACKCOLOR>0xB05CAFCF</BUTTON_BACKCOLOR>
						<BUTTON_ACTIVETEXTCOLOR>0xFFFFFFFF</BUTTON_ACTIVETEXTCOLOR>
						<BUTTON_ACTIVEBACKCOLOR>0x84003399</BUTTON_ACTIVEBACKCOLOR>
						<KB_KEYBG_HIGHLIGHT>0x640000FF</KB_KEYBG_HIGHLIGHT>
						<KB_KEYBG_DISABLED>0x78C0C0C0</KB_KEYBG_DISABLED>
						<KB_KEY_PRESSED>0xFFC0C0C0</KB_KEY_PRESSED>
						<KB_KEY_NORMAL>0xFF000000</KB_KEY_NORMAL>
						<KB_KEY_DISABLED>0xFFFFFFFF</KB_KEY_DISABLED>
						<KB_KEY_ACTIVEBORDER>0x00FF0000</KB_KEY_ACTIVEBORDER>
						<KB_KEY_TEXTCOLOR>0xFF000000</KB_KEY_TEXTCOLOR>
						<KB_KEY_TEXTBACKCOLOR>0x809BDBDA</KB_KEY_TEXTBACKCOLOR>
						<KB_KEY_TEXTBORDERCOLOR>0x78000000</KB_KEY_TEXTBORDERCOLOR>
						<MENU_TEXTCOLOR>0xFF969696</MENU_TEXTCOLOR>
						<MENU_ACTIVETEXTCOLOR>0xFF97CFD2</MENU_ACTIVETEXTCOLOR>
				</ColorScheme>
		</Main>
</Skin>