<screen>
	<!-- Background -->
	<item>
		<type>image</type>
		<posX>0</posX>
		<posY>90</posY>
		<width>640</width>
		<height>390</height>
		<texture>background_Bottom</texture>
	</item>
	<item>
		<type>image</type>
		<posX>0</posX>
		<posY>0</posY>
		<width>640</width>
		<height>90</height>
		<texture>background_Top</texture>
	</item>
	<item>
		<type>image</type>
		<posX>135</posX>
		<posY>165</posY>
		<width>390</width>
		<height>160</height>
		<texture>Dialog_Back</texture>
	</item>
	<item>
		<type>image</type>
		<posX>160</posX>
		<posY>215</posY>
		<width>50</width>
		<height>50</height>
		<texture>Error</texture>
	</item>
	<item>
		<type>text</type>
		<posX>160</posX>
		<posY>180</posY>
		<color>DDced8da</color>
		<text>Error...</text>
		<font>Sans_Serif_14</font>
	</item>
	<item>
		<type>image</type>
		<posX>280</posX>
		<posY>280</posY>
		<width>30</width>
		<height>25</height>
		<texture>A_Button</texture>
	</item>
	<item>
		<type>text</type>
		<posX>320</posX>
		<posY>280</posY>
		<color>DDced8da</color>
		<text>Proceed</text>
		<font>font1</font>
	</item>
	<!-- No dvd2xbox.xml File -->
	<item>
		<type>text</type>
		<showID>100</showID>
		<posX>230</posX>
		<posY>200</posY>
		<widthpx>310</widthpx>
		<color>FFFFFFFF</color>
		<text>Couldn't find dvd2xbox.xml.\\nPlease copy it in your dvd2xbox\\ndirectory and reboot.</text>
		<font>font1</font>
	</item>
	<!-- DVD Auth Problems -->
	<item>
		<type>text</type>
		<showID>200</showID>
		<posX>230</posX>
		<posY>215</posY>
		<widthpx>310</widthpx>
		<color>FFFFFFFF</color>
		<text>Can't authenticate DVD.\\nOpen - Close tray then try again.</text>
		<font>font1</font>
	</item>
	<!-- FTP Errors -->
	<item>
		<type>text</type>
		<showID>620</showID>
		<posX>230</posX>
		<posY>215</posY>
		<widthpx>310</widthpx>
		<color>FFFFFFFF</color>
		<text>Only hdd <-> FTP transfer\\nis supported.</text>
			<font>font1</font>
		</item>
		<item>
			<type>text</type>
			<showID>630</showID>
			<posX>230</posX>
			<posY>215</posY>
			<widthpx>310</widthpx>
			<color>FFFFFFFF</color>
			<text>Couldn't connect to destination host.</text>
			<font>font1</font>
		</item>
		<item>
			<type>text</type>
			<showID>640</showID>
			<posX>230</posX>
			<posY>215</posY>
			<widthpx>310</widthpx>
			<color>FFFFFFFF</color>
			<text>Incorrect username or password.</text>
			<font>font1</font>
		</item>
		<!-- SMB Error -->
		<item>
			<type>text</type>
			<showID>700</showID>
			<posX>230</posX>
			<posY>215</posY>
			<widthpx>310</widthpx>
			<color>FFFFFFFF</color>
			<text>This Disk type not supported\\nby SAMBA copy.</text>
			<font>font1</font>
		</item>
	</screen>