<screen>
	<item>
		<type>image</type>
		<posX>190</posX>
		<posY>80</posY>
		<width>452</width>
		<height>310</height>
		<texture>Main_Back</texture>
	</item>
	<item>
		<type>dvdxbeicon</type>
		<posX>190</posX>
		<posY>80</posY>
		<width>452</width>
		<height>310</height>
	</item>
	<item>
		<type>image</type>
		<posX>0</posX>
		<posY>0</posY>
		<width>640</width>
		<height>480</height>
		<texture>Main_Overlay</texture>
	</item>
	<item>
		<type>image</type>
		<showID>1</showID>
		<relX>-30</relX>
		<relY>9</relY>
		<width>20</width>
		<height>16</height>
		<texture>Menu_Selected_Main</texture>
	</item>
	<item>
		<type>menu</type>
		<posX>80</posX>
		<posY>170</posY>
		<width>100</width>
		<vspace>31</vspace>
		<label>Copy DVD/CD to Harddisk</label>
		<label>Game Manager</label>
		<label>Copy DVD/CD to Samba share</label>
		<label>Filemanager</label>
		<label>Settings</label>
		<label>Exit to Dashboard</label>
		<color>FFBBBBBB</color>
		<highlight>FFB6FF00</highlight>
		<font>font1</font>
	</item>
	<item>
		<type>text</type>
		<posX>80</posX>
		<posY>389</posY>
		<color>FFFFFFFF</color>
		<text>${statusline}</text>
		<font>font1</font>
	</item>
	<item>
		<type>text</type>
		<align>right</align>
		<widthpx>200</widthpx>
		<posX>360</posX>
		<posY>66</posY>
		<color>FFFFFFFF</color>
		<text>Version ${version}</text>
		<font>font12</font>
	</item>
	<!--	<item>
		<type>text</type>
		<posX>80</posX>
		<posY>425</posY>
		<color>FFd3d2d2</color>
		<text>IP: ${localip}</text>
		<font>font12</font>
	</item>
	<item>
		<type>text</type>
		<align>right</align>
		<widthpx>200</widthpx>
		<posX>360</posX>
		<posY>425</posY>
		<color>FFd3d2d2</color>
		<text>Free Memory: ${freememory}</text>
		<font>font12</font>
	</item>
-->
	<item>
		<type>text</type>
		<align>right</align>
		<widthpx>200</widthpx>
		<posX>360</posX>
		<posY>425</posY>
		<color>FFd3d2d2</color>
		<text>IP: ${localip}</text>
		<font>font12</font>
	</item>
	<!-- Main Menu Options Window -->
	<item>
		<type>image</type>
		<showID>10</showID>
		<posX>235</posX>
		<posY>150</posY>
		<width>200</width>
		<height>155</height>
		<texture>Menu_Back</texture>
	</item>
	<item>
		<type>defaultmenuback</type>
		<showID>10</showID>
		<relX>-5</relX>
		<relY>-6</relY>
		<width>170</width>
		<height>30</height>
		<texture>Menu_Entry</texture>
	</item>
	<item>
		<type>image</type>
		<showID>10</showID>
		<relX>-5</relX>
		<relY>-6</relY>
		<width>170</width>
		<height>30</height>
		<texture>Menu_Selected</texture>
	</item>
	<item>
		<type>menu</type>
		<showID>10</showID>
		<align>center</align>
		<vspace>32</vspace>
		<posX>260</posX>
		<posY>170</posY>
		<widthpx>160</widthpx>
		<lines>6</lines>
		<color>FFFFFFFF</color>
		<highlight>FFFFFFFF</highlight>
		<font>Arial_10</font>
	</item>
	<!-- Info dialog filemanager disabled -->
	<item>
		<type>image</type>
		<showID>330</showID>
		<posX>155</posX>
		<posY>165</posY>
		<width>350</width>
		<height>160</height>
		<texture>Dialog_Back</texture>
	</item>
	<item>
		<type>image</type>
		<showID>330</showID>
		<posX>180</posX>
		<posY>215</posY>
		<width>50</width>
		<height>50</height>
		<texture>Warning</texture>
	</item>
	<item>
		<type>text</type>
		<showID>330</showID>
		<posX>180</posX>
		<posY>180</posY>
		<color>DDced8da</color>
		<text>Info...</text>
		<font>Sans_Serif_14</font>
	</item>
	<item>
		<type>text</type>
		<showID>330</showID>
		<posX>250</posX>
		<posY>215</posY>
		<widthpx>310</widthpx>
		<color>FFFFFFFF</color>
		<text>Filemanager disabled\\nin dvd2xbox.xml </text>
		<font>font1</font>
	</item>
	<item>
		<type>image</type>
		<showID>330</showID>
		<posX>280</posX>
		<posY>280</posY>
		<width>30</width>
		<height>25</height>
		<texture>A_Button</texture>
	</item>
	<item>
		<type>text</type>
		<showID>330</showID>
		<posX>320</posX>
		<posY>280</posY>
		<color>DDced8da</color>
		<text>Proceed</text>
		<font>font1</font>
	</item>
</screen>