<textures>
	<texture>
		<name>Main_Overlay</name>
		<colorkey>00000000</colorkey>
		<filename>Main_Overlay.png</filename>
	</texture>
	<texture>
		<name>Main_Back</name>
		<colorkey>00000000</colorkey>
		<filename>Main_Back.png</filename>
	</texture>
	<texture>
		<name>Menu_Selected_Main</name>
		<colorkey>FF000000</colorkey>
		<filename>Menu_Selected_Main.png</filename>
	</texture>
	<texture>
		<name>background_Bottom</name>
		<colorkey>00000000</colorkey>
		<filename>background_Bottom.png</filename>
	</texture>
	<texture>
		<name>background_Top</name>
		<colorkey>00000000</colorkey>
		<filename>background_Top.png</filename>
	</texture>
	<texture>
		<name>background_Top2</name>
		<colorkey>00000000</colorkey>
		<filename>background_Top2.png</filename>
	</texture>
	<texture>
		<name>FileManager</name>
		<colorkey>00000000</colorkey>
		<filename>FileManager.png</filename>
	</texture>
	<texture>
		<name>settings</name>
		<colorkey>00000000</colorkey>
		<filename>Settings.png</filename>
	</texture>
	<texture>
		<name>Logo</name>
		<colorkey>00000000</colorkey>
		<filename>logo.png</filename>
	</texture>
	<texture>
		<name>LogoSMB</name>
		<colorkey>00000000</colorkey>
		<filename>logoSMB.png</filename>
	</texture>
	<texture>
		<name>Progress_Over</name>
		<colorkey>00000000</colorkey>
		<filename>Progress_Over.png</filename>
	</texture>
	<texture>
		<name>A_Button</name>
		<colorkey>00000000</colorkey>
		<filename>A_Button.png</filename>
	</texture>
	<texture>
		<name>X_Button</name>
		<colorkey>00000000</colorkey>
		<filename>X_Button.png</filename>
	</texture>
	<texture>
		<name>Y_Button</name>
		<colorkey>00000000</colorkey>
		<filename>Y_Button.png</filename>
	</texture>
	<texture>
		<name>Start_Button</name>
		<colorkey>00000000</colorkey>
		<filename>Start_Button.png</filename>
	</texture>
	<texture>
		<name>Back_Button</name>
		<colorkey>00000000</colorkey>
		<filename>Back_Button.png</filename>
	</texture>
	<texture>
		<name>dvd2xbox_logo</name>
		<colorkey>00000000</colorkey>
		<filename>dvd2xbox_logo.png</filename>
	</texture>
	<texture>
		<name>Warning</name>
		<colorkey>00000000</colorkey>
		<filename>warning_icon.png</filename>
	</texture>
	<texture>
		<name>Error</name>
		<colorkey>00000000</colorkey>
		<filename>error_icon.png</filename>
	</texture>
	<texture>
		<name>DownArrow</name>
		<colorkey>00000000</colorkey>
		<filename>DownArrow.png</filename>
	</texture>
	<texture>
		<name>UpArrow</name>
		<colorkey>00000000</colorkey>
		<filename>UpArrow.png</filename>
	</texture>
	<texture>
		<name>Icon_Overlay</name>
		<colorkey>00000000</colorkey>
		<filename>Icon_Overlay.png</filename>
	</texture>
	<texture>
		<name>List-Focus</name>
		<colorkey>00000000</colorkey>
		<filename>List-Focus.png</filename>
	</texture>
	<!--  new stuff below -->
	<texture>
		<name>Menu_Back</name>
		<colorkey>00000000</colorkey>
		<filename>Menu_Back.png</filename>
	</texture>
	<texture>
		<name>Menu_Entry</name>
		<colorkey>00000000</colorkey>
		<filename>Menu_Entry.png</filename>
	</texture>
	<texture>
		<name>Menu_Selected</name>
		<colorkey>00000000</colorkey>
		<filename>Menu_Selected.png</filename>
	</texture>
	<texture>
		<name>Dialog_Back</name>
		<colorkey>00000000</colorkey>
		<filename>Dialog_Back.png</filename>
	</texture>
</textures>