<window id="106">
		<defaultcontrol always="true">1000</defaultcontrol>
		<include>dialogeffect</include>
		<controls>
				<control type="group">
						<control type="image" id="997">
								<description>background top image</description>
								<left>0</left>
								<top>-50</top>
								<width>250</width>
								<height>50</height>
								<colordiffuse>menu_back_image</colordiffuse>
								<texture border="40,0,40,0">contextmenu_top.png</texture>
						</control>
						<control type="image" id="999">
								<description>background image</description>
								<left>0</left>
								<top>0</top>
								<width>250</width>
								<colordiffuse>menu_back_image</colordiffuse>
								<texture border="40,0,40,0">contextmenu_middle.png</texture>
						</control>
						<control type="image" id="998">
								<description>background bottom image</description>
								<left>0</left>
								<width>250</width>
								<height>50</height>
								<colordiffuse>menu_back_image</colordiffuse>
								<texture border="40,0,40,40">contextmenu_bottom.png</texture>
						</control>
				</control>
				<control type="button" id="1000">
						<description>button template</description>
						<left>5</left>
						<top>0</top>
						<width>220</width>
						<height>30</height>
						<font>size_23</font>
						<align>center</align>
						<aligny>center</aligny>
						<textcolor>menu_nofocus_label</textcolor>
						<focusedcolor>menu_focus_label</focusedcolor>
						<colordiffuse>menu_back_image</colordiffuse>
						<shadowcolor>-</shadowcolor>
						<textoffsetx>-</textoffsetx>
						<texturefocus>button-focus4.png</texturefocus>
						<texturenofocus>button-nofocus.png</texturenofocus>
				</control>
		</controls>
</window>