<window id="100">
		<defaultcontrol>10</defaultcontrol>
		<coordinates>
				<system>1</system>
				<posx>50</posx>
				<posy>100</posy>
		</coordinates>
		<include>dialogeffect</include>
		<controls>
				<control type="image">
						<description>background image</description>
						<posx>-50</posx>
						<posy>-100</posy>
						<width>720</width>
						<height>480</height>
						<texture>black-back.png</texture>
				</control>
				<control type="image">
						<description>background image</description>
						<posx>0</posx>
						<posy>0</posy>
						<width>620</width>
						<height>250</height>
						<colordiffuse>menu_back_image</colordiffuse>
						<texture border="20">menu_back.png</texture>
				</control>
				<control type="image">
						<description>background image</description>
						<posx>0</posx>
						<posy>65</posy>
						<width>620</width>
						<height>1</height>
						<texture>separator_menu.png</texture>
				</control>
				<control type="image">
						<description>background image</description>
						<posx>0</posx>
						<posy>180</posy>
						<width>620</width>
						<height>1</height>
						<texture>separator_menu.png</texture>
				</control>
				<control type="label" id="1">
						<description>heading label</description>
						<posx>0</posx>
						<posy>20</posy>
						<width>620</width>
						<height>35</height>
						<align>center</align>
						<aligny>center</aligny>
						<font>size_35</font>
						<label>13406</label>
						<textcolor>menu_header_label</textcolor>
				</control>
				<control type="label" id="2">
						<description>dialog line 1</description>
						<posx>10</posx>
						<posy>65</posy>
						<width>600</width>
						<height>50</height>
						<label>-</label>
						<font>size_23</font>
						<textcolor>menu_deselect_label</textcolor>
						<scroll>true</scroll>
						<align>center</align>
						<aligny>center</aligny>
				</control>
				<control type="label" id="3">
						<description>dialog line 2</description>
						<posx>10</posx>
						<posy>100</posy>
						<width>600</width>
						<height>50</height>
						<label>-</label>
						<font>size_23</font>
						<textcolor>menu_deselect_label</textcolor>
						<scroll>true</scroll>
						<align>center</align>
						<aligny>center</aligny>
				</control>
				<control type="label" id="4">
						<description>dialog line 3</description>
						<posx>10</posx>
						<posy>135</posy>
						<width>600</width>
						<height>50</height>
						<label>-</label>
						<font>size_23</font>
						<textcolor>menu_deselect_label</textcolor>
						<scroll>true</scroll>
			
						<align>center</align>
						<aligny>center</aligny>
				</control>
				<control type="button" id="11">
						<description>Yes button</description>
						<posx>190</posx>
						<posy>190</posy>
						<label>107</label>
						<include>MenuYesNoButtonCommonValues</include>
						<onleft>-</onleft>
						<onright>10</onright>
				</control>
				<control type="button" id="10">
						<description>No button</description>
						<posx>330</posx>
						<posy>190</posy>
						<label>106</label>
						<include>MenuYesNoButtonCommonValues</include>
						<onleft>11</onleft>
						<onright>-</onright>
				</control>
		</controls>
</window>