<window type="dialog" id="147">
		<defaultcontrol always="true">61</defaultcontrol>
		<controls>
				<control type="image">
						<posx>20</posx>
						<posy>20</posy>
						<width>680</width>
						<height>440</height>
						<aspectratio>stretch</aspectratio>
						<colordiffuse>menu_back_image</colordiffuse>
						<texture border="20,20,20,20">menu_back.png</texture>
				</control>
				<control type="image">
						<posx>40</posx>
						<posy>60</posy>
						<width>640</width>
						<height>1</height>
						<texture>separator_menu.png</texture>
				</control>
				<control type="label">
						<description>heading label used to bold and upper-case</description>
						<posx>40</posx>
						<posy>10</posy>
						<width>640</width>
						<height>60</height>
						<align>left</align>
						<aligny>center</aligny>
						<font>size_25</font>
						<label>File: $INFO[Control.GetLabel(1)]</label>
						<textcolor>menu_header_label</textcolor>
				</control>
				<control type="label" id="1">
						<description>heading label</description>
						<posx>40</posx>
						<posy>10</posy>
						<width>640</width>
						<height>50</height>
						<align>left</align>
						<aligny>center</aligny>
						<font>size_25</font>
						<textcolor>menu_deselect_label</textcolor>
						<visible>false</visible>
				</control>
				<control type="textbox" id="5">
						<description>textarea</description>
						<posx>40</posx>
						<posy>70</posy>
						<width>640</width>
						<height>370</height>
						<font>size_16</font>
						<align>left</align>
						<textcolor>menu_deselect_label</textcolor>
						<shadowcolor>-</shadowcolor>
						<pagecontrol>61</pagecontrol>
				</control>
				<!-- Scroll bar fails to work due to the scrolltime being set to 200 :-/ -->
				<control type="scrollbar" id="61">
						<posx>680</posx>
						<posy>70</posy>
						<width>10</width>
						<height>370</height>
						<texturesliderbackground border="2,2,2,2">scrollbar_bar_back2.png</texturesliderbackground>
						<texturesliderbar border="2,2,2,2">scrollbar_bar_focus-vertical.png</texturesliderbar>
						<texturesliderbarfocus border="2,2,2,2">scrollbar_bar_focus-vertical.png</texturesliderbarfocus>
						<textureslidernib>-</textureslidernib>
						<textureslidernibfocus>-</textureslidernibfocus>
						<onleft>-</onleft>
						<ondown>-</ondown>
						<showonepage>false</showonepage>
						<orientation>vertical</orientation>
						<visible allowhiddenfocus="true">Control.HasFocus(61)</visible>
						<animation reversible="false" effect="fade" start="100" end="20" time="100" condition="!Control.HasFocus(61)">Conditional</animation>
						<animation reversible="false" effect="fade" start="20" end="100" time="100">Focus</animation>
				</control>
		</controls>
</window>