<includes>
		<include name="Carousel_Background">
				<control type="image">
						<include>720x480</include>
						<aspectratio>stretch</aspectratio>
						<colordiffuse>background_system_art_colour</colordiffuse>
						<texture background="true">$INFO[Container(9000).ListItem(0).ActualIcon]</texture>
				</control>
		</include>
		<include name="Carousel_Background_Slide">
				<control type="group" id="8004">
						<visible>Container(9000).OnNext</visible>
						<animation effect="slide" reversible="false" start="0,0" end="-1280,0" delay="0" time="250">Hidden</animation>
						<control type="image">
								<include>720x480</include>
								<aspectratio>stretch</aspectratio>
								<colordiffuse>background_system_art_colour</colordiffuse>
								<texture background="true">$INFO[Container(9000).ListItem(-1).ActualIcon]</texture>
						</control>
						<control type="image">
								<left>1280</left>
								<include>720x480</include>
								<aspectratio>stretch</aspectratio>
								<colordiffuse>background_system_art_colour</colordiffuse>
								<texture background="true">$INFO[Container(9000).ListItem(0).ActualIcon]</texture>
						</control>
				</control>
				<control type="group" id="8005">
						<visible>Container(9000).OnPrevious</visible>
						<animation effect="slide" reversible="false" start="0,0" end="1280,0" delay="0" time="250">Hidden</animation>
						<control type="image">
								<left>-1280</left>
								<include>720x480</include>
								<aspectratio>stretch</aspectratio>
								<colordiffuse>background_system_art_colour</colordiffuse>
								<texture background="true">$INFO[Container(9000).ListItem(0).ActualIcon]</texture>
						</control>
						<control type="image">
								<include>720x480</include>
								<aspectratio>stretch</aspectratio>
								<colordiffuse>background_system_art_colour</colordiffuse>
								<texture background="true">$INFO[Container(9000).ListItem(1).ActualIcon]</texture>
						</control>
				</control>
				<control type="group">
						<visible>!Control.IsVisible(8004) + !Control.IsVisible(8005)</visible>
						<animation type="Hidden" reversible="false">
								<effect type="fade" start="100" end="0" time="0" delay="0" />
						</animation>
						<animation type="Visible" reversible="false">
								<effect type="fade" start="0" end="100" time="0" delay="0" />
						</animation>
						<control type="image">
								<include>720x480</include>
								<aspectratio>stretch</aspectratio>
								<colordiffuse>background_system_art_colour</colordiffuse>
								<texture background="true">$INFO[Container(9000).ListItem(0).ActualIcon]</texture>
						</control>
				</control>
		</include>
		<include name="Carousel_Background_Fade">
				<control type="group">
						<visible>!Container(9000).OnNext + !Container(9000).OnPrevious</visible>
						<animation type="Visible" reversible="false">
								<effect type="fade" start="0" end="100" time="300" delay="200" />
						</animation>
						<control type="image">
								<include>720x480</include>
								<aspectratio>stretch</aspectratio>
								<colordiffuse>background_system_art_colour</colordiffuse>
								<texture background="true">$INFO[Container(9000).ListItem(0).ActualIcon]</texture>
						</control>
				</control>
		</include>
		<include name="Carbon_Carousel_Background">
				<control type="image">
						<left>245</left>
						<top>-20</top>
						<width>230</width>
						<height>185</height>
						<aspectratio>keep</aspectratio>
						<colordiffuse>$VAR[var-carbon_custom_colours]</colordiffuse>
						<texture background="true">$INFO[Container(9000).ListItem(0).ActualIcon]</texture>
				</control>
		</include>
		<include name="Carbon_Carousel_Background_Slide">
				<control type="group" id="8004">
						<visible>Container(9000).OnNext</visible>
						<animation effect="slide" reversible="false" start="0,0" end="-814,0" delay="0" time="250">Hidden</animation>
						<control type="image">
								<left>245</left>
								<top>-20</top>
								<width>230</width>
								<height>185</height>
								<aspectratio>keep</aspectratio>
								<colordiffuse>$VAR[var-carbon_custom_colours]</colordiffuse>
								<texture background="true">$INFO[Container(9000).ListItem(-1).ActualIcon]</texture>
						</control>
						<control type="image">
								<left>1194</left>
								<top>-20</top>
								<width>230</width>
								<height>185</height>
								<colordiffuse>$VAR[var-carbon_custom_colours]</colordiffuse>
								<texture background="true">$INFO[Container(9000).ListItem(0).ActualIcon]</texture>
						</control>
				</control>
				<control type="group" id="8005">
						<visible>Container(9000).OnPrevious</visible>
						<animation effect="slide" reversible="false" start="0,0" end="814,0" delay="0" time="250">Hidden</animation>
						<control type="image">
								<left>-151</left>
								<top>-20</top>
								<width>230</width>
								<height>185</height>
								<aspectratio>keep</aspectratio>
								<colordiffuse>$VAR[var-carbon_custom_colours]</colordiffuse>
								<texture background="true">$INFO[Container(9000).ListItem(0).ActualIcon]</texture>
						</control>
						<control type="image">
								<left>245</left>
								<top>-20</top>
								<width>230</width>
								<height>185</height>
								<aspectratio>keep</aspectratio>
								<colordiffuse>$VAR[var-carbon_custom_colours]</colordiffuse>
								<texture background="true">$INFO[Container(9000).ListItem(1).ActualIcon]</texture>
						</control>
				</control>
				<control type="group">
						<visible>!Control.IsVisible(8004) + !Control.IsVisible(8005)</visible>
						<animation type="Hidden" reversible="false">
								<effect type="fade" start="100" end="0" time="0" delay="0" />
						</animation>
						<animation type="Visible" reversible="false">
								<effect type="fade" start="0" end="100" time="0" delay="0" />
						</animation>
						<control type="image">
								<left>245</left>
								<top>-20</top>
								<width>230</width>
								<height>185</height>
								<aspectratio>keep</aspectratio>
								<colordiffuse>$VAR[var-carbon_custom_colours]</colordiffuse>
								<texture background="true">$INFO[Container(9000).ListItem(0).ActualIcon]</texture>
						</control>
				</control>
		</include>
		<include name="Carbon_Carousel_Background_Fade">
				<control type="group">
						<visible>!Container(9000).OnNext + !Container(9000).OnPrevious</visible>
						<animation type="Visible" reversible="false">
								<effect type="fade" start="0" end="100" time="300" delay="200" />
						</animation>
						<control type="image">
								<left>245</left>
								<top>-20</top>
								<width>230</width>
								<height>185</height>
								<aspectratio>keep</aspectratio>
								<colordiffuse>$VAR[var-carbon_custom_colours]</colordiffuse>
								<texture background="true">$INFO[Container(9000).ListItem(0).ActualIcon]</texture>
						</control>
				</control>
		</include>
		<include name="Carousel_Background_Icon">
				<control type="image">
						<left>466</left>
						<top>47</top>
						<width>347</width>
						<height>195</height>
						<aspectratio>keep</aspectratio>
						<colordiffuse>background_system_art_colour</colordiffuse>
						<texture background="true">$INFO[Container(9000).ListItem(0).ActualIcon]</texture>
				</control>
		</include>
		<include name="Carousel_Background_Slide_Icon">
				<control type="group" id="8004">
						<visible>Container(9000).OnNext</visible>
						<animation effect="slide" reversible="false" start="0,0" end="-814,0" delay="0" time="250">Hidden</animation>
						<control type="image">
								<left>400</left>
								<top>400</top>
								<width>347</width>
								<height>195</height>
								<aspectratio>keep</aspectratio>
								<colordiffuse>background_system_art_colour</colordiffuse>
								<texture background="true">$INFO[Container(9000).ListItem(-1).ActualIcon]</texture>
						</control>
						<control type="image">
								<left>400</left>
								<top>400</top>
								<width>347</width>
								<height>195</height>
								<aspectratio>keep</aspectratio>
								<colordiffuse>background_system_art_colour</colordiffuse>
								<texture background="true">$INFO[Container(9000).ListItem(0).ActualIcon]</texture>
						</control>
				</control>
				<control type="group" id="8005">
						<visible>Container(9000).OnPrevious</visible>
						<animation effect="slide" reversible="false" start="0,0" end="814,0" delay="0" time="250">Hidden</animation>
						<control type="image">
								<left>-400</left>
								<top>400</top>
								<width>400</width>
								<height>195</height>
								<aspectratio>keep</aspectratio>
								<colordiffuse>background_system_art_colour</colordiffuse>
								<texture background="true">$INFO[Container(9000).ListItem(0).ActualIcon]</texture>
						</control>
						<control type="image">
								<left>466</left>
								<top>47</top>
								<width>347</width>
								<height>195</height>
								<aspectratio>keep</aspectratio>
								<colordiffuse>background_system_art_colour</colordiffuse>
								<texture background="true">$INFO[Container(9000).ListItem(1).ActualIcon]</texture>
						</control>
				</control>
				<control type="group">
						<visible>!Control.IsVisible(8004) + !Control.IsVisible(8005)</visible>
						<animation type="Hidden" reversible="false">
								<effect type="fade" start="100" end="0" time="0" delay="0" />
						</animation>
						<animation type="Visible" reversible="false">
								<effect type="fade" start="0" end="100" time="0" delay="0" />
						</animation>
						<control type="image">
								<left>466</left>
								<top>47</top>
								<width>347</width>
								<height>195</height>
								<aspectratio>keep</aspectratio>
								<colordiffuse>background_system_art_colour</colordiffuse>
								<texture background="true">$INFO[Container(9000).ListItem(0).ActualIcon]</texture>
						</control>
				</control>
		</include>
		<include name="Carousel_Background_Fade_Icon">
				<control type="group">
						<visible>!Container(9000).OnNext + !Container(9000).OnPrevious</visible>
						<animation type="Visible" reversible="false">
								<effect type="fade" start="0" end="100" time="300" delay="200" />
						</animation>
						<control type="image">
								<left>466</left>
								<top>47</top>
								<width>347</width>
								<height>195</height>
								<aspectratio>keep</aspectratio>
								<colordiffuse>background_system_art_colour</colordiffuse>
								<texture background="true">$INFO[Container(9000).ListItem(0).ActualIcon]</texture>
						</control>
				</control>
		</include>
		<include name="Carousel_Background_Diffuse">
				<control type="image">
						<include>720x480</include>
						<aspectratio>stretch</aspectratio>
						<colordiffuse>background_system_art_colour</colordiffuse>
						<texture background="true" diffuse="layouts/art/background_diffuse.png">$INFO[Container(9000).ListItem(0).ActualIcon]</texture>
				</control>
		</include>
		<include name="Carousel_Background_Diffuse_Slide">
				<control type="group" id="8004">
						<visible>Container(9000).OnNext</visible>
						<animation effect="slide" reversible="false" start="0,0" end="-1280,0" delay="0" time="250">Hidden</animation>
						<control type="image">
								<include>720x480</include>
								<aspectratio>stretch</aspectratio>
								<colordiffuse>background_system_art_colour</colordiffuse>
								<texture background="true" diffuse="layouts/art/background_diffuse.png">$INFO[Container(9000).ListItem(-1).ActualIcon]</texture>
						</control>
						<control type="image">
								<left>1280</left>
								<include>720x480</include>
								<aspectratio>stretch</aspectratio>
								<colordiffuse>background_system_art_colour</colordiffuse>
								<texture background="true" diffuse="layouts/art/background_diffuse.png">$INFO[Container(9000).ListItem(0).ActualIcon]</texture>
						</control>
				</control>
				<control type="group" id="8005">
						<visible>Container(9000).OnPrevious</visible>
						<animation effect="slide" reversible="false" start="0,0" end="1280,0" delay="0" time="250">Hidden</animation>
						<control type="image">
								<left>-1280</left>
								<include>720x480</include>
								<aspectratio>stretch</aspectratio>
								<colordiffuse>background_system_art_colour</colordiffuse>
								<texture background="true" diffuse="layouts/art/background_diffuse.png">$INFO[Container(9000).ListItem(0).ActualIcon]</texture>
						</control>
						<control type="image">
								<include>720x480</include>
								<aspectratio>stretch</aspectratio>
								<colordiffuse>background_system_art_colour</colordiffuse>
								<texture background="true" diffuse="layouts/art/background_diffuse.png">$INFO[Container(9000).ListItem(1).ActualIcon]</texture>
						</control>
				</control>
				<control type="group">
						<visible>!Control.IsVisible(8004) + !Control.IsVisible(8005)</visible>
						<animation type="Hidden" reversible="false">
								<effect type="fade" start="100" end="0" time="0" delay="0" />
						</animation>
						<animation type="Visible" reversible="false">
								<effect type="fade" start="0" end="100" time="0" delay="0" />
						</animation>
						<control type="image">
								<include>720x480</include>
								<aspectratio>stretch</aspectratio>
								<colordiffuse>background_system_art_colour</colordiffuse>
								<texture background="true" diffuse="layouts/art/background_diffuse.png">$INFO[Container(9000).ListItem(0).ActualIcon]</texture>
						</control>
				</control>
		</include>
		<include name="Carousel_Background_Diffuse_Fade">
				<control type="group">
						<visible>!Container(9000).OnNext + !Container(9000).OnPrevious</visible>
						<animation type="Visible" reversible="false">
								<effect type="fade" start="0" end="100" time="300" delay="200" />
						</animation>
						<control type="image">
								<include>720x480</include>
								<aspectratio>stretch</aspectratio>
								<colordiffuse>background_system_art_colour</colordiffuse>
								<texture background="true" diffuse="layouts/art/background_diffuse.png">$INFO[Container(9000).ListItem(0).ActualIcon]</texture>
						</control>
				</control>
		</include>
</includes>