<window type="dialog" id="1120">
		<defaultcontrol always="true">9000</defaultcontrol>
		<controls>
				<control type="group" id="jump section">
						<top>-25</top>
						<left>10</left>
						<animation effect="slide" reversable="true" start="0,0" end="0,-25" time="0" condition="Skin.HasSetting(synopsislayout) + !Skin.HasSetting(KioskMode)">conditional</animation>
						<!-- Normal -->
						<control type="group">
								<visible>!Skin.HasSetting(KioskMode) + [!Skin.HasSetting(synopsislayout) | !Skin.HasSetting(videolayout)]</visible>
								<control type="image">
										<description>background image</description>
										<left>-15</left>
										<top>0</top>
										<width>710</width>
										<height>555</height>
										<texture>menu_back_shadow.png</texture>
								</control>
								<control type="image">
										<description>background image</description>
										<left>120</left>
										<top>100</top>
										<width>440</width>
										<height>355</height>
										<colordiffuse>menu_back_image</colordiffuse>
										<texture border="20,20,20,20">menu_back.png</texture>
								</control>
						</control>
						<!-- kiosk mode -->
						<control type="group">
								<visible>Skin.HasSetting(KioskMode) + [!Skin.HasSetting(synopsislayout) | !Skin.HasSetting(videolayout)]</visible>
								<control type="image">
										<description>background image</description>
										<left>-15</left>
										<top>50</top>
										<width>710</width>
										<height>305</height>
										<texture>menu_back_shadow.png</texture>
								</control>--&gt;
				<control type="image"><description>background image</description><left>120</left><top>100</top><width>440</width><height>205</height><colordiffuse>menu_back_image</colordiffuse><texture border="20,20,20,20">menu_back.png</texture></control></control>
						<control type="label">
								<description>heading label</description>
								<left>120</left>
								<top>130</top>
								<width>440</width>
								<height>50</height>
								<align>center</align>
								<aligny>center</aligny>
								<font>size_50</font>
								<label>[UPPERCASE]$LOCALIZE[30911][/UPPERCASE]</label>
								<textcolor>menu_header_label</textcolor>
						</control>
						<control type="grouplist" id="9000">
								<left>120</left>
								<top>201</top>
								<width>440</width>
								<height>50</height>
								<onleft>9000</onleft>
								<onright>9000</onright>
								<onup>9004</onup>
								<ondown>9001</ondown>
								<itemgap>-1</itemgap>
								<scrolltime>0</scrolltime>
								<orientation>horizontal</orientation>
								<!-- jumpcode -->
						</control>
						<control type="grouplist" id="9001">
								<left>120</left>
								<top>250</top>
								<width>440</width>
								<height>200</height>
								<onleft>-</onleft>
								<onright>-</onright>
								<onup>9000</onup>
								<ondown>9002</ondown>
								<itemgap>-1</itemgap>
								<scrolltime>0</scrolltime>
								<orientation>vertical</orientation>
								<control type="button" id="8050">
										<label>[UPPERCASE]$LOCALIZE[31400][/UPPERCASE]</label>
										<include>MenuButtonCommonValues</include>
										<onclick>Dialog.Close(1120)</onclick>
										<onclick>SetFocus(9200)</onclick>
										<onclick>RunScript(special://emustation_scripts/generate_favourites.py)</onclick>
										<visible>!Skin.HasSetting(KioskMode)</visible>
								</control>
						</control>
						<control type="grouplist" id="9002">
								<left>120</left>
								<top>299</top>
								<width>440</width>
								<height>200</height>
								<onleft>9002</onleft>
								<onright>9002</onright>
								<onup>9001</onup>
								<ondown>9003</ondown>
								<itemgap>-1</itemgap>
								<scrolltime>0</scrolltime>
								<orientation>horizontal</orientation>
								<visible>!Skin.HasSetting(KioskMode)</visible>
								<control type="button" id="8040">
										<label>[UPPERCASE]$LOCALIZE[31402][/UPPERCASE]</label>
										<label2>&lt; [UPPERCASE]2d[/UPPERCASE] &gt;</label2>
										<include>MenuButtonCommonValues</include>
										<onfocus>Skin.SetString(' + MenuLabel + '_artworkfolder,boxart)</onfocus>
										<visible allowhiddenfocus="true">StringCompare(Skin.String(' + MenuLabel + '_artworkfolder),boxart)</visible>
								</control>
								<visible>!StringCompare(Skin.String(emuname),xbox) | !StringCompare(Skin.String(emuname),ports)</visible>
								<control type="button" id="8041">
										<label>[UPPERCASE]$LOCALIZE[31402][/UPPERCASE]</label>
										<label2>&lt; [UPPERCASE]3d[/UPPERCASE] &gt;</label2>
										<include>MenuButtonCommonValues</include>
										<onfocus>Skin.SetString(' + MenuLabel + '_artworkfolder,boxart3d)</onfocus>
										<visible allowhiddenfocus="true">StringCompare(Skin.String(' + MenuLabel + '_artworkfolder),boxart3d)</visible>
								</control>
								<control type="button" id="8042">
										<label>[UPPERCASE]$LOCALIZE[31402][/UPPERCASE]</label>
										<label2>&lt; [UPPERCASE]logos[/UPPERCASE] &gt;</label2>
										<include>MenuButtonCommonValues</include>
										<onfocus>Skin.SetString(' + MenuLabel + '_artworkfolder,logo)</onfocus>
										<visible allowhiddenfocus="true">StringCompare(Skin.String(' + MenuLabel + '_artworkfolder),logo)</visible>
								</control>
								<control type="button" id="8043">
										<label>[UPPERCASE]$LOCALIZE[31402][/UPPERCASE]</label>
										<label2>&lt; [UPPERCASE]mix[/UPPERCASE] &gt;</label2>
										<include>MenuButtonCommonValues</include>
										<onfocus>Skin.SetString(' + MenuLabel + '_artworkfolder,mix)</onfocus>
										<visible allowhiddenfocus="true">StringCompare(Skin.String(' + MenuLabel + '_artworkfolder),mix)</visible>
								</control>
								<control type="button" id="8044">
										<label>[UPPERCASE]$LOCALIZE[31402][/UPPERCASE]</label>
										<label2>&lt; [UPPERCASE]screenshots[/UPPERCASE] &gt;</label2>
										<include>MenuButtonCommonValues</include>
										<onfocus>Skin.SetString(' + MenuLabel + '_artworkfolder,screenshots)</onfocus>
										<visible allowhiddenfocus="true">StringCompare(Skin.String(' + MenuLabel + '_artworkfolder),screenshots)</visible>
								</control>
						</control>
						<control type="grouplist" id="9003">
								<left>120</left>
								<top>348</top>
								<width>440</width>
								<height>200</height>
								<onleft>-</onleft>
								<onright>-</onright>
								<onup>9002</onup>
								<ondown>9004</ondown>
								<itemgap>-1</itemgap>
								<scrolltime>0</scrolltime>
								<orientation>vertical</orientation>
								<visible>!Skin.HasSetting(KioskMode) + [Skin.HasSetting(synopsislayout) | Skin.HasSetting(videolayout)]</visible>
								<control type="radiobutton" id="8060">
										<label>[UPPERCASE]$LOCALIZE[31403][/UPPERCASE]</label>
										<include>MenuButtonCommonAltValues</include>
										<onclick>Skin.ToggleSetting(' + MenuLabel + 'fanart)</onclick>
										<selected>Skin.HasSetting(' + MenuLabel + 'fanart)</selected>
								</control>
						</control>
						<control type="grouplist" id="9004">
								<left>120</left>
								<top>348</top>
								<width>640</width>
								<height>200</height>
								<onleft>-</onleft>
								<onright>-</onright>
								<onup>9003</onup>
								<ondown>9000</ondown>
								<itemgap>-1</itemgap>
								<scrolltime>0</scrolltime>
								<orientation>vertical</orientation>
								<animation effect="slide" reversable="true" start="0,0" end="0,49" time="0" condition="Skin.HasSetting(synopsislayout) | Skin.HasSetting(videolayout)">conditional</animation>
								<visible>!Skin.HasSetting(KioskMode) + [StringCompare(Skin.String(emuname),xbox) | StringCompare(Skin.String(emuname),homebrew)] | StringCompare(Skin.String(emuname),ports)]</visible>
								<control type="button" id="8070">
										<label>[UPPERCASE]$LOCALIZE[31404][/UPPERCASE]</label>
										<include>MenuButtonCommonValues</include>
										<onclick>Skin.SetBool(editmode)</onclick>
										<onclick>Dialog.Close(1120)</onclick>
										<onclick>RunScript(special://emustation_scripts/menu_loader.py,$INFO[Skin.String(emuname)],editmode)</onclick>
								</control>
						</control>
				</control>
		</controls>
</window>