<window id="121">
		<defaultcontrol>2</defaultcontrol>
		<include>dialogeffect</include>
		<controls>
				<control type="image">
						<description>background image</description>
						<posx>0</posx>
						<posy>0</posy>
						<width>720</width>
						<height>480</height>
						<colordiffuse>E0000000</colordiffuse>
						<texture>background diffuse.png</texture>
				</control>
				<control type="group">
						<posy>0</posy>
						<posx>-50</posx>
						<control type="image">
								<description>background image</description>
								<posx>150</posx>
								<posy>50</posy>
								<width>530</width>
								<height>400</height>
								<colordiffuse>menu_back_image</colordiffuse>
								<texture border="20,20,20,20">menu_back.png</texture>
						</control>
						<control type="label" id="2">
								<description>heading label</description>
								<posx>150</posx>
								<posy>60</posy>
								<width>530</width>
								<height>50</height>
								<align>center</align>
								<aligny>center</aligny>
								<font>size_50</font>
								<textcolor>menu_header_label</textcolor>
						</control>
						<control type="grouplist" id="5">
								<description>control area</description>
								<posx>150</posx>
								<posy>120</posy>
								<width>531</width>
								<height>295</height>
								<onleft>9000</onleft>
								<onright>9000</onright>
								<onup>9000</onup>
								<ondown>9000</ondown>
								<itemgap>-1</itemgap>
						</control>
						<control type="button" id="7">
								<description>Default Button</description>
								<posx>0</posx>
								<posy>0</posy>
								<include>MenuButtonCommonValues</include>
						</control>
						<control type="radiobutton" id="8">
								<description>Default RadioButton</description>
								<posx>0</posx>
								<posy>0</posy>
								<include>MenuButtonCommonValues</include>
						</control>
						<control type="spincontrolex" id="9">
								<description>Default spincontrolex</description>
								<posx>0</posx>
								<posy>0</posy>
								<include>MenuButtonCommonValues</include>
								<reverse>yes</reverse>
						</control>
						<control type="image">
								<posx>135r</posx>
								<posy>100</posy>
								<width>22</width>
								<height>22</height>
								<texture>scroll-up.png</texture>
								<colordiffuse>menu_header_label</colordiffuse>
								<animation type="Conditional" condition="System.IdleTime(1)" loop="true" reversable="false">
										<effect type="slide" start="0,0" end="0,-12" time="1000" tween="cubic" easing="inout" delay="3000" />
										<effect type="slide" start="0,0" end="0,12" time="1000" tween="cubic" easing="inout" delay="3500" />
								</animation>
						</control>
						<control type="image">
								<posx>135r</posx>
								<posy>60r</posy>
								<width>22</width>
								<height>22</height>
								<texture>scroll-down.png</texture>
								<colordiffuse>menu_header_label</colordiffuse>
								<animation type="Conditional" condition="System.IdleTime(1)" loop="true" reversable="false">
										<effect type="slide" start="0,0" end="0,12" time="1000" tween="cubic" easing="inout" delay="3000" />
										<effect type="slide" start="0,0" end="0,-12" time="1000" tween="cubic" easing="inout" delay="3500" />
								</animation>
						</control>
				</control>
		</controls>
</window>