<!-- View_Options.xml -->
<include name="Panel.Values">
	<left>460</left>
	<top>40</top>
	<width>620</width>
	<height>320</height>
	<onleft>9000</onleft>
	<onright>9000</onright>
	<onup>9001</onup>
	<ondown>9001</ondown>
	<onback>50</onback>
	<itemlayout height="80" width="147">
		<control type="image">
			<left>5</left>
			<top>5</top>
			<width>137</width>
			<height>71</height>
			<texture>$INFO[listitem.actualicon]</texture>
			<bordertexture colordiffuse="colour.dialog.diffuse.button.nofocus">windows/generic/header.png</bordertexture>
			<bordersize>3</bordersize>
			<aspectratio>stretch</aspectratio>
		</control>
	</itemlayout>
	<focusedlayout height="80" width="147">
		<control type="image">
			<left>5</left>
			<top>5</top>
			<width>137</width>
			<height>71</height>
			<texture>$INFO[listitem.actualicon]</texture>
			<aspectratio>stretch</aspectratio>
		</control>
		<control type="image">
			<left>2.5</left>
			<top>2.5</top>
			<width>142</width>
			<height>76</height>
			<texture border="5,5,5,5">windows\generic\button_focus_alt.png</texture>
			<aspectratio>stretch</aspectratio>
		</control>
	</focusedlayout>
</include>
<include name="Panel.Views.Values">
	<left>461.4</left>
	<top>40</top>
	<width>585</width>
	<height>40</height>
	<onleft>9000</onleft>
	<onright>9000</onright>
	<onup>9001</onup>
	<ondown>9002</ondown>
	<onback>50</onback>
	<animation effect="slide" start="0,0" end="96.3,0" time="0" condition="![Skin.HasSetting(CustomViewtype_id_80) | Skin.HasSetting(CustomViewtype_id_81) | Skin.HasSetting(CustomViewtype_id_82) | Skin.HasSetting(CustomViewtype_id_83) | Skin.HasSetting(CustomViewtype_id_84) | Skin.HasSetting(CustomViewtype_id_85) | Skin.HasSetting(CustomViewtype_id_86) | Skin.HasSetting(CustomViewtype_id_87) | Skin.HasSetting(CustomViewtype_id_88) | Skin.HasSetting(CustomViewtype_id_89)]">Conditional</animation>
	<animation effect="slide" start="0,0" end="96.3,0" time="0" condition="Skin.HasSetting(_resourcesenabled) + Skin.HasSetting(View71_Disabled) + Skin.HasSetting(View57_Disabled) + Skin.HasSetting(View75_Disabled) + Skin.HasSetting(View56_Disabled) + Skin.HasSetting(View54_Disabled) + Skin.HasSetting(View61_Disabled) + Skin.HasSetting(View72_Disabled) + Skin.HasSetting(View74_Disabled) + Skin.HasSetting(View55_Disabled) + Skin.HasSetting(View69_Disabled)">Conditional</animation>
	<animation effect="slide" start="0,0" end="96.3,0" time="0" condition="!Skin.HasSetting(_resourcesenabled)">Conditional</animation>
	<itemlayout height="40" width="192.6">
		<control type="image">
			<left>5</left>
			<top>5</top>
			<width min="80" max="190">auto</width>
			<height>30</height>
			<texture border="5" colordiffuse="colour.dialog.diffuse.button.nofocus">windows\settings_categories\button_no_focus.png</texture>
			<aspectratio>stretch</aspectratio>
		</control>
		<control type="label">
			<left>5</left>
			<top>2.5</top>
			<width min="80" max="185">auto</width>
			<height>32</height>
			<font>size_19</font>
			<align>center</align>
			<aligny>center</aligny>
			<textcolor>colour.dialog.button.nofocus</textcolor>
			<label>[UPPERCASE]$INFO[ListItem.Label][/UPPERCASE]</label>
		</control>
	</itemlayout>
	<focusedlayout height="40" width="192.6">
		<control type="image">
			<left>5</left>
			<top>5</top>
			<width min="80" max="190">auto</width>
			<height>30</height>
			<texture border="5" colordiffuse="colour.dialog.diffuse.button.focus">windows\settings_categories\button_focus.png</texture>
			<aspectratio>stretch</aspectratio>
		</control>
		<control type="label">
			<left>5</left>
			<top>2.5</top>
			<width min="80" max="185">auto</width>
			<height>32</height>
			<font>size_19</font>
			<align>center</align>
			<aligny>center</aligny>
			<textcolor>colour.dialog.button.focus</textcolor>
			<label>[UPPERCASE]$INFO[ListItem.Label][/UPPERCASE]</label>
		</control>
		<control type="image">
			<left>2.5</left>
			<top>2.5</top>
			<width min="80" max="195">auto</width>
			<height>35</height>
			<texture border="5">windows\generic\button_focus_alt.png</texture>
			<aspectratio>stretch</aspectratio>
		</control>
	</focusedlayout>
</include>
<include name="Panel.Alt.Values">
	<left>460</left>
	<top>80</top>
	<width>620</width>
	<height>280</height>
	<onup>9001</onup>
	<ondown>-</ondown>
	<onleft>9000</onleft>
	<onright>-</onright>
	<onback>9001</onback>
	<itemlayout height="80" width="147">
		<control type="image">
			<left>5</left>
			<top>5</top>
			<width>137</width>
			<height>71</height>
			<texture>$INFO[listitem.actualicon]</texture>
			<bordertexture colordiffuse="colour.dialog.diffuse.button.nofocus">windows/generic/header.png</bordertexture>
			<bordersize>3</bordersize>
			<aspectratio>stretch</aspectratio>
		</control>
	</itemlayout>
	<focusedlayout height="80" width="147">
		<control type="image">
			<left>5</left>
			<top>5</top>
			<width>137</width>
			<height>71</height>
			<texture>$INFO[listitem.actualicon]</texture>
			<aspectratio>stretch</aspectratio>
		</control>
		<control type="image">
			<left>2.5</left>
			<top>2.5</top>
			<width>142</width>
			<height>76</height>
			<texture border="5,5,5,5">windows\generic\button_focus_alt.png</texture>
			<aspectratio>stretch</aspectratio>
		</control>
	</focusedlayout>
</include>
<include name="View_Options">
	<control type="group">
		<visible>Control.HasFocus(9010) | ControlGroup(9000).HasFocus() | Control.HasFocus(9001) | Control.HasFocus(9002)</visible>
		<include>Behind.Dialog</include>
	</control>
	<control type="group">
		<top>-460</top>
		<visible allowhiddenfocus="true">Control.HasFocus(9010) | ControlGroup(9000).HasFocus() | Control.HasFocus(9001) | Control.HasFocus(9002)</visible>
		<animation effect="slide" start="0,0" end="0,440" time="250">Visible</animation>
		<animation effect="slide" start="0,440" end="0,0" time="100">Hidden</animation>
		<!-- Fake button so 9000, 0 is always focused if button 102 has focus, fixes issues with focusing on hidden items -->
		<control type="button" id="9010">
			<left>-1000</left>
			<onfocus>SetFocus(9001,0)</onfocus>
			<visible>Control.HasFocus(102)</visible>
		</control>
		<!-- Fake button acts normal when not focuses on button 102 -->
		<control type="button" id="9010">
			<left>-1000</left>
			<onfocus>SetFocus(9001)</onfocus>
			<visible>!Control.HasFocus(102)</visible>
		</control>
		<control type="image">
			<left>201</left>
			<top>0</top>
			<width>878</width>
			<height>440</height>
			<aspectratio>stretch</aspectratio>
			<texture colordiffuse="colour.dialog.diffuse.main">windows\generic\main.png</texture>
		</control>
		<control type="image">
			<left>220</left>
			<top>15</top>
			<width>230</width>
			<height>410</height>
			<aspectratio>stretch</aspectratio>
			<texture colordiffuse="colour.dialog.diffuse.main.overlay">windows\generic\main_overlay.png</texture>
		</control>
		<control type="grouplist">
			<description>Control Info</description>
			<left>450</left>
			<top>375</top>
			<width>610</width>
			<height>80</height>
			<itemgap>10</itemgap>
			<orientation>Horizontal</orientation>
			<align>center</align>
			<!-- A Button -->
			<control type="image">
				<left>0</left>
				<top>0</top>
				<width>32</width>
				<height>32</height>
				<aspectratio>stretch</aspectratio>
				<texture colordiffuse="colour.dialog.diffuse.a_button">pad_buttons\dialogs\a_button.png</texture>
			</control>
			<control type="label">
				<left>0</left>
				<top>0</top>
				<width min="40" max="147">auto</width>
				<height>32</height>
				<font>size_19</font>
				<align>left</align>
				<aligny>center</aligny>
				<textcolor>colour.dialog.label.context</textcolor>
				<label>$LOCALIZE[424]</label>
			</control>
			<!-- B Button -->
			<control type="image">
				<left>0</left>
				<top>0</top>
				<width>32</width>
				<height>32</height>
				<aspectratio>stretch</aspectratio>
				<texture colordiffuse="colour.dialog.diffuse.b_button">pad_buttons\dialogs\b_button.png</texture>
			</control>
			<control type="label">
				<left>0</left>
				<top>0</top>
				<width min="40" max="147">auto</width>
				<height>32</height>
				<font>size_19</font>
				<align>left</align>
				<aligny>center</aligny>
				<textcolor>colour.dialog.label.context</textcolor>
				<label>$LOCALIZE[31108]</label>
			</control>
		</control>
		<control type="grouplist" id="9000">
			<description>button area</description>
			<left>220</left>
			<top>15</top>
			<width max="230">auto</width>
			<height max="410">auto</height>
			<itemgap>5</itemgap>
			<onleft>-</onleft>
			<onright>9010</onright>
			<onback>50</onback>
			<align>center</align>
			<control type="button" id="100">
				<description>Backgrounds</description>
				<height>50</height>
				<width>230</width>
				<textoffsetx>24</textoffsetx>
				<textoffsety>0</textoffsety>
				<font>size_22</font>
				<align>left</align>
				<aligny>center</aligny>
				<label>$LOCALIZE[33068]</label>
				<textcolor>colour.dialog.button.nofocus</textcolor>
				<focusedcolor>colour.dialog.button.focus</focusedcolor>
				<texturefocus colordiffuse="colour.dialog.diffuse.button.focus">windows\settings_categories\button_focus.png</texturefocus>
				<texturenofocus colordiffuse="colour.dialog.diffuse.button.nofocus">windows\settings_categories\button_no_focus.png</texturenofocus>
			</control>
			<control type="button" id="101">
				<description>Views</description>
				<height>50</height>
				<width>230</width>
				<textoffsetx>24</textoffsetx>
				<textoffsety>0</textoffsety>
				<font>size_22</font>
				<align>left</align>
				<aligny>center</aligny>
				<label>$LOCALIZE[31146]</label>
				<textcolor>colour.dialog.button.nofocus</textcolor>
				<focusedcolor>colour.dialog.button.focus</focusedcolor>
				<texturefocus colordiffuse="colour.dialog.diffuse.button.focus">windows\settings_categories\button_focus.png</texturefocus>
				<texturenofocus colordiffuse="colour.dialog.diffuse.button.nofocus">windows\settings_categories\button_no_focus.png</texturenofocus>
			</control>
			<control type="button" id="102">
				<description>View Settings</description>
				<height>50</height>
				<width>230</width>
				<textoffsetx>24</textoffsetx>
				<textoffsety>0</textoffsety>
				<font>size_22</font>
				<align>left</align>
				<aligny>center</aligny>
				<label>$LOCALIZE[31145]</label>
				<textcolor>colour.dialog.button.nofocus</textcolor>
				<focusedcolor>colour.dialog.button.focus</focusedcolor>
				<texturefocus colordiffuse="colour.dialog.diffuse.button.focus">windows\settings_categories\button_focus.png</texturefocus>
				<texturenofocus colordiffuse="colour.dialog.diffuse.button.nofocus">windows\settings_categories\button_no_focus.png</texturenofocus>
			</control>
			<control type="button" id="3">
				<description>Sort by button</description>
				<height>50</height>
				<width>230</width>
				<textoffsetx>24</textoffsetx>
				<textoffsety>0</textoffsety>
				<font>size_22</font>
				<align>left</align>
				<aligny>center</aligny>
				<label>$LOCALIZE[103]</label>
				<textcolor>colour.dialog.button.nofocus</textcolor>
				<focusedcolor>colour.dialog.button.focus</focusedcolor>
				<texturefocus colordiffuse="colour.dialog.diffuse.button.focus">windows\settings_categories\button_focus.png</texturefocus>
				<texturenofocus colordiffuse="colour.dialog.diffuse.button.nofocus">windows\settings_categories\button_no_focus.png</texturenofocus>
				<visible>true</visible>
			</control>
			<control type="togglebutton" id="4">
				<description>Sort asc</description>
				<height>50</height>
				<width>230</width>
				<textoffsetx>24</textoffsetx>
				<textoffsety>0</textoffsety>
				<font>size_22</font>
				<align>left</align>
				<aligny>center</aligny>
				<label>$LOCALIZE[31141]</label>
				<altlabel>$LOCALIZE[31142]</altlabel>
				<textcolor>colour.dialog.button.nofocus</textcolor>
				<focusedcolor>colour.dialog.button.focus</focusedcolor>
				<texturefocus colordiffuse="colour.dialog.diffuse.button.focus">windows\settings_categories\button_focus.png</texturefocus>
				<texturenofocus colordiffuse="colour.dialog.diffuse.button.nofocus">windows\settings_categories\button_no_focus.png</texturenofocus>
				<alttexturefocus colordiffuse="colour.dialog.diffuse.button.focus">windows/settings_categories/button_focus.png</alttexturefocus>
				<alttexturenofocus colordiffuse="colour.dialog.diffuse.button.nofocus">windows/settings_categories/button_no_focus.png</alttexturenofocus>
				<usealttexture>Container.SortDirection(Ascending)</usealttexture>
			</control>
			<control type="edit" id="19">
				<description>Filter</description>
				<height>50</height>
				<width>230</width>
				<textoffsetx>24</textoffsetx>
				<textoffsety>0</textoffsety>
				<font>size_22</font>
				<align>left</align>
				<aligny>center</aligny>
				<label>137</label>
				<textcolor>colour.dialog.button.nofocus</textcolor>
				<focusedcolor>colour.dialog.button.focus</focusedcolor>
				<texturefocus colordiffuse="colour.dialog.diffuse.button.focus">windows\settings_categories\button_focus.png</texturefocus>
				<texturenofocus colordiffuse="colour.dialog.diffuse.button.nofocus">windows\settings_categories\button_no_focus.png</texturenofocus>
			</control>
		</control>
		<!-- Backgrounds -->
		<control type="panel" id="9001">
			<visible>ControlGroup(9000).HasFocus(100)</visible>
			<pagecontrol>90</pagecontrol>
			<include>Panel.Values</include>
			<content>
				<item id="200">
					<label>-</label>
					<onclick>Skin.SetBool(custom_wallpaper_set)</onclick>
					<onclick>SetWallpaper(Background_Image, $INFO[Skin.String(WallpaperWidth)], $INFO[Skin.String(WallpaperHeight)], $INFO[Skin.String(WallpaperQuality)])</onclick>
					<icon>windows\programs\hdd.jpg</icon>
				</item>
				<item id="201">
					<label>-</label>
					<onclick>Skin.SetBool(hex_entry)</onclick>
					<onclick>Skin.Reset(custom_wallpaper_set)</onclick>
					<onclick>SetWallpaper(Background_Custom_Color, $INFO[Skin.String(WallpaperWidth)], $INFO[Skin.String(WallpaperHeight)], $INFO[Skin.String(WallpaperQuality)], Background_Custom_Color)</onclick>
					<icon>windows\programs\custom_color.jpg</icon>
				</item>
				<item id="202">
					<label>-</label>
					<onclick>Skin.Reset(custom_wallpaper_set)</onclick>
					<onclick>SetWallpaper(Background_Image, $INFO[Skin.String(WallpaperWidth)], $INFO[Skin.String(WallpaperHeight)], $INFO[Skin.String(WallpaperQuality)], Q:\skins\Profile\backgrounds\$INFO[Skin.CurrentTheme]\0.jpg)</onclick>
					<icon>windows\programs\reset.jpg</icon>
				</item>
				<item id="203">
					<label>-</label>
					<onclick>Skin.ToggleSetting(AltTextColour)</onclick>
					<icon>windows\programs\text_color.jpg</icon>
					<visible>!Skin.HasSetting(AltTextColour)</visible>
				</item>
				<item id="203">
					<label>-</label>
					<onclick>Skin.Reset(AltTextColour)</onclick>
					<icon>windows\programs\text_color_alt.jpg</icon>
					<visible>Skin.HasSetting(AltTextColour)</visible>
				</item>
				<!-- Backgrounds -->
				<item id="210">
					<label>-</label>
					<onclick>Skin.Reset(custom_wallpaper_set)</onclick>
					<onclick>SetWallpaper(Background_Image, $INFO[Skin.String(WallpaperWidth)], $INFO[Skin.String(WallpaperHeight)], $INFO[Skin.String(WallpaperQuality)], Q:\skins\Profile\backgrounds\$INFO[Skin.CurrentTheme]\1.jpg)</onclick>
					<onclick>Skin.Reset(Background_Custom_Color)</onclick>
					<icon>windows\programs\background thumbs\1.jpg</icon>
				</item>
				<item id="211">
					<label>-</label>
					<onclick>Skin.Reset(custom_wallpaper_set)</onclick>
					<onclick>SetWallpaper(Background_Image, $INFO[Skin.String(WallpaperWidth)], $INFO[Skin.String(WallpaperHeight)], $INFO[Skin.String(WallpaperQuality)], Q:\skins\Profile\backgrounds\$INFO[Skin.CurrentTheme]\2.jpg)</onclick>
					<icon>windows\programs\background thumbs\2.jpg</icon>
				</item>
				<item id="212">
					<label>-</label>
					<onclick>Skin.Reset(custom_wallpaper_set)</onclick>
					<onclick>SetWallpaper(Background_Image, $INFO[Skin.String(WallpaperWidth)], $INFO[Skin.String(WallpaperHeight)], $INFO[Skin.String(WallpaperQuality)], Q:\skins\Profile\backgrounds\$INFO[Skin.CurrentTheme]\3.jpg)</onclick>
					<icon>windows\programs\background thumbs\3.jpg</icon>
				</item>
				<item id="213">
					<label>-</label>
					<onclick>Skin.Reset(custom_wallpaper_set)</onclick>
					<onclick>SetWallpaper(Background_Image, $INFO[Skin.String(WallpaperWidth)], $INFO[Skin.String(WallpaperHeight)], $INFO[Skin.String(WallpaperQuality)], Q:\skins\Profile\backgrounds\$INFO[Skin.CurrentTheme]\4.jpg)</onclick>
					<icon>windows\programs\background thumbs\4.jpg</icon>
				</item>
				<item id="214">
					<label>-</label>
					<onclick>Skin.Reset(custom_wallpaper_set)</onclick>
					<onclick>SetWallpaper(Background_Image, $INFO[Skin.String(WallpaperWidth)], $INFO[Skin.String(WallpaperHeight)], $INFO[Skin.String(WallpaperQuality)], Q:\skins\Profile\backgrounds\$INFO[Skin.CurrentTheme]\5.jpg)</onclick>
					<icon>windows\programs\background thumbs\5.jpg</icon>
				</item>
				<item id="215">
					<label>-</label>
					<onclick>Skin.Reset(custom_wallpaper_set)</onclick>
					<onclick>SetWallpaper(Background_Image, $INFO[Skin.String(WallpaperWidth)], $INFO[Skin.String(WallpaperHeight)], $INFO[Skin.String(WallpaperQuality)], Q:\skins\Profile\backgrounds\$INFO[Skin.CurrentTheme]\6.jpg)</onclick>
					<icon>windows\programs\background thumbs\6.jpg</icon>
				</item>
				<item id="216">
					<label>-</label>
					<onclick>Skin.Reset(custom_wallpaper_set)</onclick>
					<onclick>SetWallpaper(Background_Image, $INFO[Skin.String(WallpaperWidth)], $INFO[Skin.String(WallpaperHeight)], $INFO[Skin.String(WallpaperQuality)], Q:\skins\Profile\backgrounds\$INFO[Skin.CurrentTheme]\7.jpg)</onclick>
					<icon>windows\programs\background thumbs\7.jpg</icon>
				</item>
				<item id="217">
					<label>-</label>
					<onclick>Skin.Reset(custom_wallpaper_set)</onclick>
					<onclick>SetWallpaper(Background_Image, $INFO[Skin.String(WallpaperWidth)], $INFO[Skin.String(WallpaperHeight)], $INFO[Skin.String(WallpaperQuality)], Q:\skins\Profile\backgrounds\$INFO[Skin.CurrentTheme]\8.jpg)</onclick>
					<icon>windows\programs\background thumbs\8.jpg</icon>
				</item>
				<item id="218">
					<label>-</label>
					<onclick>Skin.Reset(custom_wallpaper_set)</onclick>
					<onclick>SetWallpaper(Background_Image, $INFO[Skin.String(WallpaperWidth)], $INFO[Skin.String(WallpaperHeight)], $INFO[Skin.String(WallpaperQuality)], Q:\skins\Profile\backgrounds\$INFO[Skin.CurrentTheme]\9.jpg)</onclick>
					<icon>windows\programs\background thumbs\9.jpg</icon>
				</item>
				<item id="219">
					<label>-</label>
					<onclick>Skin.Reset(custom_wallpaper_set)</onclick>
					<onclick>SetWallpaper(Background_Image, $INFO[Skin.String(WallpaperWidth)], $INFO[Skin.String(WallpaperHeight)], $INFO[Skin.String(WallpaperQuality)], Q:\skins\Profile\backgrounds\$INFO[Skin.CurrentTheme]\10.jpg)</onclick>
					<icon>windows\programs\background thumbs\10.jpg</icon>
				</item>
				<item id="220">
					<label>-</label>
					<onclick>Skin.Reset(custom_wallpaper_set)</onclick>
					<onclick>SetWallpaper(Background_Image, $INFO[Skin.String(WallpaperWidth)], $INFO[Skin.String(WallpaperHeight)], $INFO[Skin.String(WallpaperQuality)], Q:\skins\Profile\backgrounds\$INFO[Skin.CurrentTheme]\11.jpg)</onclick>
					<icon>windows\programs\background thumbs\11.jpg</icon>
				</item>
				<item id="221">
					<label>-</label>
					<onclick>Skin.Reset(custom_wallpaper_set)</onclick>
					<onclick>SetWallpaper(Background_Image, $INFO[Skin.String(WallpaperWidth)], $INFO[Skin.String(WallpaperHeight)], $INFO[Skin.String(WallpaperQuality)], Q:\skins\Profile\backgrounds\$INFO[Skin.CurrentTheme]\12.jpg)</onclick>
					<icon>windows\programs\background thumbs\12.jpg</icon>
				</item>
				<item id="222">
					<label>-</label>
					<onclick>Skin.Reset(custom_wallpaper_set)</onclick>
					<onclick>SetWallpaper(Background_Image, $INFO[Skin.String(WallpaperWidth)], $INFO[Skin.String(WallpaperHeight)], $INFO[Skin.String(WallpaperQuality)], Q:\skins\Profile\backgrounds\$INFO[Skin.CurrentTheme]\13.jpg)</onclick>
					<icon>windows\programs\background thumbs\13.jpg</icon>
				</item>
				<item id="223">
					<label>-</label>
					<onclick>Skin.Reset(custom_wallpaper_set)</onclick>
					<onclick>SetWallpaper(Background_Image, $INFO[Skin.String(WallpaperWidth)], $INFO[Skin.String(WallpaperHeight)], $INFO[Skin.String(WallpaperQuality)], Q:\skins\Profile\backgrounds\$INFO[Skin.CurrentTheme]\14.jpg)</onclick>
					<icon>windows\programs\background thumbs\14.jpg</icon>
				</item>
				<item id="224">
					<label>-</label>
					<onclick>Skin.Reset(custom_wallpaper_set)</onclick>
					<onclick>SetWallpaper(Background_Image, $INFO[Skin.String(WallpaperWidth)], $INFO[Skin.String(WallpaperHeight)], $INFO[Skin.String(WallpaperQuality)], Q:\skins\Profile\backgrounds\$INFO[Skin.CurrentTheme]\15.jpg)</onclick>
					<icon>windows\programs\background thumbs\15.jpg</icon>
				</item>
			</content>
		</control>
		<control type="panel" id="9001">
			<visible>ControlGroup(9000).HasFocus(101)</visible>
			<include>Panel.Views.Values</include>
			<content>
				<item id="295">
					<label>$LOCALIZE[31615]</label>
					<onclick>-</onclick>
					<icon>-</icon>
					<visible>Skin.HasSetting(_resourcesenabled) + ![Skin.HasSetting(View71_Disabled) + Skin.HasSetting(View57_Disabled) + Skin.HasSetting(View75_Disabled) + Skin.HasSetting(View56_Disabled) + Skin.HasSetting(View54_Disabled) + Skin.HasSetting(View61_Disabled) + Skin.HasSetting(View72_Disabled) + Skin.HasSetting(View74_Disabled) + Skin.HasSetting(View55_Disabled) + Skin.HasSetting(View69_Disabled)]</visible>
				</item>
				<item id="296">
					<label>$LOCALIZE[31616]</label>
					<onclick>-</onclick>
					<icon>-</icon>
				</item>
				<item id="297">
					<label>$LOCALIZE[31617]</label>
					<onclick>-</onclick>
					<icon>-</icon>
					<visible>Skin.HasSetting(CustomViewtype_id_80) | Skin.HasSetting(CustomViewtype_id_81) | Skin.HasSetting(CustomViewtype_id_82) | Skin.HasSetting(CustomViewtype_id_83) | Skin.HasSetting(CustomViewtype_id_84) | Skin.HasSetting(CustomViewtype_id_85) | Skin.HasSetting(CustomViewtype_id_86) | Skin.HasSetting(CustomViewtype_id_87) | Skin.HasSetting(CustomViewtype_id_88) | Skin.HasSetting(CustomViewtype_id_89)</visible>
				</item>
			</content>
		</control>
		<!-- Detailed Views -->
		<control type="panel" id="9002">
			<visible>Container(9001).HasFocus(295)</visible>
			<pagecontrol>91</pagecontrol>
			<include>Panel.Alt.Values</include>
			<visible>Skin.HasSetting(_resourcesenabled)</visible>
			<content>
				<item id="300">
					<label>-</label>
					<onclick>Container.SetViewMode(71)</onclick>
					<icon>windows\programs\views\71.jpg</icon>
					<visible>!Skin.HasSetting(View71_Disabled)</visible>
				</item>
				<item id="301">
					<label>-</label>
					<onclick>Container.SetViewMode(57)</onclick>
					<icon>windows\programs\views\57.jpg</icon>
					<visible>!Skin.HasSetting(View57_Disabled)</visible>
				</item>
				<item id="302">
					<label>-</label>
					<onclick>Container.SetViewMode(75)</onclick>
					<icon>windows\programs\views\75.jpg</icon>
					<visible>!Skin.HasSetting(View75_Disabled)</visible>
				</item>
				<item id="303">
					<label>-</label>
					<onclick>Container.SetViewMode(56)</onclick>
					<icon>windows\programs\views\56.jpg</icon>
					<visible>!Skin.HasSetting(View56_Disabled)</visible>
				</item>
				<item id="304">
					<label>-</label>
					<onclick>Container.SetViewMode(54)</onclick>
					<icon>windows\programs\views\54.jpg</icon>
					<visible>!Skin.HasSetting(View54_Disabled)</visible>
				</item>
				<item id="305">
					<label>-</label>
					<onclick>Container.SetViewMode(61)</onclick>
					<icon>windows\programs\views\61.jpg</icon>
					<visible>!Skin.HasSetting(View61_Disabled)</visible>
				</item>
				<item id="306">
					<label>-</label>
					<onclick>Container.SetViewMode(72)</onclick>
					<icon>windows\programs\views\72.jpg</icon>
					<visible>!Skin.HasSetting(View72_Disabled)</visible>
				</item>
				<item id="307">
					<label>-</label>
					<onclick>Container.SetViewMode(74)</onclick>
					<icon>windows\programs\views\74.jpg</icon>
					<visible>!Skin.HasSetting(View74_Disabled)</visible>
				</item>
				<item id="308">
					<label>-</label>
					<onclick>Container.SetViewMode(55)</onclick>
					<icon>windows\programs\views\55.jpg</icon>
					<visible>!Skin.HasSetting(View55_Disabled)</visible>
				</item>
				<item id="309">
					<label>-</label>
					<onclick>Container.SetViewMode(69)</onclick>
					<icon>windows\programs\views\69.jpg</icon>
					<visible>!Skin.HasSetting(View69_Disabled)</visible>
				</item>
			</content>
		</control>
		<!-- Resources and Standard Views -->
		<control type="panel" id="9002">
			<visible>Container(9001).HasFocus(296)</visible>
			<pagecontrol>91</pagecontrol>
			<include>Panel.Alt.Values</include>
			<content>
				<item id="320">
					<label>-</label>
					<onclick>Container.SetViewMode(50)</onclick>
					<icon>windows\programs\views\50.jpg</icon>
				</item>
				<item id="321">
					<label>-</label>
					<onclick>Container.SetViewMode(51)</onclick>
					<icon>windows\programs\views\51.jpg</icon>
					<visible>!Skin.HasSetting(View51_Disabled)</visible>
				</item>
				<item id="323">
					<label>-</label>
					<onclick>Container.SetViewMode(52)</onclick>
					<icon>windows\programs\views\52.jpg</icon>
					<visible>!Skin.HasSetting(View52_Disabled)</visible>
				</item>
				<item id="324">
					<label>-</label>
					<onclick>Container.SetViewMode(70)</onclick>
					<icon>windows\programs\views\70.jpg</icon>
					<visible>!Skin.HasSetting(View70_Disabled)</visible>
				</item>
				<item id="325">
					<label>-</label>
					<onclick>Container.SetViewMode(53)</onclick>
					<icon>windows\programs\views\53.jpg</icon>
					<visible>Skin.HasSetting(_resourcesenabled)</visible>
					<visible>!Skin.HasSetting(View53_Disabled)</visible>
				</item>
				<item id="326">
					<label>-</label>
					<onclick>Container.SetViewMode(58)</onclick>
					<icon>windows\programs\views\58.jpg</icon>
					<visible>Skin.HasSetting(_resourcesenabled)</visible>
					<visible>!Skin.HasSetting(View58_Disabled)</visible>
				</item>
				<item id="327">
					<label>-</label>
					<onclick>Container.SetViewMode(59)</onclick>
					<icon>windows\programs\views\59.jpg</icon>
					<visible>!Skin.HasSetting(View59_Disabled)</visible>
				</item>
				<item id="328">
					<label>-</label>
					<onclick>Container.SetViewMode(60)</onclick>
					<icon>windows\programs\views\60.jpg</icon>
					<visible>!Skin.HasSetting(View60_Disabled)</visible>
				</item>
				<item id="329">
					<label>-</label>
					<onclick>Container.SetViewMode(66)</onclick>
					<icon>windows\programs\views\66.jpg</icon>
					<visible>!Skin.HasSetting(View66_Disabled)</visible>
				</item>
				<item id="330">
					<label>-</label>
					<onclick>Container.SetViewMode(67)</onclick>
					<icon>windows\programs\views\67.jpg</icon>
					<visible>!Skin.HasSetting(View67_Disabled)</visible>
				</item>
				<item id="331">
					<label>-</label>
					<onclick>Container.SetViewMode(62)</onclick>
					<icon>windows\programs\views\62.jpg</icon>
					<visible>Skin.HasSetting(_resourcesenabled)</visible>
					<visible>!Skin.HasSetting(View62_Disabled)</visible>
				</item>
				<item id="332">
					<label>-</label>
					<onclick>Container.SetViewMode(63)</onclick>
					<icon>windows\programs\views\63.jpg</icon>
					<visible>Skin.HasSetting(_resourcesenabled)</visible>
					<visible>!Skin.HasSetting(View63_Disabled)</visible>
				</item>
				<item id="333">
					<label>-</label>
					<onclick>Container.SetViewMode(64)</onclick>
					<icon>windows\programs\views\64.jpg</icon>
					<visible>Skin.HasSetting(_resourcesenabled)</visible>
					<visible>!Skin.HasSetting(View64_Disabled)</visible>
				</item>
				<item id="334">
					<label>-</label>
					<onclick>Container.SetViewMode(65)</onclick>
					<icon>windows\programs\views\65.jpg</icon>
					<visible>Skin.HasSetting(_resourcesenabled)</visible>
					<visible>!Skin.HasSetting(View65_Disabled)</visible>
				</item>
				<item id="335">
					<label>-</label>
					<onclick>Container.SetViewMode(68)</onclick>
					<icon>windows\programs\views\68.jpg</icon>
					<visible>Skin.HasSetting(_resourcesenabled)</visible>
					<visible>!Skin.HasSetting(View68_Disabled)</visible>
				</item>
			</content>
		</control>
		<!-- Custom Views -->
		<control type="panel" id="9002">
			<visible>Container(9001).HasFocus(297)</visible>
			<pagecontrol>91</pagecontrol>
			<include>Panel.Alt.Values</include>
			<content>
				<item id="360">
					<label>-</label>
					<onclick>Container.SetViewMode(80)</onclick>
					<icon>$INFO[Skin.String(CustomViewtype_id_80_JPG)]</icon>
					<visible>Skin.HasSetting(CustomViewtype_id_80)</visible>
				</item>
				<item id="361">
					<label>-</label>
					<onclick>Container.SetViewMode(81)</onclick>
					<icon>$INFO[Skin.String(CustomViewtype_id_81_JPG)]</icon>
					<visible>Skin.HasSetting(CustomViewtype_id_81)</visible>
				</item>
				<item id="362">
					<label>-</label>
					<onclick>Container.SetViewMode(82)</onclick>
					<icon>$INFO[Skin.String(CustomViewtype_id_82_JPG)]</icon>
					<visible>Skin.HasSetting(CustomViewtype_id_82)</visible>
				</item>
				<item id="363">
					<label>-</label>
					<onclick>Container.SetViewMode(83)</onclick>
					<icon>$INFO[Skin.String(CustomViewtype_id_83_JPG)]</icon>
					<visible>Skin.HasSetting(CustomViewtype_id_83)</visible>
				</item>
				<item id="364">
					<label>-</label>
					<onclick>Container.SetViewMode(84)</onclick>
					<icon>$INFO[Skin.String(CustomViewtype_id_84_JPG)]</icon>
					<visible>Skin.HasSetting(CustomViewtype_id_84)</visible>
				</item>
				<item id="365">
					<label>-</label>
					<onclick>Container.SetViewMode(85)</onclick>
					<icon>$INFO[Skin.String(CustomViewtype_id_85_JPG)]</icon>
					<visible>Skin.HasSetting(CustomViewtype_id_85)</visible>
				</item>
				<item id="366">
					<label>-</label>
					<onclick>Container.SetViewMode(86)</onclick>
					<icon>$INFO[Skin.String(CustomViewtype_id_86_JPG)]</icon>
					<visible>Skin.HasSetting(CustomViewtype_id_86)</visible>
				</item>
				<item id="367">
					<label>-</label>
					<onclick>Container.SetViewMode(87)</onclick>
					<icon>$INFO[Skin.String(CustomViewtype_id_87_JPG)]</icon>
					<visible>Skin.HasSetting(CustomViewtype_id_87)</visible>
				</item>
				<item id="368">
					<label>-</label>
					<onclick>Container.SetViewMode(88)</onclick>
					<icon>$INFO[Skin.String(CustomViewtype_id_88_JPG)]</icon>
					<visible>Skin.HasSetting(CustomViewtype_id_88)</visible>
				</item>
				<item id="369">
					<label>-</label>
					<onclick>Container.SetViewMode(89)</onclick>
					<icon>$INFO[Skin.String(CustomViewtype_id_89_JPG)]</icon>
					<visible>Skin.HasSetting(CustomViewtype_id_89)</visible>
				</item>
			</content>
		</control>
		<!-- View Specific Options -->
		<control type="panel" id="9001">
			<visible>ControlGroup(9000).HasFocus(102)</visible>
			<include>Panel.Values</include>
			<content>
				<!-- ------------------------------------------------ -->
				<!-- Toggle Resources mode on and off -->
				<!-- ------------------------------------------------ -->
				<item id="400">
					<label>-</label>
					<onclick>Skin.ToggleSetting(_resourcesenabled)</onclick>
					<icon>windows\programs\_resources_disabled.jpg</icon>
					<visible>!Skin.HasSetting(_resourcesenabled)</visible>
				</item>
				<!-- Reset the view to 50 if resource a views is in use (they are all separate now makes my life easier) -->
				<item id="400">
					<label>-</label>
					<onclick>Skin.Reset(_resourcesenabled)</onclick>
					<onclick>Container.SetViewMode(50)</onclick>
					<onclick>CleanViewsDB</onclick>
					<onclick>Skin.Reset(fanartenabled)</onclick>
					<onclick>Skin.Reset(fanartblur)</onclick>
					<onclick>Skin.Reset(fadedfanart)</onclick>
					<icon>windows\programs\_resources_enabled.jpg</icon>
					<visible>Skin.HasSetting(_resourcesenabled)</visible>
				</item>
				<!-- ------------------------------------------------ -->
				<!-- Fanart isn't visible on view 55 (banners view) -->
				<!-- ------------------------------------------------ -->
				<!-- Disabled when clicked enabled normal fanart -->
				<item id="401">
					<label>-</label>
					<onclick>Skin.SetBool(fanartenabled)</onclick>
					<icon>windows\programs\fanart_disabled.jpg</icon>
					<visible>!Skin.HasSetting(_resourcesenabled) + !Skin.HasSetting(fanartenabled)</visible>
				</item>
				<!-- Normal when clicked enabled faded fanart -->
				<item id="401">
					<label>-</label>
					<onclick>Skin.SetBool(fadedfanart)</onclick>
					<icon>windows\programs\fanart.jpg</icon>
					<visible>!Skin.HasSetting(_resourcesenabled) + Skin.HasSetting(fanartenabled) + !Skin.HasSetting(fadedfanart)</visible>
				</item>
				<!-- Faded when clicked resets to disabled -->
				<item id="401">
					<label>-</label>
					<onclick>Skin.Reset(fanartenabled)</onclick>
					<onclick>Skin.Reset(fadedfanart)</onclick>
					<icon>windows\programs\fanart_faded.jpg</icon>
					<visible>!Skin.HasSetting(_resourcesenabled) + Skin.HasSetting(fadedfanart)</visible>
				</item>
				<!-- ------------------------------------------------ -->
				<!-- Resources enabled Fanart buttons -->
				<!-- Disabled on 55, 57, 61, 69, 71 & 72 -->
				<!-- ------------------------------------------------ -->
				<!-- Disabled when clicked enabled normal fanart -->
				<item id="401">
					<label>-</label>
					<onclick>Skin.SetBool(fanartenabled)</onclick>
					<icon>windows\programs\fanart_disabled.jpg</icon>
					<visible>Skin.HasSetting(_resourcesenabled) + !Skin.HasSetting(fanartenabled) + ![StringCompare(Container.Viewmode,view55) | StringCompare(Container.Viewmode,view57) | StringCompare(Container.Viewmode,view61) | StringCompare(Container.Viewmode,view71) | StringCompare(Container.Viewmode,view72)]</visible>
				</item>
				<!-- Normal when clicked enabled blurred fanart -->
				<item id="401">
					<label>-</label>
					<onclick>Skin.SetBool(fanartblur)</onclick>
					<icon>windows\programs\fanart.jpg</icon>
					<visible>Skin.HasSetting(_resourcesenabled) + Skin.HasSetting(fanartenabled) + !Skin.HasSetting(fanartblur) + !Skin.HasSetting(fadedfanart) + ![StringCompare(Container.Viewmode,view55) | StringCompare(Container.Viewmode,view57) | StringCompare(Container.Viewmode,view61) | StringCompare(Container.Viewmode,view71) | StringCompare(Container.Viewmode,view72)]</visible>
				</item>
				<!-- Blurred when clicked enabled faded fanart -->
				<item id="401">
					<label>-</label>
					<onclick>Skin.SetBool(fadedfanart)</onclick>
					<onclick>Skin.Reset(fanartblur)</onclick>
					<icon>windows\programs\fanart_blur.jpg</icon>
					<visible>Skin.HasSetting(_resourcesenabled) + Skin.HasSetting(fanartblur) + !Skin.HasSetting(fadedfanart) + ![StringCompare(Container.Viewmode,view55) | StringCompare(Container.Viewmode,view57) | StringCompare(Container.Viewmode,view61) | StringCompare(Container.Viewmode,view71) | StringCompare(Container.Viewmode,view72)]</visible>
				</item>
				<!-- Faded when clicked enabled blurred faded -->
				<item id="401">
					<label>-</label>
					<onclick>Skin.SetBool(fanartblur)</onclick>
					<icon>windows\programs\fanart_faded.jpg</icon>
					<visible>Skin.HasSetting(_resourcesenabled) + Skin.HasSetting(fadedfanart) + !Skin.HasSetting(fanartblur) + ![StringCompare(Container.Viewmode,view55) | StringCompare(Container.Viewmode,view57) | StringCompare(Container.Viewmode,view61) | StringCompare(Container.Viewmode,view71) | StringCompare(Container.Viewmode,view72)]</visible>
				</item>
				<!-- Blurred faded when clicked resets to disabled -->
				<item id="401">
					<label>-</label>
					<onclick>Skin.Reset(fanartblur)</onclick>
					<onclick>Skin.Reset(fadedfanart)</onclick>
					<onclick>Skin.Reset(fanartenabled)</onclick>
					<icon>windows\programs\fanart_faded_blur.jpg</icon>
					<visible>Skin.HasSetting(fadedfanart) + Skin.HasSetting(fanartblur) + ![StringCompare(Container.Viewmode,view55) | StringCompare(Container.Viewmode,view57) | StringCompare(Container.Viewmode,view61) | StringCompare(Container.Viewmode,view71) | StringCompare(Container.Viewmode,view72)]</visible>
				</item>
				<!-- ------------------------------------------------ -->
				<!-- Resources enabled Fanart buttons -->
				<!-- Enabled on 55, 57, 61, 69, 71 & 72 -->
				<!-- ------------------------------------------------ -->
				<!-- Disabled when clicked enabled normal fanart -->
				<item id="401">
					<label>-</label>
					<onclick>Skin.SetBool(fanartenabled)</onclick>
					<icon>windows\programs\fanart_disabled.jpg</icon>
					<visible>Skin.HasSetting(_resourcesenabled) + !Skin.HasSetting(fanartenabled) + [StringCompare(Container.Viewmode,view55) | StringCompare(Container.Viewmode,view57) | StringCompare(Container.Viewmode,view61) | StringCompare(Container.Viewmode,view71) | StringCompare(Container.Viewmode,view72)]</visible>
				</item>
				<!-- Normal when clicked enabled blurred fanart -->
				<item id="401">
					<label>-</label>
					<onclick>Skin.Reset(fanartblur)</onclick>
					<onclick>Skin.Reset(fadedfanart)</onclick>
					<onclick>Skin.Reset(fanartenabled)</onclick>
					<icon>windows\programs\fanart.jpg</icon>
					<visible>Skin.HasSetting(_resourcesenabled) + Skin.HasSetting(fanartenabled) + [StringCompare(Container.Viewmode,view55) | StringCompare(Container.Viewmode,view57) | StringCompare(Container.Viewmode,view61) | StringCompare(Container.Viewmode,view71) | StringCompare(Container.Viewmode,view72)]</visible>
				</item>
				<!-- ------------------------------------------------ -->
				<!-- Fanart fog -->
				<!-- Disabled on 54, 55, 56, 57, 61, 71 & 75 -->
				<!-- ------------------------------------------------ -->
				<item id="403">
					<label>-</label>
					<onclick>Skin.ToggleSetting(customfanartfog)</onclick>
					<icon>windows\programs\fanart_fog_disabled.jpg</icon>
					<visible>Skin.HasSetting(_resourcesenabled) + Skin.HasSetting(fanartenabled) + !Skin.HasSetting(customfanartfog) + !Skin.HasSetting(fadedfanart) + ![StringCompare(Container.Viewmode,view54) | StringCompare(Container.Viewmode,view55) | StringCompare(Container.Viewmode,view56) | StringCompare(Container.Viewmode,view57) | StringCompare(Container.Viewmode,view61) | StringCompare(Container.Viewmode,view71) | StringCompare(Container.Viewmode,view75)]</visible>
				</item>
				<!-- Disabled on 54, 55, 56, 57, 61, 71, 72, 73, 74 & 75 -->
				<item id="403">
					<label>-</label>
					<onclick>Skin.Reset(customfanartfog)</onclick>
					<icon>windows\programs\fanart_fog.jpg</icon>
					<visible>Skin.HasSetting(_resourcesenabled) + Skin.HasSetting(fanartenabled) + Skin.HasSetting(customfanartfog) + !Skin.HasSetting(fadedfanart) + ![StringCompare(Container.Viewmode,view54) | StringCompare(Container.Viewmode,view55) | StringCompare(Container.Viewmode,view56) | StringCompare(Container.Viewmode,view57) | StringCompare(Container.Viewmode,view61) | StringCompare(Container.Viewmode,view71) | StringCompare(Container.Viewmode,view72) | StringCompare(Container.Viewmode,view74) | StringCompare(Container.Viewmode,view75)]</visible>
				</item>
				<!-- Disabled on 54, 55, 56, 57, 61, 71, 72, 73, 74 & 75 -->
				<item id="404">
					<label>-</label>
					<onclick>Skin.ToggleSetting(higherfanart)</onclick>
					<icon>windows\programs\fanart_alt_disabled.jpg</icon>
					<visible>Skin.HasSetting(fanartenabled) + !Skin.HasSetting(higherfanart) + !Skin.HasSetting(fadedfanart) + ![StringCompare(Container.Viewmode,view54) | StringCompare(Container.Viewmode,view55) | StringCompare(Container.Viewmode,view56) | StringCompare(Container.Viewmode,view57) | StringCompare(Container.Viewmode,view61) | StringCompare(Container.Viewmode,view71) | StringCompare(Container.Viewmode,view72) | StringCompare(Container.Viewmode,view74) | StringCompare(Container.Viewmode,view75)]</visible>
				</item>
				<!-- Disabled on 54, 55, 56, 57, 61, 71, 72, 73, 74 & 75 -->
				<item id="404">
					<label>-</label>
					<onclick>Skin.Reset(higherfanart)</onclick>
					<icon>windows\programs\fanart_alt.jpg</icon>
					<visible>Skin.HasSetting(fanartenabled) + Skin.HasSetting(higherfanart) + !Skin.HasSetting(fadedfanart) + ![StringCompare(Container.Viewmode,view54) | StringCompare(Container.Viewmode,view55) | StringCompare(Container.Viewmode,view56) | StringCompare(Container.Viewmode,view57) | StringCompare(Container.Viewmode,view61) | StringCompare(Container.Viewmode,view71) | StringCompare(Container.Viewmode,view72) | StringCompare(Container.Viewmode,view74) | StringCompare(Container.Viewmode,view75)]</visible>
				</item>
				<!-- Animated Fanart toggle -->
				<item id="405">
					<label>-</label>
					<onclick>Skin.SetBool(AnimatedFanart)</onclick>
					<icon>windows\programs\animated_Fanart_off.jpg</icon>
					<visible>Skin.HasSetting(fanartenabled) + !Skin.HasSetting(AnimatedFanart) + ![StringCompare(Container.Viewmode,view55) | StringCompare(Container.Viewmode,view61) | StringCompare(Container.Viewmode,view71) | StringCompare(Container.Viewmode,view72)]</visible>
				</item>
				<item id="405">
					<label>-</label>
					<onclick>Skin.Reset(AnimatedFanart)</onclick>
					<icon>windows\programs\animated_Fanart_on.jpg</icon>
					<visible>Skin.HasSetting(fanartenabled) + Skin.HasSetting(AnimatedFanart) + ![StringCompare(Container.Viewmode,view55) | StringCompare(Container.Viewmode,view61) | StringCompare(Container.Viewmode,view71) | StringCompare(Container.Viewmode,view72)]</visible>
				</item>
				<!-- Enabled on view 71 -->
				<item id="411">
					<label>-</label>
					<onclick>Skin.ToggleSetting(fanartposters)</onclick>
					<icon>windows\programs\views\71_alt.jpg</icon>
					<visible>!Skin.HasSetting(fanartposters) + StringCompare(Container.Viewmode,view71)</visible>
				</item>
				<!-- Enabled on view 71 -->
				<item id="411">
					<label>-</label>
					<onclick>Skin.Reset(fanartposters)</onclick>
					<icon>windows\programs\views\71.jpg</icon>
					<visible>Skin.HasSetting(fanartposters) + StringCompare(Container.Viewmode,view71)</visible>
				</item>
				<!-- Enabled on view 71 -->
				<item id="412">
					<label>-</label>
					<onclick>Skin.ToggleSetting(multiimagefanartpostersview)</onclick>
					<icon>windows\programs\enable_fanart_view_multiimage.jpg</icon>
					<visible>!Skin.HasSetting(multiimagefanartpostersview) + Skin.HasSetting(fanartposters) + StringCompare(Container.Viewmode,view71)</visible>
				</item>
				<!-- Enabled on view 71 -->
				<item id="412">
					<label>-</label>
					<onclick>Skin.Reset(multiimagefanartpostersview)</onclick>
					<icon>windows\programs\disable_fanart_view_multiimage.jpg</icon>
					<visible>Skin.HasSetting(multiimagefanartpostersview) + Skin.HasSetting(fanartposters) + StringCompare(Container.Viewmode,view71)</visible>
				</item>
				<!-- Enabled on view 57 -->
				<item id="412">
					<label>-</label>
					<onclick>Skin.ToggleSetting(multiimagefanartview)</onclick>
					<icon>windows\programs\enable_fanart_view_multiimage.jpg</icon>
					<visible>!Skin.HasSetting(multiimagefanartview) + StringCompare(Container.Viewmode,view57)</visible>
				</item>
				<!-- Enabled on view 57 -->
				<item id="412">
					<label>-</label>
					<onclick>Skin.Reset(multiimagefanartview)</onclick>
					<icon>windows\programs\disable_fanart_view_multiimage.jpg</icon>
					<visible>Skin.HasSetting(multiimagefanartview) + StringCompare(Container.Viewmode,view57)</visible>
				</item>
				<!-- Disabled on 55, 56, 57, 58, 61, 69 ,72 ,73, 74 & 75 -->
				<item id="413">
					<label>-</label>
					<onclick>Skin.SetBool(hidefoldernames)</onclick>
					<icon>windows\programs\both_labels.jpg</icon>
					<visible>!Skin.HasSetting(hidefoldernames) + !Skin.HasSetting(hidegamenames)+ !StringCompare(Container.Viewmode,view54) + ![StringCompare(Container.Viewmode,view55) | StringCompare(Container.Viewmode,view56) | StringCompare(Container.Viewmode,view57) | StringCompare(Container.Viewmode,view58) | StringCompare(Container.Viewmode,view61) | StringCompare(Container.Viewmode,view69) | StringCompare(Container.Viewmode,view72) | StringCompare(Container.Viewmode,view74) | StringCompare(Container.Viewmode,view71) | StringCompare(Container.Viewmode,view75)]</visible>
				</item>
				<!-- Disabled on 54, 55, 56, 57, 58, 61, 69, 71 ,72 ,73, 74 & 75 -->
				<item id="413">
					<label>-</label>
					<onclick>Skin.reset(hidefoldernames)</onclick>
					<onclick>Skin.SetBool(hidegamenames)</onclick>
					<icon>windows\programs\folder_labels.jpg</icon>
					<visible>Skin.HasSetting(hidefoldernames) + ![StringCompare(Container.Viewmode,view54) | StringCompare(Container.Viewmode,view55) | StringCompare(Container.Viewmode,view56) | StringCompare(Container.Viewmode,view57) | StringCompare(Container.Viewmode,view58) | StringCompare(Container.Viewmode,view61) | StringCompare(Container.Viewmode,view69) | StringCompare(Container.Viewmode,view71) | StringCompare(Container.Viewmode,view72) | StringCompare(Container.Viewmode,view74) | StringCompare(Container.Viewmode,view75)]</visible>
				</item>
				<!-- Disabled on 54, 55, 56, 57, 58, 61, 69, 71 ,72 ,73, 74 & 75 -->
				<item id="413">
					<label>-</label>
					<onclick>Skin.Reset(hidefoldernames)</onclick>
					<onclick>Skin.Reset(hidegamenames)</onclick>
					<icon>windows\programs\game_labels.jpg</icon>
					<visible>Skin.HasSetting(hidegamenames) + ![StringCompare(Container.Viewmode,view54) | StringCompare(Container.Viewmode,view55) | StringCompare(Container.Viewmode,view56) | StringCompare(Container.Viewmode,view57) | StringCompare(Container.Viewmode,view58) | StringCompare(Container.Viewmode,view61) | StringCompare(Container.Viewmode,view69) | StringCompare(Container.Viewmode,view71) | StringCompare(Container.Viewmode,view72) | StringCompare(Container.Viewmode,view74) | StringCompare(Container.Viewmode,view75)]</visible>
				</item>
				<!-- Enabled on view 52 -->
				<item id="414">
					<label>-</label>
					<onclick>Skin.SetBool(hideloginborder)</onclick>
					<icon>windows\programs\hide_login_border.jpg</icon>
					<visible>!Skin.HasSetting(hideloginborder) + StringCompare(Container.Viewmode,view52)</visible>
				</item>
				<!-- Enabled on view 52 -->
				<item id="414">
					<label>-</label>
					<onclick>Skin.Reset(hideloginborder)</onclick>
					<icon>windows\programs\show_login_border.jpg</icon>
					<visible>Skin.HasSetting(hideloginborder) + StringCompare(Container.Viewmode,view52)</visible>
				</item>
				<!-- Enabled on view 58 -->
				<item id="415">
					<label>-</label>
					<onclick>Skin.SetBool(hidecdartwork)</onclick>
					<icon>windows\programs\show_listcd.jpg</icon>
					<visible>!Skin.HasSetting(hidecdartwork) + StringCompare(Container.Viewmode,view58)</visible>
				</item>
				<!-- Enabled on view 58 -->
				<item id="415">
					<label>-</label>
					<onclick>Skin.Reset(hidecdartwork)</onclick>
					<icon>windows\programs\hide_listcd.jpg</icon>
					<visible>Skin.HasSetting(hidecdartwork) + StringCompare(Container.Viewmode,view58)</visible>
				</item>
				<!-- Folder Fanart -->
				<!-- Enabled on folders only -->
				<item id="426">
					<label>-</label>
					<onclick>Skin.SetBool(showfolderfanart)</onclick>
					<icon>windows\programs\show_folder_fanart.jpg</icon>
					<visible>!Skin.HasSetting(showfolderfanart) + ListItem.isFolder</visible>
				</item>
				<!-- Enabled on folders only -->
				<item id="426">
					<label>-</label>
					<onclick>Skin.Reset(showfolderfanart)</onclick>
					<icon>windows\programs\hide_folder_fanart.jpg</icon>
					<visible>Skin.HasSetting(showfolderfanart) + ListItem.isFolder</visible>
				</item>
			</content>
		</control>
		<control type="scrollbar" id="90">
			<left>1051</left>
			<top>40</top>
			<width>4</width>
			<height>360</height>
			<include>Fake.ScrollBar.Vertical</include>
			<visible>ControlGroup(9000).HasFocus(100)</visible>
		</control>
		<control type="scrollbar" id="91">
			<left>1051</left>
			<top>40</top>
			<width>4</width>
			<height>360</height>
			<include>Fake.ScrollBar.Vertical</include>
			<visible>ControlGroup(9000).HasFocus(101)</visible>
		</control>
	</control>
</include>