<content>
		<item id="0">
				<label>$LOCALIZE[5]</label>
				<label2>$LOCALIZE[5]</label2>
				<onclick>ActivateWindow(Settings,return)</onclick>
				<icon>layouts/settings/art/system_art.png</icon>
				<thumb>layouts/settings/art/logo.png</thumb>
		</item>
		<item id="1">
				<label>$LOCALIZE[518] $LOCALIZE[427]</label>
				<label2>$LOCALIZE[427]</label2>
				<onclick>PlayDVD()</onclick>
				<icon>layouts/disc/art/system_art.png</icon>
				<thumb>layouts/disc/art/logo.png</thumb>
				<visible>System.HasMediaDVD</visible>
		</item>
		<item id="2">
				<label>$INFO[Skin.String(favs_games)]</label>
				<label2>favs</label2>
				<onclick>RunScript(special://emustation_scripts/menu_loader.py)</onclick>
				<icon>layouts/favourites/art/system_art.png</icon>
				<thumb>layouts/favourites/art/logo.png</thumb>
				<visible>!Skin.HasSetting(hide_favs_title)</visible>
		</item>
		<item id="3">
				<label>$INFO[Skin.String(3do_games)]</label>
				<label2>3do</label2>
				<onclick>SetFocus(9100)</onclick>
				<onclick>RunScript(special://emustation_scripts/menu_loader.py)</onclick>
				<icon>layouts/3do/art/system_art.png</icon>
				<thumb>layouts/3do/art/logo.png</thumb>
				<visible>Skin.HasSetting(3do_exists)</visible>
		</item>
		<item id="4">
				<label>$INFO[Skin.String(amiga_games)]</label>
				<label2>amiga</label2>
				<onclick>SetFocus(9100)</onclick>
				<onclick>RunScript(special://emustation_scripts/menu_loader.py)</onclick>
				<icon>layouts/amiga/art/system_art.png</icon>
				<thumb>layouts/amiga/art/logo.png</thumb>
				<visible>Skin.HasSetting(amiga_exists)</visible>
		</item>
		<item id="5">
				<label>$INFO[Skin.String(amstradcpc_games)]</label>
				<label2>amstradcpc</label2>
				<onclick>SetFocus(9100)</onclick>
				<onclick>RunScript(special://emustation_scripts/menu_loader.py)</onclick>
				<icon>layouts/amstradcpc/art/system_art.png</icon>
				<thumb>layouts/amstradcpc/art/logo.png</thumb>
				<visible>Skin.HasSetting(amstradcpc_exists)</visible>
		</item>
		<item id="6">
				<label>$INFO[Skin.String(apple2_games)]</label>
				<label2>apple2</label2>
				<onclick>SetFocus(9100)</onclick>
				<onclick>RunScript(special://emustation_scripts/menu_loader.py)</onclick>
				<icon>layouts/apple2/art/system_art.png</icon>
				<thumb>layouts/apple2/art/logo.png</thumb>
				<visible>Skin.HasSetting(apple2_exists)</visible>
		</item>
		<item id="7">
				<label>$INFO[Skin.String(atari800_games)]</label>
				<label2>atari800</label2>
				<onclick>SetFocus(9100)</onclick>
				<onclick>RunScript(special://emustation_scripts/menu_loader.py)</onclick>
				<icon>layouts/atari800/art/system_art.png</icon>
				<thumb>layouts/atari800/art/logo.png</thumb>
				<visible>Skin.HasSetting(atari800_exists)</visible>
		</item>
		<item id="8">
				<label>$INFO[Skin.String(atari2600_games)]</label>
				<label2>atari2600</label2>
				<onclick>SetFocus(9100)</onclick>
				<onclick>RunScript(special://emustation_scripts/menu_loader.py)</onclick>
				<icon>layouts/atari2600/art/system_art.png</icon>
				<thumb>layouts/atari2600/art/logo.png</thumb>
				<visible>Skin.HasSetting(atari2600_exists)</visible>
		</item>
		<item id="9">
				<label>$INFO[Skin.String(atari5200_games)]</label>
				<label2>atari5200</label2>
				<onclick>SetFocus(9100)</onclick>
				<onclick>RunScript(special://emustation_scripts/menu_loader.py)</onclick>
				<icon>layouts/atari5200/art/system_art.png</icon>
				<thumb>layouts/atari5200/art/logo.png</thumb>
				<visible>Skin.HasSetting(atari5200_exists)</visible>
		</item>
		<item id="10">
				<label>$INFO[Skin.String(atari7800_games)]</label>
				<label2>atari7800</label2>
				<onclick>SetFocus(9100)</onclick>
				<onclick>RunScript(special://emustation_scripts/menu_loader.py)</onclick>
				<icon>layouts/atari7800/art/system_art.png</icon>
				<thumb>layouts/atari7800/art/logo.png</thumb>
				<visible>Skin.HasSetting(atari7800_exists)</visible>
		</item>
		<item id="11">
				<label>Launch Emulator: $INFO[Skin.String(atarijaguar_games)]</label>
				<label2>atarijaguar</label2>
				<onclick>SetFocus(9100)</onclick>
				<onclick>RunScript(special://emustation_scripts/direct_launch_emulator.py,1,)</onclick>
				<icon>layouts/atarijaguar/art/system_art.png</icon>
				<thumb>layouts/atarijaguar/art/logo.png</thumb>
				<visible>Skin.HasSetting(atarijaguar_exists)</visible>
		</item>
		<item id="12">
				<label>$INFO[Skin.String(atarilynx_games)]</label>
				<label2>atarilynx</label2>
				<onclick>SetFocus(9100)</onclick>
				<onclick>RunScript(special://emustation_scripts/menu_loader.py)</onclick>
				<icon>layouts/atarilynx/art/system_art.png</icon>
				<thumb>layouts/atarilynx/art/logo.png</thumb>
				<visible>Skin.HasSetting(atarilynx_exists)</visible>
		</item>
		<item id="13">
				<label>$INFO[Skin.String(atarist_games)]</label>
				<label2>atarist</label2>
				<onclick>SetFocus(9100)</onclick>
				<onclick>RunScript(special://emustation_scripts/menu_loader.py)</onclick>
				<icon>layouts/atarist/art/system_art.png</icon>
				<thumb>layouts/atarist/art/logo.png</thumb>
				<visible>Skin.HasSetting(atarist_exists)</visible>
		</item>
		<item id="14">
				<label>$INFO[Skin.String(atarixe_games)]</label>
				<label2>atarixe</label2>
				<onclick>SetFocus(9100)</onclick>
				<onclick>RunScript(special://emustation_scripts/menu_loader.py)</onclick>
				<icon>layouts/atarixe/art/system_art.png</icon>
				<thumb>layouts/atarixe/art/logo.png</thumb>
				<visible>Skin.HasSetting(atarixe_exists)</visible>
		</item>
		<item id="15">
				<label>$INFO[Skin.String(atarixl_games)]</label>
				<label2>atarixl</label2>
				<onclick>SetFocus(9100)</onclick>
				<onclick>RunScript(special://emustation_scripts/menu_loader.py)</onclick>
				<icon>layouts/atarixl/art/system_art.png</icon>
				<thumb>layouts/atarixl/art/logo.png</thumb>
				<visible>Skin.HasSetting(atarixl_exists)</visible>
		</item>
		<item id="16">
				<label>$INFO[Skin.String(c64_games)]</label>
				<label2>c64</label2>
				<onclick>SetFocus(9100)</onclick>
				<onclick>RunScript(special://emustation_scripts/menu_loader.py)</onclick>
				<icon>layouts/c64/art/system_art.png</icon>
				<thumb>layouts/c64/art/logo.png</thumb>
				<visible>Skin.HasSetting(c64_exists)</visible>
		</item>
		<item id="17">
				<label>$INFO[Skin.String(c64pet_games)]</label>
				<label2>c64pet</label2>
				<onclick>SetFocus(9100)</onclick>
				<onclick>RunScript(special://emustation_scripts/menu_loader.py)</onclick>
				<icon>layouts/c64pet/art/system_art.png</icon>
				<thumb>layouts/c64pet/art/logo.png</thumb>
				<visible>Skin.HasSetting(c64pet_exists)</visible>
		</item>
		<item id="18">
				<label>$INFO[Skin.String(chip8x_games)]</label>
				<label2>chip8x</label2>
				<onclick>SetFocus(9100)</onclick>
				<onclick>RunScript(special://emustation_scripts/menu_loader.py)</onclick>
				<icon>layouts/chip8x/art/system_art.png</icon>
				<thumb>layouts/chip8x/art/logo.png</thumb>
				<visible>Skin.HasSetting(chip8x_exists)</visible>
		</item>
		<item id="19">
				<label>$INFO[Skin.String(coco_games)]</label>
				<label2>coco</label2>
				<onclick>SetFocus(9100)</onclick>
				<onclick>RunScript(special://emustation_scripts/menu_loader.py)</onclick>
				<icon>layouts/coco/art/system_art.png</icon>
				<thumb>layouts/coco/art/logo.png</thumb>
				<visible>Skin.HasSetting(coco_exists)</visible>
		</item>
		<item id="20">
				<label>$INFO[Skin.String(colecovision_games)]</label>
				<label2>colecovision</label2>
				<onclick>SetFocus(9100)</onclick>
				<onclick>RunScript(special://emustation_scripts/menu_loader.py)</onclick>
				<icon>layouts/colecovision/art/system_art.png</icon>
				<thumb>layouts/colecovision/art/logo.png</thumb>
				<visible>Skin.HasSetting(colecovision_exists)</visible>
		</item>
		<item id="21">
				<label>$INFO[Skin.String(cv20_games)]</label>
				<label2>cv20</label2>
				<onclick>SetFocus(9100)</onclick>
				<onclick>RunScript(special://emustation_scripts/menu_loader.py)</onclick>
				<icon>layouts/cv20/art/system_art.png</icon>
				<thumb>layouts/cv20/art/logo.png</thumb>
				<visible>Skin.HasSetting(cv20_exists)</visible>
		</item>
		<item id="22">
				<label>$INFO[Skin.String(daphne_games)]</label>
				<label2>daphne</label2>
				<onclick>SetFocus(9100)</onclick>
				<onclick>RunScript(special://emustation_scripts/menu_loader.py)</onclick>
				<icon>layouts/daphne/art/system_art.png</icon>
				<thumb>layouts/daphne/art/logo.png</thumb>
				<visible>Skin.HasSetting(daphne_exists)</visible>
		</item>
		<item id="23">
				<label>$INFO[Skin.String(demos_games)]</label>
				<label2>demos</label2>
				<onclick>SetFocus(9100)</onclick>
				<onclick>RunScript(special://emustation_scripts/menu_loader.py)</onclick>
				<icon>layouts/demos/art/system_art.png</icon>
				<thumb>layouts/demos/art/logo.png</thumb>
				<visible>IntegerGreaterThan(Skin.String(demos_games),0)</visible>
		</item>
		<item id="24">
				<label>$INFO[Skin.String(dreamcastvmu_games)]</label>
				<label2>dreamcastvmu</label2>
				<onclick>SetFocus(9100)</onclick>
				<onclick>RunScript(special://emustation_scripts/menu_loader.py)</onclick>
				<icon>layouts/dreamcastvmu/art/system_art.png</icon>
				<thumb>layouts/dreamcastvmu/art/logo.png</thumb>
				<visible>Skin.HasSetting(dreamcastvmu_exists)</visible>
		</item>
		<item id="25">
				<label>$INFO[Skin.String(famicom_games)]</label>
				<label2>famicom</label2>
				<onclick>SetFocus(9100)</onclick>
				<onclick>RunScript(special://emustation_scripts/menu_loader.py)</onclick>
				<icon>layouts/famicom/art/system_art.png</icon>
				<thumb>layouts/famicom/art/logo.png</thumb>
				<visible>Skin.HasSetting(famicom_exists)</visible>
		</item>
		<item id="26">
				<label>$INFO[Skin.String(fba_games)]</label>
				<label2>fba</label2>
				<onclick>SetFocus(9100)</onclick>
				<onclick>RunScript(special://emustation_scripts/menu_loader.py)</onclick>
				<icon>layouts/fba/art/system_art.png</icon>
				<thumb>layouts/fba/art/logo.png</thumb>
				<visible>Skin.HasSetting(fba_exists)</visible>
		</item>
		<item id="27">
				<label>$INFO[Skin.String(fbaxxx_games)]</label>
				<label2>fbaxxx</label2>
				<onclick>SetFocus(9100)</onclick>
				<onclick>RunScript(special://emustation_scripts/menu_loader.py)</onclick>
				<icon>layouts/fbaxxx/art/system_art.png</icon>
				<thumb>layouts/fbaxxx/art/logo.png</thumb>
				<visible>Skin.HasSetting(fbaxxx_exists)</visible>
		</item>
		<item id="28">
				<label>$INFO[Skin.String(fbl_games)]</label>
				<label2>fbl</label2>
				<onclick>SetFocus(9100)</onclick>
				<onclick>RunScript(special://emustation_scripts/menu_loader.py)</onclick>
				<icon>layouts/fbl/art/system_art.png</icon>
				<thumb>layouts/fbl/art/logo.png</thumb>
				<visible>Skin.HasSetting(fbl_exists)</visible>
		</item>
		<item id="29">
				<label>$INFO[Skin.String(fblc_games)]</label>
				<label2>fblc</label2>
				<onclick>SetFocus(9100)</onclick>
				<onclick>RunScript(special://emustation_scripts/menu_loader.py)</onclick>
				<icon>layouts/fblc/art/system_art.png</icon>
				<thumb>layouts/fblc/art/logo.png</thumb>
				<visible>Skin.HasSetting(fblc_exists)</visible>
		</item>
		<item id="30">
				<label>$INFO[Skin.String(gamegear_games)]</label>
				<label2>gamegear</label2>
				<onclick>SetFocus(9100)</onclick>
				<onclick>RunScript(special://emustation_scripts/menu_loader.py)</onclick>
				<icon>layouts/gamegear/art/system_art.png</icon>
				<thumb>layouts/gamegear/art/logo.png</thumb>
				<visible>Skin.HasSetting(gamegear_exists)</visible>
		</item>
		<item id="31">
				<label>$INFO[Skin.String(gb_games)]</label>
				<label2>gb</label2>
				<onclick>SetFocus(9100)</onclick>
				<onclick>RunScript(special://emustation_scripts/menu_loader.py)</onclick>
				<icon>layouts/gb/art/system_art.png</icon>
				<thumb>layouts/gb/art/logo.png</thumb>
				<visible>Skin.HasSetting(gb_exists)</visible>
		</item>
		<item id="32">
				<label>$INFO[Skin.String(gba_games)]</label>
				<label2>gba</label2>
				<onclick>SetFocus(9100)</onclick>
				<onclick>RunScript(special://emustation_scripts/menu_loader.py)</onclick>
				<icon>layouts/gba/art/system_art.png</icon>
				<thumb>layouts/gba/art/logo.png</thumb>
				<visible>Skin.HasSetting(gba_exists)</visible>
		</item>
		<item id="33">
				<label>$INFO[Skin.String(gbc_games)]</label>
				<label2>gbc</label2>
				<onclick>SetFocus(9100)</onclick>
				<onclick>RunScript(special://emustation_scripts/menu_loader.py)</onclick>
				<icon>layouts/gbc/art/system_art.png</icon>
				<thumb>layouts/gbc/art/logo.png</thumb>
				<visible>Skin.HasSetting(gbc_exists)</visible>
		</item>
		<item id="34">
				<label>$INFO[Skin.String(genesis_games)]</label>
				<label2>genesis</label2>
				<onclick>SetFocus(9100)</onclick>
				<onclick>RunScript(special://emustation_scripts/menu_loader.py)</onclick>
				<icon>layouts/genesis/art/system_art.png</icon>
				<thumb>layouts/genesis/art/logo.png</thumb>
				<visible>Skin.HasSetting(genesis_exists)</visible>
		</item>
		<item id="35">
				<label>$INFO[Skin.String(intellivision_games)]</label>
				<label2>intellivision</label2>
				<onclick>SetFocus(9100)</onclick>
				<onclick>RunScript(special://emustation_scripts/menu_loader.py)</onclick>
				<icon>layouts/intellivision/art/system_art.png</icon>
				<thumb>layouts/intellivision/art/logo.png</thumb>
				<visible>Skin.HasSetting(intellivision_exists)</visible>
		</item>
		<item id="36">
				<label>$INFO[Skin.String(mame_games)]</label>
				<label2>mame</label2>
				<onclick>SetFocus(9100)</onclick>
				<onclick>RunScript(special://emustation_scripts/menu_loader.py)</onclick>
				<icon>layouts/mame/art/system_art.png</icon>
				<thumb>layouts/mame/art/logo.png</thumb>
				<visible>Skin.HasSetting(mame_exists)</visible>
		</item>
		<item id="37">
				<label>$INFO[Skin.String(mastersystem_games)]</label>
				<label2>mastersystem</label2>
				<onclick>SetFocus(9100)</onclick>
				<onclick>RunScript(special://emustation_scripts/menu_loader.py)</onclick>
				<icon>layouts/mastersystem/art/system_art.png</icon>
				<thumb>layouts/mastersystem/art/logo.png</thumb>
				<visible>Skin.HasSetting(mastersystem_exists)</visible>
		</item>
		<item id="38">
				<label>$INFO[Skin.String(megadrive_games)]</label>
				<label2>megadrive</label2>
				<onclick>SetFocus(9100)</onclick>
				<onclick>RunScript(special://emustation_scripts/menu_loader.py)</onclick>
				<icon>layouts/megadrive/art/system_art.png</icon>
				<thumb>layouts/megadrive/art/logo.png</thumb>
				<visible>Skin.HasSetting(megadrive_exists)</visible>
		</item>
		<item id="39">
				<label>$INFO[Skin.String(mess_games)]</label>
				<label2>mess</label2>
				<onclick>SetFocus(9100)</onclick>
				<onclick>RunScript(special://emustation_scripts/menu_loader.py)</onclick>
				<icon>layouts/mess/art/system_art.png</icon>
				<thumb>layouts/mess/art/logo.png</thumb>
				<visible>Skin.HasSetting(mess_exists)</visible>
		</item>
		<item id="40">
				<label>$INFO[Skin.String(msx_games)]</label>
				<label2>msx</label2>
				<onclick>SetFocus(9100)</onclick>
				<onclick>RunScript(special://emustation_scripts/menu_loader.py)</onclick>
				<icon>layouts/msx/art/system_art.png</icon>
				<thumb>layouts/msx/art/logo.png</thumb>
				<visible>Skin.HasSetting(msx_exists)</visible>
		</item>
		<item id="41">
				<label>$INFO[Skin.String(n64_games)]</label>
				<label2>n64</label2>
				<onclick>SetFocus(9100)</onclick>
				<onclick>RunScript(special://emustation_scripts/menu_loader.py)</onclick>
				<icon>layouts/n64/art/system_art.png</icon>
				<thumb>layouts/n64/art/logo.png</thumb>
				<visible>Skin.HasSetting(n64_exists)</visible>
		</item>
		<item id="42">
				<label>$INFO[Skin.String(nds_games)]</label>
				<label2>nds</label2>
				<onclick>SetFocus(9100)</onclick>
				<onclick>RunScript(special://emustation_scripts/menu_loader.py)</onclick>
				<icon>layouts/nds/art/system_art.png</icon>
				<thumb>layouts/nds/art/logo.png</thumb>
				<visible>Skin.HasSetting(nds_exists)</visible>
		</item>
		<item id="43">
				<label>$INFO[Skin.String(neogeo_games)]</label>
				<label2>neogeo</label2>
				<onclick>SetFocus(9100)</onclick>
				<onclick>RunScript(special://emustation_scripts/menu_loader.py)</onclick>
				<icon>layouts/neogeo/art/system_art.png</icon>
				<thumb>layouts/neogeo/art/logo.png</thumb>
				<visible>Skin.HasSetting(neogeo_exists)</visible>
		</item>
		<item id="44">
				<label>Launch Emulator: $INFO[Skin.String(neogeocd_games)]</label>
				<label2>neogeocd</label2>
				<onclick>SetFocus(9100)</onclick>
				<onclick>RunScript(special://emustation_scripts/direct_launch_emulator.py,1,)</onclick>
				<icon>layouts/neogeocd/art/system_art.png</icon>
				<thumb>layouts/neogeocd/art/logo.png</thumb>
				<visible>Skin.HasSetting(neogeocd_exists)</visible>
		</item>
		<item id="45">
				<label>$INFO[Skin.String(nes_games)]</label>
				<label2>nes</label2>
				<onclick>SetFocus(9100)</onclick>
				<onclick>RunScript(special://emustation_scripts/menu_loader.py)</onclick>
				<icon>layouts/nes/art/system_art.png</icon>
				<thumb>layouts/nes/art/logo.png</thumb>
				<visible>Skin.HasSetting(nes_exists)</visible>
		</item>
		<item id="46">
				<label>$INFO[Skin.String(ngp_games)]</label>
				<label2>ngp</label2>
				<onclick>SetFocus(9100)</onclick>
				<onclick>RunScript(special://emustation_scripts/menu_loader.py)</onclick>
				<icon>layouts/ngp/art/system_art.png</icon>
				<thumb>layouts/ngp/art/logo.png</thumb>
				<visible>Skin.HasSetting(ngp_exists)</visible>
		</item>
		<item id="47">
				<label>$INFO[Skin.String(ngpc_games)]</label>
				<label2>ngpc</label2>
				<onclick>SetFocus(9100)</onclick>
				<onclick>RunScript(special://emustation_scripts/menu_loader.py)</onclick>
				<icon>layouts/ngpc/art/system_art.png</icon>
				<thumb>layouts/ngpc/art/logo.png</thumb>
				<visible>Skin.HasSetting(ngpc_exists)</visible>
		</item>
		<item id="48">
				<label>$INFO[Skin.String(odyssey2_games)]</label>
				<label2>odyssey2</label2>
				<onclick>SetFocus(9100)</onclick>
				<onclick>RunScript(special://emustation_scripts/menu_loader.py)</onclick>
				<icon>layouts/odyssey2/art/system_art.png</icon>
				<thumb>layouts/odyssey2/art/logo.png</thumb>
				<visible>Skin.HasSetting(odyssey2_exists)</visible>
		</item>
		<item id="49">
				<label>$INFO[Skin.String(pc-98_games)]</label>
				<label2>pc-98</label2>
				<onclick>SetFocus(9100)</onclick>
				<onclick>RunScript(special://emustation_scripts/menu_loader.py)</onclick>
				<icon>layouts/pc-98/art/system_art.png</icon>
				<thumb>layouts/pc-98/art/logo.png</thumb>
				<visible>Skin.HasSetting(pc-98_exists)</visible>
		</item>
		<item id="50">
				<label>$INFO[Skin.String(pce-cd_games)]</label>
				<label2>pce-cd</label2>
				<onclick>SetFocus(9100)</onclick>
				<onclick>RunScript(special://emustation_scripts/menu_loader.py)</onclick>
				<icon>layouts/pce-cd/art/system_art.png</icon>
				<thumb>layouts/pce-cd/art/logo.png</thumb>
				<visible>Skin.HasSetting(pce-cd_exists)</visible>
		</item>
		<item id="51">
				<label>$INFO[Skin.String(pcengine_games)]</label>
				<label2>pcengine</label2>
				<onclick>SetFocus(9100)</onclick>
				<onclick>RunScript(special://emustation_scripts/menu_loader.py)</onclick>
				<icon>layouts/pcengine/art/system_art.png</icon>
				<thumb>layouts/pcengine/art/logo.png</thumb>
				<visible>Skin.HasSetting(pcengine_exists)</visible>
		</item>
		<item id="52">
				<label>$INFO[Skin.String(pokemonmini_games)]</label>
				<label2>pokemonmini</label2>
				<onclick>SetFocus(9100)</onclick>
				<onclick>RunScript(special://emustation_scripts/menu_loader.py)</onclick>
				<icon>layouts/pokemonmini/art/system_art.png</icon>
				<thumb>layouts/pokemonmini/art/logo.png</thumb>
				<visible>Skin.HasSetting(pokemonmini_exists)</visible>
		</item>
		<item id="53">
				<label>$INFO[Skin.String(ports_games)]</label>
				<label2>ports</label2>
				<onclick>SetFocus(9100)</onclick>
				<onclick>RunScript(special://emustation_scripts/menu_loader.py)</onclick>
				<icon>layouts/ports/art/system_art.png</icon>
				<thumb>layouts/ports/art/logo.png</thumb>
				<visible>IntegerGreaterThan(Skin.String(ports_games),0)</visible>
		</item>
		<item id="54">
				<label>$INFO[Skin.String(psx_games)]</label>
				<label2>psx</label2>
				<onclick>SetFocus(9100)</onclick>
				<onclick>RunScript(special://emustation_scripts/menu_loader.py)</onclick>
				<icon>layouts/psx/art/system_art.png</icon>
				<thumb>layouts/psx/art/logo.png</thumb>
				<visible>Skin.HasSetting(psx_exists)</visible>
		</item>
		<item id="55">
				<label>$INFO[Skin.String(samcoupe_games)]</label>
				<label2>samcoupe</label2>
				<onclick>SetFocus(9100)</onclick>
				<onclick>RunScript(special://emustation_scripts/menu_loader.py)</onclick>
				<icon>layouts/samcoupe/art/system_art.png</icon>
				<thumb>layouts/samcoupe/art/logo.png</thumb>
				<visible>Skin.HasSetting(samcoupe_exists)</visible>
		</item>
		<item id="56">
				<label>$INFO[Skin.String(saturn_games)]</label>
				<label2>saturn</label2>
				<onclick>SetFocus(9100)</onclick>
				<onclick>RunScript(special://emustation_scripts/menu_loader.py)</onclick>
				<icon>layouts/saturn/art/system_art.png</icon>
				<thumb>layouts/saturn/art/logo.png</thumb>
				<visible>Skin.HasSetting(saturn_exists)</visible>
		</item>
		<item id="57">
				<label>$INFO[Skin.String(sc-3000_games)]</label>
				<label2>sc-3000</label2>
				<onclick>SetFocus(9100)</onclick>
				<onclick>RunScript(special://emustation_scripts/menu_loader.py)</onclick>
				<icon>layouts/sc-3000/art/system_art.png</icon>
				<thumb>layouts/sc-3000/art/logo.png</thumb>
				<visible>Skin.HasSetting(sc-3000_exists)</visible>
		</item>
		<item id="58">
				<label>$INFO[Skin.String(scummvm_games)]</label>
				<label2>scummvm</label2>
				<onclick>SetFocus(9100)</onclick>
				<onclick>RunScript(special://emustation_scripts/menu_loader.py)</onclick>
				<icon>layouts/scummvm/art/system_art.png</icon>
				<thumb>layouts/scummvm/art/logo.png</thumb>
				<visible>Skin.HasSetting(scummvm_exists)</visible>
		</item>
		<item id="59">
				<label>$INFO[Skin.String(sega32x_games)]</label>
				<label2>sega32x</label2>
				<onclick>SetFocus(9100)</onclick>
				<onclick>RunScript(special://emustation_scripts/menu_loader.py)</onclick>
				<icon>layouts/sega32x/art/system_art.png</icon>
				<thumb>layouts/sega32x/art/logo.png</thumb>
				<visible>Skin.HasSetting(sega32x_exists)</visible>
		</item>
		<item id="60">
				<label>$INFO[Skin.String(segacd_games)]</label>
				<label2>segacd</label2>
				<onclick>SetFocus(9100)</onclick>
				<onclick>RunScript(special://emustation_scripts/menu_loader.py)</onclick>
				<icon>layouts/segacd/art/system_art.png</icon>
				<thumb>layouts/segacd/art/logo.png</thumb>
				<visible>Skin.HasSetting(segacd_exists)</visible>
		</item>
		<item id="61">
				<label>$INFO[Skin.String(sf-7000_games)]</label>
				<label2>sf-7000</label2>
				<onclick>SetFocus(9100)</onclick>
				<onclick>RunScript(special://emustation_scripts/menu_loader.py)</onclick>
				<icon>layouts/sf-7000/art/system_art.png</icon>
				<thumb>layouts/sf-7000/art/logo.png</thumb>
				<visible>Skin.HasSetting(sf-7000_exists)</visible>
		</item>
		<item id="62">
				<label>$INFO[Skin.String(sg-1000_games)]</label>
				<label2>sg-1000</label2>
				<onclick>SetFocus(9100)</onclick>
				<onclick>RunScript(special://emustation_scripts/menu_loader.py)</onclick>
				<icon>layouts/sg-1000/art/system_art.png</icon>
				<thumb>layouts/sg-1000/art/logo.png</thumb>
				<visible>Skin.HasSetting(sg-1000_exists)</visible>
		</item>
		<item id="63">
				<label>$INFO[Skin.String(sgb_games)]</label>
				<label2>sgb</label2>
				<onclick>SetFocus(9100)</onclick>
				<onclick>RunScript(special://emustation_scripts/menu_loader.py)</onclick>
				<icon>layouts/sgb/art/system_art.png</icon>
				<thumb>layouts/sgb/art/logo.png</thumb>
				<visible>Skin.HasSetting(sgb_exists)</visible>
		</item>
		<item id="64">
				<label>$INFO[Skin.String(sgb2_games)]</label>
				<label2>sgb2</label2>
				<onclick>SetFocus(9100)</onclick>
				<onclick>RunScript(special://emustation_scripts/menu_loader.py)</onclick>
				<icon>layouts/sgb2/art/system_art.png</icon>
				<thumb>layouts/sgb2/art/logo.png</thumb>
				<visible>Skin.HasSetting(sgb2_exists)</visible>
		</item>
		<item id="65">
				<label>$INFO[Skin.String(snes_games)]</label>
				<label2>snes</label2>
				<onclick>SetFocus(9100)</onclick>
				<onclick>RunScript(special://emustation_scripts/menu_loader.py)</onclick>
				<icon>layouts/snes/art/system_art.png</icon>
				<thumb>layouts/snes/art/logo.png</thumb>
				<visible>Skin.HasSetting(snes_exists)</visible>
		</item>
		<item id="66">
				<label>$INFO[Skin.String(tg16_games)]</label>
				<label2>tg16</label2>
				<onclick>SetFocus(9100)</onclick>
				<onclick>RunScript(special://emustation_scripts/menu_loader.py)</onclick>
				<icon>layouts/tg16/art/system_art.png</icon>
				<thumb>layouts/tg16/art/logo.png</thumb>
				<visible>Skin.HasSetting(tg16_exists)</visible>
		</item>
		<item id="67">
				<label>$INFO[Skin.String(tg-cd_games)]</label>
				<label2>tg-cd</label2>
				<onclick>SetFocus(9100)</onclick>
				<onclick>RunScript(special://emustation_scripts/menu_loader.py)</onclick>
				<icon>layouts/tg-cd/art/system_art.png</icon>
				<thumb>layouts/tg-cd/art/logo.png</thumb>
				<visible>Skin.HasSetting(tg-cd_exists)</visible>
		</item>
		<item id="68">
				<label>$INFO[Skin.String(ti99_games)]</label>
				<label2>ti99</label2>
				<onclick>SetFocus(9100)</onclick>
				<onclick>RunScript(special://emustation_scripts/menu_loader.py)</onclick>
				<icon>layouts/ti99/art/system_art.png</icon>
				<thumb>layouts/ti99/art/logo.png</thumb>
				<visible>Skin.HasSetting(ti99_exists)</visible>
		</item>
		<item id="69">
				<label>$INFO[Skin.String(virtualboy_games)]</label>
				<label2>virtualboy</label2>
				<onclick>SetFocus(9100)</onclick>
				<onclick>RunScript(special://emustation_scripts/menu_loader.py)</onclick>
				<icon>layouts/virtualboy/art/system_art.png</icon>
				<thumb>layouts/virtualboy/art/logo.png</thumb>
				<visible>Skin.HasSetting(virtualboy_exists)</visible>
		</item>
		<item id="70">
				<label>$INFO[Skin.String(waterasupervision_games)]</label>
				<label2>waterasupervision</label2>
				<onclick>SetFocus(9100)</onclick>
				<onclick>RunScript(special://emustation_scripts/menu_loader.py)</onclick>
				<icon>layouts/waterasupervision/art/system_art.png</icon>
				<thumb>layouts/waterasupervision/art/logo.png</thumb>
				<visible>Skin.HasSetting(waterasupervision_exists)</visible>
		</item>
		<item id="71">
				<label>$INFO[Skin.String(wonderswan_games)]</label>
				<label2>wonderswan</label2>
				<onclick>SetFocus(9100)</onclick>
				<onclick>RunScript(special://emustation_scripts/menu_loader.py)</onclick>
				<icon>layouts/wonderswan/art/system_art.png</icon>
				<thumb>layouts/wonderswan/art/logo.png</thumb>
				<visible>Skin.HasSetting(wonderswan_exists)</visible>
		</item>
		<item id="72">
				<label>$INFO[Skin.String(x68000_games)]</label>
				<label2>x68000</label2>
				<onclick>SetFocus(9100)</onclick>
				<onclick>RunScript(special://emustation_scripts/menu_loader.py)</onclick>
				<icon>layouts/x68000/art/system_art.png</icon>
				<thumb>layouts/x68000/art/logo.png</thumb>
				<visible>Skin.HasSetting(x68000_exists)</visible>
		</item>
		<item id="73">
				<label>$INFO[Skin.String(xbox_games)]</label>
				<label2>xbox</label2>
				<onclick>SetFocus(9100)</onclick>
				<onclick>RunScript(special://emustation_scripts/menu_loader.py)</onclick>
				<icon>layouts/xbox/art/system_art.png</icon>
				<thumb>layouts/xbox/art/logo.png</thumb>
				<visible>IntegerGreaterThan(Skin.String(xbox_games),0)</visible>
		</item>
		<item id="74">
				<label>$INFO[Skin.String(zxspectrum_games)]</label>
				<label2>zxspectrum</label2>
				<onclick>SetFocus(9100)</onclick>
				<onclick>RunScript(special://emustation_scripts/menu_loader.py)</onclick>
				<icon>layouts/zxspectrum/art/system_art.png</icon>
				<thumb>layouts/zxspectrum/art/logo.png</thumb>
				<visible>Skin.HasSetting(zxspectrum_exists)</visible>
		</item>
		<item id="75">
				<label>Direct Launch</label>
				<label2>customtile</label2>
				<onclick>SetFocus(9100)</onclick>
				<onclick>RunScript(special://emustation_scripts/direct_launch_emulator.py,0,$INFO[Skin.String(CustomHomeTile1Xbe)])</onclick>
				<icon>$INFO[Skin.String(CustomHomeTile1SystemArt)]</icon>
				<thumb>$INFO[Skin.String(CustomHomeTile1Logo)]</thumb>
				<visible>Skin.HasSetting(CustomHomeTile1Enabled)</visible>
		</item>
		<item id="76">
				<label>Direct Launch</label>
				<label2>customtile</label2>
				<onclick>SetFocus(9100)</onclick>
				<onclick>RunScript(special://emustation_scripts/direct_launch_emulator.py,0,$INFO[Skin.String(CustomHomeTile2Xbe)])</onclick>
				<icon>$INFO[Skin.String(CustomHomeTile2SystemArt)]</icon>
				<thumb>$INFO[Skin.String(CustomHomeTile2Logo)]</thumb>
				<visible>Skin.HasSetting(CustomHomeTile2Enabled)</visible>
		</item>
		<item id="77">
				<label>Direct Launch</label>
				<label2>customtile</label2>
				<onclick>SetFocus(9100)</onclick>
				<onclick>RunScript(special://emustation_scripts/direct_launch_emulator.py,0,$INFO[Skin.String(CustomHomeTile3Xbe)])</onclick>
				<icon>$INFO[Skin.String(CustomHomeTile3SystemArt)]</icon>
				<thumb>$INFO[Skin.String(CustomHomeTile3Logo)]</thumb>
				<visible>Skin.HasSetting(CustomHomeTile3Enabled)</visible>
		</item>
		<item id="78">
				<label>Direct Launch</label>
				<label2>customtile</label2>
				<onclick>SetFocus(9100)</onclick>
				<onclick>RunScript(special://emustation_scripts/direct_launch_emulator.py,0,$INFO[Skin.String(CustomHomeTile4Xbe)])</onclick>
				<icon>$INFO[Skin.String(CustomHomeTile4SystemArt)]</icon>
				<thumb>$INFO[Skin.String(CustomHomeTile4Logo)]</thumb>
				<visible>Skin.HasSetting(CustomHomeTile4Enabled)</visible>
		</item>
		<item id="79">
				<label>Direct Launch</label>
				<label2>customtile</label2>
				<onclick>SetFocus(9100)</onclick>
				<onclick>RunScript(special://emustation_scripts/direct_launch_emulator.py,0,$INFO[Skin.String(CustomHomeTile5Xbe)])</onclick>
				<icon>$INFO[Skin.String(CustomHomeTile5SystemArt)]</icon>
				<thumb>$INFO[Skin.String(CustomHomeTile5Logo)]</thumb>
				<visible>Skin.HasSetting(CustomHomeTile5Enabled)</visible>
		</item>
		<item id="80">
				<label>Direct Launch</label>
				<label2>customtile</label2>
				<onclick>SetFocus(9100)</onclick>
				<onclick>RunScript(special://emustation_scripts/direct_launch_emulator.py,0,$INFO[Skin.String(CustomHomeTile6Xbe)])</onclick>
				<icon>$INFO[Skin.String(CustomHomeTile6SystemArt)]</icon>
				<thumb>$INFO[Skin.String(CustomHomeTile6Logo)]</thumb>
				<visible>Skin.HasSetting(CustomHomeTile6Enabled)</visible>
		</item>
		<item id="81">
				<label>Direct Launch</label>
				<label2>customtile</label2>
				<onclick>SetFocus(9100)</onclick>
				<onclick>RunScript(special://emustation_scripts/direct_launch_emulator.py,0,$INFO[Skin.String(CustomHomeTile7Xbe)])</onclick>
				<icon>$INFO[Skin.String(CustomHomeTile7SystemArt)]</icon>
				<thumb>$INFO[Skin.String(CustomHomeTile7Logo)]</thumb>
				<visible>Skin.HasSetting(CustomHomeTile7Enabled)</visible>
		</item>
		<item id="82">
				<label>Direct Launch</label>
				<label2>customtile</label2>
				<onclick>SetFocus(9100)</onclick>
				<onclick>RunScript(special://emustation_scripts/direct_launch_emulator.py,0,$INFO[Skin.String(CustomHomeTile8Xbe)])</onclick>
				<icon>$INFO[Skin.String(CustomHomeTile8SystemArt)]</icon>
				<thumb>$INFO[Skin.String(CustomHomeTile8Logo)]</thumb>
				<visible>Skin.HasSetting(CustomHomeTile8Enabled)</visible>
		</item>
		<item id="83">
				<label>Direct Launch</label>
				<label2>customtile</label2>
				<onclick>SetFocus(9100)</onclick>
				<onclick>RunScript(special://emustation_scripts/direct_launch_emulator.py,0,$INFO[Skin.String(CustomHomeTile9Xbe)])</onclick>
				<icon>$INFO[Skin.String(CustomHomeTile9SystemArt)]</icon>
				<thumb>$INFO[Skin.String(CustomHomeTile9Logo)]</thumb>
				<visible>Skin.HasSetting(CustomHomeTile9Enabled)</visible>
		</item>
		<item id="84">
				<label>Direct Launch</label>
				<label2>customtile</label2>
				<onclick>SetFocus(9100)</onclick>
				<onclick>RunScript(special://emustation_scripts/direct_launch_emulator.py,0,$INFO[Skin.String(CustomHomeTile10Xbe)])</onclick>
				<icon>$INFO[Skin.String(CustomHomeTile10SystemArt)]</icon>
				<thumb>$INFO[Skin.String(CustomHomeTile10Logo)]</thumb>
				<visible>Skin.HasSetting(CustomHomeTile10Enabled)</visible>
		</item>
		<item id="85">
				<label>Direct Launch</label>
				<label2>customtile</label2>
				<onclick>SetFocus(9100)</onclick>
				<onclick>RunScript(special://emustation_scripts/direct_launch_emulator.py,0,$INFO[Skin.String(CustomHomeTile11Xbe)])</onclick>
				<icon>$INFO[Skin.String(CustomHomeTile11SystemArt)]</icon>
				<thumb>$INFO[Skin.String(CustomHomeTile11Logo)]</thumb>
				<visible>Skin.HasSetting(CustomHomeTile11Enabled)</visible>
		</item>
		<item id="86">
				<label>Direct Launch</label>
				<label2>customtile</label2>
				<onclick>SetFocus(9100)</onclick>
				<onclick>RunScript(special://emustation_scripts/direct_launch_emulator.py,0,$INFO[Skin.String(CustomHomeTile12Xbe)])</onclick>
				<icon>$INFO[Skin.String(CustomHomeTile12SystemArt)]</icon>
				<thumb>$INFO[Skin.String(CustomHomeTile12Logo)]</thumb>
				<visible>Skin.HasSetting(CustomHomeTile12Enabled)</visible>
		</item>
		<item id="87">
				<label>Direct Launch</label>
				<label2>customtile</label2>
				<onclick>SetFocus(9100)</onclick>
				<onclick>RunScript(special://emustation_scripts/direct_launch_emulator.py,0,$INFO[Skin.String(CustomHomeTile13Xbe)])</onclick>
				<icon>$INFO[Skin.String(CustomHomeTile13SystemArt)]</icon>
				<thumb>$INFO[Skin.String(CustomHomeTile13Logo)]</thumb>
				<visible>Skin.HasSetting(CustomHomeTile13Enabled)</visible>
		</item>
		<item id="88">
				<label>Direct Launch</label>
				<label2>customtile</label2>
				<onclick>SetFocus(9100)</onclick>
				<onclick>RunScript(special://emustation_scripts/direct_launch_emulator.py,0,$INFO[Skin.String(CustomHomeTile14Xbe)])</onclick>
				<icon>$INFO[Skin.String(CustomHomeTile14SystemArt)]</icon>
				<thumb>$INFO[Skin.String(CustomHomeTile14Logo)]</thumb>
				<visible>Skin.HasSetting(CustomHomeTile14Enabled)</visible>
		</item>
		<item id="89">
				<label>Direct Launch</label>
				<label2>customtile</label2>
				<onclick>SetFocus(9100)</onclick>
				<onclick>RunScript(special://emustation_scripts/direct_launch_emulator.py,0,$INFO[Skin.String(CustomHomeTile15Xbe)])</onclick>
				<icon>$INFO[Skin.String(CustomHomeTile15SystemArt)]</icon>
				<thumb>$INFO[Skin.String(CustomHomeTile15Logo)]</thumb>
				<visible>Skin.HasSetting(CustomHomeTile15Enabled)</visible>
		</item>
</content>
