<Skin name="Halo2">
		<Information>
				<Author>fdp76</Author>
				<Version>1</Version>
				<Copyright>2004</Copyright>
				<ScreenSize Width="640" Height="576" />
				<Skinner Name="UX Architect" Version="1.0c" />
		</Information>
		<Filemanager SafeBorder="False">
				<Background>filemanager.png</Background>
		</Filemanager>
		<LoadingScreen ShowInfo="False">
				<Background>loading.png</Background>
		</LoadingScreen>
		<Main Globe="False" Orb="False" Fog="False">
				<Background EnableAudio="False">menus.jpg</Background>
				<InfoFont>Square-10.xpr</InfoFont>
				<Text Top="16" Left="11" Width="390" Scroll="0" Color="0xFF00FF00" Source="Newsfeed" Align="Middle" />
				<Text Top="16" Left="483" Width="390" Scroll="0" Color="0xFF00FF00" Source="NewsSource" Align="Middle" />
				<Text Top="450" Left="27" Width="200" Scroll="0" Color="0xFF00FF00" Source="IP" Align="Left" />
				<Text Top="430" Left="28" Width="200" Scroll="0" Color="0xFF00FF00" Source="DateTime" Align="Left" />
				<Text Top="410" Left="28" Width="200" Scroll="0" Color="0xFF00FF00" Source="G_Free" Align="Left" />
				<Text Top="390" Left="30" Width="200" Scroll="0" Color="0xFF00FF00" Source="F_Free" Align="Left" />
				<Text Top="370" Left="30" Width="200" Scroll="0" Color="0xFF00FF00" Source="E_Free" Align="Left" />
				<Image Top="62" Left="200" Width="181" Height="144" Opacity="100">cool.png</Image>
				<Image Source="GamePreview" />
				<Menu Align="Left" ShowIcon="True" Rotate="True" ShowArrows="False">
						<Preview EnableAudio="True" Top="84" Left="230" Width="119" Height="99" />
						<ItemPos Top="80" Left="26" Width="200">
						</ItemPos>
						<ItemPos Top="120" Left="26" Width="200">
						</ItemPos>
						<ItemPos Top="160" Left="26" Width="200">
						</ItemPos>
						<ItemPos Top="200" Left="26" Width="200">
						</ItemPos>
						<ItemPos Top="240" Left="26" Width="200">
						</ItemPos>
						<Font>20thCentury-14.xpr</Font>
				</Menu>
				<ColorScheme>
						<AMBIENT_FOGCOLOR>0xFFFF0000</AMBIENT_FOGCOLOR>
						<AMBIENT_SKYCOLOR>0xFF400000</AMBIENT_SKYCOLOR>
						<AMBIENT_CELLCOLOR>0xFFFFFFFF</AMBIENT_CELLCOLOR>
						<CAPTION_TEXTCOLOR>0xFFFFFFFF</CAPTION_TEXTCOLOR>
						<CAPTION_BACKCOLOR>0xFF000000</CAPTION_BACKCOLOR>
						<DIALOG_BORDERCOLOR>0xFFFFFFFF</DIALOG_BORDERCOLOR>
						<DIALOG_BACKCOLOR>0xD1804000</DIALOG_BACKCOLOR>
						<DIALOG_INNER_BORDERCOLOR>0xFFFFFFFF</DIALOG_INNER_BORDERCOLOR>
						<DIALOG_INNER_BACKCOLOR>0xFF000000</DIALOG_INNER_BACKCOLOR>
						<DIALOG_TEXTCOLOR>0xFFFFFFFF</DIALOG_TEXTCOLOR>
						<DIALOG_DISABLEDTEXT>0xFFB3B3B4</DIALOG_DISABLEDTEXT>
						<OPTION_TEXTCOLOR>0xFFFFFFFF</OPTION_TEXTCOLOR>
						<OPTION_ACTIVETEXTCOLOR>0xFFFFFFFF</OPTION_ACTIVETEXTCOLOR>
						<OPTION_ACTIVEBACKCOLOR>0xFF804040</OPTION_ACTIVEBACKCOLOR>
						<BUTTON_BORDERCOLOR>0xFFFFFFFF</BUTTON_BORDERCOLOR>
						<BUTTON_TEXTCOLOR>0xFFFFFFFF</BUTTON_TEXTCOLOR>
						<BUTTON_BACKCOLOR>0xFF400000</BUTTON_BACKCOLOR>
						<BUTTON_ACTIVETEXTCOLOR>0xFFFFFFFF</BUTTON_ACTIVETEXTCOLOR>
						<BUTTON_ACTIVEBACKCOLOR>0xFF800000</BUTTON_ACTIVEBACKCOLOR>
						<KB_KEYBG_HIGHLIGHT>0xFF800000</KB_KEYBG_HIGHLIGHT>
						<KB_KEYBG_DISABLED>0xFFC0C0C0</KB_KEYBG_DISABLED>
						<KB_KEY_PRESSED>0xFF008000</KB_KEY_PRESSED>
						<KB_KEY_NORMAL>0xFF000000</KB_KEY_NORMAL>
						<KB_KEY_DISABLED>0xFFFFFFFF</KB_KEY_DISABLED>
						<KB_KEY_ACTIVEBORDER>0xFFFFFFFF</KB_KEY_ACTIVEBORDER>
						<KB_KEY_TEXTCOLOR>0xFF000000</KB_KEY_TEXTCOLOR>
						<KB_KEY_TEXTBACKCOLOR>0xFFFFFFFF</KB_KEY_TEXTBACKCOLOR>
						<KB_KEY_TEXTBORDERCOLOR>0xFFFFFFFF</KB_KEY_TEXTBORDERCOLOR>
						<MENU_TEXTCOLOR>0x9600FF00</MENU_TEXTCOLOR>
						<MENU_ACTIVETEXTCOLOR>0xFFFFFFFF</MENU_ACTIVETEXTCOLOR>
				</ColorScheme>
		</Main>
</Skin>