<playercorefactory>
  <players>
    <!-- These are compiled-in as re-ordering them would break scripts
    The following aliases may also be used:
      audiodefaultplayer, videodefaultplayer
    <player name="DVDPlayer" audio="true" video="true" />
    <player name="MPlayer" audio="true" video="true" />
    <player name="PAPlayer" audio="true" />
    -->
  </players>

  <rules>
    <rule name="rtv" protocols="rtv" player="DVDPlayer" />
    <rule name="hdhomerun/myth/rtmp/mms/udp" protocols="hdhomerun|myth|cmyth|rtmp|mms|mmsh|udp" player="DVDPlayer" />
    <rule name="lastfm/shout" protocols="lastfm|shout" player="PAPlayer" />

    <!-- dvdplayer can play standard rtsp streams -->
    <rule name="rtsp" protocols="rtsp" filetypes="!(rm|ra)"  player="PAPlayer" />

    <!-- Internet streams -->
    <rule name="streams" internetstream="true">
      <rule name="flv/aacp/sdp" mimetypes="video/x-flv|video-flv|audio/aacp|application/sdp" player="DVDPlayer" />
      <rule name="mp2" mimetypes="application/octet-stream" filetypes="mp2" player="PAPlayer" />
    </rule>

    <!-- DVDs -->
    <rule name="dvd" dvd="true" player="DVDPlayer" />
    <rule name="dvdfile" dvdfile="true" player="DVDPlayer" />
    <rule name="dvdimage" dvdimage="true" player="DVDPlayer" />

    <!-- dvdplayer generally plays these better -->
    <rule name="ogv/flv/mov" filetypes="ogv|flv|mov" player="DVDPlayer" />

    <!-- Pass these to dvdplayer as we do not know if they are audio or video -->
    <rule name="nsv" filetypes="nsv" player="DVDPlayer" />
  </rules>
</playercorefactory>
