<Skin name="The Simpsons Episode 1">
		<Information>
				<Author>Jonathan2007</Author>
				<Version>1</Version>
				<Copyright>2004</Copyright>
				<Skinner Name="UX Architect" Version="1.0c" />
		</Information>
		<Filemanager SafeBorder="False">
				<Background>filemanager.png</Background>
		</Filemanager>
		<LoadingScreen ShowInfo="False">
				<Background>loading.png</Background>
		</LoadingScreen>
		<Main Globe="False" Orb="False" Fog="False">
				<Background EnableAudio="False">background.png</Background>
				<InfoFont>39Smooth-12.xpr</InfoFont>
				<Text Top="25" Left="605" Scroll="0" Color="0xFFFFFFFF" Source="SongName" Align="Right" />
				<Text Top="45" Left="605" Scroll="0" Color="0xFFFFFFFF" Source="SongTime" Align="Right" />
				<Text Top="105" Left="605" Scroll="0" Color="0xFFFFFFFF" Source="F_FreeMB" Align="Right" />
				<Text Top="125" Left="605" Scroll="0" Color="0xFFFFFFFF" Source="IP" Align="Right" />
				<Text Top="85" Left="605" Scroll="0" Color="0xFFFFFFFF" Source="E_FreeMB" Align="Right" />
				<Text Top="65" Left="605" Scroll="0" Color="0xFFFFFFFF" Source="DVDType" Align="Right" />
				<Image Top="342" Left="502" Width="128" Height="128" Source="GameIcon" />
				<Image Source="GamePreview" />
				<Menu Align="Middle" ShowIcon="False" ShowArrows="False">
						<Position Top="57" Left="52" Width="277" Height="180" Fixed="False" FixAt="2" MaxItem="4" />
						<Preview EnableAudio="True" Top="330" Left="10" Width="200" Height="150" />
						<Font>39Smooth-12.xpr</Font>
				</Menu>
				<ColorScheme>
						<AMBIENT_FOGCOLOR>0x00FFFFFF</AMBIENT_FOGCOLOR>
						<AMBIENT_SKYCOLOR>0x0000000F</AMBIENT_SKYCOLOR>
						<AMBIENT_CELLCOLOR>0x0000C000</AMBIENT_CELLCOLOR>
						<CAPTION_TEXTCOLOR>0xFFFFFFFF</CAPTION_TEXTCOLOR>
						<CAPTION_BACKCOLOR>0xFF808080</CAPTION_BACKCOLOR>
						<DIALOG_BORDERCOLOR>0xFF000000</DIALOG_BORDERCOLOR>
						<DIALOG_BACKCOLOR>0xFF808080</DIALOG_BACKCOLOR>
						<DIALOG_INNER_BORDERCOLOR>0xFF000000</DIALOG_INNER_BORDERCOLOR>
						<DIALOG_INNER_BACKCOLOR>0xFFC0C0C0</DIALOG_INNER_BACKCOLOR>
						<DIALOG_TEXTCOLOR>0xFF000000</DIALOG_TEXTCOLOR>
						<DIALOG_DISABLEDTEXT>0xFF3A3A3A</DIALOG_DISABLEDTEXT>
						<OPTION_TEXTCOLOR>0xFF000000</OPTION_TEXTCOLOR>
						<OPTION_ACTIVETEXTCOLOR>0xFF000000</OPTION_ACTIVETEXTCOLOR>
						<OPTION_ACTIVEBACKCOLOR>0x00273CF3</OPTION_ACTIVEBACKCOLOR>
						<BUTTON_BORDERCOLOR>0xC8000000</BUTTON_BORDERCOLOR>
						<BUTTON_TEXTCOLOR>0xFFFFFFFF</BUTTON_TEXTCOLOR>
						<BUTTON_BACKCOLOR>0xFF373737</BUTTON_BACKCOLOR>
						<BUTTON_ACTIVETEXTCOLOR>0xFF000000</BUTTON_ACTIVETEXTCOLOR>
						<BUTTON_ACTIVEBACKCOLOR>0xFF408080</BUTTON_ACTIVEBACKCOLOR>
						<KB_KEYBG_HIGHLIGHT>0xC8408080</KB_KEYBG_HIGHLIGHT>
						<KB_KEYBG_DISABLED>0x78C0C0C0</KB_KEYBG_DISABLED>
						<KB_KEY_PRESSED>0xFF408080</KB_KEY_PRESSED>
						<KB_KEY_NORMAL>0xFF000000</KB_KEY_NORMAL>
						<KB_KEY_DISABLED>0x78808080</KB_KEY_DISABLED>
						<KB_KEY_ACTIVEBORDER>0x78000000</KB_KEY_ACTIVEBORDER>
						<KB_KEY_TEXTCOLOR>0xFF000000</KB_KEY_TEXTCOLOR>
						<KB_KEY_TEXTBACKCOLOR>0xFFFFFFFF</KB_KEY_TEXTBACKCOLOR>
						<KB_KEY_TEXTBORDERCOLOR>0x78808080</KB_KEY_TEXTBORDERCOLOR>
						<MENU_TEXTCOLOR>0xFF000000</MENU_TEXTCOLOR>
						<MENU_ACTIVETEXTCOLOR>0xFFFFFFFF</MENU_ACTIVETEXTCOLOR>
						<MENU_ACTIVEBACKCOLOR>0xFF000080</MENU_ACTIVEBACKCOLOR>
				</ColorScheme>
		</Main>
</Skin>