<Skin name="Softmod Evox">
	<Information>
		<Author>Rocky5</Author>
		<Copyright>Xbox</Copyright>
		<Version>1.1.2</Version>
	</Information>
	<Fonts>
		<Font Name="font1">skin files\fonts\font1.xpr</Font>
		<Font Name="font2">skin files\fonts\font2.xpr</Font>
		<Font Name="font3">skin files\fonts\font3.xpr</Font>
	</Fonts>
	<IntroMovie/>
	<FileManager SafeBorder="False" DrawBorder="False">
		<BackGround/>
	</FileManager>
	<LoadingScreen ShowInfo="False">
		<BackGround>skin files\images\loading.png</BackGround>
	</LoadingScreen>
	<Main Globe="False" Orb="False" Fog="False">
		<BackGround EnableAudio="False">skin files\images\background.png</BackGround>
		<Cellwall/>
		<Orb/>
		<Icon/>
		<Menu Horizontal="False" Smooth="False" Align="Middle" ShowIcon="False" Rotate="False" ShowArrows="False" Scroll="1">
			<Position Top="257" Left="99" Width="441" Height="195" Fixed="True" FixAt="4" MaxItem="0"/>
			<Font>font3</font>
			<Preview EnableAudio="False" Top="0" Left="0" Width="0" Height="0" />
		</Menu>
		<InfoFont>font2</InfoFont>
		<!-- ------------------ -->
		<!--    Colour Pallet   -->
		<!-- ------------------ --
		<Text zindex="9" Top="0" Left="9" Width="82" Align="Middle" ScaleX="75" ScaleY="75" Color="0xff000000" Source="Colour Pallet"/>
		<Shape zindex="9" Type="Rectangle" Top="19" Left="9" Width="82" Height="12" BorderColor="" BackColor="0xff000000"/>
		<Shape zindex="10" Type="Rectangle" Top="20" Left="10" Width="10" Height="10" BorderColor="" BackColor="0xff626473"/>
		<Shape zindex="10" Type="Rectangle" Top="20" Left="20" Width="10" Height="10" BorderColor="" BackColor="0xff4c4d58"/>
		<Shape zindex="10" Type="Rectangle" Top="20" Left="30" Width="10" Height="10" BorderColor="" BackColor="0xff3a3a46"/>
		<Shape zindex="10" Type="Rectangle" Top="20" Left="40" Width="10" Height="10" BorderColor="" BackColor="0xffaee239"/>
		<Shape zindex="10" Type="Rectangle" Top="20" Left="50" Width="10" Height="10" BorderColor="" BackColor="0xff4a4a56"/>
		<Shape zindex="10" Type="Rectangle" Top="20" Left="60" Width="10" Height="10" BorderColor="" BackColor="0x00626473"/>
		<Shape zindex="10" Type="Rectangle" Top="20" Left="70" Width="10" Height="10" BorderColor="" BackColor="0x00de8c86"/>
		<Shape zindex="10" Type="Rectangle" Top="20" Left="80" Width="10" Height="10" BorderColor="" BackColor="0x0086d7de"/>
		<!-- ------------------ -->
		<!-- GUI Elements start -->
		<!-- ------------------ -->
		<!-- Logos at the top of the screen -->
		<Image zindex="3" Top="135" Left="154" Width="334" Height="55">skin files\images\Xbox Logo.png</image>
		<!-- <Image zindex="3" Top="89" Left="202" Width="239" Height="23">skin files\images\Softmodding Tool.png</image> -->
		<!-- Top Bar -->
		<Shape zindex="2" Type="Rectangle" Top="4" Left="5" Width="630" Height="16" BorderColor="0xff4c4d58" BackColor="0xbf626473"/>
		<!-- Top left -->
		<Shape zindex="1" Type="Rectangle" Top="4" Left="5" Width="150" Height="16" BorderColor="0xff4c4d58" BackColor="0xbf626473"/>
		<Text zindex="3" Top="0" Left="5" Width="150" Align="Middle" ScaleX="100" ScaleY="100" Color="0xffaee239" Source="System Info"/>
		<Text zindex="3" Top="20" Left="5" Width="150" Align="Left" ScaleX="100" ScaleY="100" Color="0xff4a4a56" Source="Time"/>
		<Text zindex="3" Top="35" Left="5" Width="150" Align="Left" ScaleX="100" ScaleY="100" Color="0xff4a4a56" Source="Xbox Region: $VideoMode$"/>
		<Text zindex="3" Top="50" Left="5" Width="150" Align="Left" ScaleX="100" ScaleY="100" Color="0xff4a4a56" Source="Version"/>
		<!-- Top right -->
		<Shape zindex="1" Type="Rectangle" Top="4" Left="485" Width="150" Height="16" BorderColor="0xff4c4d58" BackColor="0xbf626473"/>
		<Text zindex="3" Top="0" Left="485" Width="150" Align="Middle" ScaleX="100" ScaleY="100" Color="0xffaee239" Source="Network Info"/>
		<Text zindex="3" Top="20" Left="485" Width="150" Align="Right" ScaleX="100" ScaleY="100" Color="0xff4a4a56" Source="IP"/>
		<Text zindex="3" Top="35" Left="485" Width="150" Align="Right" ScaleX="100" ScaleY="100" Color="0xff4a4a56" Source="Active Users: $NumClient$"/>
		<!-- Top middle -->
		<Shape zindex="1" Type="Rectangle" Top="4" Left="245" Width="150" Height="16" BorderColor="0xff4c4d58" BackColor="0xbf626473"/>
		<Text zindex="3" Top="0" Left="245" Width="150" Align="Middle" ScaleX="100" ScaleY="100" Color="0xffaee239" Source="Skin Info"/>
		<Text zindex="3" Top="20" Left="245" Width="150" Align="Middle" ScaleX="100" ScaleY="100" Color="0xff4a4a56" Source="Running: v$SkinVersion$"/>
		<Text zindex="3" Top="35" Left="245" Width="150" Align="Middle" ScaleX="100" ScaleY="100" Color="0xff4a4a56" Source="Creator: $SkinAuthor$"/>
		<!-- Bottom left -->
		<Text zindex="3" Top="460" Left="5" Width="100" Align="Left" ScaleX="100" ScaleY="100" Color="0xff3a3a46" Source="Tray:"/>
		<Text zindex="3" Top="460" Left="35" Width="340" Align="Left" ScaleX="100" ScaleY="100" Color="0xff3a3a46" Source="DVDTitle"/>
		<!-- <Image zindex="3" Top="10" Left="590" Width="42" Height="42" Source="GameIcon"/> -->
		<!-- (A) Select (B) Back section -->
		<Shape zindex="1" Type="Rectangle" Top="339" Left="0" Width="165" Height="25" BorderColor="0x00000000" BackColor="0xff3b3c47"/>
		<Shape zindex="1" Type="Rectangle" Top="339" Left="0" Width="148" Height="45" BorderColor="0x00000000" BackColor="0xff3b3c47"/>
		<Shape zindex="1" Type="triangle" Top="362" Left="131" Width="35" Height="21" BorderColor="0x00000000" BackColor="0xff3b3c47" Direction="down"/>
		<Shape zindex="1" Type="Rectangle" Top="339" Left="0" Width="499" Height="4" BorderColor="0x00000000" BackColor="0xff3b3c47"/>
		<Shape zindex="1" Type="Rectangle" Top="362" Left="0" Width="475" Height="4" BorderColor="0x00000000" BackColor="0xff3b3c47"/>
		<Image zindex="3" Top="342" Left="24" Width="112" Height="38">skin files\images\buttons.png</image>

		<!-- 	
		<Shape zindex="1" Type="Rectangle" Top="160" Left="300" Width="110" Height="4" BorderColor="0x00000000" BackColor="0xff3b3c47"/>
		<Shape zindex="1" Type="Rectangle" Top="280" Left="300" Width="110" Height="4" BorderColor="0x00000000" BackColor="0xff3b3c47"/>
	-->
	</Main>
	<MusicPlayer Top="1" Left="1" Width="640" Height="480" >
		<BackGround>skin files\images\musicplayer\musicbg.png</BackGround>
		<ButtonMap>skin files\images\musicplayer\buttonmap.png</ButtonMap>
		<Element Type="Prev" Top="275" Left="170" Width="35" Height="40"/>
		<Element Type="Play" Top="275" Left="206" Width="35" Height="40"/>
		<Element Type="Pause" Top="275" Left="242" Width="35" Height="40"/>
		<Element Type="Stop" Top="275" Left="278" Width="35" Height="40"/>
		<Element Type="Next" Top="275" Left="314" Width="35" Height="40"/>
		<!-- <Element Type="PrevTrack" Top="275" Left="350" Width="35" Height="40"/> -->
		<!-- <Element Type="NextTrack" Top="275" Left="386" Width="35" Height="40"/> -->
		<Element Type="Random" Top="275" Left="350" Width="35" Height="20" zIndex="2"/>
		<Element Type="Mute" Top="275" Left="386" Width="35" Height="20" zIndex="2"/>
		<!-- Visualisation -->
		<Image zindex="0" Top="154" Left="169" Width="78" Height="94">skin files\images\musicplayer\vbunderlay.png</image>
		<Image zindex="2" Top="0" Left="0" Width="640" Height="480">skin files\images\musicplayer\vboverlay.png</image>
		<Element zIndex="1" Type="Meter" Top="149" Left="174" Width="190" Height="94"/>
		<!-- Volume bar -->
		<Element Type="Volume" Top="320" Left="165" Width="310" Height="5"/>
		<!-- Progress bar -->
		<Element Type="Progress" Top="325" Left="165" Width="310" Height="5"/>
		<Image zIndex="3" Top="275" Left="427" Width="40" Height="40" Source="AlbumArt"/>
		<Text zIndex="3" Top="251" Left="172" Width="300" Height="20" Color="0xffafb2ce" Align="Left" Font="font2" Scroll="1" ScaleX="100" ScaleY="100" Source="Track: $SongName$"/>
		<Text zIndex="3" Top="168" Left="255" Width="215" Height="20" Color="0xffafb2ce" Align="Left" Font="font2" Scroll="1" ScaleX="100" ScaleY="100" Source="Duration:"/>
		<Text zIndex="3" Top="183" Left="260" Width="215" Height="20" Color="0xffafb2ce" Align="Left" Font="font2" Scroll="1" ScaleX="100" ScaleY="100" Source="SongLength"/>
		<Text zIndex="3" Top="182" Left="291" Width="215" Height="20" Color="0xffafb2ce" Align="Left" Font="font2" Scroll="1" ScaleX="100" ScaleY="100" Source="/"/>
		<Text zIndex="3" Top="183" Left="297" Width="215" Height="20" Color="0xffaee239" Align="Left" Font="font2" Scroll="1" ScaleX="100" ScaleY="100" Source="SongTime"/>
		<Text zIndex="3" Top="168" Left="340" Width="215" Height="20" Color="0xffafb2ce" Align="Left" Font="font2" Scroll="1" ScaleX="100" ScaleY="100" Source="Extras Info:"/>
		<Text zIndex="3" Top="183" Left="345" Width="215" Height="20" Color="0xffafb2ce" Align="Left" Font="font2" Scroll="1" ScaleX="100" ScaleY="100" Source="Bitrate:"/>
		<Text zIndex="3" Top="183" Left="389" Width="215" Height="20" Color="0xffaee239" Align="Left" Font="font2" Scroll="1" ScaleX="100" ScaleY="100" Source="SongBitRate"/>
		<Text zIndex="3" Top="198" Left="345" Width="215" Height="20" Color="0xffafb2ce" Align="Left" Font="font2" Scroll="1" ScaleX="100" ScaleY="100" Source="Channels:"/>
		<Text zIndex="3" Top="198" Left="403" Width="215" Height="20" Color="0xffaee239" Align="Left" Font="font2" Scroll="1" ScaleX="100" ScaleY="100" Source="SongChannel"/>
		<Text zIndex="3" Top="213" Left="345" Width="215" Height="20" Color="0xffafb2ce" Align="Left" Font="font2" Scroll="1" ScaleX="100" ScaleY="100" Source="Frequency:"/>
		<Text zIndex="3" Top="213" Left="411" Width="215" Height="20" Color="0xffaee239" Align="Left" Font="font2" Scroll="1" ScaleX="100" ScaleY="100" Source="SongFrequency"/>
		<Playlist Top="105" Left="-25" Width="690" Height="480" OffsetX="174" OffsetX2="170" OffsetY="152" OffsetY2="0">
			<BackGround>skin files\images\musicplayer\musicbg.png</BackGround>
		</Playlist>		
	</MusicPlayer>
	<ColorScheme>
		<!-- Music menu playlist screen -->
		<MMActiveForeColor>0xffaee239</MMActiveForeColor>
		<MMForeColor>0xffafb2ce</MMForeColor>
		<MMDarkBackColor>0xff3a3a46</MMDarkBackColor>
		<MMLightBackColor>0xff626473</MMLightBackColor>
		<MM_BORDERCOLOR>0xff4c4d58</MM_BORDERCOLOR>
		<!-- Visualisation colour -->
		<MMDarkBarColor>0xffaee239</MMDarkBarColor>
		<!-- These seem to do nothing -->
		<MMBarBackColor>0xff86d7de</MMBarBackColor>
		<MMOffForeColor>0xff86d7de</MMOffForeColor>
		<MMLightBarColor>0xff86d7de</MMLightBarColor>
		<!-- Not sure, they seem to do nothing -->
		<WINDOWBACKCOLOR>0xffaee239</WINDOWBACKCOLOR>
		<WINDOWFORECOLOR>0xff000000</WINDOWFORECOLOR>
		<!-- Background effect colours -->
		<AMBIENT_FOGCOLOR>0x00000000</AMBIENT_FOGCOLOR>
		<AMBIENT_SKYCOLOR>0x00000000</AMBIENT_SKYCOLOR>
		<AMBIENT_CELLCOLOR>0x00000000</AMBIENT_CELLCOLOR>
		<!-- Please wait overlay, menu header colour eg... -->
		<CAPTION_TEXTCOLOR>0xffaee239</CAPTION_TEXTCOLOR>
		<CAPTION_BACKCOLOR>0x00626473</CAPTION_BACKCOLOR>
		<!-- Dialogs, ie, Batch process and progress bars eg... -->
		<DIALOG_BORDERCOLOR>0xff3a3a46</DIALOG_BORDERCOLOR>
		<DIALOG_BACKCOLOR>0xdd626473</DIALOG_BACKCOLOR>
		<DIALOG_INNER_BORDERCOLOR>0xff3a3a46</DIALOG_INNER_BORDERCOLOR>
		<DIALOG_INNER_BACKCOLOR>0xbb3a3a46</DIALOG_INNER_BACKCOLOR>
		<DIALOG_TEXTCOLOR>0xffafb2ce</DIALOG_TEXTCOLOR>
		<DIALOG_DISABLEDTEXT>0xff626473</DIALOG_DISABLEDTEXT>
		<!-- Settings menu -->
		<OPTION_TEXTCOLOR>0xffafb2ce</OPTION_TEXTCOLOR>
		<OPTION_ACTIVETEXTCOLOR>0xffaee239</OPTION_ACTIVETEXTCOLOR>
		<OPTION_ACTIVEBACKCOLOR>0xff3a3a46</OPTION_ACTIVEBACKCOLOR>
		<!-- Dialogs, ie, Yes/no buttons eg... -->
		<BUTTON_BORDERCOLOR>0xff3a3a46</BUTTON_BORDERCOLOR>
		<BUTTON_TEXTCOLOR>0xffafb2ce</BUTTON_TEXTCOLOR>
		<BUTTON_BACKCOLOR>0xff626473</BUTTON_BACKCOLOR>
		<BUTTON_ACTIVETEXTCOLOR>0xffaee239</BUTTON_ACTIVETEXTCOLOR>
		<BUTTON_ACTIVEBACKCOLOR>0xff3a3a46</BUTTON_ACTIVEBACKCOLOR>
		<!-- Keyboard -->
		<KB_KEYBG_HIGHLIGHT>0xff626473</KB_KEYBG_HIGHLIGHT>
		<KB_KEYBG_DISABLED>0xff3a3a46</KB_KEYBG_DISABLED>
		<KB_KEY_PRESSED>0xff3a3a46</KB_KEY_PRESSED>
		<KB_KEY_NORMAL>0xff3a3a46</KB_KEY_NORMAL>
		<KB_KEY_DISABLED>0xffafb2ce</KB_KEY_DISABLED>
		<KB_KEY_ACTIVEBORDER>0xffaee239</KB_KEY_ACTIVEBORDER>
		<KB_KEY_TEXTCOLOR>0xff3a3a46</KB_KEY_TEXTCOLOR>
		<KB_KEY_TEXTBACKCOLOR>0xffaee239</KB_KEY_TEXTBACKCOLOR>
		<KB_KEY_TEXTBORDERCOLOR>0xffaee239</KB_KEY_TEXTBORDERCOLOR>
		<!-- Main menu -->
		<MENU_TEXTCOLOR>0xff8b8ba1</MENU_TEXTCOLOR>
		<MENU_ACTIVETEXTCOLOR>0xff4a4a56</MENU_ACTIVETEXTCOLOR>
		<MENU_BORDERCOLOR>0x00000000</MENU_BORDERCOLOR>
		<MENU_BACKCOLOR>0x00000000</MENU_BACKCOLOR>
		<MENU_ACTIVEBACKCOLOR>0x00000000</MENU_ACTIVEBACKCOLOR>
		<MENU_ACTIVEBORDERCOLOR>0x00000000</MENU_ACTIVEBORDERCOLOR>
	</ColorScheme>
</Skin>
