<Skin name="xsteel">
		<Information>
				<Author>w4tch3r</Author>
				<Copyright>Copyright 2003</Copyright>
				<Version>1</Version>
		</Information>
		<Main Globe="False" Orb="False">
				<InfoFont>Ad.xpr</InfoFont>
				<BackGround>bg.png</BackGround>
				<Cellwall>
				</Cellwall>
				<Orb>
				</Orb>
				<Icon>
				</Icon>
				<GameIcon Enable="True" Opacity="10">
						<Position Top="114" Left="80" Width="177" Height="181" />
				</GameIcon>
				<Menu Smooth="True" ShowIcon="False" Rotate="True">
						<Position Top="85" Left="375" Width="540" Height="176">
						</Position>
						<Font>Verdana_10.xpr</Font>
				</Menu>
				<Text Left="470" Top="385" Align="Right" Color="0xFF2FEC49" Source="Tray">
				</Text>
				<Text Left="325" Top="385" Align="Right" Color="0xFF2FEC49" Source="IP">
				</Text>
				<Text Left="147" Top="410" Align="Left" Color="0xFF2FEC49" Source="SoundTrack">
				</Text>
				<Text Left="147" Top="430" Align="Left" Color="0xFF2FEC49" Source="SongName">
				</Text>
				<Text Left="325" Top="410" Align="Left" Color="0xFF2FEC49" Source="E_FreeMB">
				</Text>
				<Text Left="325" Top="430" Align="Left" Color="0xFF2FEC49" Source="F_FreeMB">
				</Text>
		</Main>
		<ColorScheme>
				<AMBIENT_FOGCOLOR>0xFF000020</AMBIENT_FOGCOLOR>
				<AMBIENT_SKYCOLOR>0xFF000000</AMBIENT_SKYCOLOR>
				<AMBIENT_CELLCOLOR>0xFFFFFFFF</AMBIENT_CELLCOLOR>
				<CAPTION_TEXTCOLOR>0xFFFFFFC0</CAPTION_TEXTCOLOR>
				<CAPTION_BACKCOLOR>0xFF000000</CAPTION_BACKCOLOR>
				<DIALOG_BORDERCOLOR>0xFFFFFFFF</DIALOG_BORDERCOLOR>
				<DIALOG_BACKCOLOR>0xCD1E34F2</DIALOG_BACKCOLOR>
				<DIALOG_INNER_BORDERCOLOR>0xFFFFE2B4</DIALOG_INNER_BORDERCOLOR>
				<DIALOG_INNER_BACKCOLOR>0xE1003399</DIALOG_INNER_BACKCOLOR>
				<DIALOG_TEXTCOLOR>0xFFFFFFFF</DIALOG_TEXTCOLOR>
				<DIALOG_DISABLEDTEXT>0x7F0000C0</DIALOG_DISABLEDTEXT>
				<OPTION_TEXTCOLOR>0xFFFFFFFF</OPTION_TEXTCOLOR>
				<OPTION_ACTIVETEXTCOLOR>0xFF40FFFF</OPTION_ACTIVETEXTCOLOR>
				<OPTION_ACTIVEBACKCOLOR>0xFF000080</OPTION_ACTIVEBACKCOLOR>
				<BUTTON_BORDERCOLOR>0xFFFFE2B4</BUTTON_BORDERCOLOR>
				<BUTTON_TEXTCOLOR>0xFF993300</BUTTON_TEXTCOLOR>
				<BUTTON_BACKCOLOR>0xCD1E34F2</BUTTON_BACKCOLOR>
				<BUTTON_ACTIVETEXTCOLOR>0xFFFFFFFF</BUTTON_ACTIVETEXTCOLOR>
				<BUTTON_ACTIVEBACKCOLOR>0xE1003399</BUTTON_ACTIVEBACKCOLOR>
				<KB_KEYBG_HIGHLIGHT>0xcc0000C0</KB_KEYBG_HIGHLIGHT>
				<KB_KEYBG_DISABLED>0xffc0c0c0</KB_KEYBG_DISABLED>
				<KB_KEY_PRESSED>0xff808080</KB_KEY_PRESSED>
				<KB_KEY_NORMAL>0xff000000</KB_KEY_NORMAL>
				<KB_KEY_DISABLED>0xff808080</KB_KEY_DISABLED>
				<KB_KEY_ACTIVEBORDER>0xff0000FF</KB_KEY_ACTIVEBORDER>
				<KB_KEY_TEXTCOLOR>0xffFFFFFF</KB_KEY_TEXTCOLOR>
				<KB_KEY_TEXTBACKCOLOR>0xffFFFFFF</KB_KEY_TEXTBACKCOLOR>
				<MENU_TEXTCOLOR>0xFF07B4FE</MENU_TEXTCOLOR>
				<MENU_ACTIVETEXTCOLOR>0x99FFFFFF</MENU_ACTIVETEXTCOLOR>
				<MENU_BORDERCOLOR>0x00000000</MENU_BORDERCOLOR>
				<MENU_BACKCOLOR>0x00000000</MENU_BACKCOLOR>
				<MENU_ACTIVEBACKCOLOR>0x00000000</MENU_ACTIVEBACKCOLOR>
				<MENU_ACTIVEBORDERCOLOR>0x00000000</MENU_ACTIVEBORDERCOLOR>
		</ColorScheme>
</Skin>