<includes>
	<include name="custom_id_80">
		<control type="group">
			<visible>Control.IsVisible(80) + ![Control.IsVisible(50) | Window.IsVisible(134) | Window.IsVisible(1101) | Window.IsVisible(3000)]</visible>
			<include>Game.Views</include>
			<include>Fanart.FullScreen</include>
			<control type="image">
				<include>1280x720</include>
				<aspectratio scalediffuse="false">stretch</aspectratio>
				<colordiffuse>7DFFFFFF</colordiffuse>
				<texture>views\56\black-back.png</texture>
			</control>
			<control type="group">
				<animation effect="slide" start="0,0" end="0,-10" time="100" condition="!Skin.HasSetting(HideContextBar) + !Window.IsActive(1112)">Conditional</animation>
				<control type="fixedlist" id="80">
					<left>40</left>
					<top>280</top>
					<width>1200</width>
					<height>460</height>
					<onleft>80</onleft>
					<onright>80</onright>
					<onup>9000</onup>
					<ondown>90</ondown>
					<viewtype label="view80">biglist</viewtype>
					<pagecontrol>90</pagecontrol>
					<scrolltime>230</scrolltime>
					<focusposition>3</focusposition>
					<orientation>horizontal</orientation>
					<preloaditems>2</preloaditems>
					<itemlayout condition="!Skin.HasSetting(_resourcesenabled)" height="241" width="171.4">
						<control type="image">
							<left>0</left>
							<top>0</top>
							<width>171.4</width>
							<height>241</height>
							<aspectratio>stretch</aspectratio>
							<texture background="true" diffuse="views\56\diffuse.png">no_poster.jpg</texture>
						</control>
						<control type="image">
							<left>0</left>
							<top>0</top>
							<width>171.4</width>
							<height>241</height>
							<aspectratio>stretch</aspectratio>
							<texture background="true" diffuse="views\56\diffuse.png">$INFO[listitem.icon]</texture>
						</control>
					</itemlayout>
					<itemlayout condition="Skin.HasSetting(_resourcesenabled)" height="241" width="171.4">
						<control type="image">
							<left>0</left>
							<top>0</top>
							<width>171.4</width>
							<height>241</height>
							<aspectratio>stretch</aspectratio>
							<texture background="true" diffuse="views\56\diffuse.png">no_poster.jpg</texture>
						</control>
						<control type="image">
							<left>0</left>
							<top>0</top>
							<width>171.4</width>
							<height>241</height>
							<aspectratio>stretch</aspectratio>
							<texture background="true" diffuse="views\56\diffuse.png">$INFO[listitem.icon]</texture>
							<visible>IsEmpty(listitem.Synopsis_Resources)</visible>
						</control>
						<control type="image">
							<left>0</left>
							<top>0</top>
							<width>171.4</width>
							<height>241</height>
							<aspectratio>stretch</aspectratio>
							<texture background="true" diffuse="views\56\diffuse.png">$INFO[listitem.Synopsis_Resources]artwork\poster.jpg</texture>
						</control>
					</itemlayout>
					<focusedlayout condition="!Skin.HasSetting(_resourcesenabled)" height="241" width="171.4">
						<control type="image">
							<left>0</left>
							<top>0</top>
							<width>171.4</width>
							<height>241</height>
							<aspectratio>stretch</aspectratio>
							<texture background="true" diffuse="views\56\diffuse.png">no_poster.jpg</texture>
							<animation reversible="false" effect="zoom" start="0,0,171.4,241" end="-14.3,-21,200,283" time="120">focus</animation>
							<animation reversible="false" effect="zoom" end="0,0,171.4,241" start="-14.3,-21,200,283" time="120">unfocus</animation>
						</control>
						<control type="image">
							<left>0</left>
							<top>0</top>
							<width>171.4</width>
							<height>241</height>
							<aspectratio>stretch</aspectratio>
							<texture background="true" diffuse="views\56\diffuse.png">$INFO[listitem.icon]</texture>
							<animation reversible="false" effect="zoom" start="0,0,171.4,241" end="-14.3,-21,200,283" time="120">focus</animation>
							<animation reversible="false" effect="zoom" end="0,0,171.4,241" start="-14.3,-21,200,283" time="120">unfocus</animation>
						</control>
						<control type="image">
							<left>0</left>
							<top>0</top>
							<width>171.4</width>
							<height>241</height>
							<aspectratio>stretch</aspectratio>
							<texture background="true" diffuse="views\56\diffuse.png" border="5">views\56\poster-border.png</texture>
							<animation reversible="false" effect="zoom" start="0,0,171.4,241" end="-16.3,-23,204,287" time="120">focus</animation>
							<animation reversible="false" effect="fade" start="100" end="0" time="0">unfocus</animation>
						</control>
					</focusedlayout>
					<focusedlayout condition="Skin.HasSetting(_resourcesenabled)" height="241" width="171.4">
						<control type="image">
							<left>0</left>
							<top>0</top>
							<width>171.4</width>
							<height>241</height>
							<aspectratio>stretch</aspectratio>
							<texture background="true" diffuse="views\56\diffuse.png">no_poster.jpg</texture>
							<animation reversible="false" effect="zoom" start="0,0,171.4,241" end="-14.3,-21,200,283" time="120">focus</animation>
							<animation reversible="false" effect="zoom" end="0,0,171.4,241" start="-14.3,-21,200,283" time="120">unfocus</animation>
						</control>
						<control type="image">
							<left>0</left>
							<top>0</top>
							<width>171.4</width>
							<height>241</height>
							<aspectratio>stretch</aspectratio>
							<texture background="true" diffuse="views\56\diffuse.png">$INFO[listitem.icon]</texture>
							<animation reversible="false" effect="zoom" start="0,0,171.4,241" end="-14.3,-21,200,283" time="120">focus</animation>
							<animation reversible="false" effect="zoom" end="0,0,171.4,241" start="-14.3,-21,200,283" time="120">unfocus</animation>
							<visible>IsEmpty(listitem.Synopsis_Resources)</visible>
						</control>
						<control type="image">
							<left>0</left>
							<top>0</top>
							<width>171.4</width>
							<height>241</height>
							<aspectratio>stretch</aspectratio>
							<texture background="true" diffuse="views\56\diffuse.png">$INFO[listitem.Synopsis_Resources]artwork\poster.jpg</texture>
							<animation reversible="false" effect="zoom" start="0,0,171.4,241" end="-14.3,-21,200,283" time="120">focus</animation>
							<animation reversible="false" effect="zoom" end="0,0,171.4,241" start="-14.3,-21,200,283" time="120">unfocus</animation>
						</control>
						<control type="image">
							<left>0</left>
							<top>0</top>
							<width>171.4</width>
							<height>241</height>
							<aspectratio>stretch</aspectratio>
							<texture background="true" diffuse="views\56\diffuse.png">views\56\poster-border.png</texture>
							<animation reversible="false" effect="zoom" start="0,0,171.4,241" end="-16.3,-23,204,287" time="120">focus</animation>
							<animation reversible="false" effect="fade" start="100" end="0" time="0">unfocus</animation>
						</control>
					</focusedlayout>
				</control>
				<control type="textbox">
					<left>0</left>
					<top>120</top>
					<width>1280</width>
					<height>140</height>
					<font>size_50</font>
					<textcolor>colour.view56.label</textcolor>
					<shadowcolor>50000000</shadowcolor>
					<align>center</align>
					<aligny>bottom</aligny>
					<label>[UPPERCASE][B]$INFO[ListItem.Label][/B][/UPPERCASE]</label>
					<autoscroll delay="8000" time="171.40" repeat="10000" condition="true">Conditional</autoscroll>
				</control>
				<control type="grouplist">
					<description>Control Info</description>
					<left>40</left>
					<bottom>130</bottom>
					<width>1200</width>
					<height>40</height>
					<itemgap>0</itemgap>
					<align>center</align>
					<orientation>horizontal</orientation>
					<visible>!IsEmpty(listitem.Synopsis_Resources)</visible>
					<control type="image">
						<width>25</width>
						<height>25</height>
						<colordiffuse>colour.view56.info.icons</colordiffuse>
						<texture>synopsis icons\medium_trainer.png</texture>
						<visible>!IsEmpty(listitem.overlay) + StringCompare(listitem.overlay,OverlayHasTrainer.png)</visible>
					</control>
					<control type="image">
						<width>25</width>
						<height>25</height>
						<colordiffuse>colour.view56.info.icons</colordiffuse>
						<texture>synopsis icons\medium_trained.png</texture>
						<visible>!IsEmpty(listitem.overlay) + StringCompare(listitem.overlay,OverlayTrained.png)</visible>
					</control>
					<!-- dummy label (spacer)  -->
					<control type="label">
						<height>28</height>
						<width min="5" max="10">auto</width>
						<font>size_13</font>
						<aligny>center</aligny>
						<textcolor>colour.view56.info.label</textcolor>
						<label/>
						<visible>!IsEmpty(listitem.overlay)</visible>
					</control>
					<control type="image">
						<width>25</width>
						<height>25</height>
						<colordiffuse>colour.view56.info.icons</colordiffuse>
						<texture>synopsis icons\medium_played.png</texture>
					</control>
					<control type="label">
						<height>28</height>
						<width min="5" max="400">auto</width>
						<font>size_16</font>
						<aligny>center</aligny>
						<textcolor>colour.view56.info.label</textcolor>
						<label>[UPPERCASE] $INFO[ListItem.ProgramCount]  [/UPPERCASE]</label>
					</control>
					<control type="image">
						<width>25</width>
						<height>25</height>
						<colordiffuse>colour.view56.info.icons</colordiffuse>
						<texture>synopsis icons\medium_playercount.png</texture>
					</control>
					<control type="label">
						<height>28</height>
						<width min="5" max="400">auto</width>
						<font>size_16</font>
						<aligny>center</aligny>
						<textcolor>colour.view56.info.label</textcolor>
						<label>[UPPERCASE] $INFO[ListItem.Synopsis_PlayerCount]  [/UPPERCASE]</label>
					</control>
					<control type="image">
						<width>25</width>
						<height>25</height>
						<colordiffuse>colour.view56.info.icons</colordiffuse>
						<texture>synopsis icons\medium_rating.png</texture>
						<visible>!IsEmpty(ListItem.Synopsis_Rating) + !IsEmpty(ListItem.Synopsis_AltName)</visible>
					</control>
					<control type="label">
						<height>28</height>
						<width min="5" max="400">auto</width>
						<font>size_16</font>
						<aligny>center</aligny>
						<textcolor>colour.view56.info.label</textcolor>
						<label>[UPPERCASE] $INFO[ListItem.Synopsis_Rating]  [/UPPERCASE]</label>
						<visible>!IsEmpty(ListItem.Synopsis_Rating)</visible>
					</control>
					<control type="image">
						<width>25</width>
						<height>25</height>
						<colordiffuse>colour.view56.info.icons</colordiffuse>
						<texture>synopsis icons\medium_genre.png</texture>
						<visible>!IsEmpty(ListItem.Synopsis_Genre)</visible>
					</control>
					<control type="label">
						<height>28</height>
						<width min="5" max="400">auto</width>
						<font>size_16</font>
						<aligny>center</aligny>
						<textcolor>colour.view56.info.label</textcolor>
						<label>[UPPERCASE] $INFO[ListItem.Synopsis_Genre]  [/UPPERCASE]</label>
						<visible>!IsEmpty(ListItem.Synopsis_Genre)</visible>
					</control>
					<control type="image">
						<width>25</width>
						<height>25</height>
						<colordiffuse>colour.view56.info.icons</colordiffuse>
						<texture>synopsis icons\medium_date.png</texture>
						<visible>!IsEmpty(ListItem.Synopsis_Year)</visible>
					</control>
					<control type="label">
						<height>28</height>
						<width min="5" max="400">auto</width>
						<font>size_16</font>
						<aligny>center</aligny>
						<textcolor>colour.view56.info.label</textcolor>
						<label>[UPPERCASE] $INFO[ListItem.Synopsis_Year][/UPPERCASE]</label>
						<visible>!IsEmpty(ListItem.Synopsis_Year)</visible>
					</control>
				</control>
				<control type="textbox">
					<left>40</left>
					<bottom>30</bottom>
					<width>1200</width>
					<height>110</height>
					<font>size_15</font>
					<textcolor>colour.view56.info.label</textcolor>
					<shadowcolor>50000000</shadowcolor>
					<align>center</align>
					<aligny>top</aligny>
					<label>$INFO[ListItem.Synopsis_Overview]</label>
					<autoscroll delay="8000" time="5000" repeat="10000" condition="true">Conditional</autoscroll>
				</control>
			</control>
			<control type="scrollbar" id="90">
				<onup>56</onup>
				<include>View.ScrollBar.Horizontal</include>
			</control>
		</control>
	</include>
</includes>