<window id="106">
	<defaultcontrol>1000</defaultcontrol>
	<include>dialogeffect</include>
	<coordinates>
		<system>1</system>
		<posx>0</posx>
		<posy>0</posy>
	</coordinates>
	<controls>
		<control type="image" id="997">
			<description>background top image</description>
			<posx>0</posx>
			<posy>-30</posy>
			<width>340</width>
			<height>30</height>
			<texture border="20,19,20,0">DialogContextTop.png</texture>
		</control>
		<control type="image" id="999">
			<description>background middle image</description>
			<posx>0</posx>
			<posy>0</posy>
			<width>340</width>
			<height>400</height>
			<texture border="25,5,25,5">DialogContextMiddle.png</texture>
		</control>
		<control type="image" id="998">
			<description>background bottom image</description>
			<posx>0</posx>
			<posy>0</posy>
			<width>340</width>
			<height>25</height>
			<texture border="20,0,19,20">DialogContextBottom.png</texture>
		</control>
		<control type="list" id="996">
			<description>list for context buttons</description>
			<posx>0</posx>
			<posy>0</posy>
			<width>300</width>
			<height max="480">auto</height>
			<itemgap>2</itemgap>
		</control>
		<control type="button" id="1000">
			<description>context button template</description>
			<posx>20</posx>
			<posy>20</posy>
			<width>300</width>
			<height>40</height>
			<font>fontContextMenu</font>
			<align>center</align>
			<textcolor>grey2</textcolor>
			<focusedcolor>white</focusedcolor>
			<texturefocus border="5">button-focus.png</texturefocus>
		</control>
	</controls>
</window>