<window id="125">
	<defaultcontrol always="true">2</defaultcontrol>
	<coordinates>
		<system>1</system>
		<posx>240</posx>
		<posy>60</posy>
	</coordinates>
	<include>dialogeffect</include>
	<controls>
		<control type="image">
			<description>background image</description>
			<posx>0</posx>
			<posy>0</posy>
			<width>800</width>
			<height>600</height>
			<texture border="40">DialogBack.png</texture>
		</control>
		<control type="image">
			<description>Dialog Header image</description>
			<posx>40</posx>
			<posy>16</posy>
			<width>720</width>
			<height>40</height>
			<texture>dialogheader.png</texture>
		</control>
		<control type="label">
			<description>header label</description>
			<posx>40</posx>
			<posy>20</posy>
			<width>720</width>
			<height>30</height>
			<font>font13_title</font>
			<label>$LOCALIZE[298]</label>
			<align>center</align>
			<aligny>center</aligny>
			<textcolor>selected</textcolor>
			<shadowcolor>black</shadowcolor>
		</control>
		<control type="label">
			<description>number of files/pages in list text label</description>
			<posx>760</posx>
			<posy>495</posy>
			<width>300</width>
			<height>35</height>
			<font>font12</font>
			<align>right</align>
			<aligny>center</aligny>
			<scroll>true</scroll>
			<textcolor>grey</textcolor>
			<label>([COLOR=blue]$INFO[Container(11).NumItems][/COLOR]) $LOCALIZE[31025] - $LOCALIZE[31024] ([COLOR=blue]$INFO[Container(11).CurrentPage]/$INFO[Container(11).NumPages][/COLOR])</label>
		</control>
		<control type="panel" id="11">
			<posx>40</posx>
			<posy>65</posy>
			<width>720</width>
			<height>430</height>
			<onleft>2</onleft>
			<onright>3</onright>
			<ondown>2</ondown>
			<onup>2</onup>
			<scrolltime>200</scrolltime>
			<viewtype label="536">icon</viewtype>
			<pagecontrol>-</pagecontrol>
			<orientation>vertical</orientation>
			<itemlayout height="215" width="240">
				<control type="image">
					<posx>2</posx>
					<posy>2</posy>
					<width>235</width>
					<height>211</height>
					<texture border="3">button-nofocus.png</texture>
				</control>
				<control type="image">
					<posx>7</posx>
					<posy>20</posy>
					<width>220</width>
					<height>150</height>
					<aspectratio>scale</aspectratio>
					<info>ListItem.Icon</info>
				</control>
				<control type="label">
					<posx>112</posx>
					<posy>185</posy>
					<width>225</width>
					<height>15</height>
					<font>font12</font>
					<selectedcolor>selected</selectedcolor>
					<align>center</align>
					<aligny>center</aligny>
					<info>ListItem.Label</info>
				</control>
			</itemlayout>
			<focusedlayout height="215" width="240">
				<control type="image">
					<posx>2</posx>
					<posy>2</posy>
					<width>235</width>
					<height>211</height>
					<texture border="3">folder-focus.png</texture>
				</control>
				<control type="image">
					<posx>7</posx>
					<posy>20</posy>
					<width>220</width>
					<height>150</height>
					<aspectratio>scale</aspectratio>
					<info>ListItem.Icon</info>
				</control>
				<control type="label">
					<posx>112</posx>
					<posy>185</posy>
					<width>225</width>
					<height>15</height>
					<font>font12</font>
					<selectedcolor>selected</selectedcolor>
					<align>center</align>
					<aligny>center</aligny>
					<info>ListItem.Label</info>
				</control>
			</focusedlayout>
		</control>
		<control type="grouplist" id="9000">
			<posx>20</posx>
			<posy>535</posy>
			<width>760</width>
			<height>40</height>
			<itemgap>5</itemgap>
			<align>center</align>
			<orientation>horizontal</orientation>
			<onleft>9000</onleft>
			<onright>9000</onright>
			<onup>11</onup>
			<ondown>11</ondown>
			<control type="button" id="2">
				<description>Create Bookmark button</description>
				<label>294</label>
				<width>240</width>
				<include>ButtonInfoDialogsCommonValues</include>
			</control>
			<control type="button" id="3">
				<description>Clear Bookmark button</description>
				<label>296</label>
				<width>240</width>
				<include>ButtonInfoDialogsCommonValues</include>
			</control>
			<control type="button" id="4">
				<description>Clear Bookmark button</description>
				<label>20406</label>
				<width>240</width>
				<include>ButtonInfoDialogsCommonValues</include>
				<visible>videoplayer.content(episodes)</visible>
			</control>
		</control>
	</controls>
</window>
