<Skin name="Pulpy">
		<Information>
				<Author>Cyfun</Author>
				<Version>1</Version>
				<Copyright>2004</Copyright>
				<Skinner Name="UX Architect" Version="1.0c" />
		</Information>
		<Main Globe="False" Orb="False">
				<Background EnableAudio="False">background.jpg</Background>
				<InfoFont>Square-10.xpr</InfoFont>
				<Text Top="35" Left="20" Width="350" Scroll="1" Color="0xFFFFC185" Source="Newsfeed" Align="Left" />
				<Text Top="23" Left="515" Width="200" Scroll="0" Color="0xFFFFC185" Source="$Date$" Align="Left" />
				<Text Top="55" Left="390" Width="200" Scroll="0" Color="0xFFFFC185" Source="MBTemp" Align="Left" />
				<Text Top="5" Left="15" Width="200" Scroll="0" Color="0xFFFFC185" Source="$IP$" Align="Left" />
				<Text Top="450" Left="153" Width="300" Scroll="2" Color="0xFF400035" Source="SongName" Align="Left" />
				<Text Top="5" Left="195" Width="270" Scroll="0" Color="0xFF73D500" Source="AppVersion" Align="Left" />
				<Text Top="5" Left="515" Width="200" Scroll="0" Color="0xFFFFC185" Source="$Time$" Align="Left" />
				<Text Top="35" Left="390" Width="200" Scroll="0" Color="0xFFFFC185" Source="CPUTemp" Align="Left" />
				<Text Top="115" Left="390" Width="180" Scroll="0" Color="0xFFFFC185" Source="F_FreeMB" Align="Left" />
				<Text Top="95" Left="390" Width="180" Scroll="0" Color="0xFFFFC185" Source="E_FreeMB" Align="Left" />
				<Text Top="75" Left="390" Width="180" Scroll="0" Color="0xFFFFC185" Source="C_FreeMB" Align="Left" />
				<Image Top="360" Left="18" Width="100" Height="100" Source="GameIcon" />
				<Image Top="28" Left="5" Width="385" Height="33" Opacity="100">shadows 2.png</Image>
				<Menu Scroll="True" Smooth="True" Align="Left" ShowIcon="False" ShowArrows="False">
						<ItemPos Top="155" Left="10" Width="200">
						</ItemPos>
						<ItemPos Top="335" Left="10" Width="200">
						</ItemPos>
						<ItemPos Top="175" Left="10" Width="200">
						</ItemPos>
						<ItemPos Top="195" Left="10" Width="200">
						</ItemPos>
						<ItemPos Top="215" Left="10" Width="200">
						</ItemPos>
						<ItemPos Top="235" Left="10" Width="200">
						</ItemPos>
						<ItemPos Top="255" Left="10" Width="200">
						</ItemPos>
						<ItemPos Top="275" Left="10" Width="200">
						</ItemPos>
						<ItemPos Top="295" Left="10" Width="200">
						</ItemPos>
						<ItemPos Top="315" Left="10" Width="200">
						</ItemPos>
						<Font>Square-10.xpr</Font>
				</Menu>
				<ColorScheme>
						<AMBIENT_FOGCOLOR>0x00FFFFFF</AMBIENT_FOGCOLOR>
						<AMBIENT_SKYCOLOR>0x0000000F</AMBIENT_SKYCOLOR>
						<AMBIENT_CELLCOLOR>0x00808080</AMBIENT_CELLCOLOR>
						<CAPTION_TEXTCOLOR>0xFFAF0047</CAPTION_TEXTCOLOR>
						<CAPTION_BACKCOLOR>0xFF394E00</CAPTION_BACKCOLOR>
						<DIALOG_BORDERCOLOR>0xFF394E00</DIALOG_BORDERCOLOR>
						<DIALOG_BACKCOLOR>0x9F000000</DIALOG_BACKCOLOR>
						<DIALOG_INNER_BORDERCOLOR>0xFFA57400</DIALOG_INNER_BORDERCOLOR>
						<DIALOG_INNER_BACKCOLOR>0xFF000000</DIALOG_INNER_BACKCOLOR>
						<DIALOG_TEXTCOLOR>0xFFAF0047</DIALOG_TEXTCOLOR>
						<DIALOG_DISABLEDTEXT>0xFFB3B3B4</DIALOG_DISABLEDTEXT>
						<OPTION_TEXTCOLOR>0xFFAF0047</OPTION_TEXTCOLOR>
						<OPTION_ACTIVETEXTCOLOR>0xFFAF0047</OPTION_ACTIVETEXTCOLOR>
						<OPTION_ACTIVEBACKCOLOR>0xFF003EA5</OPTION_ACTIVEBACKCOLOR>
						<BUTTON_BORDERCOLOR>0xFFAF0047</BUTTON_BORDERCOLOR>
						<BUTTON_TEXTCOLOR>0xFFAF0047</BUTTON_TEXTCOLOR>
						<BUTTON_BACKCOLOR>0x980000A0</BUTTON_BACKCOLOR>
						<BUTTON_ACTIVETEXTCOLOR>0xFFAF0047</BUTTON_ACTIVETEXTCOLOR>
						<BUTTON_ACTIVEBACKCOLOR>0xFF6DA500</BUTTON_ACTIVEBACKCOLOR>
						<KB_KEYBG_HIGHLIGHT>0xFF394E00</KB_KEYBG_HIGHLIGHT>
						<KB_KEYBG_DISABLED>0xFFC0C0C0</KB_KEYBG_DISABLED>
						<KB_KEY_PRESSED>0xFF008000</KB_KEY_PRESSED>
						<KB_KEY_NORMAL>0xFF000000</KB_KEY_NORMAL>
						<KB_KEY_DISABLED>0xFFAF0047</KB_KEY_DISABLED>
						<KB_KEY_ACTIVEBORDER>0xFFAF0047</KB_KEY_ACTIVEBORDER>
						<KB_KEY_TEXTCOLOR>0xFF000000</KB_KEY_TEXTCOLOR>
						<KB_KEY_TEXTBACKCOLOR>0xFFAF0047</KB_KEY_TEXTBACKCOLOR>
						<KB_KEY_TEXTBORDERCOLOR>0xFFFFFF00</KB_KEY_TEXTBORDERCOLOR>
						<MENU_TEXTCOLOR>0xFF40004B</MENU_TEXTCOLOR>
						<MENU_ACTIVETEXTCOLOR>0xFF008B9C</MENU_ACTIVETEXTCOLOR>
				</ColorScheme>
		</Main>
</Skin>