<window id="12">
	<defaultcontrol>3</defaultcontrol>
	<allowoverlay>no</allowoverlay>
	<controls>
		<include>CommonBackground</include>
		<control type="image">
			<posx>0</posx>
			<posy>100r</posy>
			<width>1280</width>
			<height>100</height>
			<texture>floor.png</texture>
			<include>VisibleFadeEffect</include>
		</control>
		<control type="group">
			<posx>90</posx>
			<posy>30</posy>
			<animation type="WindowOpen" reversible="false">
				<effect type="zoom" start="80" end="100" center="640,360" easing="out" tween="back" time="300" />
				<effect type="fade" start="0" end="100" time="300" />
			</animation>
			<animation type="WindowClose" reversible="false">
				<effect type="zoom" start="100" end="80" center="640,360" easing="in" tween="back" time="300" />
				<effect type="fade" start="100" end="0" time="300" />
			</animation>
			<control type="image">
				<posx>5</posx>
				<posy>5</posy>
				<width>1090</width>
				<height>630</height>
				<texture border="15">ContentPanel.png</texture>
			</control>
			<control type="image">
				<posx>5</posx>
				<posy>625</posy>
				<width>1090</width>
				<height>64</height>
				<texture border="15">ContentPanelMirror.png</texture>
			</control>
			<control type="image">
				<description>LOGO</description>
				<posx>30</posx>
				<posy>15</posy>
				<width>220</width>
				<height>80</height>
				<aspectratio>keep</aspectratio>
				<texture>Confluence_Logo.png</texture>
			</control>
			<control type="grouplist" id="3">
				<description>button area</description>
				<posx>10</posx>
				<posy>90</posy>
				<width>260</width>
				<height>481</height>
				<itemgap>-1</itemgap>
				<onleft>60</onleft>
				<onright>5</onright>
				<onup>3</onup>
				<ondown>3</ondown>
			</control>
			<control type="image">
				<posx>268</posx>
				<posy>10</posy>
				<width>790</width>
				<height>618</height>
				<texture border="5">black-back2.png</texture>
			</control>
			<control type="image">
				<posx>268</posx>
				<posy>10</posy>
				<width>804</width>
				<height>70</height>
				<aspectratio>stretch</aspectratio>
				<texture>GlassTitleBar.png</texture>
			</control>
			<control type="label">
				<description>header label</description>
				<posx>300</posx>
				<posy>20</posy>
				<width>740</width>
				<height>30</height>
				<font>font16</font>
				<label>$INFO[Control.GetLabel(2)] - $LOCALIZE[5]</label>
				<align>left</align>
				<aligny>center</aligny>
				<textcolor>white</textcolor>
				<shadowcolor>black</shadowcolor>
			</control>
			<control type="grouplist" id="5">
				<description>control area</description>
				<posx>290</posx>
				<posy>70</posy>
				<width>750</width>
				<height>530</height>
				<itemgap>-1</itemgap>
				<pagecontrol>60</pagecontrol>
				<onleft>3</onleft>
				<onright>60</onright>
				<onup>5</onup>
				<ondown>5</ondown>
			</control>
			<control type="scrollbar" id="60">
				<posx>1060</posx>
				<posy>60</posy>
				<width>25</width>
				<height>530</height>
				<texturesliderbackground border="0,14,0,14">ScrollBarV.png</texturesliderbackground>
				<texturesliderbar border="0,14,0,14">ScrollBarV_bar.png</texturesliderbar>
				<texturesliderbarfocus border="0,14,0,14">ScrollBarV_bar_focus.png</texturesliderbarfocus>
				<textureslidernib>ScrollBarNib.png</textureslidernib>
				<textureslidernibfocus>ScrollBarNib.png</textureslidernibfocus>
				<onleft>5</onleft>
				<onright>3</onright>
				<showonepage>false</showonepage>
				<orientation>vertical</orientation>
			</control>
		</control>
		<include>BehindDialogFadeOut</include>
		<control type="button" id="10">
			<description>Default Category Button</description>
			<height>60</height>
			<width>260</width>
			<textoffsetx>20</textoffsetx>
			<align>right</align>
			<aligny>center</aligny>
			<font>font13_title</font>
			<textcolor>grey2</textcolor>
			<focusedcolor>white</focusedcolor>
			<texturefocus border="5">MenuItemFO.png</texturefocus>
			<texturenofocus border="5">MenuItemNF.png</texturenofocus>
			<pulseonselect>false</pulseonselect>
		</control>
		<control type="button" id="7">
			<description>Default Button</description>
			<posx>0</posx>
			<posy>0</posy>
			<height>40</height>
			<font>font13</font>
			<textcolor>grey2</textcolor>
			<focusedcolor>white</focusedcolor>
			<texturefocus border="0,2,0,2">MenuItemFO.png</texturefocus>
			<texturenofocus border="0,2,0,2">MenuItemNF.png</texturenofocus>
		</control>
		<control type="radiobutton" id="8">
			<description>Default RadioButton</description>
			<posx>0</posx>
			<posy>0</posy>
			<height>40</height>
			<font>font13</font>
			<textcolor>grey2</textcolor>
			<focusedcolor>white</focusedcolor>
			<texturefocus border="0,2,0,2">MenuItemFO.png</texturefocus>
			<texturenofocus border="0,2,0,2">MenuItemNF.png</texturenofocus>
		</control>
		<control type="spincontrolex" id="9">
			<description>Default SpinControlex</description>
			<posx>0</posx>
			<posy>0</posy>
			<height>40</height>
			<font>font13</font>
			<textcolor>grey2</textcolor>
			<focusedcolor>white</focusedcolor>
			<texturefocus border="0,2,0,2">MenuItemFO.png</texturefocus>
			<texturenofocus border="0,2,0,2">MenuItemNF.png</texturenofocus>
			<aligny>center</aligny>
			<reverse>yes</reverse>
		</control>
		<control type="image" id="11">
			<description>separator image</description>
			<height>2</height>
			<texture>separator2.png</texture>
		</control>
		<control type="label" id="2">
			<description>Fake Label so we can pass it value down to the one below</description>
			<posx>0</posx>
			<posy>0</posy>
			<width>0</width>
			<height>0</height>
			<font>-</font>
			<visible>false</visible>
		</control>
		<include>CommonNowPlaying</include>
		<control type="image">
			<description>Section header image</description>
			<posx>20</posx>
			<posy>3</posy>
			<width>35</width>
			<height>35</height>
			<aspectratio>keep</aspectratio>
			<texture>icon_system.png</texture>
		</control>
		<control type="grouplist">
			<posx>65</posx>
			<posy>5</posy>
			<width>1000</width>
			<height>30</height>
			<orientation>horizontal</orientation>
			<align>left</align>
			<itemgap>5</itemgap>
			<control type="label">
				<include>WindowTitleCommons</include>
				<label>$LOCALIZE[5]</label>
			</control>
			<control type="label">
				<include>WindowTitleCommons</include>
				<label>[COLOR=blue] - [/COLOR]$INFO[Control.GetLabel(2)]</label>
			</control>
		</control>
		<include>Clock</include>
	</controls>
</window>