<Skin name="Softmod">
	<Information>
		<Author>Rocky5</Author>
		<Copyright>Xbox</Copyright>
		<Version>1.1.9</Version>
	</Information>
	<Fonts>
		<Font Name="font1">E:\UDATA\21585554\000000000000\softmod files\skin files\fonts\font1.xpr</Font>
		<Font Name="font2">E:\UDATA\21585554\000000000000\softmod files\skin files\fonts\font2.xpr</Font>
		<Font Name="font3">E:\UDATA\21585554\000000000000\softmod files\skin files\fonts\font3.xpr</Font>
		<Font Name="font4">E:\UDATA\21585554\000000000000\softmod files\skin files\fonts\font4.xpr</Font>
	</Fonts>
	<IntroMovie/>
	<FileManager SafeBorder="False" DrawBorder="False">
		<BackGround/>
	</FileManager>
	<LoadingScreen ShowInfo="False">
		<BackGround>E:\UDATA\21585554\000000000000\softmod files\skin files\images\loading.png</BackGround>
	</LoadingScreen>
	<Main Globe="False" Orb="False" Fog="False">
		<BackGround EnableAudio="False">E:\UDATA\21585554\000000000000\softmod files\skin files\images\background.png</BackGround>
		<Cellwall/>
		<Orb/>
		<Icon/>
		<Menu Horizontal="False" Smooth="True" Align="Middle" ShowIcon="False" Rotate="False" ShowArrows="False" Scroll="1">
			<Position Top="0" Left="0" Width="0" Height="0" Fixed="False" FixAt="0" MaxItem="12"/>
			<Font>font1</font>
			<itempos Top="299" Left="71" Width="499" Align="Middle">Label 1</itempos>
			<itempos Top="319" Left="71" Width="499" Align="Middle">Label 2</itempos>
			<itempos Top="339" Left="71" Width="499" Align="Middle">Label 3</itempos>
			<itempos Top="359" Left="71" Width="499" Align="Middle">Label 4</itempos>
			<itempos Top="379" Left="71" Width="499" Align="Middle">Label 5</itempos>
			<itempos Top="399" Left="71" Width="499" Align="Middle">Label 6</itempos>
			<Preview EnableAudio="False" Top="0" Left="0" Width="0" Height="0" />
		</Menu>
		<InfoFont>font1</InfoFont>
		<!-- ------------------ -->
		<!-- GUI Elements start -->
		<!-- ------------------ -->
		<!-- Logos at the top of the screen -->
		<Image zindex="3" Top="28" Left="154" Width="334" Height="55">E:\UDATA\21585554\000000000000\softmod files\skin files\images\Xbox Logo.png</image>
		<Image zindex="3" Top="89" Left="202" Width="239" Height="23">E:\UDATA\21585554\000000000000\softmod files\skin files\images\Softmodding Tool.png</image>
		<!-- List Background -->
		<Shape zindex="1" Type="Rectangle" Top="130" Left="71" Width="498" Height="298" BorderColor="0x003c3c3c" BackColor="0xff3c3c3c"/>
		<!--  -->
		<Text zindex="3" Top="149" Left="71" Width="499" Align="Middle" ScaleX="100" ScaleY="100" Color="0xffefcb49" Source="Thank you for choosing the Xbox Softmodding Tool."/>
		<Text zindex="3" Top="169" Left="71" Width="499" Align="Middle" ScaleX="100" ScaleY="100" Color="0xffefcb49" Source="If you have any feedback or bugs, please let me"/>
		<Text zindex="3" Top="189" Left="71" Width="499" Align="Middle" ScaleX="100" ScaleY="100" Color="0xffefcb49" Source="know via the Xbox Homebrew Discord. Thank you."/>
		<Text zindex="3" Top="219" Left="71" Width="499" Align="Middle" ScaleX="100" ScaleY="100" Color="0xffefcb49" Source="With this softmod, the process is simple &amp; pain free."/>
		<Text zindex="3" Top="239" Left="71" Width="499" Align="Middle" ScaleX="100" ScaleY="100" Color="0xffefcb49" Source="All you have to do is Press (A) when asked."/>
		<Image zindex="3" Top="10" Left="590" Width="42" Height="42" Source="GameIcon"/>
		<!-- installer version section --->
		<Shape zindex="0" Type="Rectangle" Top="427" Left="487" Width="82" Height="17" BorderColor="0x00000000" BackColor="0xff302f2f"/>
		<Text zindex="3" Top="427" Left="479" Width="100" Height="15" Align="Middle" ScaleX="100" ScaleY="100" Color="0xffefcb49" Font="font4" Source="Installer: v$SkinVersion$"/>
	</Main>
	<MusicPlayer Top="1" Left="1" Width="640" Height="480" >
		<BackGround>E:\UDATA\21585554\000000000000\softmod files\skin files\images\musicplayer\musicbg.png</BackGround>
		<ButtonMap>E:\UDATA\21585554\000000000000\softmod files\skin files\images\musicplayer\buttonmap.png</ButtonMap>
		<Element Type="Prev" Top="275" Left="170" Width="35" Height="40"/>
		<Element Type="Play" Top="275" Left="206" Width="35" Height="40"/>
		<Element Type="Pause" Top="275" Left="242" Width="35" Height="40"/>
		<Element Type="Stop" Top="275" Left="278" Width="35" Height="40"/>
		<Element Type="Next" Top="275" Left="314" Width="35" Height="40"/>
		<!-- <Element Type="PrevTrack" Top="275" Left="350" Width="35" Height="40"/> -->
		<!-- <Element Type="NextTrack" Top="275" Left="386" Width="35" Height="40"/> -->
		<Element Type="Random" Top="275" Left="350" Width="35" Height="20" zIndex="2"/>
		<Element Type="Mute" Top="275" Left="386" Width="35" Height="20" zIndex="2"/>
		<!-- Visualisation -->
		<Image zindex="0" Top="158" Left="173" Width="74" Height="90">E:\UDATA\21585554\000000000000\softmod files\skin files\images\musicplayer\vbunderlay.png</image>
		<Image zindex="2" Top="0" Left="0" Width="640" Height="480">E:\UDATA\21585554\000000000000\softmod files\skin files\images\musicplayer\vboverlay.png</image>
		<Element zIndex="1" Type="Meter" Top="149" Left="174" Width="190" Height="94"/>
		<!-- Volume bar -->
		<Element Type="Volume" Top="320" Left="165" Width="310" Height="5"/>
		<!-- Progress bar -->
		<Element Type="Progress" Top="325" Left="165" Width="310" Height="5"/>
		<Image zIndex="3" Top="275" Left="427" Width="40" Height="40" Source="AlbumArt"/>
		<Text zIndex="3" Top="253" Left="172" Width="300" Height="20" Color="0xff979797" Align="Left" Font="font2" Scroll="1" ScaleX="100" ScaleY="100" Source="Track: $SongName$"/>
		<Text zIndex="3" Top="168" Left="255" Width="215" Height="20" Color="0xff979797" Align="Left" Font="font2" Scroll="1" ScaleX="100" ScaleY="100" Source="Duration:"/>
		<Text zIndex="3" Top="183" Left="260" Width="215" Height="20" Color="0xff979797" Align="Left" Font="font2" Scroll="1" ScaleX="100" ScaleY="100" Source="SongLength"/>
		<Text zIndex="3" Top="182" Left="291" Width="215" Height="20" Color="0xff979797" Align="Left" Font="font2" Scroll="1" ScaleX="100" ScaleY="100" Source="/"/>
		<Text zIndex="3" Top="183" Left="297" Width="215" Height="20" Color="0xffefcb49" Align="Left" Font="font2" Scroll="1" ScaleX="100" ScaleY="100" Source="SongTime"/>
		<Text zIndex="3" Top="168" Left="340" Width="215" Height="20" Color="0xff979797" Align="Left" Font="font2" Scroll="1" ScaleX="100" ScaleY="100" Source="Extras Info:"/>
		<Text zIndex="3" Top="183" Left="345" Width="215" Height="20" Color="0xff979797" Align="Left" Font="font2" Scroll="1" ScaleX="100" ScaleY="100" Source="Bitrate:"/>
		<Text zIndex="3" Top="183" Left="389" Width="215" Height="20" Color="0xffefcb49" Align="Left" Font="font2" Scroll="1" ScaleX="100" ScaleY="100" Source="SongBitRate"/>
		<Text zIndex="3" Top="198" Left="345" Width="215" Height="20" Color="0xff979797" Align="Left" Font="font2" Scroll="1" ScaleX="100" ScaleY="100" Source="Channels:"/>
		<Text zIndex="3" Top="198" Left="403" Width="215" Height="20" Color="0xffefcb49" Align="Left" Font="font2" Scroll="1" ScaleX="100" ScaleY="100" Source="SongChannel"/>
		<Text zIndex="3" Top="213" Left="345" Width="215" Height="20" Color="0xff979797" Align="Left" Font="font2" Scroll="1" ScaleX="100" ScaleY="100" Source="Frequency:"/>
		<Text zIndex="3" Top="213" Left="411" Width="215" Height="20" Color="0xffefcb49" Align="Left" Font="font2" Scroll="1" ScaleX="100" ScaleY="100" Source="SongFrequency"/>
		<Playlist Top="105" Left="-25" Width="690" Height="480" OffsetX="174" OffsetX2="170" OffsetY="152" OffsetY2="0">
			<BackGround>E:\UDATA\21585554\000000000000\softmod files\skin files\images\musicplayer\musicbg.png</BackGround>
		</Playlist>		
	</MusicPlayer>
	<ColorScheme>
		<!-- Music menu playlist screen -->
		<MMActiveForeColor>0xffefcb49</MMActiveForeColor>
		<MMForeColor>0xff2a2929</MMForeColor>
		<MMDarkBackColor>0xff2a2929</MMDarkBackColor>
		<MMLightBackColor>0xff2a2929</MMLightBackColor>
		<MM_BORDERCOLOR>0xff2a2929</MM_BORDERCOLOR>
		<!-- Visualisation colour -->
		<MMDarkBarColor>0xffefcb49</MMDarkBarColor>
		<!-- These seem to do nothing -->
		<MMBarBackColor>0xffde8c86</MMBarBackColor>
		<MMOffForeColor>0xffde8c86</MMOffForeColor>
		<MMLightBarColor>0xffde8c86</MMLightBarColor>
		<!-- Text editor window -->
		<WINDOWBACKCOLOR>0xffefcb49</WINDOWBACKCOLOR>
		<WINDOWFORECOLOR>0xff2a2929</WINDOWFORECOLOR>
		<!-- Background effect colours -->
		<AMBIENT_FOGCOLOR>0x00000000</AMBIENT_FOGCOLOR>
		<AMBIENT_SKYCOLOR>0x00000000</AMBIENT_SKYCOLOR>
		<AMBIENT_CELLCOLOR>0x00000000</AMBIENT_CELLCOLOR>
		<!-- Please wait overlay, menu header colour eg... -->
		<CAPTION_TEXTCOLOR>0xffefcb49</CAPTION_TEXTCOLOR>
		<CAPTION_BACKCOLOR>0xff302f2f</CAPTION_BACKCOLOR>
		<!-- Dialogs, ie, Batch process and progress bars eg... -->
		<DIALOG_BORDERCOLOR>0xff2a2929</DIALOG_BORDERCOLOR>
		<DIALOG_BACKCOLOR>0xff302f2f</DIALOG_BACKCOLOR>
		<DIALOG_INNER_BORDERCOLOR>0xff302f2f</DIALOG_INNER_BORDERCOLOR>
		<DIALOG_INNER_BACKCOLOR>0xff2a2929</DIALOG_INNER_BACKCOLOR>
		<DIALOG_TEXTCOLOR>0xff979797</DIALOG_TEXTCOLOR>
		<DIALOG_DISABLEDTEXT>0xff626267</DIALOG_DISABLEDTEXT>
		<!-- Settings menu -->
		<OPTION_TEXTCOLOR>0xff979797</OPTION_TEXTCOLOR>
		<OPTION_ACTIVETEXTCOLOR>0xffefcb49</OPTION_ACTIVETEXTCOLOR>
		<OPTION_ACTIVEBACKCOLOR>0xff353535</OPTION_ACTIVEBACKCOLOR>
		<!-- Dialogs, ie, Yes/no buttons eg... -->
		<BUTTON_BORDERCOLOR>0xff353535</BUTTON_BORDERCOLOR>
		<BUTTON_TEXTCOLOR>0xff979797</BUTTON_TEXTCOLOR>
		<BUTTON_BACKCOLOR>0xff2a2929</BUTTON_BACKCOLOR>
		<BUTTON_ACTIVETEXTCOLOR>0xffefcb49</BUTTON_ACTIVETEXTCOLOR>
		<BUTTON_ACTIVEBACKCOLOR>0xff353535</BUTTON_ACTIVEBACKCOLOR>
		<!-- Keyboard -->
		<!-- Button background -->
		<KB_KEYBG_HIGHLIGHT>0xffefcb49</KB_KEYBG_HIGHLIGHT>
		<KB_KEYBG_DISABLED>0xffef4949</KB_KEYBG_DISABLED>
		<!-- Disabled button -->
		<KB_KEY_PRESSED>0xff302f2f</KB_KEY_PRESSED>
		<!-- Letters -->
		<KB_KEY_NORMAL>0xff2a2929</KB_KEY_NORMAL>
		<!-- Can see me to see where this is -->
		<KB_KEY_DISABLED>0xffde8c86</KB_KEY_DISABLED>
		<!-- Selected border -->
		<KB_KEY_ACTIVEBORDER>0xff2a2929</KB_KEY_ACTIVEBORDER>
		<!-- Text area text -->
		<KB_KEY_TEXTCOLOR>0xff2a2929</KB_KEY_TEXTCOLOR>
		<!-- Text area -->
		<KB_KEY_TEXTBACKCOLOR>0xffefcb49</KB_KEY_TEXTBACKCOLOR>
		<!-- Text area border -->
		<KB_KEY_TEXTBORDERCOLOR>0xff2a2929</KB_KEY_TEXTBORDERCOLOR>
		<!-- Main menu -->
		<MENU_TEXTCOLOR>0xff979797</MENU_TEXTCOLOR>
		<MENU_ACTIVETEXTCOLOR>0xff4974a5</MENU_ACTIVETEXTCOLOR>
		<MENU_BORDERCOLOR>0x00000000</MENU_BORDERCOLOR>
		<MENU_BACKCOLOR>0x00000000</MENU_BACKCOLOR>
		<MENU_ACTIVEBACKCOLOR>0x00000000</MENU_ACTIVEBACKCOLOR>
		<MENU_ACTIVEBORDERCOLOR>0x00000000</MENU_ACTIVEBORDERCOLOR>
	</ColorScheme>
</Skin>
