<window type="dialog" id="1115">
		<defaultcontrol always="true">9001</defaultcontrol>
		<include>dialogeffect</include>
		<controls>
				<control type="image">
						<description>background image</description>
						<include>1280x720</include>
						<texture>black-back.png</texture>
						<animation effect="fade" start="0" end="70" delay="0" time="1000" condition="true">Conditional</animation>
				</control>
				<control type="textbox">
						<left>0</left>
						<top>170</top>
						<width>1280</width>
						<height>300</height>
						<font>size_18</font>
						<textcolor>$VAR[var-labelcolour]</textcolor>
						<scroll>true</scroll>
						<align>center</align>
						<label>$LOCALIZE[31503]</label>
						<animation effect="fade" start="0" end="100" delay="100" time="0">WindowOpen</animation>
				</control>
				<control type="group">
						<left>410</left>
						<top>255</top>
						<control type="image">
								<left>-10</left>
								<top>-10</top>
								<width>460</width>
								<height>225</height>
								<texture>black-back.png</texture>
						</control>
						<control type="grouplist" id="9001">
								<left>0</left>
								<top>0</top>
								<width>280</width>
								<height>210</height>
								<itemgap>-1</itemgap>
								<onleft>9000</onleft>
								<onright>9002</onright>
								<onup>9001</onup>
								<ondown>9001</ondown>
								<control type="radiobutton" id="1">
										<include>Birthday.Buttons</include>
										<label>Birthday 1      $INFO[Skin.String(BirthdayDate1)] $INFO[Skin.String(BirthdayMonth1)]</label>
										<onclick>Skin.SetString(BirthdayMonth1,)</onclick>
										<onclick>Skin.SetString(BirthdayDate1,)</onclick>
										<onclick>Skin.SetString(BirthdayMonth1selected,)</onclick>
										<onclick>Skin.ToggleSetting(EnabledBirthday1)</onclick>
										<selected>Skin.HasSetting(EnabledBirthday1)</selected>
								</control>
								<control type="radiobutton" id="2">
										<include>Birthday.Buttons</include>
										<label>Birthday 2      $INFO[Skin.String(BirthdayDate2)] $INFO[Skin.String(BirthdayMonth2)]</label>
										<onclick>Skin.SetString(BirthdayMonth2,)</onclick>
										<onclick>Skin.SetString(BirthdayDate2,)</onclick>
										<onclick>Skin.SetString(BirthdayMonth2selected,)</onclick>
										<onclick>Skin.ToggleSetting(EnabledBirthday2)</onclick>
										<selected>Skin.HasSetting(EnabledBirthday2)</selected>
								</control>
								<control type="radiobutton" id="3">
										<include>Birthday.Buttons</include>
										<label>Birthday 3      $INFO[Skin.String(BirthdayDate3)] $INFO[Skin.String(BirthdayMonth3)]</label>
										<onclick>Skin.SetString(BirthdayMonth3,)</onclick>
										<onclick>Skin.SetString(BirthdayDate3,)</onclick>
										<onclick>Skin.SetString(BirthdayMonth3selected,)</onclick>
										<onclick>Skin.ToggleSetting(EnabledBirthday3)</onclick>
										<selected>Skin.HasSetting(EnabledBirthday3)</selected>
								</control>
								<control type="radiobutton" id="4">
										<include>Birthday.Buttons</include>
										<label>Birthday 4      $INFO[Skin.String(BirthdayDate4)] $INFO[Skin.String(BirthdayMonth4)]</label>
										<onclick>Skin.SetString(BirthdayMonth4,)</onclick>
										<onclick>Skin.SetString(BirthdayDate4,)</onclick>
										<onclick>Skin.SetString(BirthdayMonth4selected,)</onclick>
										<onclick>Skin.ToggleSetting(EnabledBirthday4)</onclick>
										<selected>Skin.HasSetting(EnabledBirthday4)</selected>
								</control>
								<control type="radiobutton" id="5">
										<include>Birthday.Buttons</include>
										<label>Birthday 5        $INFO[Skin.String(BirthdayDate5)] $INFO[Skin.String(BirthdayMonth5)]</label>
										<onclick>Skin.SetString(BirthdayMonth5,)</onclick>
										<onclick>Skin.SetString(BirthdayDate5,)</onclick>
										<onclick>Skin.SetString(BirthdayMonth5selected,)</onclick>
										<onclick>Skin.ToggleSetting(EnabledBirthday5)</onclick>
										<selected>Skin.HasSetting(EnabledBirthday5)</selected>
								</control>
						</control>
						<!-- Birthday 1 -->
						<control type="group">
								<visible>ControlGroup(9001).HasFocus(1)) + Skin.HasSetting(EnabledBirthday1)</visible>
								<!-- Months -->
								<control type="grouplist" id="9002">
										<left>290</left>
										<top>0</top>
										<width>70</width>
										<height>206</height>
										<itemgap>-1</itemgap>
										<onleft>9001</onleft>
										<onright>9003</onright>
										<onup>9002</onup>
										<ondown>9002</ondown>
										<control type="button" id="10">
												<include>Birthday.Month.Date.Buttons</include>
												<label>$LOCALIZE[51]</label>
												<onclick>Skin.SetString(BirthdayMonth1,Jan)</onclick>
												<onclick>Skin.SetString(BirthdayMonth1selected,1)</onclick>
										</control>
										<control type="button" id="11">
												<include>Birthday.Month.Date.Buttons</include>
												<label>$LOCALIZE[52]</label>
												<onclick>Skin.SetString(BirthdayMonth1,Feb)</onclick>
												<onclick>Skin.SetString(BirthdayMonth1selected,1)</onclick>
										</control>
										<control type="button" id="12">
												<include>Birthday.Month.Date.Buttons</include>
												<label>$LOCALIZE[53]</label>
												<onclick>Skin.SetString(BirthdayMonth1,Mar)</onclick>
												<onclick>Skin.SetString(BirthdayMonth1selected,1)</onclick>
										</control>
										<control type="button" id="13">
												<include>Birthday.Month.Date.Buttons</include>
												<label>$LOCALIZE[54]</label>
												<onclick>Skin.SetString(BirthdayMonth1,Apr)</onclick>
												<onclick>Skin.SetString(BirthdayMonth1selected,1)</onclick>
										</control>
										<control type="button" id="14">
												<include>Birthday.Month.Date.Buttons</include>
												<label>$LOCALIZE[55]</label>
												<onclick>Skin.SetString(BirthdayMonth1,May)</onclick>
												<onclick>Skin.SetString(BirthdayMonth1selected,1)</onclick>
										</control>
										<control type="button" id="15">
												<include>Birthday.Month.Date.Buttons</include>
												<label>$LOCALIZE[56]</label>
												<onclick>Skin.SetString(BirthdayMonth1,Jun)</onclick>
												<onclick>Skin.SetString(BirthdayMonth1selected,1)</onclick>
										</control>
										<control type="button" id="16">
												<include>Birthday.Month.Date.Buttons</include>
												<label>$LOCALIZE[57]</label>
												<onclick>Skin.SetString(BirthdayMonth1,Jul)</onclick>
												<onclick>Skin.SetString(BirthdayMonth1selected,1)</onclick>
										</control>
										<control type="button" id="17">
												<include>Birthday.Month.Date.Buttons</include>
												<label>$LOCALIZE[58]</label>
												<onclick>Skin.SetString(BirthdayMonth1,Aug)</onclick>
												<onclick>Skin.SetString(BirthdayMonth1selected,1)</onclick>
										</control>
										<control type="button" id="18">
												<include>Birthday.Month.Date.Buttons</include>
												<label>$LOCALIZE[59]</label>
												<onclick>Skin.SetString(BirthdayMonth1,Sep)</onclick>
												<onclick>Skin.SetString(BirthdayMonth1selected,1)</onclick>
										</control>
										<control type="button" id="19">
												<include>Birthday.Month.Date.Buttons</include>
												<label>$LOCALIZE[60]</label>
												<onclick>Skin.SetString(BirthdayMonth1,Oct)</onclick>
												<onclick>Skin.SetString(BirthdayMonth1selected,1)</onclick>
										</control>
										<control type="button" id="20">
												<include>Birthday.Month.Date.Buttons</include>
												<label>$LOCALIZE[61]</label>
												<onclick>Skin.SetString(BirthdayMonth1,Nov)</onclick>
												<onclick>Skin.SetString(BirthdayMonth1selected,1)</onclick>
										</control>
										<control type="button" id="21">
												<include>Birthday.Month.Date.Buttons</include>
												<label>$LOCALIZE[62]</label>
												<onclick>Skin.SetString(BirthdayMonth1,Dec)</onclick>
												<onclick>Skin.SetString(BirthdayMonth1selected,1)</onclick>
										</control>
								</control>
								<!-- Days -->
								<control type="grouplist" id="9003">
										<left>370</left>
										<top>0</top>
										<width>70</width>
										<height>206</height>
										<itemgap>-1</itemgap>
										<onleft>9002</onleft>
										<onright>9001</onright>
										<onup>9003</onup>
										<ondown>9003</ondown>
										<visible>Skin.String(BirthdayMonth1selected,1)</visible>
										<control type="button" id="30">
												<include>Birthday.Month.Date.Buttons</include>
												<label>$LOCALIZE[12311]</label>
												<onclick>Skin.SetString(BirthdayDate1,1)</onclick>
										</control>
										<control type="button" id="31">
												<include>Birthday.Month.Date.Buttons</include>
												<label>$LOCALIZE[12312]</label>
												<onclick>Skin.SetString(BirthdayDate1,2)</onclick>
										</control>
										<control type="button" id="32">
												<include>Birthday.Month.Date.Buttons</include>
												<label>$LOCALIZE[12313]</label>
												<onclick>Skin.SetString(BirthdayDate1,3)</onclick>
										</control>
										<control type="button" id="33">
												<include>Birthday.Month.Date.Buttons</include>
												<label>$LOCALIZE[12314]</label>
												<onclick>Skin.SetString(BirthdayDate1,4)</onclick>
										</control>
										<control type="button" id="34">
												<include>Birthday.Month.Date.Buttons</include>
												<label>$LOCALIZE[12315]</label>
												<onclick>Skin.SetString(BirthdayDate1,5)</onclick>
										</control>
										<control type="button" id="35">
												<include>Birthday.Month.Date.Buttons</include>
												<label>$LOCALIZE[12316]</label>
												<onclick>Skin.SetString(BirthdayDate1,6)</onclick>
										</control>
										<control type="button" id="36">
												<include>Birthday.Month.Date.Buttons</include>
												<label>$LOCALIZE[12317]</label>
												<onclick>Skin.SetString(BirthdayDate1,7)</onclick>
										</control>
										<control type="button" id="37">
												<include>Birthday.Month.Date.Buttons</include>
												<label>$LOCALIZE[12318]</label>
												<onclick>Skin.SetString(BirthdayDate1,8)</onclick>
										</control>
										<control type="button" id="38">
												<include>Birthday.Month.Date.Buttons</include>
												<label>$LOCALIZE[12319]</label>
												<onclick>Skin.SetString(BirthdayDate1,9)</onclick>
										</control>
										<control type="button" id="39">
												<include>Birthday.Month.Date.Buttons</include>
												<label>$LOCALIZE[12311]$LOCALIZE[12310]</label>
												<onclick>Skin.SetString(BirthdayDate1,10)</onclick>
										</control>
										<control type="button" id="40">
												<include>Birthday.Month.Date.Buttons</include>
												<label>$LOCALIZE[12311]$LOCALIZE[12311]</label>
												<onclick>Skin.SetString(BirthdayDate1,11)</onclick>
										</control>
										<control type="button" id="41">
												<include>Birthday.Month.Date.Buttons</include>
												<label>$LOCALIZE[12311]$LOCALIZE[12312]</label>
												<onclick>Skin.SetString(BirthdayDate1,12)</onclick>
										</control>
										<control type="button" id="42">
												<include>Birthday.Month.Date.Buttons</include>
												<label>$LOCALIZE[12311]$LOCALIZE[12313]</label>
												<onclick>Skin.SetString(BirthdayDate1,13)</onclick>
										</control>
										<control type="button" id="43">
												<include>Birthday.Month.Date.Buttons</include>
												<label>$LOCALIZE[12311]$LOCALIZE[12314]</label>
												<onclick>Skin.SetString(BirthdayDate1,14)</onclick>
										</control>
										<control type="button" id="44">
												<include>Birthday.Month.Date.Buttons</include>
												<label>$LOCALIZE[12311]$LOCALIZE[12315]</label>
												<onclick>Skin.SetString(BirthdayDate1,15)</onclick>
										</control>
										<control type="button" id="45">
												<include>Birthday.Month.Date.Buttons</include>
												<label>$LOCALIZE[12311]$LOCALIZE[12316]</label>
												<onclick>Skin.SetString(BirthdayDate1,16)</onclick>
										</control>
										<control type="button" id="46">
												<include>Birthday.Month.Date.Buttons</include>
												<label>$LOCALIZE[12311]$LOCALIZE[12317]</label>
												<onclick>Skin.SetString(BirthdayDate1,17)</onclick>
										</control>
										<control type="button" id="47">
												<include>Birthday.Month.Date.Buttons</include>
												<label>$LOCALIZE[12311]$LOCALIZE[12318]</label>
												<onclick>Skin.SetString(BirthdayDate1,18)</onclick>
										</control>
										<control type="button" id="48">
												<include>Birthday.Month.Date.Buttons</include>
												<label>$LOCALIZE[12311]$LOCALIZE[12319]</label>
												<onclick>Skin.SetString(BirthdayDate1,19)</onclick>
										</control>
										<control type="button" id="49">
												<include>Birthday.Month.Date.Buttons</include>
												<label>$LOCALIZE[12312]$LOCALIZE[12310]</label>
												<onclick>Skin.SetString(BirthdayDate1,20)</onclick>
										</control>
										<control type="button" id="50">
												<include>Birthday.Month.Date.Buttons</include>
												<label>$LOCALIZE[12312]$LOCALIZE[12311]</label>
												<onclick>Skin.SetString(BirthdayDate1,21)</onclick>
										</control>
										<control type="button" id="51">
												<include>Birthday.Month.Date.Buttons</include>
												<label>$LOCALIZE[12312]$LOCALIZE[12312]</label>
												<onclick>Skin.SetString(BirthdayDate1,22)</onclick>
										</control>
										<control type="button" id="52">
												<include>Birthday.Month.Date.Buttons</include>
												<label>$LOCALIZE[12312]$LOCALIZE[12313]</label>
												<onclick>Skin.SetString(BirthdayDate1,23)</onclick>
										</control>
										<control type="button" id="53">
												<include>Birthday.Month.Date.Buttons</include>
												<label>$LOCALIZE[12312]$LOCALIZE[12314]</label>
												<onclick>Skin.SetString(BirthdayDate1,24)</onclick>
										</control>
										<control type="button" id="54">
												<include>Birthday.Month.Date.Buttons</include>
												<label>$LOCALIZE[12312]$LOCALIZE[12315]</label>
												<onclick>Skin.SetString(BirthdayDate1,25)</onclick>
										</control>
										<control type="button" id="55">
												<include>Birthday.Month.Date.Buttons</include>
												<label>$LOCALIZE[12312]$LOCALIZE[12316]</label>
												<onclick>Skin.SetString(BirthdayDate1,26)</onclick>
										</control>
										<control type="button" id="56">
												<include>Birthday.Month.Date.Buttons</include>
												<label>$LOCALIZE[12312]$LOCALIZE[12317]</label>
												<onclick>Skin.SetString(BirthdayDate1,27)</onclick>
										</control>
										<control type="button" id="57">
												<include>Birthday.Month.Date.Buttons</include>
												<label>$LOCALIZE[12312]$LOCALIZE[12318]</label>
												<onclick>Skin.SetString(BirthdayDate1,28)</onclick>
										</control>
										<control type="button" id="58">
												<include>Birthday.Month.Date.Buttons</include>
												<label>$LOCALIZE[12312]$LOCALIZE[12319]</label>
												<onclick>Skin.SetString(BirthdayDate1,29)</onclick>
												<visible>!SubString(Skin.String(BirthdayMonth1),Feb)</visible>
										</control>
										<control type="button" id="59">
												<include>Birthday.Month.Date.Buttons</include>
												<label>$LOCALIZE[12313]$LOCALIZE[12310]</label>
												<onclick>Skin.SetString(BirthdayDate1,30)</onclick>
												<visible>!SubString(Skin.String(BirthdayMonth1),Feb)</visible>
										</control>
										<control type="button" id="60">
												<include>Birthday.Month.Date.Buttons</include>
												<label>$LOCALIZE[12313]$LOCALIZE[12311]</label>
												<onclick>Skin.SetString(BirthdayDate1,31)</onclick>
												<visible>!SubString(Skin.String(BirthdayMonth1),Feb) + !SubString(Skin.String(BirthdayMonth1),Apr) + !SubString(Skin.String(BirthdayMonth1),Jun) + !SubString(Skin.String(BirthdayMonth1),Sep) + !SubString(Skin.String(BirthdayMonth1),Nov)</visible>
										</control>
								</control>
						</control>
						<!-- Birthday 2 -->
						<control type="group">
								<visible>ControlGroup(9001).HasFocus(2)) + Skin.HasSetting(EnabledBirthday2)</visible>
								<!-- Months -->
								<control type="grouplist" id="9002">
										<left>290</left>
										<top>0</top>
										<width>70</width>
										<height>206</height>
										<itemgap>-1</itemgap>
										<onleft>9001</onleft>
										<onright>9003</onright>
										<onup>9002</onup>
										<ondown>9002</ondown>
										<control type="button" id="10">
												<include>Birthday.Month.Date.Buttons</include>
												<label>$LOCALIZE[51]</label>
												<onclick>Skin.SetString(BirthdayMonth2,Jan)</onclick>
												<onclick>Skin.SetString(BirthdayMonth2selected,1)</onclick>
										</control>
										<control type="button" id="11">
												<include>Birthday.Month.Date.Buttons</include>
												<label>$LOCALIZE[52]</label>
												<onclick>Skin.SetString(BirthdayMonth2,Feb)</onclick>
												<onclick>Skin.SetString(BirthdayMonth2selected,1)</onclick>
										</control>
										<control type="button" id="12">
												<include>Birthday.Month.Date.Buttons</include>
												<label>$LOCALIZE[53]</label>
												<onclick>Skin.SetString(BirthdayMonth2,Mar)</onclick>
												<onclick>Skin.SetString(BirthdayMonth2selected,1)</onclick>
										</control>
										<control type="button" id="13">
												<include>Birthday.Month.Date.Buttons</include>
												<label>$LOCALIZE[54]</label>
												<onclick>Skin.SetString(BirthdayMonth2,Apr)</onclick>
												<onclick>Skin.SetString(BirthdayMonth2selected,1)</onclick>
										</control>
										<control type="button" id="14">
												<include>Birthday.Month.Date.Buttons</include>
												<label>$LOCALIZE[55]</label>
												<onclick>Skin.SetString(BirthdayMonth2,May)</onclick>
												<onclick>Skin.SetString(BirthdayMonth2selected,1)</onclick>
										</control>
										<control type="button" id="15">
												<include>Birthday.Month.Date.Buttons</include>
												<label>$LOCALIZE[56]</label>
												<onclick>Skin.SetString(BirthdayMonth2,Jun)</onclick>
												<onclick>Skin.SetString(BirthdayMonth2selected,1)</onclick>
										</control>
										<control type="button" id="16">
												<include>Birthday.Month.Date.Buttons</include>
												<label>$LOCALIZE[57]</label>
												<onclick>Skin.SetString(BirthdayMonth2,Jul)</onclick>
												<onclick>Skin.SetString(BirthdayMonth2selected,1)</onclick>
										</control>
										<control type="button" id="17">
												<include>Birthday.Month.Date.Buttons</include>
												<label>$LOCALIZE[58]</label>
												<onclick>Skin.SetString(BirthdayMonth2,Aug)</onclick>
												<onclick>Skin.SetString(BirthdayMonth2selected,1)</onclick>
										</control>
										<control type="button" id="18">
												<include>Birthday.Month.Date.Buttons</include>
												<label>$LOCALIZE[59]</label>
												<onclick>Skin.SetString(BirthdayMonth2,Sep)</onclick>
												<onclick>Skin.SetString(BirthdayMonth2selected,1)</onclick>
										</control>
										<control type="button" id="19">
												<include>Birthday.Month.Date.Buttons</include>
												<label>$LOCALIZE[60]</label>
												<onclick>Skin.SetString(BirthdayMonth2,Oct)</onclick>
												<onclick>Skin.SetString(BirthdayMonth2selected,1)</onclick>
										</control>
										<control type="button" id="20">
												<include>Birthday.Month.Date.Buttons</include>
												<label>$LOCALIZE[61]</label>
												<onclick>Skin.SetString(BirthdayMonth2,Nov)</onclick>
												<onclick>Skin.SetString(BirthdayMonth2selected,1)</onclick>
										</control>
										<control type="button" id="21">
												<include>Birthday.Month.Date.Buttons</include>
												<label>$LOCALIZE[62]</label>
												<onclick>Skin.SetString(BirthdayMonth2,Dec)</onclick>
												<onclick>Skin.SetString(BirthdayMonth2selected,1)</onclick>
										</control>
								</control>
								<!-- Days -->
								<control type="grouplist" id="9003">
										<left>370</left>
										<top>0</top>
										<width>70</width>
										<height>206</height>
										<itemgap>-1</itemgap>
										<onleft>9002</onleft>
										<onright>9001</onright>
										<onup>9003</onup>
										<ondown>9003</ondown>
										<visible>Skin.String(BirthdayMonth2selected,1)</visible>
										<control type="button" id="30">
												<include>Birthday.Month.Date.Buttons</include>
												<label>$LOCALIZE[12311]</label>
												<onclick>Skin.SetString(BirthdayDate2,1)</onclick>
										</control>
										<control type="button" id="31">
												<include>Birthday.Month.Date.Buttons</include>
												<label>$LOCALIZE[12312]</label>
												<onclick>Skin.SetString(BirthdayDate2,2)</onclick>
										</control>
										<control type="button" id="32">
												<include>Birthday.Month.Date.Buttons</include>
												<label>$LOCALIZE[12313]</label>
												<onclick>Skin.SetString(BirthdayDate2,3)</onclick>
										</control>
										<control type="button" id="33">
												<include>Birthday.Month.Date.Buttons</include>
												<label>$LOCALIZE[12314]</label>
												<onclick>Skin.SetString(BirthdayDate2,4)</onclick>
										</control>
										<control type="button" id="34">
												<include>Birthday.Month.Date.Buttons</include>
												<label>$LOCALIZE[12315]</label>
												<onclick>Skin.SetString(BirthdayDate2,5)</onclick>
										</control>
										<control type="button" id="35">
												<include>Birthday.Month.Date.Buttons</include>
												<label>$LOCALIZE[12316]</label>
												<onclick>Skin.SetString(BirthdayDate2,6)</onclick>
										</control>
										<control type="button" id="36">
												<include>Birthday.Month.Date.Buttons</include>
												<label>$LOCALIZE[12317]</label>
												<onclick>Skin.SetString(BirthdayDate2,7)</onclick>
										</control>
										<control type="button" id="37">
												<include>Birthday.Month.Date.Buttons</include>
												<label>$LOCALIZE[12318]</label>
												<onclick>Skin.SetString(BirthdayDate2,8)</onclick>
										</control>
										<control type="button" id="38">
												<include>Birthday.Month.Date.Buttons</include>
												<label>$LOCALIZE[12319]</label>
												<onclick>Skin.SetString(BirthdayDate2,9)</onclick>
										</control>
										<control type="button" id="39">
												<include>Birthday.Month.Date.Buttons</include>
												<label>$LOCALIZE[12311]$LOCALIZE[12310]</label>
												<onclick>Skin.SetString(BirthdayDate2,10)</onclick>
										</control>
										<control type="button" id="40">
												<include>Birthday.Month.Date.Buttons</include>
												<label>$LOCALIZE[12311]$LOCALIZE[12311]</label>
												<onclick>Skin.SetString(BirthdayDate2,11)</onclick>
										</control>
										<control type="button" id="41">
												<include>Birthday.Month.Date.Buttons</include>
												<label>$LOCALIZE[12311]$LOCALIZE[12312]</label>
												<onclick>Skin.SetString(BirthdayDate2,12)</onclick>
										</control>
										<control type="button" id="42">
												<include>Birthday.Month.Date.Buttons</include>
												<label>$LOCALIZE[12311]$LOCALIZE[12313]</label>
												<onclick>Skin.SetString(BirthdayDate2,13)</onclick>
										</control>
										<control type="button" id="43">
												<include>Birthday.Month.Date.Buttons</include>
												<label>$LOCALIZE[12311]$LOCALIZE[12314]</label>
												<onclick>Skin.SetString(BirthdayDate2,14)</onclick>
										</control>
										<control type="button" id="44">
												<include>Birthday.Month.Date.Buttons</include>
												<label>$LOCALIZE[12311]$LOCALIZE[12315]</label>
												<onclick>Skin.SetString(BirthdayDate2,15)</onclick>
										</control>
										<control type="button" id="45">
												<include>Birthday.Month.Date.Buttons</include>
												<label>$LOCALIZE[12311]$LOCALIZE[12316]</label>
												<onclick>Skin.SetString(BirthdayDate2,16)</onclick>
										</control>
										<control type="button" id="46">
												<include>Birthday.Month.Date.Buttons</include>
												<label>$LOCALIZE[12311]$LOCALIZE[12317]</label>
												<onclick>Skin.SetString(BirthdayDate2,17)</onclick>
										</control>
										<control type="button" id="47">
												<include>Birthday.Month.Date.Buttons</include>
												<label>$LOCALIZE[12311]$LOCALIZE[12318]</label>
												<onclick>Skin.SetString(BirthdayDate2,18)</onclick>
										</control>
										<control type="button" id="48">
												<include>Birthday.Month.Date.Buttons</include>
												<label>$LOCALIZE[12311]$LOCALIZE[12319]</label>
												<onclick>Skin.SetString(BirthdayDate2,19)</onclick>
										</control>
										<control type="button" id="49">
												<include>Birthday.Month.Date.Buttons</include>
												<label>$LOCALIZE[12312]$LOCALIZE[12310]</label>
												<onclick>Skin.SetString(BirthdayDate2,20)</onclick>
										</control>
										<control type="button" id="50">
												<include>Birthday.Month.Date.Buttons</include>
												<label>$LOCALIZE[12312]$LOCALIZE[12311]</label>
												<onclick>Skin.SetString(BirthdayDate2,21)</onclick>
										</control>
										<control type="button" id="51">
												<include>Birthday.Month.Date.Buttons</include>
												<label>$LOCALIZE[12312]$LOCALIZE[12312]</label>
												<onclick>Skin.SetString(BirthdayDate2,22)</onclick>
										</control>
										<control type="button" id="52">
												<include>Birthday.Month.Date.Buttons</include>
												<label>$LOCALIZE[12312]$LOCALIZE[12313]</label>
												<onclick>Skin.SetString(BirthdayDate2,23)</onclick>
										</control>
										<control type="button" id="53">
												<include>Birthday.Month.Date.Buttons</include>
												<label>$LOCALIZE[12312]$LOCALIZE[12314]</label>
												<onclick>Skin.SetString(BirthdayDate2,24)</onclick>
										</control>
										<control type="button" id="54">
												<include>Birthday.Month.Date.Buttons</include>
												<label>$LOCALIZE[12312]$LOCALIZE[12315]</label>
												<onclick>Skin.SetString(BirthdayDate2,25)</onclick>
										</control>
										<control type="button" id="55">
												<include>Birthday.Month.Date.Buttons</include>
												<label>$LOCALIZE[12312]$LOCALIZE[12316]</label>
												<onclick>Skin.SetString(BirthdayDate2,26)</onclick>
										</control>
										<control type="button" id="56">
												<include>Birthday.Month.Date.Buttons</include>
												<label>$LOCALIZE[12312]$LOCALIZE[12317]</label>
												<onclick>Skin.SetString(BirthdayDate2,27)</onclick>
										</control>
										<control type="button" id="57">
												<include>Birthday.Month.Date.Buttons</include>
												<label>$LOCALIZE[12312]$LOCALIZE[12318]</label>
												<onclick>Skin.SetString(BirthdayDate2,28)</onclick>
										</control>
										<control type="button" id="58">
												<include>Birthday.Month.Date.Buttons</include>
												<label>$LOCALIZE[12312]$LOCALIZE[12319]</label>
												<onclick>Skin.SetString(BirthdayDate2,29)</onclick>
												<visible>!SubString(Skin.String(BirthdayMonth2),Feb)</visible>
										</control>
										<control type="button" id="59">
												<include>Birthday.Month.Date.Buttons</include>
												<label>$LOCALIZE[12313]$LOCALIZE[12310]</label>
												<onclick>Skin.SetString(BirthdayDate2,30)</onclick>
												<visible>!SubString(Skin.String(BirthdayMonth2),Feb)</visible>
										</control>
										<control type="button" id="60">
												<include>Birthday.Month.Date.Buttons</include>
												<label>$LOCALIZE[12313]$LOCALIZE[12311]</label>
												<onclick>Skin.SetString(BirthdayDate2,31)</onclick>
												<visible>!SubString(Skin.String(BirthdayMonth2),Feb) + !SubString(Skin.String(BirthdayMonth2),Apr) + !SubString(Skin.String(BirthdayMonth2),Jun) + !SubString(Skin.String(BirthdayMonth2),Sep) + !SubString(Skin.String(BirthdayMonth2),Nov)</visible>
										</control>
								</control>
						</control>
						<!-- Birthday 3 -->
						<control type="group">
								<visible>ControlGroup(9001).HasFocus(3)) + Skin.HasSetting(EnabledBirthday3)</visible>
								<!-- Months -->
								<control type="grouplist" id="9002">
										<left>290</left>
										<top>0</top>
										<width>70</width>
										<height>206</height>
										<itemgap>-1</itemgap>
										<onleft>9001</onleft>
										<onright>9003</onright>
										<onup>9002</onup>
										<ondown>9002</ondown>
										<control type="button" id="10">
												<include>Birthday.Month.Date.Buttons</include>
												<label>$LOCALIZE[51]</label>
												<onclick>Skin.SetString(BirthdayMonth3,Jan)</onclick>
												<onclick>Skin.SetString(BirthdayMonth3selected,1)</onclick>
										</control>
										<control type="button" id="11">
												<include>Birthday.Month.Date.Buttons</include>
												<label>$LOCALIZE[52]</label>
												<onclick>Skin.SetString(BirthdayMonth3,Feb)</onclick>
												<onclick>Skin.SetString(BirthdayMonth3selected,1)</onclick>
										</control>
										<control type="button" id="12">
												<include>Birthday.Month.Date.Buttons</include>
												<label>$LOCALIZE[53]</label>
												<onclick>Skin.SetString(BirthdayMonth3,Mar)</onclick>
												<onclick>Skin.SetString(BirthdayMonth3selected,1)</onclick>
										</control>
										<control type="button" id="13">
												<include>Birthday.Month.Date.Buttons</include>
												<label>$LOCALIZE[54]</label>
												<onclick>Skin.SetString(BirthdayMonth3,Apr)</onclick>
												<onclick>Skin.SetString(BirthdayMonth3selected,1)</onclick>
										</control>
										<control type="button" id="14">
												<include>Birthday.Month.Date.Buttons</include>
												<label>$LOCALIZE[55]</label>
												<onclick>Skin.SetString(BirthdayMonth3,May)</onclick>
												<onclick>Skin.SetString(BirthdayMonth3selected,1)</onclick>
										</control>
										<control type="button" id="15">
												<include>Birthday.Month.Date.Buttons</include>
												<label>$LOCALIZE[56]</label>
												<onclick>Skin.SetString(BirthdayMonth3,Jun)</onclick>
												<onclick>Skin.SetString(BirthdayMonth3selected,1)</onclick>
										</control>
										<control type="button" id="16">
												<include>Birthday.Month.Date.Buttons</include>
												<label>$LOCALIZE[57]</label>
												<onclick>Skin.SetString(BirthdayMonth3,Jul)</onclick>
												<onclick>Skin.SetString(BirthdayMonth3selected,1)</onclick>
										</control>
										<control type="button" id="17">
												<include>Birthday.Month.Date.Buttons</include>
												<label>$LOCALIZE[58]</label>
												<onclick>Skin.SetString(BirthdayMonth3,Aug)</onclick>
												<onclick>Skin.SetString(BirthdayMonth3selected,1)</onclick>
										</control>
										<control type="button" id="18">
												<include>Birthday.Month.Date.Buttons</include>
												<label>$LOCALIZE[59]</label>
												<onclick>Skin.SetString(BirthdayMonth3,Sep)</onclick>
												<onclick>Skin.SetString(BirthdayMonth3selected,1)</onclick>
										</control>
										<control type="button" id="19">
												<include>Birthday.Month.Date.Buttons</include>
												<label>$LOCALIZE[60]</label>
												<onclick>Skin.SetString(BirthdayMonth3,Oct)</onclick>
												<onclick>Skin.SetString(BirthdayMonth3selected,1)</onclick>
										</control>
										<control type="button" id="20">
												<include>Birthday.Month.Date.Buttons</include>
												<label>$LOCALIZE[61]</label>
												<onclick>Skin.SetString(BirthdayMonth3,Nov)</onclick>
												<onclick>Skin.SetString(BirthdayMonth3selected,1)</onclick>
										</control>
										<control type="button" id="21">
												<include>Birthday.Month.Date.Buttons</include>
												<label>$LOCALIZE[62]</label>
												<onclick>Skin.SetString(BirthdayMonth3,Dec)</onclick>
												<onclick>Skin.SetString(BirthdayMonth3selected,1)</onclick>
										</control>
								</control>
								<!-- Days -->
								<control type="grouplist" id="9003">
										<left>370</left>
										<top>0</top>
										<width>70</width>
										<height>206</height>
										<itemgap>-1</itemgap>
										<onleft>9002</onleft>
										<onright>9001</onright>
										<onup>9003</onup>
										<ondown>9003</ondown>
										<visible>Skin.String(BirthdayMonth3selected,1)</visible>
										<control type="button" id="30">
												<include>Birthday.Month.Date.Buttons</include>
												<label>$LOCALIZE[12311]</label>
												<onclick>Skin.SetString(BirthdayDate3,1)</onclick>
										</control>
										<control type="button" id="31">
												<include>Birthday.Month.Date.Buttons</include>
												<label>$LOCALIZE[12312]</label>
												<onclick>Skin.SetString(BirthdayDate3,2)</onclick>
										</control>
										<control type="button" id="32">
												<include>Birthday.Month.Date.Buttons</include>
												<label>$LOCALIZE[12313]</label>
												<onclick>Skin.SetString(BirthdayDate3,3)</onclick>
										</control>
										<control type="button" id="33">
												<include>Birthday.Month.Date.Buttons</include>
												<label>$LOCALIZE[12314]</label>
												<onclick>Skin.SetString(BirthdayDate3,4)</onclick>
										</control>
										<control type="button" id="34">
												<include>Birthday.Month.Date.Buttons</include>
												<label>$LOCALIZE[12315]</label>
												<onclick>Skin.SetString(BirthdayDate3,5)</onclick>
										</control>
										<control type="button" id="35">
												<include>Birthday.Month.Date.Buttons</include>
												<label>$LOCALIZE[12316]</label>
												<onclick>Skin.SetString(BirthdayDate3,6)</onclick>
										</control>
										<control type="button" id="36">
												<include>Birthday.Month.Date.Buttons</include>
												<label>$LOCALIZE[12317]</label>
												<onclick>Skin.SetString(BirthdayDate3,7)</onclick>
										</control>
										<control type="button" id="37">
												<include>Birthday.Month.Date.Buttons</include>
												<label>$LOCALIZE[12318]</label>
												<onclick>Skin.SetString(BirthdayDate3,8)</onclick>
										</control>
										<control type="button" id="38">
												<include>Birthday.Month.Date.Buttons</include>
												<label>$LOCALIZE[12319]</label>
												<onclick>Skin.SetString(BirthdayDate3,9)</onclick>
										</control>
										<control type="button" id="39">
												<include>Birthday.Month.Date.Buttons</include>
												<label>$LOCALIZE[12311]$LOCALIZE[12310]</label>
												<onclick>Skin.SetString(BirthdayDate3,10)</onclick>
										</control>
										<control type="button" id="40">
												<include>Birthday.Month.Date.Buttons</include>
												<label>$LOCALIZE[12311]$LOCALIZE[12311]</label>
												<onclick>Skin.SetString(BirthdayDate3,11)</onclick>
										</control>
										<control type="button" id="41">
												<include>Birthday.Month.Date.Buttons</include>
												<label>$LOCALIZE[12311]$LOCALIZE[12312]</label>
												<onclick>Skin.SetString(BirthdayDate3,12)</onclick>
										</control>
										<control type="button" id="42">
												<include>Birthday.Month.Date.Buttons</include>
												<label>$LOCALIZE[12311]$LOCALIZE[12313]</label>
												<onclick>Skin.SetString(BirthdayDate3,13)</onclick>
										</control>
										<control type="button" id="43">
												<include>Birthday.Month.Date.Buttons</include>
												<label>$LOCALIZE[12311]$LOCALIZE[12314]</label>
												<onclick>Skin.SetString(BirthdayDate3,14)</onclick>
										</control>
										<control type="button" id="44">
												<include>Birthday.Month.Date.Buttons</include>
												<label>$LOCALIZE[12311]$LOCALIZE[12315]</label>
												<onclick>Skin.SetString(BirthdayDate3,15)</onclick>
										</control>
										<control type="button" id="45">
												<include>Birthday.Month.Date.Buttons</include>
												<label>$LOCALIZE[12311]$LOCALIZE[12316]</label>
												<onclick>Skin.SetString(BirthdayDate3,16)</onclick>
										</control>
										<control type="button" id="46">
												<include>Birthday.Month.Date.Buttons</include>
												<label>$LOCALIZE[12311]$LOCALIZE[12317]</label>
												<onclick>Skin.SetString(BirthdayDate3,17)</onclick>
										</control>
										<control type="button" id="47">
												<include>Birthday.Month.Date.Buttons</include>
												<label>$LOCALIZE[12311]$LOCALIZE[12318]</label>
												<onclick>Skin.SetString(BirthdayDate3,18)</onclick>
										</control>
										<control type="button" id="48">
												<include>Birthday.Month.Date.Buttons</include>
												<label>$LOCALIZE[12311]$LOCALIZE[12319]</label>
												<onclick>Skin.SetString(BirthdayDate3,19)</onclick>
										</control>
										<control type="button" id="49">
												<include>Birthday.Month.Date.Buttons</include>
												<label>$LOCALIZE[12312]$LOCALIZE[12310]</label>
												<onclick>Skin.SetString(BirthdayDate3,20)</onclick>
										</control>
										<control type="button" id="50">
												<include>Birthday.Month.Date.Buttons</include>
												<label>$LOCALIZE[12312]$LOCALIZE[12311]</label>
												<onclick>Skin.SetString(BirthdayDate3,21)</onclick>
										</control>
										<control type="button" id="51">
												<include>Birthday.Month.Date.Buttons</include>
												<label>$LOCALIZE[12312]$LOCALIZE[12312]</label>
												<onclick>Skin.SetString(BirthdayDate3,22)</onclick>
										</control>
										<control type="button" id="52">
												<include>Birthday.Month.Date.Buttons</include>
												<label>$LOCALIZE[12312]$LOCALIZE[12313]</label>
												<onclick>Skin.SetString(BirthdayDate3,23)</onclick>
										</control>
										<control type="button" id="53">
												<include>Birthday.Month.Date.Buttons</include>
												<label>$LOCALIZE[12312]$LOCALIZE[12314]</label>
												<onclick>Skin.SetString(BirthdayDate3,24)</onclick>
										</control>
										<control type="button" id="54">
												<include>Birthday.Month.Date.Buttons</include>
												<label>$LOCALIZE[12312]$LOCALIZE[12315]</label>
												<onclick>Skin.SetString(BirthdayDate3,25)</onclick>
										</control>
										<control type="button" id="55">
												<include>Birthday.Month.Date.Buttons</include>
												<label>$LOCALIZE[12312]$LOCALIZE[12316]</label>
												<onclick>Skin.SetString(BirthdayDate3,26)</onclick>
										</control>
										<control type="button" id="56">
												<include>Birthday.Month.Date.Buttons</include>
												<label>$LOCALIZE[12312]$LOCALIZE[12317]</label>
												<onclick>Skin.SetString(BirthdayDate3,27)</onclick>
										</control>
										<control type="button" id="57">
												<include>Birthday.Month.Date.Buttons</include>
												<label>$LOCALIZE[12312]$LOCALIZE[12318]</label>
												<onclick>Skin.SetString(BirthdayDate3,28)</onclick>
										</control>
										<control type="button" id="58">
												<include>Birthday.Month.Date.Buttons</include>
												<label>$LOCALIZE[12312]$LOCALIZE[12319]</label>
												<onclick>Skin.SetString(BirthdayDate3,29)</onclick>
												<visible>!SubString(Skin.String(BirthdayMonth3),Feb)</visible>
										</control>
										<control type="button" id="59">
												<include>Birthday.Month.Date.Buttons</include>
												<label>$LOCALIZE[12313]$LOCALIZE[12310]</label>
												<onclick>Skin.SetString(BirthdayDate3,30)</onclick>
												<visible>!SubString(Skin.String(BirthdayMonth3),Feb)</visible>
										</control>
										<control type="button" id="60">
												<include>Birthday.Month.Date.Buttons</include>
												<label>$LOCALIZE[12313]$LOCALIZE[12311]</label>
												<onclick>Skin.SetString(BirthdayDate3,31)</onclick>
												<visible>!SubString(Skin.String(BirthdayMonth3),Feb) + !SubString(Skin.String(BirthdayMonth3),Apr) + !SubString(Skin.String(BirthdayMonth3),Jun) + !SubString(Skin.String(BirthdayMonth3),Sep) + !SubString(Skin.String(BirthdayMonth3),Nov)</visible>
										</control>
								</control>
						</control>
						<!-- Birthday 4 -->
						<control type="group">
								<visible>ControlGroup(9001).HasFocus(4)) + Skin.HasSetting(EnabledBirthday4)</visible>
								<!-- Months -->
								<control type="grouplist" id="9002">
										<left>290</left>
										<top>0</top>
										<width>70</width>
										<height>206</height>
										<itemgap>-1</itemgap>
										<onleft>9001</onleft>
										<onright>9003</onright>
										<onup>9002</onup>
										<ondown>9002</ondown>
										<control type="button" id="10">
												<include>Birthday.Month.Date.Buttons</include>
												<label>$LOCALIZE[51]</label>
												<onclick>Skin.SetString(BirthdayMonth4,Jan)</onclick>
												<onclick>Skin.SetString(BirthdayMonth4selected,1)</onclick>
										</control>
										<control type="button" id="11">
												<include>Birthday.Month.Date.Buttons</include>
												<label>$LOCALIZE[52]</label>
												<onclick>Skin.SetString(BirthdayMonth4,Feb)</onclick>
												<onclick>Skin.SetString(BirthdayMonth4selected,1)</onclick>
										</control>
										<control type="button" id="12">
												<include>Birthday.Month.Date.Buttons</include>
												<label>$LOCALIZE[53]</label>
												<onclick>Skin.SetString(BirthdayMonth4,Mar)</onclick>
												<onclick>Skin.SetString(BirthdayMonth4selected,1)</onclick>
										</control>
										<control type="button" id="13">
												<include>Birthday.Month.Date.Buttons</include>
												<label>$LOCALIZE[54]</label>
												<onclick>Skin.SetString(BirthdayMonth4,Apr)</onclick>
												<onclick>Skin.SetString(BirthdayMonth4selected,1)</onclick>
										</control>
										<control type="button" id="14">
												<include>Birthday.Month.Date.Buttons</include>
												<label>$LOCALIZE[55]</label>
												<onclick>Skin.SetString(BirthdayMonth4,May)</onclick>
												<onclick>Skin.SetString(BirthdayMonth4selected,1)</onclick>
										</control>
										<control type="button" id="15">
												<include>Birthday.Month.Date.Buttons</include>
												<label>$LOCALIZE[56]</label>
												<onclick>Skin.SetString(BirthdayMonth4,Jun)</onclick>
												<onclick>Skin.SetString(BirthdayMonth4selected,1)</onclick>
										</control>
										<control type="button" id="16">
												<include>Birthday.Month.Date.Buttons</include>
												<label>$LOCALIZE[57]</label>
												<onclick>Skin.SetString(BirthdayMonth4,Jul)</onclick>
												<onclick>Skin.SetString(BirthdayMonth4selected,1)</onclick>
										</control>
										<control type="button" id="17">
												<include>Birthday.Month.Date.Buttons</include>
												<label>$LOCALIZE[58]</label>
												<onclick>Skin.SetString(BirthdayMonth4,Aug)</onclick>
												<onclick>Skin.SetString(BirthdayMonth4selected,1)</onclick>
										</control>
										<control type="button" id="18">
												<include>Birthday.Month.Date.Buttons</include>
												<label>$LOCALIZE[59]</label>
												<onclick>Skin.SetString(BirthdayMonth4,Sep)</onclick>
												<onclick>Skin.SetString(BirthdayMonth4selected,1)</onclick>
										</control>
										<control type="button" id="19">
												<include>Birthday.Month.Date.Buttons</include>
												<label>$LOCALIZE[60]</label>
												<onclick>Skin.SetString(BirthdayMonth4,Oct)</onclick>
												<onclick>Skin.SetString(BirthdayMonth4selected,1)</onclick>
										</control>
										<control type="button" id="20">
												<include>Birthday.Month.Date.Buttons</include>
												<label>$LOCALIZE[61]</label>
												<onclick>Skin.SetString(BirthdayMonth4,Nov)</onclick>
												<onclick>Skin.SetString(BirthdayMonth4selected,1)</onclick>
										</control>
										<control type="button" id="21">
												<include>Birthday.Month.Date.Buttons</include>
												<label>$LOCALIZE[62]</label>
												<onclick>Skin.SetString(BirthdayMonth4,Dec)</onclick>
												<onclick>Skin.SetString(BirthdayMonth4selected,1)</onclick>
										</control>
								</control>
								<!-- Days -->
								<control type="grouplist" id="9003">
										<left>370</left>
										<top>0</top>
										<width>70</width>
										<height>206</height>
										<itemgap>-1</itemgap>
										<onleft>9002</onleft>
										<onright>9001</onright>
										<onup>9003</onup>
										<ondown>9003</ondown>
										<visible>Skin.String(BirthdayMonth4selected,1)</visible>
										<control type="button" id="30">
												<include>Birthday.Month.Date.Buttons</include>
												<label>$LOCALIZE[12311]</label>
												<onclick>Skin.SetString(BirthdayDate4,1)</onclick>
										</control>
										<control type="button" id="31">
												<include>Birthday.Month.Date.Buttons</include>
												<label>$LOCALIZE[12312]</label>
												<onclick>Skin.SetString(BirthdayDate4,2)</onclick>
										</control>
										<control type="button" id="32">
												<include>Birthday.Month.Date.Buttons</include>
												<label>$LOCALIZE[12313]</label>
												<onclick>Skin.SetString(BirthdayDate4,3)</onclick>
										</control>
										<control type="button" id="33">
												<include>Birthday.Month.Date.Buttons</include>
												<label>$LOCALIZE[12314]</label>
												<onclick>Skin.SetString(BirthdayDate4,4)</onclick>
										</control>
										<control type="button" id="34">
												<include>Birthday.Month.Date.Buttons</include>
												<label>$LOCALIZE[12315]</label>
												<onclick>Skin.SetString(BirthdayDate4,5)</onclick>
										</control>
										<control type="button" id="35">
												<include>Birthday.Month.Date.Buttons</include>
												<label>$LOCALIZE[12316]</label>
												<onclick>Skin.SetString(BirthdayDate4,6)</onclick>
										</control>
										<control type="button" id="36">
												<include>Birthday.Month.Date.Buttons</include>
												<label>$LOCALIZE[12317]</label>
												<onclick>Skin.SetString(BirthdayDate4,7)</onclick>
										</control>
										<control type="button" id="37">
												<include>Birthday.Month.Date.Buttons</include>
												<label>$LOCALIZE[12318]</label>
												<onclick>Skin.SetString(BirthdayDate4,8)</onclick>
										</control>
										<control type="button" id="38">
												<include>Birthday.Month.Date.Buttons</include>
												<label>$LOCALIZE[12319]</label>
												<onclick>Skin.SetString(BirthdayDate4,9)</onclick>
										</control>
										<control type="button" id="39">
												<include>Birthday.Month.Date.Buttons</include>
												<label>$LOCALIZE[12311]$LOCALIZE[12310]</label>
												<onclick>Skin.SetString(BirthdayDate4,10)</onclick>
										</control>
										<control type="button" id="40">
												<include>Birthday.Month.Date.Buttons</include>
												<label>$LOCALIZE[12311]$LOCALIZE[12311]</label>
												<onclick>Skin.SetString(BirthdayDate4,11)</onclick>
										</control>
										<control type="button" id="41">
												<include>Birthday.Month.Date.Buttons</include>
												<label>$LOCALIZE[12311]$LOCALIZE[12312]</label>
												<onclick>Skin.SetString(BirthdayDate4,12)</onclick>
										</control>
										<control type="button" id="42">
												<include>Birthday.Month.Date.Buttons</include>
												<label>$LOCALIZE[12311]$LOCALIZE[12313]</label>
												<onclick>Skin.SetString(BirthdayDate4,13)</onclick>
										</control>
										<control type="button" id="43">
												<include>Birthday.Month.Date.Buttons</include>
												<label>$LOCALIZE[12311]$LOCALIZE[12314]</label>
												<onclick>Skin.SetString(BirthdayDate4,14)</onclick>
										</control>
										<control type="button" id="44">
												<include>Birthday.Month.Date.Buttons</include>
												<label>$LOCALIZE[12311]$LOCALIZE[12315]</label>
												<onclick>Skin.SetString(BirthdayDate4,15)</onclick>
										</control>
										<control type="button" id="45">
												<include>Birthday.Month.Date.Buttons</include>
												<label>$LOCALIZE[12311]$LOCALIZE[12316]</label>
												<onclick>Skin.SetString(BirthdayDate4,16)</onclick>
										</control>
										<control type="button" id="46">
												<include>Birthday.Month.Date.Buttons</include>
												<label>$LOCALIZE[12311]$LOCALIZE[12317]</label>
												<onclick>Skin.SetString(BirthdayDate4,17)</onclick>
										</control>
										<control type="button" id="47">
												<include>Birthday.Month.Date.Buttons</include>
												<label>$LOCALIZE[12311]$LOCALIZE[12318]</label>
												<onclick>Skin.SetString(BirthdayDate4,18)</onclick>
										</control>
										<control type="button" id="48">
												<include>Birthday.Month.Date.Buttons</include>
												<label>$LOCALIZE[12311]$LOCALIZE[12319]</label>
												<onclick>Skin.SetString(BirthdayDate4,19)</onclick>
										</control>
										<control type="button" id="49">
												<include>Birthday.Month.Date.Buttons</include>
												<label>$LOCALIZE[12312]$LOCALIZE[12310]</label>
												<onclick>Skin.SetString(BirthdayDate4,20)</onclick>
										</control>
										<control type="button" id="50">
												<include>Birthday.Month.Date.Buttons</include>
												<label>$LOCALIZE[12312]$LOCALIZE[12311]</label>
												<onclick>Skin.SetString(BirthdayDate4,21)</onclick>
										</control>
										<control type="button" id="51">
												<include>Birthday.Month.Date.Buttons</include>
												<label>$LOCALIZE[12312]$LOCALIZE[12312]</label>
												<onclick>Skin.SetString(BirthdayDate4,22)</onclick>
										</control>
										<control type="button" id="52">
												<include>Birthday.Month.Date.Buttons</include>
												<label>$LOCALIZE[12312]$LOCALIZE[12313]</label>
												<onclick>Skin.SetString(BirthdayDate4,23)</onclick>
										</control>
										<control type="button" id="53">
												<include>Birthday.Month.Date.Buttons</include>
												<label>$LOCALIZE[12312]$LOCALIZE[12314]</label>
												<onclick>Skin.SetString(BirthdayDate4,24)</onclick>
										</control>
										<control type="button" id="54">
												<include>Birthday.Month.Date.Buttons</include>
												<label>$LOCALIZE[12312]$LOCALIZE[12315]</label>
												<onclick>Skin.SetString(BirthdayDate4,25)</onclick>
										</control>
										<control type="button" id="55">
												<include>Birthday.Month.Date.Buttons</include>
												<label>$LOCALIZE[12312]$LOCALIZE[12316]</label>
												<onclick>Skin.SetString(BirthdayDate4,26)</onclick>
										</control>
										<control type="button" id="56">
												<include>Birthday.Month.Date.Buttons</include>
												<label>$LOCALIZE[12312]$LOCALIZE[12317]</label>
												<onclick>Skin.SetString(BirthdayDate4,27)</onclick>
										</control>
										<control type="button" id="57">
												<include>Birthday.Month.Date.Buttons</include>
												<label>$LOCALIZE[12312]$LOCALIZE[12318]</label>
												<onclick>Skin.SetString(BirthdayDate4,28)</onclick>
										</control>
										<control type="button" id="58">
												<include>Birthday.Month.Date.Buttons</include>
												<label>$LOCALIZE[12312]$LOCALIZE[12319]</label>
												<onclick>Skin.SetString(BirthdayDate4,29)</onclick>
												<visible>!SubString(Skin.String(BirthdayMonth4),Feb)</visible>
										</control>
										<control type="button" id="59">
												<include>Birthday.Month.Date.Buttons</include>
												<label>$LOCALIZE[12313]$LOCALIZE[12310]</label>
												<onclick>Skin.SetString(BirthdayDate4,30)</onclick>
												<visible>!SubString(Skin.String(BirthdayMonth4),Feb)</visible>
										</control>
										<control type="button" id="60">
												<include>Birthday.Month.Date.Buttons</include>
												<label>$LOCALIZE[12313]$LOCALIZE[12311]</label>
												<onclick>Skin.SetString(BirthdayDate4,31)</onclick>
												<visible>!SubString(Skin.String(BirthdayMonth4),Feb) + !SubString(Skin.String(BirthdayMonth4),Apr) + !SubString(Skin.String(BirthdayMonth4),Jun) + !SubString(Skin.String(BirthdayMonth4),Sep) + !SubString(Skin.String(BirthdayMonth4),Nov)</visible>
										</control>
								</control>
						</control>
						<!-- Birthday 5 -->
						<control type="group">
								<visible>ControlGroup(9001).HasFocus(5)) + Skin.HasSetting(EnabledBirthday5)</visible>
								<!-- Months -->
								<control type="grouplist" id="9002">
										<left>290</left>
										<top>0</top>
										<width>70</width>
										<height>206</height>
										<itemgap>-1</itemgap>
										<onleft>9001</onleft>
										<onright>9003</onright>
										<onup>9002</onup>
										<ondown>9002</ondown>
										<control type="button" id="10">
												<include>Birthday.Month.Date.Buttons</include>
												<label>$LOCALIZE[51]</label>
												<onclick>Skin.SetString(BirthdayMonth5,Jan)</onclick>
												<onclick>Skin.SetString(BirthdayMonth5selected,1)</onclick>
										</control>
										<control type="button" id="11">
												<include>Birthday.Month.Date.Buttons</include>
												<label>$LOCALIZE[52]</label>
												<onclick>Skin.SetString(BirthdayMonth5,Feb)</onclick>
												<onclick>Skin.SetString(BirthdayMonth5selected,1)</onclick>
										</control>
										<control type="button" id="12">
												<include>Birthday.Month.Date.Buttons</include>
												<label>$LOCALIZE[53]</label>
												<onclick>Skin.SetString(BirthdayMonth5,Mar)</onclick>
												<onclick>Skin.SetString(BirthdayMonth5selected,1)</onclick>
										</control>
										<control type="button" id="13">
												<include>Birthday.Month.Date.Buttons</include>
												<label>$LOCALIZE[54]</label>
												<onclick>Skin.SetString(BirthdayMonth5,Apr)</onclick>
												<onclick>Skin.SetString(BirthdayMonth5selected,1)</onclick>
										</control>
										<control type="button" id="14">
												<include>Birthday.Month.Date.Buttons</include>
												<label>$LOCALIZE[55]</label>
												<onclick>Skin.SetString(BirthdayMonth5,May)</onclick>
												<onclick>Skin.SetString(BirthdayMonth5selected,1)</onclick>
										</control>
										<control type="button" id="15">
												<include>Birthday.Month.Date.Buttons</include>
												<label>$LOCALIZE[56]</label>
												<onclick>Skin.SetString(BirthdayMonth5,Jun)</onclick>
												<onclick>Skin.SetString(BirthdayMonth5selected,1)</onclick>
										</control>
										<control type="button" id="16">
												<include>Birthday.Month.Date.Buttons</include>
												<label>$LOCALIZE[57]</label>
												<onclick>Skin.SetString(BirthdayMonth5,Jul)</onclick>
												<onclick>Skin.SetString(BirthdayMonth5selected,1)</onclick>
										</control>
										<control type="button" id="17">
												<include>Birthday.Month.Date.Buttons</include>
												<label>$LOCALIZE[58]</label>
												<onclick>Skin.SetString(BirthdayMonth5,Aug)</onclick>
												<onclick>Skin.SetString(BirthdayMonth5selected,1)</onclick>
										</control>
										<control type="button" id="18">
												<include>Birthday.Month.Date.Buttons</include>
												<label>$LOCALIZE[59]</label>
												<onclick>Skin.SetString(BirthdayMonth5,Sep)</onclick>
												<onclick>Skin.SetString(BirthdayMonth5selected,1)</onclick>
										</control>
										<control type="button" id="19">
												<include>Birthday.Month.Date.Buttons</include>
												<label>$LOCALIZE[60]</label>
												<onclick>Skin.SetString(BirthdayMonth5,Oct)</onclick>
												<onclick>Skin.SetString(BirthdayMonth5selected,1)</onclick>
										</control>
										<control type="button" id="20">
												<include>Birthday.Month.Date.Buttons</include>
												<label>$LOCALIZE[61]</label>
												<onclick>Skin.SetString(BirthdayMonth5,Nov)</onclick>
												<onclick>Skin.SetString(BirthdayMonth5selected,1)</onclick>
										</control>
										<control type="button" id="21">
												<include>Birthday.Month.Date.Buttons</include>
												<label>$LOCALIZE[62]</label>
												<onclick>Skin.SetString(BirthdayMonth5,Dec)</onclick>
												<onclick>Skin.SetString(BirthdayMonth5selected,1)</onclick>
										</control>
								</control>
								<!-- Days -->
								<control type="grouplist" id="9003">
										<left>370</left>
										<top>0</top>
										<width>70</width>
										<height>206</height>
										<itemgap>-1</itemgap>
										<onleft>9002</onleft>
										<onright>9001</onright>
										<onup>9003</onup>
										<ondown>9003</ondown>
										<visible>Skin.String(BirthdayMonth5selected,1)</visible>
										<control type="button" id="30">
												<include>Birthday.Month.Date.Buttons</include>
												<label>$LOCALIZE[12311]</label>
												<onclick>Skin.SetString(BirthdayDate5,1)</onclick>
										</control>
										<control type="button" id="31">
												<include>Birthday.Month.Date.Buttons</include>
												<label>$LOCALIZE[12312]</label>
												<onclick>Skin.SetString(BirthdayDate5,2)</onclick>
										</control>
										<control type="button" id="32">
												<include>Birthday.Month.Date.Buttons</include>
												<label>$LOCALIZE[12313]</label>
												<onclick>Skin.SetString(BirthdayDate5,3)</onclick>
										</control>
										<control type="button" id="33">
												<include>Birthday.Month.Date.Buttons</include>
												<label>$LOCALIZE[12314]</label>
												<onclick>Skin.SetString(BirthdayDate5,4)</onclick>
										</control>
										<control type="button" id="34">
												<include>Birthday.Month.Date.Buttons</include>
												<label>$LOCALIZE[12315]</label>
												<onclick>Skin.SetString(BirthdayDate5,5)</onclick>
										</control>
										<control type="button" id="35">
												<include>Birthday.Month.Date.Buttons</include>
												<label>$LOCALIZE[12316]</label>
												<onclick>Skin.SetString(BirthdayDate5,6)</onclick>
										</control>
										<control type="button" id="36">
												<include>Birthday.Month.Date.Buttons</include>
												<label>$LOCALIZE[12317]</label>
												<onclick>Skin.SetString(BirthdayDate5,7)</onclick>
										</control>
										<control type="button" id="37">
												<include>Birthday.Month.Date.Buttons</include>
												<label>$LOCALIZE[12318]</label>
												<onclick>Skin.SetString(BirthdayDate5,8)</onclick>
										</control>
										<control type="button" id="38">
												<include>Birthday.Month.Date.Buttons</include>
												<label>$LOCALIZE[12319]</label>
												<onclick>Skin.SetString(BirthdayDate5,9)</onclick>
										</control>
										<control type="button" id="39">
												<include>Birthday.Month.Date.Buttons</include>
												<label>$LOCALIZE[12311]$LOCALIZE[12310]</label>
												<onclick>Skin.SetString(BirthdayDate5,10)</onclick>
										</control>
										<control type="button" id="40">
												<include>Birthday.Month.Date.Buttons</include>
												<label>$LOCALIZE[12311]$LOCALIZE[12311]</label>
												<onclick>Skin.SetString(BirthdayDate5,11)</onclick>
										</control>
										<control type="button" id="41">
												<include>Birthday.Month.Date.Buttons</include>
												<label>$LOCALIZE[12311]$LOCALIZE[12312]</label>
												<onclick>Skin.SetString(BirthdayDate5,12)</onclick>
										</control>
										<control type="button" id="42">
												<include>Birthday.Month.Date.Buttons</include>
												<label>$LOCALIZE[12311]$LOCALIZE[12313]</label>
												<onclick>Skin.SetString(BirthdayDate5,13)</onclick>
										</control>
										<control type="button" id="43">
												<include>Birthday.Month.Date.Buttons</include>
												<label>$LOCALIZE[12311]$LOCALIZE[12314]</label>
												<onclick>Skin.SetString(BirthdayDate5,14)</onclick>
										</control>
										<control type="button" id="44">
												<include>Birthday.Month.Date.Buttons</include>
												<label>$LOCALIZE[12311]$LOCALIZE[12315]</label>
												<onclick>Skin.SetString(BirthdayDate5,15)</onclick>
										</control>
										<control type="button" id="45">
												<include>Birthday.Month.Date.Buttons</include>
												<label>$LOCALIZE[12311]$LOCALIZE[12316]</label>
												<onclick>Skin.SetString(BirthdayDate5,16)</onclick>
										</control>
										<control type="button" id="46">
												<include>Birthday.Month.Date.Buttons</include>
												<label>$LOCALIZE[12311]$LOCALIZE[12317]</label>
												<onclick>Skin.SetString(BirthdayDate5,17)</onclick>
										</control>
										<control type="button" id="47">
												<include>Birthday.Month.Date.Buttons</include>
												<label>$LOCALIZE[12311]$LOCALIZE[12318]</label>
												<onclick>Skin.SetString(BirthdayDate5,18)</onclick>
										</control>
										<control type="button" id="48">
												<include>Birthday.Month.Date.Buttons</include>
												<label>$LOCALIZE[12311]$LOCALIZE[12319]</label>
												<onclick>Skin.SetString(BirthdayDate5,19)</onclick>
										</control>
										<control type="button" id="49">
												<include>Birthday.Month.Date.Buttons</include>
												<label>$LOCALIZE[12312]$LOCALIZE[12310]</label>
												<onclick>Skin.SetString(BirthdayDate5,20)</onclick>
										</control>
										<control type="button" id="50">
												<include>Birthday.Month.Date.Buttons</include>
												<label>$LOCALIZE[12312]$LOCALIZE[12311]</label>
												<onclick>Skin.SetString(BirthdayDate5,21)</onclick>
										</control>
										<control type="button" id="51">
												<include>Birthday.Month.Date.Buttons</include>
												<label>$LOCALIZE[12312]$LOCALIZE[12312]</label>
												<onclick>Skin.SetString(BirthdayDate5,22)</onclick>
										</control>
										<control type="button" id="52">
												<include>Birthday.Month.Date.Buttons</include>
												<label>$LOCALIZE[12312]$LOCALIZE[12313]</label>
												<onclick>Skin.SetString(BirthdayDate5,23)</onclick>
										</control>
										<control type="button" id="53">
												<include>Birthday.Month.Date.Buttons</include>
												<label>$LOCALIZE[12312]$LOCALIZE[12314]</label>
												<onclick>Skin.SetString(BirthdayDate5,24)</onclick>
										</control>
										<control type="button" id="54">
												<include>Birthday.Month.Date.Buttons</include>
												<label>$LOCALIZE[12312]$LOCALIZE[12315]</label>
												<onclick>Skin.SetString(BirthdayDate5,25)</onclick>
										</control>
										<control type="button" id="55">
												<include>Birthday.Month.Date.Buttons</include>
												<label>$LOCALIZE[12312]$LOCALIZE[12316]</label>
												<onclick>Skin.SetString(BirthdayDate5,26)</onclick>
										</control>
										<control type="button" id="56">
												<include>Birthday.Month.Date.Buttons</include>
												<label>$LOCALIZE[12312]$LOCALIZE[12317]</label>
												<onclick>Skin.SetString(BirthdayDate5,27)</onclick>
										</control>
										<control type="button" id="57">
												<include>Birthday.Month.Date.Buttons</include>
												<label>$LOCALIZE[12312]$LOCALIZE[12318]</label>
												<onclick>Skin.SetString(BirthdayDate5,28)</onclick>
										</control>
										<control type="button" id="58">
												<include>Birthday.Month.Date.Buttons</include>
												<label>$LOCALIZE[12312]$LOCALIZE[12319]</label>
												<onclick>Skin.SetString(BirthdayDate5,29)</onclick>
												<visible>!SubString(Skin.String(BirthdayMonth5),Feb)</visible>
										</control>
										<control type="button" id="59">
												<include>Birthday.Month.Date.Buttons</include>
												<label>$LOCALIZE[12313]$LOCALIZE[12310]</label>
												<onclick>Skin.SetString(BirthdayDate5,30)</onclick>
												<visible>!SubString(Skin.String(BirthdayMonth5),Feb)</visible>
										</control>
										<control type="button" id="60">
												<include>Birthday.Month.Date.Buttons</include>
												<label>$LOCALIZE[12313]$LOCALIZE[12311]</label>
												<onclick>Skin.SetString(BirthdayDate5,31)</onclick>
												<visible>!SubString(Skin.String(BirthdayMonth5),Feb) + !SubString(Skin.String(BirthdayMonth5),Apr) + !SubString(Skin.String(BirthdayMonth5),Jun) + !SubString(Skin.String(BirthdayMonth5),Sep) + !SubString(Skin.String(BirthdayMonth5),Nov)</visible>
										</control>
								</control>
						</control>
				</control>
		</controls>
</window>