<window id="101">
		<defaultcontrol>10</defaultcontrol>
		<controls>
				<control type="image">
						<include>1280x720</include>
						<texture>black-back.png</texture>
				</control>
				<control type="image">
						<description>background image</description>
						<left>326</left>
						<top>252</top>
						<width>628</width>
						<height>215</height>
						<texture>windows\dialogs\main.png</texture>
				</control>
				<control type="image">
						<description>Heading Background</description>
						<left>339</left>
						<top>259</top>
						<width>602</width>
						<height>61</height>
						<texture>windows\dialogs\header.png</texture>
				</control>
				<control type="progress">
						<description>Progressbar</description>
						<left>370</left>
						<top>420</top>
						<width>332</width>
						<height>23</height>
						<info>System.Progressbar</info>
						<texturebg>windows\dialogs\progressbackalt.png</texturebg>
						<midtexture>windows\dialogs\progressfrontalt.png</midtexture>
						<lefttexture>windows\dialogs\progressleftalt.png</lefttexture>
						<righttexture>windows\dialogs\progressrightalt.png</righttexture>
						<overlaytexture>-</overlaytexture>
						<visible>IsEmpty(Skin.String(DisableProgress))</visible>
				</control>
				<control type="label">
						<description>Progress Label</description>
						<left>723</left>
						<top>420</top>
						<width>60</width>
						<height>20</height>
						<font>size_20</font>
						<align>center</align>
						<aligny>center</aligny>
						<textcolor>101_label</textcolor>
						<label>$INFO[System.Progressbar,,%]</label>
				</control>
				<control type="group">
						<visible>!Skin.HasSetting(SynopsisPreviewThere)</visible>
						<control type="label" id="1">
								<description>heading label</description>
								<left>370</left>
								<top>269</top>
								<width>540</width>
								<height>40</height>
								<font>size_28</font>
								<scroll>true</scroll>
								<align>left</align>
								<textcolor>101_header_label</textcolor>
								<label>-</label>
						</control>
						<control type="label" id="2">
								<description>dialog line 1</description>
								<left>370</left>
								<top>324</top>
								<width>540</width>
								<height>40</height>
								<font>size_28</font>
								<scroll>true</scroll>
								<align>left</align>
								<textcolor>101_label</textcolor>
								<label>-</label>
						</control>
						<control type="label" id="3">
								<description>dialog line 2</description>
								<left>370</left>
								<top>356</top>
								<width>540</width>
								<height>40</height>
								<font>size_20</font>
								<scroll>true</scroll>
								<align>left</align>
								<textcolor>101_label</textcolor>
								<label>-</label>
						</control>
						<control type="label" id="4">
								<description>dialog line 3</description>
								<left>370</left>
								<top>380</top>
								<width>540</width>
								<height>40</height>
								<font>size_20</font>
								<scroll>true</scroll>
								<align>left</align>
								<textcolor>101_label</textcolor>
								<label>-</label>
						</control>
				</control>
				<control type="group">
						<visible>Skin.HasSetting(SynopsisPreviewThere)</visible>
						<control type="label">
								<description>heading label</description>
								<left>370</left>
								<top>269</top>
								<width>540</width>
								<height>40</height>
								<font>size_28</font>
								<scroll>true</scroll>
								<align>left</align>
								<textcolor>windows_header_label</textcolor>
								<label>$LOCALIZE[20159]</label>
						</control>
						<control type="label" id="2">
								<description>dialog line 2</description>
								<left>370</left>
								<top>345</top>
								<width>540</width>
								<height>40</height>
								<font>size_22</font>
								<scroll>true</scroll>
								<align>left</align>
								<textcolor>101_label</textcolor>
								<label>-</label>
						</control>
				</control>
				<control type="button" id="10">
						<description>Cancel button</description>
						<left>810</left>
						<top>412</top>
						<width>100</width>
						<height>36</height>
						<label>222</label>
						<textcolor>101_button_label</textcolor>
						<focusedcolor>101_button_focus</focusedcolor>
						<align>center</align>
						<texturenofocus border="3">windows\dialogs\button_no_focus.png</texturenofocus>
						<texturefocus border="3">windows\dialogs\button_focus.png</texturefocus>
						<onleft>10</onleft>
						<onright>10</onright>
						<onup>10</onup>
						<ondown>10</ondown>
						<visible>!Window.IsActive(2999) + IsEmpty(Skin.String(DisableCancel))</visible>
				</control>
		</controls>
</window>