<window id="126">
		<defaultcontrol always="true">450</defaultcontrol>
		<allowoverlay>no</allowoverlay>
		<coordinates>
				<system>1</system>
				<left>320</left>
				<top>10</top>
		</coordinates>
		<controls>
				<control type="group">
						<!-- Image Preview -->
						<left>300</left>
						<top>0</top>
						<visible>Control.IsVisible(451)</visible>
						<animation type="Visible" reversible="false">
								<effect type="zoom" start="80" end="100" center="640,360" easing="out" tween="back" time="300" delay="300" />
								<effect type="fade" start="0" end="100" time="300" delay="300" />
						</animation>
						<animation type="Hidden" reversible="false">
								<effect type="zoom" start="100" end="80" center="640,360" easing="in" tween="back" time="200" />
								<effect type="fade" start="100" end="0" time="200" />
						</animation>
						<control type="image">
								<left>30</left>
								<top>34</top>
								<width>580</width>
								<height>580</height>
								<texture border="20,20,20,20">thumbnofo.png</texture>
						</control>
						<control type="image">
								<description>Heading Background</description>
								<left>30</left>
								<top>34</top>
								<width>580</width>
								<height>40</height>
								<texture border="20,20,20,20">thumbfo.png</texture>
						</control>
						<control type="label">
								<description>Heading label</description>
								<left>40</left>
								<top>40</top>
								<width>560</width>
								<height>30</height>
								<align>center</align>
								<aligny>center</aligny>
								<font>size_21_bold</font>
								<label>Preview</label>
								<textcolor>126_header_label</textcolor>
						</control>
						<control type="image">
								<description>Current Icon image</description>
								<left>50</left>
								<top>90</top>
								<width>540</width>
								<height>510</height>
								<aspectratio>keep</aspectratio>
								<info>ListItem.Icon</info>
								<aspectratio>keep</aspectratio>
								<!-- <bordertexture border="5">white-back.png</bordertexture> -->
								<!-- <bordersize>1</bordersize> -->
						</control>
						<control type="radiobutton" id="416">
								<description>Flip Image button</description>
								<left>30</left>
								<top>614</top>
								<width>580</width>
								<height>40</height>
								<label>749</label>
								<textcolor>126_button_label</textcolor>
								<focusedcolor>126_button_label_focus</focusedcolor>
								<texturenofocus border="3">thumbnf.png</texturenofocus>
								<texturefocus border="3">thumbfo.png</texturefocus>
								<onleft>415</onleft>
								<onright>413</onright>
								<onup>450</onup>
								<ondown>450</ondown>
						</control>
				</control>
				<control type="group">
						<!-- Browser pane -->
						<animation effect="slide" start="0,0" end="-290,0" time="300" condition="Control.IsVisible(451)">Conditional</animation>
						<control type="image">
								<description>background image</description>
								<left>30</left>
								<top>34</top>
								<width>580</width>
								<height>580</height>
								<texture border="20,20,20,20">thumbnofo.png</texture>
						</control>
						<control type="image">
								<description>Heading Background</description>
								<left>30</left>
								<top>34</top>
								<width>580</width>
								<height>40</height>
								<texture border="20,20,20,20">thumbfo.png</texture>
						</control>
						<control type="label" id="411">
								<description>Heading label</description>
								<left>40</left>
								<top>40</top>
								<width>560</width>
								<height>30</height>
								<align>center</align>
								<aligny>center</aligny>
								<font>size_21_bold</font>
								<label>1023</label>
								<textcolor>126_header_label</textcolor>
						</control>
						<control type="label" id="412">
								<description>path label control</description>
								<left>40</left>
								<top>85</top>
								<width>560</width>
								<height>30</height>
								<align>center</align>
								<aligny>center</aligny>
								<font>size_20</font>
								<textcolor>126_label</textcolor>
								<haspath>true</haspath>
						</control>
						<control type="scrollbar" id="60">
								<left>580</left>
								<top>120</top>
								<width>20</width>
								<height>435</height>
								<texturesliderbackground border="2,2,2,2">scrollbar_bar_back2.png</texturesliderbackground>
								<texturesliderbar border="2,16,2,16">scrollbar_bar.png</texturesliderbar>
								<texturesliderbarfocus border="2,16,2,16">scrollbar_bar_focus.png</texturesliderbarfocus>
								<textureslidernib>scrollbar_nib.png</textureslidernib>
								<textureslidernibfocus>scrollbar_nib.png</textureslidernibfocus>
								<onleft>450</onleft>
								<onright>9000</onright>
								<showonepage>false</showonepage>
								<orientation>vertical</orientation>
						</control>
						<control type="list" id="450">
								<left>40</left>
								<top>120</top>
								<width>535</width>
								<height>440</height>
								<onleft>9000</onleft>
								<onright>60</onright>
								<onup>450</onup>
								<ondown>450</ondown>
								<pagecontrol>60</pagecontrol>
								<scrolltime>200</scrolltime>
								<animation effect="slide" start="0,0" end="12,0" time="0" condition="!Control.IsVisible(60)">Conditional</animation>
								<itemlayout height="40">
										<control type="image">
												<left>0</left>
												<top>0</top>
												<width>535</width>
												<height>35</height>
												<texture border="5">button-nofocus.png</texture>
										</control>
										<control type="image">
												<left>10</left>
												<top>2</top>
												<width>31</width>
												<height>31</height>
												<texture>$INFO[listitem.icon]</texture>
										</control>
										<control type="label">
												<left>45</left>
												<top>-1</top>
												<width>480</width>
												<height>35</height>
												<font>size_20</font>
												<align>left</align>
												<aligny>center</aligny>
												<textcolor>126_label</textcolor>
												<selectedcolor>126_label_selected</selectedcolor>
												<info>ListItem.Label</info>
										</control>
								</itemlayout>
								<focusedlayout height="40">
										<control type="image">
												<left>0</left>
												<top>0</top>
												<width>535</width>
												<height>35</height>
												<visible>!Control.HasFocus(450)</visible>
												<texture border="5">button-nofocus.png</texture>
										</control>
										<control type="image">
												<left>0</left>
												<top>0</top>
												<width>535</width>
												<height>35</height>
												<visible>Control.HasFocus(450)</visible>
												<texture border="5">button-focus2.png</texture>
										</control>
										<control type="image">
												<left>10</left>
												<top>2</top>
												<width>31</width>
												<height>31</height>
												<texture>$INFO[listitem.icon]</texture>
										</control>
										<control type="label">
												<left>45</left>
												<top>-1</top>
												<width>480</width>
												<height>35</height>
												<font>size_20</font>
												<align>left</align>
												<aligny>center</aligny>
												<textcolor>126_label</textcolor>
												<selectedcolor>126_label_selected</selectedcolor>
												<info>ListItem.Label</info>
										</control>
								</focusedlayout>
						</control>
						<control type="panel" id="451">
								<left>40</left>
								<top>120</top>
								<width>560</width>
								<height>440</height>
								<onleft>9000</onleft>
								<onright>60</onright>
								<onup>451</onup>
								<ondown>451</ondown>
								<pagecontrol>60</pagecontrol>
								<scrolltime>200</scrolltime>
								<animation effect="slide" start="0,0" end="12,0" time="0" condition="!Control.IsVisible(60)">Conditional</animation>
								<itemlayout height="40" width="535">
										<control type="image">
												<left>0</left>
												<top>0</top>
												<width>535</width>
												<height>35</height>
												<texture border="5">button-nofocus.png</texture>
										</control>
										<control type="image">
												<left>10</left>
												<top>2</top>
												<width>31</width>
												<height>31</height>
												<texture>$INFO[listitem.icon]</texture>
										</control>
										<control type="label">
												<left>45</left>
												<top>-1</top>
												<width>480</width>
												<height>35</height>
												<font>size_20</font>
												<align>left</align>
												<aligny>center</aligny>
												<textcolor>126_label</textcolor>
												<selectedcolor>126_label_selected</selectedcolor>
												<info>ListItem.Label</info>
										</control>
								</itemlayout>
								<focusedlayout height="40" width="535">
										<control type="image">
												<left>0</left>
												<top>0</top>
												<width>535</width>
												<height>35</height>
												<visible>!Control.HasFocus(451)</visible>
												<texture border="5">button-nofocus.png</texture>
										</control>
										<control type="image">
												<left>0</left>
												<top>0</top>
												<width>535</width>
												<height>35</height>
												<visible>Control.HasFocus(451)</visible>
												<texture border="5">button-focus2.png</texture>
										</control>
										<control type="image">
												<left>10</left>
												<top>2</top>
												<width>31</width>
												<height>31</height>
												<texture>$INFO[listitem.icon]</texture>
										</control>
										<control type="label">
												<left>45</left>
												<top>-1</top>
												<width>480</width>
												<height>35</height>
												<font>size_20</font>
												<align>left</align>
												<aligny>center</aligny>
												<textcolor>126_label</textcolor>
												<selectedcolor>126_label_selected</selectedcolor>
												<info>ListItem.Label</info>
										</control>
								</focusedlayout>
						</control>
						<control type="label">
								<description>Page label</description>
								<left>40</left>
								<top>570</top>
								<width>560</width>
								<height>30</height>
								<align>center</align>
								<aligny>center</aligny>
								<font>size_20</font>
								<textcolor>126_label</textcolor>
								<label>($INFO[Container(450).NumItems]) $LOCALIZE[31211] - $LOCALIZE[31210] ($INFO[Container(450).CurrentPage]/$INFO[Container(450).NumPages])</label>
								<visible>!Control.IsVisible(451)</visible>
						</control>
						<control type="label">
								<description>Page label</description>
								<left>40</left>
								<top>570</top>
								<width>560</width>
								<height>30</height>
								<align>center</align>
								<aligny>center</aligny>
								<font>size_20</font>
								<textcolor>126_label</textcolor>
								<label>($INFO[Container(451).NumItems]) $LOCALIZE[31211] - $LOCALIZE[31210] ($INFO[Container(451).CurrentPage]/$INFO[Container(451).NumPages])</label>
								<visible>Control.IsVisible(451)</visible>
						</control>
						<control type="group" id="9000">
								<control type="button" id="413">
										<description>OK button</description>
										<left>30</left>
										<top>614</top>
										<width>193</width>
										<height>40</height>
										<label>186</label>
										<textcolor>126_button_label</textcolor>
										<focusedcolor>126_button_label_focus</focusedcolor>
										<disabledcolor>126_button_label</disabledcolor>
										<align>center</align>
										<texturenofocus border="3">thumbnf.png</texturenofocus>
										<texturefocus border="3">thumbfo.png</texturefocus>
										<onleft>416</onleft>
										<onright>414</onright>
										<onup>450</onup>
										<ondown>450</ondown>
								</control>
								<control type="button" id="414">
										<description>Cancel button</description>
										<left>223</left>
										<top>614</top>
										<width>193</width>
										<height>40</height>
										<label>222</label>
										<textcolor>126_button_label</textcolor>
										<focusedcolor>126_button_label_focus</focusedcolor>
										<disabledcolor>126_button_label</disabledcolor>
										<align>center</align>
										<texturenofocus border="3">thumbnf.png</texturenofocus>
										<texturefocus border="3">thumbfo.png</texturefocus>
										<onleft>413</onleft>
										<onright>415</onright>
										<onup>450</onup>
										<ondown>450</ondown>
								</control>
								<control type="button" id="415">
										<description>Create folder button</description>
										<left>416</left>
										<top>614</top>
										<width>193</width>
										<height>40</height>
										<label>119</label>
										<textcolor>126_button_label</textcolor>
										<focusedcolor>126_button_label_focus</focusedcolor>
										<disabledcolor>126_button_label</disabledcolor>
										<align>center</align>
										<texturenofocus border="3">thumbnf.png</texturenofocus>
										<texturefocus border="3">thumbfo.png</texturefocus>
										<onleft>414</onleft>
										<onright>416</onright>
										<onup>450</onup>
										<ondown>450</ondown>
								</control>
						</control>
				</control>
		</controls>
</window>