<fonts>
		<fontset id="default" unicode="true">
				<font>
						<name>size_13</name>
						<filename>default.ttf</filename>
						<size>13</size>
				</font>
				<font>
						<name>size_14</name>
						<filename>default.ttf</filename>
						<size>14</size>
				</font>
				<font>
						<name>size_15</name>
						<filename>default.ttf</filename>
						<size>15</size>
				</font>
				<font>
						<name>size_16</name>
						<filename>default.ttf</filename>
						<size>16</size>
				</font>
				<font>
						<name>size_17</name>
						<filename>default.ttf</filename>
						<size>17</size>
				</font>
				<font>
						<name>size_18</name>
						<filename>default.ttf</filename>
						<size>18</size>
				</font>
				<font>
						<name>size_19</name>
						<filename>default.ttf</filename>
						<size>19</size>
				</font>
				<font>
						<name>size_20</name>
						<filename>default.ttf</filename>
						<size>20</size>
				</font>
				<font>
						<name>size_21</name>
						<filename>default.ttf</filename>
						<size>21</size>
				</font>
				<font>
						<name>size_21_bold</name>
						<filename>default.ttf</filename>
						<size>21</size>
						<style>bold</style>
				</font>
				<font>
						<name>size_22</name>
						<filename>default.ttf</filename>
						<size>22</size>
				</font>
				<font>
						<name>size_23</name>
						<filename>default.ttf</filename>
						<size>23</size>
				</font>
				<font>
						<name>size_24</name>
						<filename>default.ttf</filename>
						<size>24</size>
				</font>
				<font>
						<name>size_27</name>
						<filename>default.ttf</filename>
						<size>27</size>
				</font>
				<font>
						<name>size_28</name>
						<filename>default.ttf</filename>
						<size>28</size>
				</font>
				<font>
						<name>size_30</name>
						<filename>default.ttf</filename>
						<size>30</size>
				</font>
				<font>
						<name>size_35</name>
						<filename>default.ttf</filename>
						<size>35</size>
				</font>
				<font>
						<name>size_38</name>
						<filename>default.ttf</filename>
						<size>38</size>
				</font>
				<font>
						<name>size_40</name>
						<filename>default.ttf</filename>
						<size>40</size>
				</font>
				<font>
						<name>size_50</name>
						<filename>default.ttf</filename>
						<size>50</size>
				</font>
				<font>
						<name>size_60</name>
						<filename>default.ttf</filename>
						<size>60</size>
				</font>
				<font>
						<name>size_400</name>
						<filename>default.ttf</filename>
						<size>400</size>
				</font>
				<font>
						<!-- This cant be removed its used by the debug information -->
						<name>debuglogging</name>
						<filename>default.ttf</filename>
						<size>20</size>
				</font>
		</fontset>
</fonts>