<window id="0">
		<defaultcontrol always="true">1</defaultcontrol>
		<allowoverlay>no</allowoverlay>
		<controls>
				<control type="group">
						<!-- dummy group so setting is placed inside the guisettings.xml upon load. -->
						<visible>Skin.HasSetting(UseProfiles)</visible>
				</control>
				<include>CommonBackground</include>
				<!-- Disabled
				<control type="group">
						<include>Window_OpenClose_Animation</include>
						<control type="panel" id="1">
								<left>382</left>
								<top>270</top>
								<width>1279</width>
								<height>720</height>
								<onleft>50</onleft>
								<onright>50</onright>
								<onup>50</onup>
								<ondown>50</ondown>
								<viewtype>list</viewtype>
								<pagecontrol>61</pagecontrol>
								<scrolltime>200</scrolltime>
								<focusposition>3</focusposition>
								<orientation>-</orientation>
								<animation effect="slide" end="128" time="0" condition="!Skin.HasSetting(editmode)">conditional</animation>
								<itemlayout height="130" width="256">
										<control type="image">
												<left>2</left>
												<top>2</top>
												<width>252</width>
												<height>126</height>
												<texture>ThumbNF.png</texture>
												<aspectratio>scale</aspectratio>
										</control>
										<control type="image">
												<left>7</left>
												<top>7</top>
												<width>242</width>
												<height>90</height>
												<texture>$INFO[Listitem.Icon]</texture>
												<bordertexture border="5">black-back.png</bordertexture>
												<bordersize>1</bordersize>
												<aspectratio>scale</aspectratio>
										</control>
										<control type="label">
												<left>10</left>
												<top>100</top>
												<width>236</width>
												<height>20</height>
												<font>size_20</font>
												<textcolor>white</textcolor>
												<selectedcolor>blue</selectedcolor>
												<align>left</align>
												<aligny>center</aligny>
												<label>$INFO[ListItem.Label]</label>
										</control>
								</itemlayout>
								<focusedlayout height="256" width="190">
										<control type="image">
												<left>2</left>
												<top>2</top>
												<width>252</width>
												<height>126</height>
												<texture>ThumbFO.png</texture>
												<aspectratio>scale</aspectratio>
										</control>
										<control type="image">
												<left>7</left>
												<top>7</top>
												<width>242</width>
												<height>90</height>
												<texture>$INFO[Listitem.Icon]</texture>
												<bordertexture border="5">black-back.png</bordertexture>
												<bordersize>1</bordersize>
												<aspectratio>scale</aspectratio>
										</control>
										<control type="label">
												<left>10</left>
												<top>100</top>
												<width>236</width>
												<height>20</height>
												<font>size_20</font>
												<textcolor>black</textcolor>
												<selectedcolor>blue2</selectedcolor>
												<align>left</align>
												<aligny>center</aligny>
												<label>$INFO[ListItem.Label]</label>
										</control>
								</focusedlayout>
								<content>
										<item>
												<label>Logout</label>
												<onclick>system.logoff</onclick>
												<onclick>dialog.close(all,true)</onclick>
												<icon>unknown-user.png</icon>
												<visible>!Skin.HasSetting(editmode)</visible>
										</item>
										<item>
												<label>Manage Profiles</label>
												<onclick>ActivateWindow(Profiles)</onclick>
												<icon>unknown-user.png</icon>
												<visible>Skin.HasSetting(editmode)</visible>
										</item>
										<item>
												<label>Settings</label>
												<onclick>ActivateWindow(Settings)</onclick>
												<icon>defaultharddisk.png</icon>
												<visible>Skin.HasSetting(editmode)</visible>
										</item>
								</content>
						</control>
				</control>
				<control type="group" id="2">
						<left>290</left>
						<top>210</top>
						<visible allowhiddenfocus="true">ControlGroup(2).HasFocus()</visible>
						<include>VisibleFadeEffect</include>
						<control type="image">
								<description>background image</description>
								<left>0</left>
								<top>0</top>
								<width>700</width>
								<height>300</height>
								<texture border="40">DialogBack.png</texture>
						</control>
						<control type="image">
								<description>Heading Background</description>
								<left>30</left>
								<top>34</top>
								<width>640</width>
								<height>40</height>
								<texture border="5">ThumbFO.png</texture>
						</control>
						<control type="label">
								<description>heading label</description>
								<left>40</left>
								<top>35</top>
								<width>620</width>
								<height>40</height>
								<align>center</align>
								<aligny>center</aligny>
								<font>size_21_bold</font>
								<label>Manually Install Game</label>
								<textcolor>black</textcolor>
						</control>
						<control type="label">
								<description>dialog line 2</description>
								<left>40</left>
								<top>115</top>
								<width>620</width>
								<height>30</height>
								<align>center</align>
								<aligny>center</aligny>
								<label>Launch DVD2Xbox?</label>
								<font>size_20</font>
						</control>
						<control type="button" id="11">
								<description>Yes button</description>
								<left>145</left>
								<top>215</top>
								<width>200</width>
								<height>35</height>
								<label>107</label>
								<textcolor>grey2</textcolor>
								<focusedcolor>white</focusedcolor>
								<align>center</align>
								<texturenofocus border="3">button-nofocus.png</texturenofocus>
								<texturefocus border="3">button-focus2.png</texturefocus>
								<onleft>10</onleft>
								<onright>10</onright>
								<onup>11</onup>
								<ondown>11</ondown>
								<onclick>XBMC.RunXBE(Special://xbmc/Apps/DVD2Xbox/default.xbe)</onclick>
						</control>
						<control type="button" id="10">
								<description>No button</description>
								<left>355</left>
								<top>215</top>
								<width>200</width>
								<height>35</height>
								<label>106</label>
								<textcolor>grey2</textcolor>
								<focusedcolor>white</focusedcolor>
								<align>center</align>
								<texturenofocus border="3">button-nofocus.png</texturenofocus>
								<texturefocus border="3">button-focus2.png</texturefocus>
								<onleft>11</onleft>
								<onright>11</onright>
								<onup>10</onup>
								<ondown>10</ondown>
								<onclick>Control.SetFocus(1,2)</onclick>
						</control>
				</control>
				<include>WindowHeader</include>
				<include>WindowFooter</include>
				<control type="image">
						<left>20</left>
						<top>5</top>
						<width>40</width>
						<height>35</height>
						<aspectratio>keep</aspectratio>
						<texture>icon_system.png</texture>
				</control>
				<control type="label">
						<description>Header label</description>
						<left>70</left>
						<top>5</top>
						<width>700</width>
						<height>35</height>
						<align>left</align>
						<aligny>center</aligny>
						<font>size_23</font>
						<textcolor>white</textcolor>
						<label>$INFO[system.profilename] Profile</label>
				</control>
				-->
				<!-- Debug Info -->
				<includes>Debug</includes>
		</controls>
</window>