<includes>
		<include name="View_Options">
				<control type="group">
						<visible allowhiddenfocus="true">ControlGroup(9000).HasFocus() | Control.HasFocus(9001)</visible>
						<include>BehindDialogFadeOut</include>
				</control>
				<control type="group">
						<top>-360</top>
						<visible allowhiddenfocus="true">ControlGroup(9000).HasFocus() | Control.HasFocus(9001)</visible>
						<animation effect="slide" start="0,0" end="0,320" time="200">Visible</animation>
						<animation effect="slide" start="0,320" end="0,0" time="200">Hidden</animation>
						<control type="image">
								<left>201</left>
								<top>31</top>
								<width>878</width>
								<height>321</height>
								<aspectratio>stretch</aspectratio>
								<texture>windows\generic\main.png</texture>
						</control>
						<control type="image">
								<left>220</left>
								<top>42</top>
								<width>230</width>
								<height>299</height>
								<aspectratio>stretch</aspectratio>
								<texture>windows\generic\main_overlay.png</texture>
						</control>
						<control type="grouplist">
								<description>Control Info</description>
								<left>450</left>
								<top>297</top>
								<width>610</width>
								<height>80</height>
								<itemgap>10</itemgap>
								<orientation>Horizontal</orientation>
								<align>center</align>
								<!-- A Button -->
								<control type="image">
										<left>0</left>
										<top>0</top>
										<width>32</width>
										<height>32</height>
										<aspectratio>stretch</aspectratio>
										<texture>pad_buttons\dialogs\a_button.png</texture>
								</control>
								<control type="label">
										<left>0</left>
										<top>0</top>
										<width min="80" max="147">auto</width>
										<height>20</height>
										<font>size_19</font>
										<align>left</align>
										<textcolor>view_options_context_label</textcolor>
										<label>$LOCALIZE[424]</label>
										<include>Context_Buttons_Text_Align</include>
								</control>
								<!-- B Button -->
								<control type="image">
										<left>0</left>
										<top>0</top>
										<width>32</width>
										<height>32</height>
										<aspectratio>stretch</aspectratio>
										<texture>pad_buttons\dialogs\b_button.png</texture>
								</control>
								<control type="label">
										<left>0</left>
										<top>0</top>
										<width min="80" max="147">auto</width>
										<height>20</height>
										<font>size_19</font>
										<align>left</align>
										<textcolor>view_options_context_label</textcolor>
										<label>$LOCALIZE[31108]</label>
										<include>Context_Buttons_Text_Align</include>
								</control>
						</control>
						<control type="grouplist" id="9000">
								<description>button area</description>
								<left>220</left>
								<top>56</top>
								<width>230</width>
								<height>299</height>
								<itemgap>5</itemgap>
								<onleft>-</onleft>
								<onright>9001</onright>
								<onback>52</onback>
								<aligny>center</aligny>
								<control type="button" id="101">
										<description>Backgrounds</description>
										<left>0</left>
										<top>0</top>
										<height>40</height>
										<width>230</width>
										<textoffsetx>24</textoffsetx>
										<textoffsety>0</textoffsety>
										<font>size_22</font>
										<align>left</align>
										<aligny>center</aligny>
										<label>$LOCALIZE[33068]</label>
										<textcolor>view_options_label_nofocus</textcolor>
										<focusedcolor>view_options_label_focus</focusedcolor>
										<texturefocus>windows\settings_categories\button_focus.png</texturefocus>
										<texturenofocus>windows\settings_categories\button_no_focus.png</texturenofocus>
								</control>
						</control>
						<!-- Backgrounds -->
						<control type="panel" id="9001">
								<left>460</left>
								<top>53</top>
								<width>590</width>
								<height>230</height>
								<onleft>9001</onleft>
								<onright>9001</onright>
								<onup>-</onup>
								<ondown>-</ondown>
								<onback>52</onback>
								<itemlayout height="57" width="118">
										<control type="image">
												<left>5</left>
												<top>5</top>
												<width>100</width>
												<height>52</height>
												<texture>$INFO[listitem.actualicon]</texture>
												<bordertexture>windows\generic\header.png</bordertexture>
												<bordersize>3</bordersize>
												<aspectratio>stretch</aspectratio>
										</control>
								</itemlayout>
								<focusedlayout height="57" width="118">
										<control type="image">
												<left>5</left>
												<top>5</top>
												<width>100</width>
												<height>52</height>
												<texture>$INFO[listitem.actualicon]</texture>
												<bordersize>3</bordersize>
												<aspectratio>stretch</aspectratio>
										</control>
										<control type="image">
												<left>5</left>
												<top>5</top>
												<width>100</width>
												<height>52</height>
												<texture border="7,7,7,7">windows\generic\button_focus_alt.png</texture>
												<aspectratio>stretch</aspectratio>
										</control>
								</focusedlayout>
								<content>
										<item id="204">
												<label>-</label>
												<onclick>Skin.SetImage(Background_Image)</onclick>
												<onclick>Skin.Reset(Background_Color)</onclick>
												<onclick>Skin.Reset(Background_Custom_Color)</onclick>
												<icon>$INFO[Skin.String(Background_Image)]</icon>
												<visible>IsEmpty.($INFO[Skin.String(Background_Image)])</visible>
										</item>
										<item id="204">
												<label>-</label>
												<onclick>Skin.SetImage(Background_Image)</onclick>
												<onclick>Skin.Reset(Background_Color)</onclick>
												<onclick>Skin.Reset(Background_Custom_Color)</onclick>
												<icon>windows\programs\hdd.jpg</icon>
												<visible>!IsEmpty.($INFO[Skin.String(Background_Image)])</visible>
										</item>
										<item id="205">
												<label>-</label>
												<onclick>Skin.SetBool(hex_entry)</onclick>
												<onclick>Skin.SetString(Background_Custom_Color)</onclick>
												<onclick>Skin.Reset(Background_Color)</onclick>
												<onclick>Skin.Reset(Background_Image)</onclick>
												<icon>windows\programs\custom_color.jpg</icon>
										</item>
										<item id="206">
												<label>-</label>
												<onclick>Skin.Reset(Background_Color)</onclick>
												<onclick>Skin.Reset(Background_Custom_Color)</onclick>
												<onclick>Skin.Reset(Background_Image)</onclick>
												<icon>windows\programs\reset.jpg</icon>
										</item>
										<!-- Backgrounds -->
										<item id="210">
												<label>-</label>
												<onclick>Skin.SetString(Background_Color,backgrounds/1.jpg)</onclick>
												<onclick>Skin.Reset(Background_Image)</onclick>
												<onclick>Skin.Reset(Background_Custom_Color)</onclick>
												<icon>windows/programs/background thumbs/1.jpg</icon>
										</item>
										<item id="211">
												<label>-</label>
												<onclick>Skin.SetString(Background_Color,backgrounds/2.jpg)</onclick>
												<onclick>Skin.Reset(Background_Image)</onclick>
												<onclick>Skin.Reset(Background_Custom_Color)</onclick>
												<icon>windows/programs/background thumbs/2.jpg</icon>
										</item>
										<item id="212">
												<label>-</label>
												<onclick>Skin.SetString(Background_Color,backgrounds/3.jpg)</onclick>
												<onclick>Skin.Reset(Background_Image)</onclick>
												<onclick>Skin.Reset(Background_Custom_Color)</onclick>
												<icon>windows/programs/background thumbs/3.jpg</icon>
										</item>
										<item id="213">
												<label>-</label>
												<onclick>Skin.SetString(Background_Color,backgrounds/4.jpg)</onclick>
												<onclick>Skin.Reset(Background_Image)</onclick>
												<onclick>Skin.Reset(Background_Custom_Color)</onclick>
												<icon>windows/programs/background thumbs/4.jpg</icon>
										</item>
										<item id="214">
												<label>-</label>
												<onclick>Skin.SetString(Background_Color,backgrounds/5.jpg)</onclick>
												<onclick>Skin.Reset(Background_Image)</onclick>
												<onclick>Skin.Reset(Background_Custom_Color)</onclick>
												<icon>windows/programs/background thumbs/5.jpg</icon>
										</item>
										<item id="215">
												<label>-</label>
												<onclick>Skin.SetString(Background_Color,backgrounds/6.jpg)</onclick>
												<onclick>Skin.Reset(Background_Image)</onclick>
												<onclick>Skin.Reset(Background_Custom_Color)</onclick>
												<icon>windows/programs/background thumbs/6.jpg</icon>
										</item>
										<item id="216">
												<label>-</label>
												<onclick>Skin.SetString(Background_Color,backgrounds/7.jpg)</onclick>
												<onclick>Skin.Reset(Background_Image)</onclick>
												<onclick>Skin.Reset(Background_Custom_Color)</onclick>
												<icon>windows/programs/background thumbs/7.jpg</icon>
										</item>
										<item id="217">
												<label>-</label>
												<onclick>Skin.SetString(Background_Color,backgrounds/8.jpg)</onclick>
												<onclick>Skin.Reset(Background_Image)</onclick>
												<onclick>Skin.Reset(Background_Custom_Color)</onclick>
												<icon>windows/programs/background thumbs/8.jpg</icon>
										</item>
										<item id="218">
												<label>-</label>
												<onclick>Skin.SetString(Background_Color,backgrounds/9.jpg)</onclick>
												<onclick>Skin.Reset(Background_Image)</onclick>
												<onclick>Skin.Reset(Background_Custom_Color)</onclick>
												<icon>windows/programs/background thumbs/9.jpg</icon>
										</item>
										<item id="219">
												<label>-</label>
												<onclick>Skin.SetString(Background_Color,backgrounds/10.jpg)</onclick>
												<onclick>Skin.Reset(Background_Image)</onclick>
												<onclick>Skin.Reset(Background_Custom_Color)</onclick>
												<icon>windows/programs/background thumbs/10.jpg</icon>
										</item>
										<item id="220">
												<label>-</label>
												<onclick>Skin.SetString(Background_Color,backgrounds/11.jpg)</onclick>
												<onclick>Skin.Reset(Background_Image)</onclick>
												<onclick>Skin.Reset(Background_Custom_Color)</onclick>
												<icon>windows/programs/background thumbs/11.jpg</icon>
										</item>
										<item id="221">
												<label>-</label>
												<onclick>Skin.SetString(Background_Color,backgrounds/12.jpg)</onclick>
												<onclick>Skin.Reset(Background_Image)</onclick>
												<onclick>Skin.Reset(Background_Custom_Color)</onclick>
												<icon>windows/programs/background thumbs/12.jpg</icon>
										</item>
										<item id="222">
												<label>-</label>
												<onclick>Skin.SetString(Background_Color,backgrounds/13.jpg)</onclick>
												<onclick>Skin.Reset(Background_Image)</onclick>
												<onclick>Skin.Reset(Background_Custom_Color)</onclick>
												<icon>windows/programs/background thumbs/13.jpg</icon>
										</item>
										<item id="223">
												<label>-</label>
												<onclick>Skin.SetString(Background_Color,backgrounds/14.jpg)</onclick>
												<onclick>Skin.Reset(Background_Image)</onclick>
												<onclick>Skin.Reset(Background_Custom_Color)</onclick>
												<icon>windows/programs/background thumbs/14.jpg</icon>
										</item>
										<item id="224">
												<label>-</label>
												<onclick>Skin.SetString(Background_Color,backgrounds/15.jpg)</onclick>
												<onclick>Skin.Reset(Background_Image)</onclick>
												<onclick>Skin.Reset(Background_Custom_Color)</onclick>
												<icon>windows/programs/background thumbs/15.jpg</icon>
										</item>
								</content>
						</control>
				</control>
		</include>
</includes>