<window id="29">
		<defaultcontrol always="true">52</defaultcontrol>
		<allowoverlay>no</allowoverlay>
		<onload>RunScript(Special://root/system/scripts/XBMC4Gamers/Utilities/Edit Mode Check.py)</onload>
		<controls>
				<control type="button" id="51">
						<left>-500</left>
				</control>
				<include condition="Window.IsActive(29)">Kiosk.Mode.Secret.Code</include>
				<include>Login.Screen.Background.Stuff</include>
				<!-- Profile List -->
				<control type="fixedlist" id="52">
						<left>0</left>
						<top>230</top>
						<width>1280</width>
						<height>720</height>
						<onleft>52</onleft>
						<onright>52</onright>
						<onup>9000</onup>
						<ondown>-</ondown>
						<viewtype>list</viewtype>
						<scrolltime>100</scrolltime>
						<orientation>horizontal</orientation>
						<focusposition>2</focusposition>
						<include condition="!Window.Previous(1113) + !Window.Previous(1116)">LoginView</include>
						<animation effect="fade" start="100" end="0" time="100">WindowClose</animation>
						<itemlayout height="250" width="256">
								<control type="image">
										<left>35</left>
										<top>8</top>
										<width>185</width>
										<height>185</height>
										<aspectratio scalediffuse="false">scale</aspectratio>
										<colordiffuse>50FFFFFF</colordiffuse>
										<texture background="true" diffuse="windows\login\user_thumb_diffuse.png" fallback="unknown-user.png">$INFO[listitem.Icon]</texture>
								</control>
								<control type="image">
										<left>35</left>
										<top>8</top>
										<width>185</width>
										<height>185</height>
										<aspectratio scalediffuse="false">stretch</aspectratio>
										<colordiffuse>40000000</colordiffuse>
										<texture background="true">windows\login\user_thumb_overlay.png</texture>
								</control>
								<control type="label">
										<left>8</left>
										<top>210</top>
										<width>246</width>
										<height>16</height>
										<align>center</align>
										<font>size_24</font>
										<textcolor>50000000</textcolor>
										<shadowcolor>10000000</shadowcolor>
										<label>$INFO[listitem.Label]</label>
								</control>
								<control type="label">
										<left>8</left>
										<top>240</top>
										<width>246</width>
										<height>16</height>
										<align>center</align>
										<font>size_16</font>
										<textcolor>50000000</textcolor>
										<shadowcolor>10000000</shadowcolor>
										<label>$INFO[ListItem.label2]</label>
								</control>
						</itemlayout>
						<focusedlayout height="250" width="256">
								<control type="image">
										<left>35</left>
										<top>8</top>
										<width>185</width>
										<height>185</height>
										<aspectratio scalediffuse="false">scale</aspectratio>
										<texture background="true" diffuse="windows\login\user_thumb_diffuse.png" fallback="unknown-user.png">$INFO[listitem.Icon]</texture>
								</control>
								<control type="image">
										<left>35</left>
										<top>8</top>
										<width>185</width>
										<height>185</height>
										<aspectratio scalediffuse="false">stretch</aspectratio>
										<colordiffuse>80000000</colordiffuse>
										<texture background="true">windows\login\user_thumb_overlay.png</texture>
								</control>
								<control type="label">
										<left>8</left>
										<top>210</top>
										<width>246</width>
										<height>16</height>
										<align>center</align>
										<font>size_24</font>
										<textcolor>FFFFFFFF</textcolor>
										<selectedcolor>FFFFFFFF</selectedcolor>
										<shadowcolor>50000000</shadowcolor>
										<label>$INFO[listitem.Label]</label>
								</control>
								<control type="label">
										<left>8</left>
										<top>240</top>
										<width>246</width>
										<height>16</height>
										<align>center</align>
										<font>size_16</font>
										<textcolor>A0FFFFFF</textcolor>
										<selectedcolor>70FFFFFF</selectedcolor>
										<shadowcolor>20000000</shadowcolor>
										<label>$INFO[ListItem.label2]</label>
								</control>
						</focusedlayout>
				</control>
				<control type="group">
						<animation effect="fade" start="0" end="100" time="700">WindowOpen</animation>
						<animation effect="fade" start="100" end="0" time="300">WindowClose</animation>
						<control type="label">
								<left>10r</left>
								<top>35r</top>
								<width>1280</width>
								<height>36</height>
								<font>size_15</font>
								<textcolor>80FFFFFF</textcolor>
								<shadowcolor>20000000</shadowcolor>
								<align>right</align>
								<aligny>center</aligny>
								<label>$LOCALIZE[31522]</label>
								<visible>!Skin.HasSetting(kioskmode)</visible>
						</control>
						<control type="label">
								<left>10</left>
								<top>35r</top>
								<width>1280</width>
								<height>36</height>
								<font>size_15</font>
								<textcolor>80FFFFFF</textcolor>
								<shadowcolor>20000000</shadowcolor>
								<align>left</align>
								<aligny>center</aligny>
								<label>$LOCALIZE[31000]</label>
						</control>
						<control type="label">
								<left>0</left>
								<top>30</top>
								<width>1280</width>
								<height>28</height>
								<font>size_24</font>
								<align>center</align>
								<textcolor>FFFFFFFF</textcolor>
								<shadowcolor>50000000</shadowcolor>
								<label>$LOCALIZE[31523]</label>
						</control>
						<control type="label">
								<left>0</left>
								<top>55</top>
								<width>1280</width>
								<height>28</height>
								<font>size_22</font>
								<align>center</align>
								<textcolor>80FFFFFF</textcolor>
								<shadowcolor>20000000</shadowcolor>
								<label>$LOCALIZE[31524]</label>
						</control>
						<control type="grouplist">
								<left>0</left>
								<top>23r</top>
								<width>1280</width>
								<height>80</height>
								<itemgap>5</itemgap>
								<orientation>Horizontal</orientation>
								<align>center</align>
								<!-- White Button -->
								<control type="image">
										<left>0</left>
										<top>0</top>
										<width>16</width>
										<height>16</height>
										<colordiffuse>A0FFFFFF</colordiffuse>
										<aspectratio>stretch</aspectratio>
										<texture>pad_buttons\login\white_button_small.png</texture>
										<visible>Skin.HasSetting(kioskmode)</visible>
								</control>
								<control type="label">
										<left>0</left>
										<top>0</top>
										<width min="50" max="139">auto</width>
										<height>12</height>
										<font>size_13</font>
										<align>left</align>
										<textcolor>A0FFFFFF</textcolor>
										<label>$LOCALIZE[31521]  </label>
										<visible>Skin.HasSetting(kioskmode)</visible>
										<animation effect="slide" start="0,0" end="0,0" time="0" condition="true">Conditional</animation>
								</control>
								<!-- Start Button -->
								<control type="image">
										<left>0</left>
										<top>0</top>
										<width>16</width>
										<height>16</height>
										<colordiffuse>A0FFFFFF</colordiffuse>
										<aspectratio>stretch</aspectratio>
										<texture>pad_buttons\login\start_button_small.png</texture>
										<visible>Skin.HasSetting(kioskmode)</visible>
								</control>
								<control type="label">
										<left>0</left>
										<top>0</top>
										<width min="50" max="139">auto</width>
										<height>12</height>
										<font>size_13</font>
										<align>left</align>
										<textcolor>A0FFFFFF</textcolor>
										<label>$LOCALIZE[33068] $LOCALIZE[33063]</label>
										<visible>Skin.HasSetting(kioskmode)</visible>
										<animation effect="slide" start="0,0" end="0,0" time="0" condition="true">Conditional</animation>
								</control>
						</control>
				</control>
				<include>View_Options</include>
		</controls>
</window>