<window id="130">
		<defaultcontrol>7</defaultcontrol>
		<include>dialogeffect</include>
		<controls>
				<control type="image">
						<include>1280x720</include>
						<texture>black-back.png</texture>
				</control>
				<control type="image">
						<description>background image</description>
						<left>326</left>
						<top>252</top>
						<width>628</width>
						<height>215</height>
						<texture>windows\dialogs\main.png</texture>
				</control>
				<control type="image">
						<description>Heading Background</description>
						<left>339</left>
						<top>259</top>
						<width>602</width>
						<height>61</height>
						<texture>windows\dialogs\header.png</texture>
				</control>
				<control type="image" id="2">
						<description>profile image</description>
						<left>345</left>
						<top>330</top>
						<width>120</width>
						<height>120</height>
						<align>left</align>
						<aspectratio>stretch</aspectratio>
						<texture>unknown-user.png</texture>
						<bordertexture border="5">white-back.png</bordertexture>
						<bordersize>1</bordersize>
				</control>
				<control type="label" id="1">
						<description>heading label</description>
						<left>370</left>
						<top>269</top>
						<width>240</width>
						<height>40</height>
						<font>size_28</font>
						<scroll>true</scroll>
						<align>left</align>
						<textcolor>130_header_label</textcolor>
						<label>[UPPERCASE]$LOCALIZE[20067][/UPPERCASE]</label>
				</control>
				<control type="label">
						<description>dialog line 1</description>
						<left>470</left>
						<top>345</top>
						<width>240</width>
						<height>40</height>
						<font>size_20</font>
						<scroll>true</scroll>
						<align>left</align>
						<textcolor>130_label_nofocus</textcolor>
						<label>[B]$LOCALIZE[20093][/B]</label>
				</control>
				<control type="label" id="1000">
						<description>dialog line 1</description>
						<left>470</left>
						<top>365</top>
						<width>240</width>
						<height>40</height>
						<font>size_20</font>
						<scroll>true</scroll>
						<align>left</align>
						<textcolor>130_label_nofocus</textcolor>
						<label>-</label>
				</control>
				<control type="label">
						<description>dialog line 2</description>
						<left>470</left>
						<top>390</top>
						<width>240</width>
						<height>40</height>
						<font>size_20</font>
						<scroll>true</scroll>
						<align>left</align>
						<textcolor>130_label_nofocus</textcolor>
						<label>[B]$LOCALIZE[20070][/B]</label>
				</control>
				<control type="label" id="1001">
						<description>dialog line 2</description>
						<left>470</left>
						<top>410</top>
						<width>240</width>
						<height>40</height>
						<font>size_20</font>
						<scroll>true</scroll>
						<align>left</align>
						<textcolor>130_label_nofocus</textcolor>
						<label>-</label>
				</control>
				<control type="grouplist" id="5">
						<description>control area</description>
						<left>720</left>
						<top>330</top>
						<width>210</width>
						<height>100</height>
						<onleft>5</onleft>
						<onright>5</onright>
						<onup>28</onup>
						<ondown>28</ondown>
						<scroll>true</scroll>
						<itemgap>5</itemgap>
				</control>
				<control type="button" id="7">
						<description>Default Button</description>
						<height>40</height>
						<font>size_20</font>
						<textcolor>130_label_nofocus</textcolor>
						<focusedcolor>130_label</focusedcolor>
						<align>center</align>
						<texturenofocus border="3">windows\dialogs\button_no_focus.png</texturenofocus>
						<texturefocus border="3">windows\dialogs\button_focus.png</texturefocus>
				</control>
				<control type="button" id="8">
						<description>Default Button</description>
						<height>40</height>
						<font>size_20</font>
						<textcolor>130_label_nofocus</textcolor>
						<focusedcolor>130_label</focusedcolor>
						<align>center</align>
						<texturenofocus border="3">windows\dialogs\button_no_focus.png</texturenofocus>
						<texturefocus border="3">windows\dialogs\button_focus.png</texturefocus>
				</control>
				<control type="button" id="28">
						<description>Yes button</description>
						<left>720</left>
						<top>420</top>
						<width>100</width>
						<height>30</height>
						<label>186</label>
						<textcolor>130_label_nofocus</textcolor>
						<focusedcolor>130_label</focusedcolor>
						<align>center</align>
						<texturenofocus border="3">windows\dialogs\button_no_focus.png</texturenofocus>
						<texturefocus border="3">windows\dialogs\button_focus.png</texturefocus>
						<onleft>29</onleft>
						<onright>29</onright>
						<onup>5</onup>
						<ondown>5</ondown>
				</control>
				<control type="button" id="29">
						<description>No button</description>
						<left>830</left>
						<top>420</top>
						<width>100</width>
						<height>30</height>
						<label>222</label>
						<textcolor>130_label_nofocus</textcolor>
						<focusedcolor>130_label</focusedcolor>
						<align>center</align>
						<texturenofocus border="3">windows\dialogs\button_no_focus.png</texturenofocus>
						<texturefocus border="3">windows\dialogs\button_focus.png</texturefocus>
						<onleft>28</onleft>
						<onright>28</onright>
						<onup>5</onup>
						<ondown>5</ondown>
				</control>
		</controls>
</window>