<window id="11">
		<defaultcontrol always="true">8</defaultcontrol>
		<controls>
				<control type="image">
						<left>-50</left>
						<top>-50</top>
						<width>1380</width>
						<height>820</height>
						<texture>windows\settings\calibrate.png</texture>
				</control>
				<control type="mover" id="8">
						<description>top left mover</description>
						<texturefocus>calibrate-topleft-focus.png</texturefocus>
						<texturenofocus>calibrate-topleft.png</texturenofocus>
				</control>
				<control type="mover" id="9">
						<description>right bottom mover</description>
						<texturefocus>calibrate-bottomright-focus.png</texturefocus>
						<texturenofocus>calibrate-bottomright.png</texturenofocus>
				</control>
				<control type="resize" id="10">
						<description>pixel aspect ratio box</description>
						<texturefocus>calibrate-pixelratio-focus.png</texturefocus>
						<texturenofocus>calibrate-pixelratio.png</texturenofocus>
				</control>
				<control type="group">
						<left>240</left>
						<top>40</top>
						<control type="label" id="2">
								<description>coordinates label</description>
								<left>20</left>
								<top>10</top>
								<width>750</width>
								<label>-</label>
								<align>center</align>
								<font>size_23</font>
								<textcolor>11_label</textcolor>
						</control>
						<control type="label" id="3">
								<description>help information</description>
								<left>20</left>
								<top>40</top>
								<width>750</width>
								<label>-</label>
								<align>center</align>
								<font>size_23</font>
								<textcolor>11_label</textcolor>
						</control>
						<control type="label">
								<description>help information</description>
								<left>20</left>
								<top>70</top>
								<width>750</width>
								<label>$LOCALIZE[31176]</label>
								<align>center</align>
								<font>size_23</font>
								<textcolor>11_label</textcolor>
								<visible>Control.HasFocus(10)</visible>
						</control>
				</control>
				<control type="image">
						<left>519</left>
						<top>239</top>
						<width>242</width>
						<height>242</height>
						<aspectratio>stretch</aspectratio>
						<texture>gamedisc.png</texture>
						<visible>Control.HasFocus(10)</visible>
						<animation effect="rotate" start="0" end="-360" center="auto" time="5000" loop="true" condition="true">conditional</animation>
				</control>
				<control type="image">
						<left>519</left>
						<top>239</top>
						<width>242</width>
						<height>242</height>
						<aspectratio>stretch</aspectratio>
						<texture>gamedisc.png</texture>
						<colordiffuse>60FFFFFF</colordiffuse>
						<visible>!Control.HasFocus(10)</visible>
						<animation effect="rotate" start="0" end="-360" center="auto" time="5000" loop="true" condition="true">conditional</animation>
				</control>
				<control type="grouplist">
						<description>Control Info</description>
						<left>0</left>
						<top>620</top>
						<width>1280</width>
						<height>80</height>
						<itemgap>10</itemgap>
						<orientation>Horizontal</orientation>
						<align>center</align>
						<!-- A Button -->
						<control type="image">
								<left>0</left>
								<top>0</top>
								<width>32</width>
								<height>32</height>
								<aspectratio>stretch</aspectratio>
								<texture>pad_buttons\dialogs\a_button.png</texture>
						</control>
						<control type="label">
								<left>0</left>
								<top>0</top>
								<width min="80" max="147">auto</width>
								<height>32</height>
								<font>size_19</font>
								<align>left</align>
								<aligny>center</aligny>
								<textcolor>11_context_label</textcolor>
								<label>$LOCALIZE[209]</label>
						</control>
						<!-- B Button -->
						<control type="image">
								<left>0</left>
								<top>0</top>
								<width>32</width>
								<height>32</height>
								<aspectratio>stretch</aspectratio>
								<texture>pad_buttons\dialogs\b_button.png</texture>
						</control>
						<control type="label">
								<left>0</left>
								<top>0</top>
								<width min="80" max="147">auto</width>
								<height>32</height>
								<font>size_19</font>
								<align>left</align>
								<aligny>center</aligny>
								<textcolor>11_context_label</textcolor>
								<label>$LOCALIZE[31021]</label>
						</control>
				</control>
		</controls>
</window>