<window id="2999">
		<!-- Onload, these are loaded when the window is first loaded -->
		<onload>Skin.SetBool(xbmc4gamers)</onload>
		<onload>RunScript( Special://xbmc/system/scripts/XBMC4Gamers/default.py )</onload>
		<onunload>Skin.SetString(urldownloader,Special://xbmc/system/scripts/urldownloader/)</onunload>
		<defaultcontrol always="true">1</defaultcontrol>
		<allowoverlay>no</allowoverlay>
		<controls>
				<include>Global.Backgrounds</include>
				<include>Startup.Window.Profile</include>
				<include>Startup.Window.Info</include>
		</controls>
</window>