<includes>
	<include name="OldListViewCommons">
		<control type="list" id="50">
			<posx>190</posx>
			<posy>100</posy>
			<width>485</width>
			<height>425</height>
			<onleft>9000</onleft>
			<onright>60</onright>
			<onup>50</onup>
			<ondown>50</ondown>
			<viewtype label="535">list</viewtype>
			<pagecontrol>60</pagecontrol>
			<scrolltime>200</scrolltime>
			<include>contentpanelslide</include>
			<itemlayout height="29">
				<control type="image">
					<posx>5</posx>
					<posy>3</posy>
					<width>22</width>
					<height>22</height>
					<info>ListItem.Icon</info>
				</control>
				<control type="label">
					<posx>30</posx>
					<posy>3</posy>
					<width>430</width>
					<height>22</height>
					<font>font13</font>
					<aligny>center</aligny>
					<selectedcolor>green</selectedcolor>
					<align>left</align>
					<info>ListItem.Label</info>
					<visible>!Container.Sort(SongRating)</visible>
				</control>
				<control type="label">
					<posx>475</posx>
					<posy>3</posy>
					<width>300</width>
					<height>22</height>
					<font>font13</font>
					<aligny>center</aligny>
					<selectedcolor>green</selectedcolor>
					<textcolor>grey</textcolor>
					<align>right</align>
					<info>ListItem.Label2</info>
					<visible>!Container.Sort(SongRating)</visible>
				</control>
				<control type="label">
					<posx>30</posx>
					<posy>3</posy>
					<width>360</width>
					<height>22</height>
					<font>font13</font>
					<aligny>center</aligny>
					<selectedcolor>green</selectedcolor>
					<align>left</align>
					<info>ListItem.Label</info>
					<visible>Container.Sort(SongRating)</visible>
				</control>
				<control type="image" id="1">
					<description>Song Rating Image</description>
					<height>21</height>
					<width>105</width>
					<posx>395</posx>
					<posy>4</posy>
					<info>ListItem.StarRating</info>
					<aspectratio>stretch</aspectratio>
					<texture flipx="true" /> 
					<visible>Container.Sort(SongRating)</visible>
				</control>
			</itemlayout>
			<focusedlayout height="29">
				<control type="image">
					<width>485</width>
					<height>29</height>
					<posx>0</posx>
					<posy>0</posy>
					<visible>Control.HasFocus(50)</visible>
					<texture>list-focus.png</texture>
				</control>
				<control type="image">
					<posx>5</posx>
					<posy>3</posy>
					<width>22</width>
					<height>22</height>
					<info>ListItem.Icon</info>
				</control>
				<control type="label">
					<posx>30</posx>
					<posy>3</posy>
					<width>430</width>
					<height>22</height>
					<font>font13</font>
					<aligny>center</aligny>
					<selectedcolor>green</selectedcolor>
					<align>left</align>
					<info>ListItem.Label</info>
					<visible>!Container.Sort(SongRating)</visible>
				</control>
				<control type="label">
					<posx>475</posx>
					<posy>3</posy>
					<width>300</width>
					<height>22</height>
					<font>font13</font>
					<aligny>center</aligny>
					<selectedcolor>green</selectedcolor>
					<textcolor>grey</textcolor>
					<align>right</align>
					<info>ListItem.Label2</info>
					<visible>!Container.Sort(SongRating)</visible>
				</control>
				<control type="label">
					<posx>30</posx>
					<posy>3</posy>
					<width>360</width>
					<height>22</height>
					<font>font13</font>
					<aligny>center</aligny>
					<selectedcolor>green</selectedcolor>
					<align>left</align>
					<info>ListItem.Label</info>
					<visible>Container.Sort(SongRating)</visible>
				</control>
				<control type="image" id="1">
					<description>Song Rating Image</description>
					<height>21</height>
					<width>105</width>
					<posx>395</posx>
					<posy>4</posy>
					<aspectratio>stretch</aspectratio>
					<info>ListItem.StarRating</info>
					<texture flipx="true" /> 
					<visible>Container.Sort(SongRating)</visible>
				</control>
			</focusedlayout>
		</control>
	</include>
	<include name="MusicViewCommons">
		<control type="list" id="51">
			<posx>190</posx>
			<posy>100</posy>
			<width>485</width>
			<height>425</height>
			<onleft>9000</onleft>
			<onright>60</onright>
			<onup>51</onup>
			<ondown>51</ondown>
			<viewtype label="$LOCALIZE[535] 2">list</viewtype>
			<pagecontrol>60</pagecontrol>
			<scrolltime>200</scrolltime>
			<include>contentpanelslide</include>
			<itemlayout height="27">
				<control type="image">
					<posx>5</posx>
					<posy>3</posy>
					<width>20</width>
					<height>20</height>
					<info>ListItem.Icon</info>
				</control>
				<control type="label">
					<posx>30</posx>
					<posy>2</posy>
					<width>440</width>
					<height>22</height>
					<font>font13</font>
					<aligny>center</aligny>
					<selectedcolor>green</selectedcolor>
					<align>left</align>
					<info>ListItem.Label</info>
				</control>
				<control type="label">
					<posx>475</posx>
					<posy>2</posy>
					<width>300</width>
					<height>22</height>
					<font>font13</font>
					<aligny>center</aligny>
					<selectedcolor>green</selectedcolor>
					<textcolor>grey</textcolor>
					<align>right</align>
					<info>ListItem.Label2</info>
				</control>
			</itemlayout>
			<focusedlayout height="75">
				<control type="image">
					<width>485</width>
					<height>75</height>
					<posx>0</posx>
					<posy>0</posy>
					<visible>Control.HasFocus(51)</visible>
					<texture border="0,0,0,5">blue-rectangle.png</texture>
				</control>
				<control type="image">
					<width>485</width>
					<height>75</height>
					<posx>0</posx>
					<posy>0</posy>
					<visible>!Control.HasFocus(51)</visible>
					<texture border="0,0,0,5">blue-rectanglenf.png</texture>
				</control>
				<control type="image">
					<posx>4</posx>
					<posy>6</posy>
					<width>52</width>
					<height>65</height>
					<info>ListItem.Icon</info>
				</control>
				<control type="image">
					<posx>40</posx>
					<posy>43</posy>
					<width>28</width>
					<height>28</height>
					<info>ListItem.Overlay</info>
				</control>
				<control type="label">
					<posx>60</posx>
					<posy>4</posy>
					<width>415</width>
					<height>16</height>
					<font>special13</font>
					<aligny>center</aligny>
					<selectedcolor>green</selectedcolor>
					<scroll>true</scroll>
					<info>ListItem.Label</info>
				</control>
				<control type="label">
					<posx>60</posx>
					<posy>30</posy>
					<width>415</width>
					<height>16</height>
					<font>font13</font>
					<aligny>center</aligny>
					<selectedcolor>white</selectedcolor>
					<scroll>true</scroll>
					<info>ListItem.Album</info>
				</control>
				<control type="label">
					<posx>60</posx>
					<posy>55</posy>
					<width>365</width>
					<height>16</height>
					<font>font13</font>
					<aligny>center</aligny>
					<selectedcolor>white</selectedcolor>
					<label>$INFO[ListItem.Year,, - ]$INFO[ListItem.Genre]</label>
				</control>
				<control type="label">
					<posx>475</posx>
					<posy>55</posy>
					<width>350</width>
					<height>16</height>
					<font>font13</font>
					<align>right</align>
					<aligny>center</aligny>
					<selectedcolor>green</selectedcolor>
					<info>ListItem.Label2</info>
				</control>
			</focusedlayout>
		</control>
	</include>
	<include name="MusicViewCommons_BigList">
		<control type="list" id="59">
			<posx>190</posx>
			<posy>100</posy>
			<width>485</width>
			<height>423</height>
			<onleft>9000</onleft>
			<onright>60</onright>
			<onup>59</onup>
			<ondown>59</ondown>
			<scrolltime>200</scrolltime>
			<viewtype label="537">biglist</viewtype>
			<pagecontrol>60</pagecontrol>
			<include>contentpanelslide</include>
			<itemlayout height="141">
				<control type="image">
					<width>485</width>
					<height>136</height>
					<posx>0</posx>
					<posy>0</posy>
					<texture>blue-rectangleNF.png</texture>
				</control>
				<control type="image">
					<posx>5</posx>
					<posy>0</posy>
					<width>108</width>
					<height>136</height>
					<info>ListItem.Icon</info>
				</control>
				<control type="image">
					<posx>105</posx>
					<posy>100</posy>
					<width>26</width>
					<height>32</height>
					<info>ListItem.Overlay</info>
				</control>
				<control type="label">
					<posx>120</posx>
					<posy>9</posy>
					<width>355</width>
					<height>16</height>
					<font>special13</font>
					<aligny>center</aligny>
					<selectedcolor>green</selectedcolor>
					<scroll>true</scroll>
					<info>ListItem.Label</info>
				</control>
				<control type="label">
					<posx>120</posx>
					<posy>37</posy>
					<width>355</width>
					<height>16</height>
					<font>font13</font>
					<aligny>center</aligny>
					<selectedcolor>white</selectedcolor>
					<scroll>true</scroll>
					<label>$INFO[ListItem.Year ,$LOCALIZE[562]: ]</label>
				</control>
				<control type="label">
					<posx>120</posx>
					<posy>62</posy>
					<width>335</width>
					<height>16</height>
					<font>font13</font>
					<scroll>true</scroll>
					<aligny>center</aligny>
					<selectedcolor>white</selectedcolor>
					<label>$INFO[ListItem.Genre ,$LOCALIZE[515]: ]</label>
				</control>
				<control type="label">
					<posx>475</posx>
					<posy>112</posy>
					<width>350</width>
					<height>16</height>
					<font>font13</font>
					<align>right</align>
					<aligny>center</aligny>
					<selectedcolor>green</selectedcolor>
					<info>ListItem.Label2</info>
					<visible>!Container.Sort(SongRating)</visible>
				</control>
				<control type="image" id="1">
					<description>Song Rating Image</description>
					<height>21</height>
					<width>105</width>
					<posx>390</posx>
					<posy>110</posy>
					<info>ListItem.StarRating</info>
					<aspectratio>stretch</aspectratio>
					<texture flipx="true" /> 
					<visible>Container.Sort(SongRating)</visible>
				</control>
			</itemlayout>
			<focusedlayout height="141">
				<control type="image">
					<width>485</width>
					<height>136</height>
					<posx>0</posx>
					<posy>0</posy>
					<texture>blue-rectangle.png</texture>
					<visible>Control.HasFocus(59)</visible>
				</control>
				<control type="image">
					<width>485</width>
					<height>138</height>
					<posx>0</posx>
					<posy>0</posy>
					<texture>blue-rectangleNF.png</texture>
					<visible>!Control.HasFocus(59)</visible>
				</control>
				<control type="image">
					<posx>5</posx>
					<posy>0</posy>
					<width>108</width>
					<height>136</height>
					<info>ListItem.Icon</info>
				</control>
				<control type="image">
					<posx>105</posx>
					<posy>100</posy>
					<width>26</width>
					<height>32</height>
					<info>ListItem.Overlay</info>
				</control>
				<control type="label">
					<posx>120</posx>
					<posy>9</posy>
					<width>355</width>
					<height>16</height>
					<font>special13</font>
					<aligny>center</aligny>
					<selectedcolor>green</selectedcolor>
					<scroll>true</scroll>
					<info>ListItem.Label</info>
				</control>
				<control type="label">
					<posx>120</posx>
					<posy>37</posy>
					<width>355</width>
					<height>16</height>
					<font>font13</font>
					<aligny>center</aligny>
					<selectedcolor>white</selectedcolor>
					<scroll>true</scroll>
					<label>$INFO[ListItem.Year ,$LOCALIZE[562]: ]</label>
				</control>
				<control type="label">
					<posx>120</posx>
					<posy>62</posy>
					<width>335</width>
					<height>16</height>
					<font>font13</font>
					<scroll>true</scroll>
					<aligny>center</aligny>
					<selectedcolor>white</selectedcolor>
					<label>$INFO[ListItem.Genre ,$LOCALIZE[515]: ]</label>
				</control>
				<control type="label">
					<posx>475</posx>
					<posy>112</posy>
					<width>350</width>
					<height>16</height>
					<font>font13</font>
					<align>right</align>
					<aligny>center</aligny>
					<selectedcolor>green</selectedcolor>
					<info>ListItem.Label2</info>
					<visible>!Container.Sort(SongRating)</visible>
				</control>
				<control type="image" id="1">
					<description>Song Rating Image</description>
					<height>21</height>
					<width>105</width>
					<posx>390</posx>
					<posy>110</posy>
					<info>ListItem.StarRating</info>
					<aspectratio>stretch</aspectratio>
					<texture flipx="true" /> 
					<visible>Container.Sort(SongRating)</visible>
				</control>
			</focusedlayout>
		</control>
	</include>
	<include name="VideoViewCommons">
		<control type="list" id="51">
			<posx>190</posx>
			<posy>100</posy>
			<width>485</width>
			<height>425</height>
			<onleft>9000</onleft>
			<onright>60</onright>
			<onup>51</onup>
			<ondown>51</ondown>
			<scrolltime>200</scrolltime>
			<viewtype label="$LOCALIZE[535] 2">list</viewtype>
			<pagecontrol>60</pagecontrol>
			<include>contentpanelslide</include>
			<itemlayout height="27">
				<control type="image">
					<posx>5</posx>
					<posy>3</posy>
					<width>20</width>
					<height>20</height>
					<info>ListItem.Icon</info>
				</control>
				<control type="label">
					<posx>30</posx>
					<posy>2</posy>
					<width>440</width>
					<height>22</height>
					<font>font13</font>
					<aligny>center</aligny>
					<selectedcolor>green</selectedcolor>
					<align>left</align>
					<info>ListItem.Label</info>
				</control>
				<control type="label">
					<posx>475</posx>
					<posy>2</posy>
					<width>300</width>
					<height>22</height>
					<font>font13</font>
					<aligny>center</aligny>
					<selectedcolor>green</selectedcolor>
					<textcolor>grey</textcolor>
					<align>right</align>
					<info>ListItem.Label2</info>
				</control>
			</itemlayout>
			<focusedlayout height="75">
				<control type="image">
					<width>485</width>
					<height>75</height>
					<posx>0</posx>
					<posy>2</posy>
					<visible>Control.HasFocus(51)</visible>
					<texture border="0,0,0,5">blue-rectangle.png</texture>
				</control>
				<control type="image">
					<width>485</width>
					<height>75</height>
					<posx>0</posx>
					<posy>2</posy>
					<visible>!Control.HasFocus(51)</visible>
					<texture border="0,0,0,5">blue-rectanglenf.png</texture>
				</control>
				<control type="image">
					<posx>4</posx>
					<posy>5</posy>
					<width>52</width>
					<height>65</height>
					<info>ListItem.Icon</info>
				</control>
				<control type="image">
					<posx>35</posx>
					<posy>40</posy>
					<width>23</width>
					<height>28</height>
					<info>ListItem.Overlay</info>
				</control>
				<control type="label">
					<posx>60</posx>
					<posy>7</posy>
					<width>415</width>
					<height>16</height>
					<font>special13</font>
					<aligny>center</aligny>
					<selectedcolor>green</selectedcolor>
					<scroll>true</scroll>
					<info>ListItem.Label</info>
				</control>
				<control type="label">
					<posx>60</posx>
					<posy>32</posy>
					<width>415</width>
					<height>16</height>
					<font>font12</font>
					<aligny>center</aligny>
					<selectedcolor>white</selectedcolor>
					<scroll>true</scroll>
					<label>$INFO[ListItem.Year ,$LOCALIZE[562]: ]</label>
				</control>
				<control type="label">
					<posx>60</posx>
					<posy>58</posy>
					<width>365</width>
					<height>16</height>
					<font>font13</font>
					<aligny>center</aligny>
					<selectedcolor>white</selectedcolor>
					<label>$INFO[ListItem.Genre]</label>
				</control>
				<control type="label">
					<posx>475</posx>
					<posy>58</posy>
					<width>350</width>
					<height>16</height>
					<font>font13</font>
					<align>right</align>
					<aligny>center</aligny>
					<selectedcolor>green</selectedcolor>
					<info>ListItem.Label2</info>
				</control>
			</focusedlayout>
		</control>
	</include>
	<include name="ProgramsViewCommons">
		<control type="list" id="51">
			<posx>190</posx>
			<posy>100</posy>
			<width>485</width>
			<height>425</height>
			<onleft>9000</onleft>
			<onright>60</onright>
			<onup>51</onup>
			<ondown>51</ondown>
			<scrolltime>200</scrolltime>
			<viewtype label="$LOCALIZE[535] 2">list</viewtype>
			<pagecontrol>60</pagecontrol>
			<include>contentpanelslide</include>
			<itemlayout height="27">
				<control type="image">
					<posx>5</posx>
					<posy>3</posy>
					<width>20</width>
					<height>20</height>
					<info>ListItem.Icon</info>
				</control>
				<control type="label">
					<posx>30</posx>
					<posy>3</posy>
					<width>440</width>
					<height>22</height>
					<font>font13</font>
					<aligny>center</aligny>
					<selectedcolor>green</selectedcolor>
					<align>left</align>
					<info>ListItem.Label</info>
					<visible>!Container.Sort(SongRating)</visible>
				</control>
				<control type="label">
					<posx>475</posx>
					<posy>3</posy>
					<width>300</width>
					<height>22</height>
					<font>font13</font>
					<aligny>center</aligny>
					<selectedcolor>green</selectedcolor>
					<textcolor>grey</textcolor>
					<align>right</align>
					<info>ListItem.Label2</info>
					<visible>!Container.Sort(SongRating)</visible>
				</control>
				<control type="label">
					<posx>30</posx>
					<posy>3</posy>
					<width>360</width>
					<height>22</height>
					<font>font13</font>
					<aligny>center</aligny>
					<selectedcolor>green</selectedcolor>
					<align>left</align>
					<info>ListItem.Label</info>
					<visible>Container.Sort(SongRating)</visible>
				</control>
				<control type="image" id="1">
					<description>Song Rating Image</description>
					<height>21</height>
					<width>105</width>
					<posx>395</posx>
					<posy>4</posy>
					<aspectratio>stretch</aspectratio>
					<info>ListItem.StarRating</info>
					<texture flipx="true" /> 
					<visible>Container.Sort(SongRating)</visible>
				</control>
			</itemlayout>
			<focusedlayout height="75">
				<control type="image">
					<width>485</width>
					<height>75</height>
					<posx>0</posx>
					<posy>0</posy>
					<visible>Control.HasFocus(51)</visible>
					<texture border="0,0,0,5">blue-rectangle.png</texture>
				</control>
				<control type="image">
					<width>485</width>
					<height>75</height>
					<posx>0</posx>
					<posy>0</posy>
					<visible>!Control.HasFocus(51)</visible>
					<texture border="0,0,0,5">blue-rectanglenf.png</texture>
				</control>
				<control type="image">
					<posx>4</posx>
					<posy>5</posy>
					<width>52</width>
					<height>65</height>
					<info>ListItem.Icon</info>
				</control>
				<control type="image">
					<posx>55</posx>
					<posy>40</posy>
					<width>28</width>
					<height>28</height>
					<info>ListItem.Overlay</info>
				</control>
				<control type="label">
					<posx>60</posx>
					<posy>7</posy>
					<width>415</width>
					<height>16</height>
					<font>special13</font>
					<aligny>center</aligny>
					<selectedcolor>green</selectedcolor>
					<scroll>true</scroll>
					<info>ListItem.Label</info>
				</control>
				<control type="label">
					<posx>475</posx>
					<posy>56</posy>
					<width>350</width>
					<height>16</height>
					<font>font13</font>
					<align>right</align>
					<aligny>center</aligny>
					<selectedcolor>green</selectedcolor>
					<info>ListItem.Label2</info>
					<visible>!Container.Sort(SongRating)</visible>
				</control>
				<control type="image" id="1">
					<description>Song Rating Image</description>
					<height>21</height>
					<width>105</width>
					<posx>395</posx>
					<posy>52</posy>
					<info>ListItem.StarRating</info>
					<aspectratio>stretch</aspectratio>
					<texture flipx="true" /> 
					<visible>Container.Sort(SongRating)</visible>
				</control>
			</focusedlayout>
		</control>
	</include>
	<include name="AllViewCommonThumbSmall">
		<control type="panel" id="52">
			<visible>![Container.Content(TVShows) + !Window.IsVisible(VideoFiles)]</visible>
			<posx>190</posx>
			<posy>100</posy>
			<width>485</width>
			<height>425</height>
			<onleft>9000</onleft>
			<onright>60</onright>
			<onup>52</onup>
			<ondown>52</ondown>
			<scrolltime>200</scrolltime>
			<viewtype label="536">icon</viewtype>
			<pagecontrol>60</pagecontrol>
			<include>contentpanelslide</include>
			<itemlayout height="141" width="96">
				<control type="image">
					<posx>8</posx>
					<posy>10</posy>
					<width>80</width>
					<height>100</height>
					<info>ListItem.Icon</info>
				</control>
				<control type="image">
					<posx>65</posx>
					<posy>75</posy>
					<width>26</width>
					<height>32</height>
					<info>ListItem.Overlay</info>
				</control>
				<control type="label">
					<posx>51</posx>
					<posy>115</posy>
					<width>90</width>
					<height>22</height>
					<font>font13</font>
					<selectedcolor>green</selectedcolor>
					<align>center</align>
					<info>ListItem.Label</info>
				</control>
			</itemlayout>
			<focusedlayout height="141" width="96">
				<control type="image">
					<width>88</width>
					<height>110</height>
					<posx>4</posx>
					<posy>5</posy>
					<texture>folder-focus.png</texture>
                                        <animation effect="zoom" reversible="false" center="auto" start="100" end="110" time="100">focus</animation>
                                        <animation type="unfocus">
                                                <effect reversible="false" type="fade" start="100" end="0" time="200" />
                                                <effect reversible="false" type="zoom" center="auto" start="110" end="100" time="100" />
                                        </animation>
				</control>
				<control type="image">
					<posx>8</posx>
					<posy>10</posy>
					<width>80</width>
					<height>100</height>
					<info>ListItem.Icon</info>
                                        <animation reversible="false" effect="zoom" center="auto" start="100" end="110" time="100">focus</animation>
                                        <animation reversible="false" effect="zoom" center="auto" start="110" end="100" time="100">unfocus</animation>
				</control>
				<control type="image">
					<posx>65</posx>
					<posy>75</posy>
					<width>26</width>
					<height>32</height>
					<info>ListItem.Overlay</info>
					<animation reversible="false" effect="slide" start="0,0" end="4,5" time="100">focus</animation>
					<animation reversible="false" effect="slide" end="0,0" start="4,5" time="100">unfocus</animation>
				</control>
				<control type="label">
					<posx>51</posx>
					<posy>115</posy>
					<width>90</width>
					<height>22</height>
					<font>font13</font>
					<selectedcolor>green</selectedcolor>
					<align>center</align>
					<info>ListItem.Label</info>
					<animation reversible="false" effect="slide" start="0,0" end="0,5" time="100">focus</animation>
					<animation reversible="false" effect="slide" end="0,0" start="0,5" time="100">unfocus</animation>
				</control>
			</focusedlayout>
		</control>
	</include>
	<include name="AllViewCommonThumbLarge">
		<control type="panel" id="53">
			<visible>![Container.Content(TVShows) + !Window.IsVisible(VideoFiles)]</visible>
			<posx>190</posx>
			<posy>100</posy>
			<width>485</width>
			<height>425</height>
			<onleft>9000</onleft>
			<onright>60</onright>
			<onup>53</onup>
			<ondown>53</ondown>
			<scrolltime>200</scrolltime>
			<viewtype label="538">bigicon</viewtype>
			<pagecontrol>60</pagecontrol>
			<include>contentpanelslide</include>
			<itemlayout height="210" width="161">
				<control type="image">
					<posx>10</posx>
					<posy>10</posy>
					<width>140</width>
					<height>170</height>
					<info>ListItem.Icon</info>
				</control>
				<control type="image">
					<posx>120</posx>
					<posy>145</posy>
					<width>29</width>
					<height>36</height>
					<info>ListItem.Overlay</info>
				</control>
				<control type="label">
					<posx>80</posx>
					<posy>185</posy>
					<width>150</width>
					<height>22</height>
					<font>font13</font>
					<selectedcolor>green</selectedcolor>
					<align>center</align>
					<info>ListItem.Label</info>
				</control>
			</itemlayout>
			<focusedlayout height="210" width="161">
				<control type="image">
					<width>150</width>
					<height>180</height>
					<posx>5</posx>
					<posy>5</posy>
					<texture>folder-focus.png</texture>
                                        <animation effect="zoom" reversible="false" center="auto" start="100" end="110" time="100">focus</animation>
                                        <animation type="unfocus">
                                                <effect reversible="false" type="fade" start="100" end="0" time="200" />
                                                <effect reversible="false" type="zoom" center="auto" start="110" end="100" time="100" />
                                        </animation>
				</control>
				<control type="image">
					<posx>10</posx>
					<posy>10</posy>
					<width>140</width>
					<height>170</height>
					<info>ListItem.Icon</info>
                                        <animation reversible="false" effect="zoom" center="auto" start="100" end="110" time="100">focus</animation>
                                        <animation reversible="false" effect="zoom" center="auto" start="110" end="100" time="100">unfocus</animation>
				</control>
				<control type="image">
					<posx>120</posx>
					<posy>145</posy>
					<width>29</width>
					<height>36</height>
					<info>ListItem.Overlay</info>
					<animation reversible="false" effect="slide" start="0,0" end="5,5" time="100">focus</animation>
					<animation reversible="false" effect="slide" end="0,0" start="5,5" time="100">unfocus</animation>
				</control>
				<control type="label">
					<posx>80</posx>
					<posy>185</posy>
					<width>150</width>
					<height>22</height>
					<font>font13</font>
					<selectedcolor>green</selectedcolor>
					<align>center</align>
					<info>ListItem.Label</info>
					<animation reversible="false" effect="slide" start="0,0" end="0,7" time="100">focus</animation>
					<animation reversible="false" effect="slide" end="0,0" start="0,7" time="100">unfocus</animation>
				</control>
			</focusedlayout>
		</control>
	</include>
	<include name="MusicCoverThumbView">
		<control type="panel" id="54">
			<visible>Window.IsVisible(MusicFiles) | Container.Content(Albums)</visible>
			<posx>188</posx>
			<posy>100</posy>
			<width>490</width>
			<height>425</height>
			<onleft>9000</onleft>
			<onright>60</onright>
			<onup>54</onup>
			<ondown>54</ondown>
			<scrolltime>200</scrolltime>
			<viewtype label="541">icon</viewtype>
			<pagecontrol>60</pagecontrol>
			<include>contentpanelslide</include>
			<itemlayout height="120" width="96">
				<control type="image">
					<posx>8</posx>
					<posy>10</posy>
					<width>88</width>
					<height>110</height>
					<info>ListItem.Icon</info>
				</control>
				<control type="image">
					<posx>65</posx>
					<posy>75</posy>
					<width>26</width>
					<height>32</height>
					<info>ListItem.Overlay</info>
				</control>
			</itemlayout>
			<focusedlayout height="120" width="96">
				<control type="image">
					<posx>4</posx>
					<posy>5</posy>
					<width>96</width>
					<height>120</height>
					<texture>folder-focus.png</texture>
                                        <animation effect="zoom" reversible="false" center="auto" start="100" end="105" time="100">focus</animation>
                                        <animation type="unfocus">
                                                <effect reversible="false" type="fade" start="100" end="0" time="200" />
                                                <effect reversible="false" type="zoom" center="auto" start="110" end="100" time="100" />
                                        </animation>
				</control>
				<control type="image">
					<posx>8</posx>
					<posy>10</posy>
					<width>88</width>
					<height>110</height>
					<info>ListItem.Icon</info>
                                        <animation reversible="false" effect="zoom" center="auto" start="100" end="105" time="100">focus</animation>
                                        <animation reversible="false" effect="zoom" center="auto" start="105" end="100" time="100">unfocus</animation>
				</control>
				<control type="image">
					<posx>65</posx>
					<posy>75</posy>
					<width>26</width>
					<height>32</height>
					<info>ListItem.Overlay</info>
					<animation reversible="false" effect="slide" start="0,0" end="4,5" time="100">focus</animation>
					<animation reversible="false" effect="slide" end="0,0" start="4,5" time="100">unfocus</animation>
				</control>
			</focusedlayout>
		</control>
		<control type="image">
			<description>background overlay image lower</description>
			<posx>255</posx>
			<posy>445</posy>
			<width>355</width>
			<height>106</height>
			<texture>dvdview_bottom.png</texture>
			<visible>Control.IsVisible(54)</visible>
			<include>contentpanelslide</include>
		</control>
		<control type="image">
			<posx>310</posx>
			<posy>476</posy>
			<width>32</width>
			<height>40</height>
			<aspectratio>keep</aspectratio>
			<info>ListItem.icon</info>
			<visible>Control.IsVisible(54)</visible>
			<include>contentpanelslide</include>
		</control>
		<control type="label">
			<posx>350</posx>
			<posy>475</posy>
			<width>210</width>
			<height>16</height>
			<font>special13</font>
			<scroll>true</scroll>
			<info>ListItem.Label</info>
			<textcolor>green</textcolor>
			<aligny>center</aligny>
			<visible>Control.IsVisible(54) + ListItem.IsPlaying</visible>
			<include>contentpanelslide</include>
		</control>
		<control type="label">
			<posx>350</posx>
			<posy>475</posy>
			<width>210</width>
			<height>16</height>
			<font>special13</font>
			<scroll>true</scroll>
			<info>ListItem.Label</info>
			<aligny>center</aligny>
			<visible>Control.IsVisible(54) + !ListItem.IsPlaying</visible>
			<include>contentpanelslide</include>
		</control>
		<control type="label">
			<posx>350</posx>
			<posy>498</posy>
			<width>210</width>
			<height>16</height>
			<font>font13</font>
			<scroll>true</scroll>
			<info>ListItem.Album</info>
			<aligny>center</aligny>
			<visible>Control.IsVisible(54) + !Window.IsActive(mymusiclibrary)</visible>
			<include>contentpanelslide</include>
		</control>
		<control type="label">
			<posx>350</posx>
			<posy>498</posy>
			<width>210</width>
			<height>16</height>
			<font>font13</font>
			<scroll>true</scroll>
			<info>ListItem.Label2</info>
			<aligny>center</aligny>
			<visible>Control.IsVisible(54) + Window.IsActive(mymusiclibrary)</visible>
			<include>contentpanelslide</include>
		</control>
	</include>
	<include name="VideoDVDThumbLarge">
		<control type="panel" id="54">
			<visible>![Container.Content(TVShows) + !Window.IsVisible(VideoFiles)] + !Container.Content(Episodes) + !Container.Content(MusicVideos)</visible>
			<posx>190</posx>
			<posy>100</posy>
			<width>485</width>
			<height>425</height>
			<onleft>9000</onleft>
			<onright>60</onright>
			<onup>54</onup>
			<ondown>54</ondown>
			<scrolltime>200</scrolltime>
			<viewtype label="542">bigicon</viewtype>
			<pagecontrol>60</pagecontrol>
			<include>contentpanelslide</include>
			<itemlayout height="185" width="97">
				<control type="image">
					<posx>8</posx>
					<posy>10</posy>
					<width>81</width>
					<height>165</height>
					<info>ListItem.Icon</info>
				</control>
				<control type="image">
					<posx>65</posx>
					<posy>150</posy>
					<width>30</width>
					<height>30</height>
					<info>ListItem.Overlay</info>
				</control>
			</itemlayout>
			<focusedlayout height="185" width="97">
				<control type="image">
					<width>89</width>
					<height>175</height>
					<posx>4</posx>
					<posy>5</posy>
					<texture>folder-focus.png</texture>
                                        <animation effect="zoom" reversible="false" center="auto" start="100" end="110" time="100">focus</animation>
                                        <animation type="unfocus">
                                                <effect reversible="false" type="fade" start="100" end="0" time="200" />
                                                <effect reversible="false" type="zoom" center="auto" start="110" end="100" time="100" />
                                        </animation>
				</control>
				<control type="image">
					<posx>8</posx>
					<posy>10</posy>
					<width>81</width>
					<height>165</height>
					<info>ListItem.Icon</info>
                                        <animation reversible="false" effect="zoom" center="auto" start="100" end="110" time="100">focus</animation>
                                        <animation reversible="false" effect="zoom" center="auto" start="110" end="100" time="100">unfocus</animation>
				</control>
				<control type="image">
					<posx>65</posx>
					<posy>150</posy>
					<width>30</width>
					<height>30</height>
					<info>ListItem.Overlay</info>
					<animation reversible="false" effect="slide" start="0,0" end="4,5" time="100">focus</animation>
					<animation reversible="false" effect="slide" end="0,0" start="4,5" time="100">unfocus</animation>
				</control>
			</focusedlayout>
		</control>
		<control type="image">
			<description>background overlay image lower</description>
			<posx>255</posx>
			<posy>445</posy>
			<width>355</width>
			<height>106</height>
			<texture>dvdview_bottom.png</texture>
			<visible>Control.IsVisible(54)</visible>
			<include>contentpanelslide</include>
		</control>
		<control type="image">
			<posx>310</posx>
			<posy>474</posy>
			<width>25</width>
			<height>45</height>
			<aspectratio>keep</aspectratio>
			<info>ListItem.icon</info>
			<visible>Control.IsVisible(54)</visible>
			<include>contentpanelslide</include>
		</control>
		<control type="label">
			<posx>340</posx>
			<posy>475</posy>
			<width>220</width>
			<height>16</height>
			<font>special13</font>
			<scroll>true</scroll>
			<info>ListItem.Label</info>
			<aligny>center</aligny>
			<visible>Control.IsVisible(54)</visible>
			<include>contentpanelslide</include>
		</control>
		<control type="label">
			<posx>340</posx>
			<posy>498</posy>
			<width>220</width>
			<height>16</height>
			<font>font13</font>
			<scroll>true</scroll>
			<info>ListItem.Label2</info>
			<aligny>center</aligny>
			<visible>Control.IsVisible(54)</visible>
			<include>contentpanelslide</include>
		</control>
	</include>
	<include name="VideoDVDWrapView">
		<control type="fixedlist" id="56">
			<visible>!Container.Content(TVshows) + !Container.Content(Episodes) + !Container.Content(MusicVideos) | [Container.Content(TVShows) + Skin.HasSetting(UseTVPosters)]</visible>
			<posx>190</posx>
			<posy>100</posy>
			<width>520</width>
			<height>425</height>
			<onleft>56</onleft>
			<onright>56</onright>
			<onup>9000</onup>
			<ondown>9000</ondown>
			<scrolltime>200</scrolltime>
			<viewtype label="543">wraplist</viewtype>
			<pagecontrol>-</pagecontrol>
			<orientation>horizontal</orientation>
			<focusposition>3</focusposition>
			<include>contentpanelslide</include>
			<itemlayout height="300" width="89">
				<control type="image">
					<posx>2</posx>
					<posy>50</posy>
					<width>85</width>
					<height>200</height>
					<info>ListItem.Icon</info>
					<aspectratio aligny="bottom">keep</aspectratio>
				</control>
				<control type="image">
					<posx>2</posx>
					<posy>250</posy>
					<width>85</width>
					<height>200</height>
					<info>ListItem.Icon</info>
					<texture flipy="true" diffuse="diffuse_mirror.png" /> 
					<aspectratio aligny="top">keep</aspectratio>
				</control>
				<control type="image">
					<posx>60</posx>
					<posy>225</posy>
					<width>32</width>
					<height>32</height>
					<info>ListItem.Overlay</info>
				</control>
			</itemlayout>
			<focusedlayout height="300" width="105">
				<control type="image">
					<posx>2</posx>
					<posy>50</posy>
					<width>85</width>
					<height>200</height>
					<info>ListItem.Icon</info>
					<aspectratio aligny="bottom">keep</aspectratio>
					<animation effect="zoom" start="2,50,85,200" end="-12,-22,129,300" time="200">focus</animation>
					<animation effect="zoom" end="2,50,85,200" start="-12,-22,129,300" time="150">unfocus</animation>
				</control>
				<control type="image">
					<posx>2</posx>
					<posy>250</posy>
					<width>85</width>
					<height>200</height>
					<info>ListItem.Icon</info>
					<texture flipy="true" diffuse="diffuse_mirror.png" /> 
					<aspectratio aligny="top">keep</aspectratio>
					<animation effect="zoom" start="2,250,85,200" end="-12,280,129,300" time="200">focus</animation>
					<animation effect="zoom" end="2,250,85,200" start="-12,280,129 ,300" time="150">unfocus</animation>
				</control>
				<control type="image">
					<posx>60</posx>
					<posy>225</posy>
					<width>32</width>
					<height>32</height>
					<info>ListItem.Overlay</info>
					<animation effect="slide" start="0,0" end="30,20" time="200">focus</animation>
					<animation effect="slide" end="0,0" start="30,20" time="150">unfocus</animation>
				</control>
			</focusedlayout>
		</control>
		<control type="label">
			<posx>260</posx>
			<posy>390</posy>
			<width>410</width>
			<height>16</height>
			<font>special13</font>
			<scroll>true</scroll>
			<info>ListItem.Label</info>
			<visible>Control.IsVisible(56)</visible>
			<include>contentpanelslide</include>
		</control>
		<control type="label">
			<posx>260</posx>
			<posy>420</posy>
			<width>410</width>
			<height>16</height>
			<font>font13</font>
			<textcolor>lightgrey</textcolor>
			<scroll>true</scroll>
			<label>$INFO[ListItem.Size ,$LOCALIZE[553]: ]</label>
			<visible>Control.IsVisible(56) + !Window.IsVisible(25)</visible>
			<include>contentpanelslide</include>
		</control>
		<control type="label">
			<posx>260</posx>
			<posy>445</posy>
			<width>410</width>
			<height>16</height>
			<font>font13</font>
			<textcolor>lightgrey</textcolor>
			<scroll>true</scroll>
			<label>$INFO[ListItem.Date ,$LOCALIZE[552]: ]</label>
			<visible>Control.IsVisible(56) + !Window.IsVisible(25)</visible>
			<include>contentpanelslide</include>
		</control>
		<control type="label">
			<posx>260</posx>
			<posy>420</posy>
			<width>410</width>
			<height>16</height>
			<font>font13</font>
			<textcolor>lightgrey</textcolor>
			<scroll>true</scroll>
			<label>$INFO[ListItem.Director ,$LOCALIZE[20339]: ]</label>
			<visible>Control.IsVisible(56) + Window.IsVisible(25)</visible>
			<include>contentpanelslide</include>
		</control>
		<control type="label">
			<posx>260</posx>
			<posy>445</posy>
			<width>410</width>
			<height>16</height>
			<font>font13</font>
			<textcolor>lightgrey</textcolor>
			<selectedcolor>white</selectedcolor>
			<scroll>true</scroll>
			<label>$INFO[ListItem.Genre ,$LOCALIZE[515]: ]</label>
			<visible>Control.IsVisible(56) + Window.IsVisible(25)</visible>
			<include>contentpanelslide</include>
		</control>
		<control type="label">
			<posx>260</posx>
			<posy>470</posy>
			<width>410</width>
			<height>16</height>
			<font>font13</font>
			<textcolor>lightgrey</textcolor>
			<scroll>true</scroll>
			<label>$INFO[ListItem.Year ,$LOCALIZE[562]: ]</label>
			<visible>Control.IsVisible(56) + Window.IsVisible(25)</visible>
			<include>contentpanelslide</include>
		</control>
		<control type="label">
			<posx>670</posx>
			<posy>470</posy>
			<width>410</width>
			<height>16</height>
			<font>font13</font>
			<textcolor>lightgrey</textcolor>
			<scroll>true</scroll>
			<align>right</align>
			<label>$INFO[ListItem.Rating ,$LOCALIZE[563]: ]</label>
			<visible>Control.IsVisible(56) + Window.IsVisible(25)</visible>
			<include>contentpanelslide</include>
		</control>
		<control type="label">
			<posx>260</posx>
			<posy>495</posy>
			<width>410</width>
			<height>16</height>
			<font>font13</font>
			<textcolor>lightgrey</textcolor>
			<scroll>true</scroll>
			<label>$INFO[ListItem.PlotOutline ,$LOCALIZE[203]: ]</label>
			<visible>Control.IsVisible(56) + Window.IsVisible(25)</visible>
			<include>contentpanelslide</include>
		</control>
	</include>
	<include name="MusicCoverWrapView">
		<control type="fixedlist" id="56">
			<visible>Window.IsVisible(MusicFiles) | Container.Content(Albums)</visible>
			<posx>190</posx>
			<posy>100</posy>
			<width>520</width>
			<height>425</height>
			<onleft>56</onleft>
			<onright>56</onright>
			<onup>9000</onup>
			<ondown>9000</ondown>
			<scrolltime>200</scrolltime>
			<viewtype label="558">wraplist</viewtype>
			<pagecontrol>-</pagecontrol>
			<orientation>horizontal</orientation>
			<focusposition>2</focusposition>
			<include>contentpanelslide</include>
			<itemlayout height="300" width="130">
				<control type="image">
					<posx>2</posx>
					<posy>50</posy>
					<width>120</width>
					<height>200</height>
					<info>ListItem.Icon</info>
					<aspectratio aligny="bottom">keep</aspectratio>
				</control>
				<control type="image">
					<posx>2</posx>
					<posy>250</posy>
					<width>120</width>
					<height>200</height>
					<info>ListItem.Icon</info>
					<texture flipy="true" diffuse="diffuse_mirror.png" /> 
					<aspectratio aligny="top">keep</aspectratio>
				</control>
				<control type="image">
					<posx>85</posx>
					<posy>225</posy>
					<width>32</width>
					<height>32</height>
					<info>ListItem.Overlay</info>
				</control>
			</itemlayout>
			<focusedlayout height="300" width="150">
				<control type="image">
					<posx>2</posx>
					<posy>50</posy>
					<width>120</width>
					<height>200</height>
					<info>ListItem.Icon</info>
					<aspectratio aligny="bottom">keep</aspectratio>
					<animation effect="zoom" start="2,50,120,200" end="-20,-20,190,300" time="200">focus</animation>
					<animation effect="zoom" end="2,50,120,200" start="-20,-20,190,300" time="150">unfocus</animation>
				</control>
				<control type="image">
					<posx>2</posx>
					<posy>250</posy>
					<width>120</width>
					<height>200</height>
					<info>ListItem.Icon</info>
					<texture flipy="true" diffuse="diffuse_mirror.png" /> 
					<aspectratio aligny="top">keep</aspectratio>
					<animation effect="zoom" start="2,250,120,200" end="-20,280,190,300" time="200">focus</animation>
					<animation effect="zoom" end="2,250,120,200" start="-20,280,190,300" time="150">unfocus</animation>
				</control>
				<control type="image">
					<posx>85</posx>
					<posy>225</posy>
					<width>32</width>
					<height>32</height>
					<info>ListItem.Overlay</info>
					<animation effect="slide" start="0,0" end="45,30" time="200">focus</animation>
					<animation effect="slide" end="0,0" start="45,30" time="150">unfocus</animation>
				</control>
			</focusedlayout>
		</control>
		<control type="label">
			<posx>260</posx>
			<posy>415</posy>
			<width>410</width>
			<height>16</height>
			<font>special13</font>
			<scroll>true</scroll>
			<info>ListItem.Label</info>
			<visible>Control.IsVisible(56)</visible>
			<include>contentpanelslide</include>
		</control>
		<control type="label">
			<posx>260</posx>
			<posy>445</posy>
			<width>410</width>
			<height>16</height>
			<font>font13</font>
			<textcolor>lightgrey</textcolor>
			<scroll>true</scroll>
			<label>$INFO[ListItem.Album ,$LOCALIZE[558]: ]</label>
			<visible>Control.IsVisible(56)</visible>
			<include>contentpanelslide</include>
		</control>
		<control type="label">
			<posx>260</posx>
			<posy>470</posy>
			<width>410</width>
			<height>16</height>
			<font>font13</font>
			<textcolor>lightgrey</textcolor>
			<scroll>true</scroll>
			<label>$INFO[ListItem.Genre ,$LOCALIZE[515]: ]</label>
			<visible>Control.IsVisible(56)</visible>
			<include>contentpanelslide</include>
		</control>
		<control type="label">
			<posx>260</posx>
			<posy>495</posy>
			<width>410</width>
			<height>16</height>
			<font>font13</font>
			<textcolor>lightgrey</textcolor>
			<scroll>true</scroll>
			<info>ListItem.Label2</info>
			<visible>!Container.Sort(SongRating) + Control.IsVisible(56)</visible>
			<include>contentpanelslide</include>
		</control>
		<control type="image" id="1">
			<description>Song Rating Image</description>
			<height>21</height>
			<width>105</width>
			<posx>240</posx>
			<posy>495</posy>
			<info>ListItem.StarRating</info>
			<visible>Container.Sort(SongRating) + Control.IsVisible(56)</visible>
			<include>contentpanelslide</include>
		</control>
	</include>
	<include name="WideIcon_Small">
		<control type="panel" id="57">
			<posx>190</posx>
			<posy>100</posy>
			<width>485</width>
			<height>424</height>
			<onleft>9000</onleft>
			<onright>60</onright>
			<onup>57</onup>
			<ondown>57</ondown>
			<viewtype label="539">wide</viewtype>
			<scrolltime>200</scrolltime>
			<pagecontrol>60</pagecontrol>
			<include>contentpanelslide</include>
			<itemlayout height="106" width="242">
				<control type="image">
					<width>238</width>
					<height>100</height>
					<posx>2</posx>
					<posy>0</posy>
					<texture border="0,0,0,15">WideIconNF.png</texture>
				</control>
				<control type="image">
					<posx>7</posx>
					<posy>5</posy>
					<width>228</width>
					<height>70</height>
					<aspectratio>keep</aspectratio>
					<info>ListItem.Icon</info>
				</control>
				<control type="label">
					<posx>5</posx>
					<posy>80</posy>
					<width>228</width>
					<height>16</height>
					<font>font13</font>
					<aligny>center</aligny>
					<selectedcolor>green</selectedcolor>
					<scroll>true</scroll>
					<info>ListItem.Label</info>
				</control>
				<control type="image">
					<posx>205</posx>
					<posy>65</posy>
					<width>32</width>
					<height>32</height>
					<info>ListItem.Overlay</info>
				</control>
			</itemlayout>
			<focusedlayout height="106" width="242">
				<control type="image">
					<width>238</width>
					<height>100</height>
					<posx>2</posx>
					<posy>0</posy>
					<texture border="0,0,0,15">WideIcon.png</texture>
					<visible>Control.HasFocus(57)</visible>
				</control>
				<control type="image">
					<width>238</width>
					<height>104</height>
					<posx>2</posx>
					<posy>0</posy>
					<texture border="0,0,0,15">WideIconNF.png</texture>
					<visible>!Control.HasFocus(57)</visible>
				</control>
				<control type="image">
					<posx>7</posx>
					<posy>5</posy>
					<width>228</width>
					<height>70</height>
					<aspectratio>keep</aspectratio>
					<info>ListItem.Icon</info>
				</control>
				<control type="label">
					<posx>5</posx>
					<posy>80</posy>
					<width>228</width>
					<height>16</height>
					<font>font13</font>
					<aligny>center</aligny>
					<selectedcolor>green</selectedcolor>
					<scroll>true</scroll>
					<info>ListItem.Label</info>
				</control>
				<control type="image">
					<posx>205</posx>
					<posy>65</posy>
					<width>32</width>
					<height>32</height>
					<info>ListItem.Overlay</info>
				</control>
			</focusedlayout>
		</control>
	</include>
	<include name="WideIcon_Big">
		<control type="list" id="58">
			<posx>190</posx>
			<posy>100</posy>
			<width>485</width>
			<height>423</height>
			<onleft>9000</onleft>
			<onright>60</onright>
			<onup>58</onup>
			<ondown>58</ondown>
			<scrolltime>200</scrolltime>
			<viewtype label="540">bigwide</viewtype>
			<pagecontrol>60</pagecontrol>
			<include>contentpanelslide</include>
			<itemlayout height="141">
				<control type="image">
					<width>485</width>
					<height>136</height>
					<posx>0</posx>
					<posy>0</posy>
					<texture>WideIconNF.png</texture>
				</control>
				<control type="image">
					<posx>5</posx>
					<posy>5</posy>
					<width>475</width>
					<height>100</height>
					<info>ListItem.Icon</info>
					<aspectratio>keep</aspectratio>
				</control>
				<control type="image">
					<posx>400</posx>
					<posy>65</posy>
					<width>32</width>
					<height>32</height>
					<info>ListItem.Overlay</info>
				</control>
				<control type="label">
					<posx>10</posx>
					<posy>115</posy>
					<width>295</width>
					<height>16</height>
					<font>special13</font>
					<aligny>center</aligny>
					<selectedcolor>green</selectedcolor>
					<scroll>true</scroll>
					<info>ListItem.Label</info>
				</control>
				<control type="label">
					<posx>475</posx>
					<posy>115</posy>
					<width>450</width>
					<height>16</height>
					<font>font13</font>
					<align>right</align>
					<aligny>center</aligny>
					<selectedcolor>green</selectedcolor>
					<info>ListItem.Label2</info>
				</control>
			</itemlayout>
			<focusedlayout height="141">
				<control type="image">
					<width>485</width>
					<height>136</height>
					<posx>0</posx>
					<posy>0</posy>
					<texture>WideIcon.png</texture>
					<visible>Control.HasFocus(58)</visible>
				</control>
				<control type="image">
					<width>485</width>
					<height>136</height>
					<posx>0</posx>
					<posy>0</posy>
					<texture>WideIconNF.png</texture>
					<visible>!Control.HasFocus(58)</visible>
				</control>
				<control type="image">
					<posx>5</posx>
					<posy>5</posy>
					<width>475</width>
					<height>100</height>
					<info>ListItem.Icon</info>
					<aspectratio>keep</aspectratio>
				</control>
				<control type="image">
					<posx>400</posx>
					<posy>65</posy>
					<width>32</width>
					<height>32</height>
					<info>ListItem.Overlay</info>
				</control>
				<control type="label">
					<posx>10</posx>
					<posy>115</posy>
					<width>295</width>
					<height>16</height>
					<font>special13</font>
					<aligny>center</aligny>
					<selectedcolor>green</selectedcolor>
					<scroll>true</scroll>
					<info>ListItem.Label</info>
				</control>
				<control type="label">
					<posx>475</posx>
					<posy>115</posy>
					<width>450</width>
					<height>16</height>
					<font>font13</font>
					<align>right</align>
					<aligny>center</aligny>
					<selectedcolor>green</selectedcolor>
					<info>ListItem.Label2</info>
				</control>
			</focusedlayout>
		</control>
	</include>
	<include name="ProgramsThumbWrapView">
		<control type="fixedlist" id="56">
			<posx>190</posx>
			<posy>100</posy>
			<width>520</width>
			<height>425</height>
			<onleft>56</onleft>
			<onright>56</onright>
			<onup>9000</onup>
			<ondown>9000</ondown>
			<scrolltime>200</scrolltime>
			<viewtype label="$LOCALIZE[538] 2">wraplist</viewtype>
			<pagecontrol>-</pagecontrol>
			<orientation>horizontal</orientation>
			<focusposition>2</focusposition>
			<include>contentpanelslide</include>
			<itemlayout height="300" width="130">
				<control type="image">
					<posx>2</posx>
					<posy>50</posy>
					<width>120</width>
					<height>200</height>
					<info>ListItem.Icon</info>
					<aspectratio aligny="bottom">keep</aspectratio>
				</control>
				<control type="image">
					<posx>2</posx>
					<posy>250</posy>
					<width>120</width>
					<height>200</height>
					<info>ListItem.Icon</info>
					<texture flipy="true" diffuse="diffuse_mirror.png" /> 
					<aspectratio aligny="top">keep</aspectratio>
				</control>
				<control type="image">
					<posx>85</posx>
					<posy>225</posy>
					<width>32</width>
					<height>32</height>
					<info>ListItem.Overlay</info>
				</control>
			</itemlayout>
			<focusedlayout height="300" width="150">
				<control type="image">
					<posx>2</posx>
					<posy>50</posy>
					<width>120</width>
					<height>200</height>
					<info>ListItem.Icon</info>
					<aspectratio aligny="bottom">keep</aspectratio>
					<animation effect="zoom" start="2,50,120,200" end="-20,-20,190,300" time="200">focus</animation>
					<animation effect="zoom" end="2,50,120,200" start="-20,-20,190,300" time="150">unfocus</animation>
				</control>
				<control type="image">
					<posx>2</posx>
					<posy>250</posy>
					<width>120</width>
					<height>200</height>
					<info>ListItem.Icon</info>
					<texture flipy="true" diffuse="diffuse_mirror.png" /> 
					<aspectratio aligny="top">keep</aspectratio>
					<animation effect="zoom" start="2,250,120,200" end="-20,280,190,300" time="200">focus</animation>
					<animation effect="zoom" end="2,250,120,200" start="-20,280,190,300" time="150">unfocus</animation>
				</control>
				<control type="image">
					<posx>85</posx>
					<posy>225</posy>
					<width>32</width>
					<height>32</height>
					<info>ListItem.Overlay</info>
					<animation effect="slide" start="0,0" end="45,30" time="200">focus</animation>
					<animation effect="slide" end="0,0" start="45,30" time="150">unfocus</animation>
				</control>
			</focusedlayout>
		</control>
		<control type="label">
			<posx>260</posx>
			<posy>415</posy>
			<width>410</width>
			<height>16</height>
			<font>special13</font>
			<scroll>true</scroll>
			<info>ListItem.Label</info>
			<visible>Control.IsVisible(56)</visible>
			<include>contentpanelslide</include>
		</control>
		<control type="label">
			<posx>260</posx>
			<posy>445</posy>
			<width>410</width>
			<height>16</height>
			<font>font13</font>
			<textcolor>lightgrey</textcolor>
			<scroll>true</scroll>
			<info>ListItem.Label2</info>
			<visible>[Control.IsVisible(56) + !Window.IsVisible(Scripts)]</visible>
			<include>contentpanelslide</include>
		</control>
		<control type="label">
			<posx>260</posx>
			<posy>445</posy>
			<width>410</width>
			<height>16</height>
			<font>font13</font>
			<textcolor>lightgrey</textcolor>
			<scroll>true</scroll>
			<info>ListItem.Date</info>
			<visible>[Control.IsVisible(56) + Window.IsVisible(Scripts)]</visible>
			<include>contentpanelslide</include>
		</control>
	</include>
	<include name="AllViewCommonPageControls">
		<control type="button">
			<posx>680</posx>
			<posy>100</posy>
			<include>scrollbar_width</include>
			<height>20</height>
			<onclick>PageUp(60)</onclick>
			<texturefocus border="4">scrollbar_arrow_up_focus.png</texturefocus>
			<texturenofocus border="4">scrollbar_arrow_up.png</texturenofocus>
			<include>contentpanelslide</include>
			<visible>Control.IsVisible(60)</visible>
			<animation effect="slide" start="0,0" end="-205,0" time="0" condition="Window.IsActive(myvideolibrary) + Control.IsVisible(58)">conditional</animation>
		</control>
		<control type="button">
			<posx>680</posx>
			<posy>500</posy>
			<include>scrollbar_width</include>
			<height>20</height>
			<onclick>PageDown(60)</onclick>
			<texturefocus border="4">scrollbar_arrow_down_focus.png</texturefocus>
			<texturenofocus border="4">scrollbar_arrow_down.png</texturenofocus>
			<include>contentpanelslide</include>
			<visible>Control.IsVisible(60)</visible>
			<animation effect="slide" start="0,0" end="-205,0" time="0" condition="Window.IsActive(myvideolibrary) + Control.IsVisible(58)">conditional</animation>
		</control>
		<control type="scrollbar" id="60">
			<posx>680</posx>
			<posy>120</posy>
			<include>scrollbar_width</include>
			<height>380</height>
			<texturesliderbackground border="4">scrollbar_background.png</texturesliderbackground>
			<texturesliderbar border="4">scrollbar_bar.png</texturesliderbar>
			<texturesliderbarfocus border="4">scrollbar_bar_focus.png</texturesliderbarfocus>
			<textureslidernib>-</textureslidernib>
			<textureslidernibfocus>-</textureslidernibfocus>
			<onleft>50</onleft>
			<onright>9000</onright>
			<showonepage>false</showonepage>
			<orientation>vertical</orientation>
			<include>contentpanelslide</include>
			<visible>!Control.IsVisible(56)</visible>
			<visible>![Window.IsActive(myvideolibrary) + Control.IsVisible(51)]</visible>
			<visible>![Window.IsActive(mymusicfiles) + Control.IsVisible(57)]</visible>
			<visible>![Window.IsActive(mymusiclibrary) + Control.IsVisible(57)]</visible>
			<visible>![Window.IsActive(mymusiclibrary) + Control.IsVisible(51)]</visible>
			<visible>![Window.IsActive(mymusiclibrary) + Control.IsVisible(58)]</visible>
			<visible>![Window.IsActive(mymusicplaylist) + Control.IsVisible(57)]</visible>
			<animation effect="slide" start="0,0" end="-205,0" time="0" condition="Window.IsActive(myvideolibrary) + Control.IsVisible(58)">conditional</animation>
		</control>
	</include>
	<include name="scrollbar_width">
		<width>16</width>
	</include>
</includes>