<fonts>
	<fontset id="Default" unicode="true">
		<font>
			<name>font101</name>
			<filename>FrancophilSans.ttf</filename>
			<size>14</size>
			<aspect>1.3</aspect>
		</font>
		<font>
			<name>font10</name>
			<filename>FrancophilSans.ttf</filename>
			<size>14</size>
			<style>bold</style>
			<aspect>1.3</aspect>
		</font>
		<font>
			<name>font12</name>
			<filename>FrancophilSans.ttf</filename>
			<size>16</size>
			<style>bold</style>
			<aspect>1.3</aspect>
		</font>
		<font>
			<name>font13</name>
			<filename>FrancophilSans.ttf</filename>
			<size>17</size>
			<aspect>1.3</aspect>
		</font>
		<font>
			<name>special12</name>
			<filename>FrancophilSans.ttf</filename>
			<size>19</size>
			<aspect>1.15</aspect>
		</font>
		<font>
			<name>special13</name>
			<filename>FrancophilSans.ttf</filename>
			<size>19</size>
			<style>bold</style>
			<aspect>1.1</aspect>
		</font>
	</fontset>
	<fontset id="Arial TTF" unicode="true">
		<font>
			<name>font101</name>
			<filename>Arial.ttf</filename>
			<size>14</size>
			<aspect>1.2</aspect>
		</font>
		<font>
			<name>font10</name>
			<filename>Arial.ttf</filename>
			<size>14</size>
			<style>bold</style>
			<aspect>1.2</aspect>
		</font>
		<font>
			<name>font12</name>
			<filename>Arial.ttf</filename>
			<size>14</size>
			<style>bold</style>
			<aspect>1.2</aspect>
		</font>
		<font>
			<name>font13</name>
			<filename>Arial.ttf</filename>
			<size>15</size>
			<aspect>1.2</aspect>
		</font>
		<font>
			<name>special12</name>
			<filename>Arial.ttf</filename>
			<size>16</size>
			<aspect>1.2</aspect>
		</font>
		<font>
			<name>special13</name>
			<filename>Arial.ttf</filename>
			<size>16</size>
			<style>bold</style>
			<aspect>1.2</aspect>
		</font>
	</fontset>
	<fontset id="Arial TTF New" unicode="true">
		<font>
			<name>font101</name>
			<filename>Arial.ttf</filename>
			<size>14</size>
		</font>
		<font>
			<name>font10</name>
			<filename>Arial.ttf</filename>
			<size>14</size>
			<style>bold</style>
			<aspect>1.05</aspect>
		</font>
		<font>
			<name>font12</name>
			<filename>Arial.ttf</filename>
			<size>17</size>
			<style>bold</style>
			<aspect>1</aspect>
		</font>
		<font>
			<name>font13</name>
			<filename>Arial.ttf</filename>
			<size>18</size>
			<aspect>1.05</aspect>
		</font>
		<font>
			<name>special12</name>
			<filename>Arial.ttf</filename>
			<size>19</size>
			<aspect>1.05</aspect>
		</font>
		<font>
			<name>special13</name>
			<filename>Arial.ttf</filename>
			<size>19</size>
			<style>bold</style>
			<aspect>1</aspect>
		</font>
	</fontset>
</fonts>