<fonts>
	<fontset id="Default" unicode="true">
		<font>
			<name>font101</name>
			<filename>FrancophilSans.ttf</filename>
			<size>30</size>
		</font>
		<font>
			<name>font10</name>
			<filename>FrancophilSans.ttf</filename>
			<size>30</size>
			<style>bold</style>
		</font>
		<font>
			<name>font12</name>
			<filename>FrancophilSans.ttf</filename>
			<size>33</size>
			<style>bold</style>
		</font>
		<font>
			<name>font13</name>
			<filename>FrancophilSans.ttf</filename>
			<size>36</size>
		</font>
		<font>
			<name>special12</name>
			<filename>FrancophilSans.ttf</filename>
			<size>40</size>
		</font>
		<font>
			<name>special13</name>
			<filename>FrancophilSans.ttf</filename>
			<size>40</size>
			<style>bold</style>
		</font>
	</fontset>
	<fontset id="Arial TTF" unicode="true">
		<font>
			<name>font101</name>
			<filename>Arial.ttf</filename>
			<size>21</size>
		</font>
		<font>
			<name>font10</name>
			<filename>Arial.ttf</filename>
			<size>21</size>
			<style>bold</style>
		</font>
		<font>
			<name>font12</name>
			<filename>Arial.ttf</filename>
			<size>21</size>
			<style>bold</style>
		</font>
		<font>
			<name>font13</name>
			<filename>Arial.ttf</filename>
			<size>25</size>
		</font>
		<font>
			<name>special12</name>
			<filename>Arial.ttf</filename>
			<size>29</size>
		</font>
		<font>
			<name>special13</name>
			<filename>Arial.ttf</filename>
			<size>29</size>
			<style>bold</style>
		</font>
	</fontset>
	<fontset id="Arial TTF Bold" unicode="true">
		<font>
			<name>font101</name>
			<filename>Arial.ttf</filename>
			<size>28</size>
			<style>bold</style>
		</font>
		<font>
			<name>font10</name>
			<filename>Arial.ttf</filename>
			<size>28</size>
			<style>bold</style>
		</font>
		<font>
			<name>font12</name>
			<filename>Arial.ttf</filename>
			<size>31</size>
			<style>bold</style>
		</font>
		<font>
			<name>font13</name>
			<filename>Arial.ttf</filename>
			<size>34</size>
			<style>bold</style>
		</font>
		<font>
			<name>special12</name>
			<filename>Arial.ttf</filename>
			<size>38</size>
			<style>bold</style>
		</font>
		<font>
			<name>special13</name>
			<filename>Arial.ttf</filename>
			<size>38</size>
			<style>bold</style>
		</font>
	</fontset>
	<fontset id="Arial TTF New" unicode="true">
		<font>
			<name>font101</name>
			<filename>Arial.ttf</filename>
			<size>28</size>
		</font>
		<font>
			<name>font10</name>
			<filename>Arial.ttf</filename>
			<size>28</size>
			<style>bold</style>
			<aspect>0.85</aspect>
		</font>
		<font>
			<name>font12</name>
			<filename>Arial.ttf</filename>
			<size>31</size>
			<style>bold</style>
			<aspect>0.8</aspect>
		</font>
		<font>
			<name>font13</name>
			<filename>Arial.ttf</filename>
			<size>33</size>
			<aspect>0.85</aspect>
		</font>
		<font>
			<name>special12</name>
			<filename>Arial.ttf</filename>
			<size>35</size>
			<aspect>0.85</aspect>
		</font>
		<font>
			<name>special13</name>
			<filename>Arial.ttf</filename>
			<size>35</size>
			<style>bold</style>
			<aspect>0.8</aspect>
		</font>
	</fontset>
</fonts>