<advancedsettings>
		<loglevel hide="false">-1</loglevel>
		<powersave>false</powersave>
		<nodvdrom>false</nodvdrom>
		<!-- this value gives the best quality and doesn't run out of ram -->
		<!-- Note: its slower to draw the images when scrolling fast ( triggers ) -->
		<thumbsize>308</thumbsize>
		<bginfoloadermaxthreads>2</bginfoloadermaxthreads>
		<myprograms>
				<trainerpath>Q:\trainers\</trainerpath>
		</myprograms>
		<pictures>
				<screenshotpath>Q:\Screenshots\</screenshotpath>
		</pictures>
</advancedsettings>