<advancedsettings>
		<loglevel hide="false">-1</loglevel>
		<powersave>false</powersave>
		<nodvdrom>false</nodvdrom>
		<thumbsize>404</thumbsize>
		<fanartsize>540</fanartsize>
		<!-- <bginfoloadermaxthreads>5</bginfoloadermaxthreads> -->
		<video>
				<ignoreatstart>14400</ignoreatstart>
				<!-- <fullscreenonmoviestart>false</fullscreenonmoviestart> -->
		</video>
		<myprograms>
				<trainerpath>Q:\trainers\</trainerpath>
		</myprograms>
		<pictures>
				<screenshotpath>Q:\Screenshots\</screenshotpath>
		</pictures>
</advancedsettings>