<window type="buttonMenu" id="111">
	<defaultcontrol always="true">4</defaultcontrol>
	<controls>
		<control type="button" id="4">
			<description>Log Off xbmc</description>
			<posx>0</posx>
			<posy>0</posy>
			<width>0</width>
			<height>0</height>
			<texturefocus>-</texturefocus>
			<texturenofocus>-</texturenofocus>
			<onfocus>dialog.close(all,true)</onfocus>
			<onfocus>system.logoff</onfocus>
			<onup>1</onup>
			<ondown>1</ondown>
			<enable>[System.HasLoginScreen + System.Loggedon]</enable>
		</control>
	</controls>
</window>