<window id="101">
	<defaultcontrol>10</defaultcontrol>
	<animation effect="slide" start="0,100" end="0,0" time="200">Windowopen</animation>
	<animation effect="slide" start="0,0" end="0,100" time="200">Windowclose</animation>
	<controls>
		<control type="label" id="1">
			<description>heading label</description>
			<posx>0</posx>
			<posy>0</posy>
			<width>0</width>
			<height>0</height>
			<font>-</font>
			<label>-</label>
			<visible>false</visible>
		</control>
		<control type="image">
			<description>Heading Background</description>
			<posx>0</posx>
			<posy>100r</posy>
			<width>1280</width>
			<height>100</height>
			<texture>footer.png</texture>
		</control>
		<control type="label">
			<description>heading label</description>
			<posx>40</posx>
			<posy>100r</posy>
			<width>1200</width>
			<height>40</height>
			<align>center</align>
			<aligny>center</aligny>
			<font>font22</font>
			<label>Loading Games</label>
			<textcolor>black</textcolor>
			<visible>Window.IsVisible(1)</visible>
		</control>
		<control type="label">
			<description>heading label</description>
			<posx>40</posx>
			<posy>100r</posy>
			<width>1200</width>
			<height>40</height>
			<align>center</align>
			<aligny>center</aligny>
			<font>font22</font>
			<label>$INFO[Control.GetLabel(1)]</label>
			<textcolor>black</textcolor>
			<visible>!Window.IsVisible(1)</visible>
		</control>
		<control type="label" id="2">
			<description>dialog line 1</description>
			<posx>40</posx>
			<posy>60r</posy>
			<width>1200</width>
			<height>30</height>
			<align>center</align>
			<aligny>center</aligny>
			<label>-</label>
			<font>font13</font>
			<textcolor>black</textcolor>
			<visible>!Window.IsVisible(1)</visible>
		</control>
		<!-- <control type="label" id="3">
						<description>dialog line 2</description>
						<posx>40</posx>
						<posy>63r</posy>
						<width>1200</width>
						<height>30</height>
						<align>center</align>
						<aligny>center</aligny>
						<label>-</label>
						<font>font11</font>
						<textcolor>black</textcolor>
						<haspath>yes</haspath>
						<visible>!Window.IsVisible(1)</visible>
				</control> -->
		<control type="label" id="4">
			<description>dialog line 3</description>
			<posx>40</posx>
			<posy>60r</posy>
			<width>1200</width>
			<height>30</height>
			<align>center</align>
			<aligny>center</aligny>
			<label>-</label>
			<font>font13</font>
			<textcolor>black</textcolor>
			<haspath>yes</haspath>
			<visible>Window.IsVisible(1)</visible>
		</control>
		<!-- <control type="label" id="4">
						<description>dialog line 3</description>
						<posx>40</posx>
						<posy>40r</posy>
						<width>1200</width>
						<height>30</height>
						<align>center</align>
						<aligny>center</aligny>
						<label>-</label>
						<font>font11</font>
						<textcolor>black</textcolor>
						<haspath>yes</haspath>
						<visible>!Window.IsVisible(1)</visible>
				</control> -->
		<control type="progress">
			<description>Progressbar</description>
			<posx>200</posx>
			<posy>20r</posy>
			<width>880</width>
			<height>10</height>
			<info>System.Progressbar</info>
			<visible>!Window.IsVisible(1)</visible>
		</control>
		<!-- <control type="button" id="10">
						<description>Cancel button</description>
						<posx>120r</posx>
						<posy>80r</posy>
						<width>100</width>
						<height>50</height>
						<label>222</label>
						<textcolor>dialogheader</textcolor>
						<focusedcolor>black</focusedcolor>
						<align>center</align>
						<texturenofocus border="3">-</texturenofocus>
						<texturefocus border="3">-</texturefocus>
						<onleft>10</onleft>
						<onright>10</onright>
						<onup>10</onup>
						<ondown>10</ondown>
						<visible>!Window.IsVisible(1)</visible>
				</control> -->
		<!-- Debug Info -->
		<include>Debug</include>
	</controls>
</window>