<window id="104">
		<defaultcontrol>1</defaultcontrol>
		<include>dialogeffect</include>
		<coordinates>
				<system>1</system>
				<posx>860</posx>
				<posy>0</posy>
		</coordinates>
		<controls>
				<control type="group">
						<visible>!StringCompare(System.Profilename,Manage Profiles) + !StringCompare(System.Profilename,DVD2Xbox)</visible>
						<control type="image">
								<posx>0</posx>
								<posy>0</posy>
								<width>400</width>
								<height>50</height>
								<texture border="4,4,4,4">blue-back.png</texture>
						</control>
						<control type="label.">
								<description>Volume Label</description>
								<posx>90</posx>
								<posy>0</posy>
								<width>90</width>
								<height>50</height>
								<label>$INFO[Player.Volume]</label>
								<font>font20</font>
								<align>right</align>
								<aligny>center</aligny>
						</control>
						<control type="progress" id="1">
								<description>Progressbar</description>
								<posx>20</posx>
								<posy>20</posy>
								<width>320</width>
								<height>12</height>
								<info>Player.Volume</info>
								<visible>true</visible>
						</control>
						<control type="image">
								<posx>345</posx>
								<posy>2</posy>
								<width>48</width>
								<height>48</height>
								<aspectratio>stretch</aspectratio>
								<texture>icon_volume.png</texture>
								<visible>!Player.Muted</visible>
						</control>
						<control type="image">
								<posx>345</posx>
								<posy>2</posy>
								<width>48</width>
								<height>48</height>
								<aspectratio>stretch</aspectratio>
								<texture>icon_mute.png</texture>
								<visible>Player.Muted</visible>
						</control>
				</control>
				<!-- Debug Info -->
				<include>Debug</include>
		</controls>
</window>