<window id="115">
		<defaultcontrol>1</defaultcontrol>
		<visible>Player.HasMedia</visible>
		<coordinates>
				<system>1</system>
				<posx>0</posx>
				<posy>0</posy>
		</coordinates>
		<controls>
				<control type="group">
						<posx>860</posx>
						<posy>0</posy>
						<include>VisibleFadeEffect</include>
						<visible>Player.Seeking | Player.DisplayAfterSeek | Player.Forwarding | Player.Rewinding</visible>
						<control type="group">
								<!-- playstate images -->
								<control type="image">
										<posx>0</posx>
										<posy>0</posy>
										<width>400</width>
										<height>50</height>
										<texture border="5">blue-back.png</texture>
								</control>
								<control type="label">
										<description>Seeking Label</description>
										<posx>0</posx>
										<posy>-8</posy>
										<width>400</width>
										<height>50</height>
										<align>center</align>
										<aligny>center</aligny>
										<font>font15</font>
										<label>[UPPERCASE]$LOCALIZE[773][/UPPERCASE]</label>
										<visible>Player.Seeking</visible>
								</control>
								<!-- progressbar dialog -->
								<control type="label" id="22">
										<description>Elapsed Time Label</description>
										<posx>10</posx>
										<posy>7</posy>
										<width>110</width>
										<height>20</height>
										<font>font17</font>
										<align>left</align>
										<aligny>center</aligny>
										<info>Player.Time</info>
										<visible>!Player.Seeking</visible>
								</control>
								<control type="label" id="22">
										<description>Seek Time Label</description>
										<posx>10</posx>
										<posy>7</posy>
										<width>110</width>
										<height>20</height>
										<font>font17</font>
										<align>left</align>
										<aligny>center</aligny>
										<info>Player.SeekTime</info>
										<visible>Player.Seeking</visible>
								</control>
								<control type="label" id="0">
										<description>Duration Label</description>
										<posx>390</posx>
										<posy>7</posy>
										<width>130</width>
										<height>20</height>
										<label>$INFO[Player.Duration]</label>
										<font>font17</font>
										<align>right</align>
										<aligny>center</aligny>
								</control>
								<control type="progress" id="23">
										<description>Progressbar</description>
										<posx>10</posx>
										<posy>31</posy>
										<width>380</width>
										<height>8</height>
										<info>Player.Progress</info>
										<texturebg border="4,0,4,0">ProgressBack.png</texturebg>
										<lefttexture>-</lefttexture>
										<midtexture border="4,0,4,0">ProgressFront.png</midtexture>
										<visible>true</visible>
								</control>
								<control type="slider" id="401">
										<description>Seek Slider</description>
										<posx>10</posx>
										<posy>31</posy>
										<width>380</width>
										<height>12</height>
										<texturesliderbar>seekslider.png</texturesliderbar>
										<textureslidernib>slider_nibFO.png</textureslidernib>
										<textureslidernibfocus>slider_nibFO.png</textureslidernibfocus>
										<onup>1</onup>
										<ondown>1</ondown>
										<onleft>1</onleft>
										<onright>1</onright>
										<visible>Player.Seeking</visible>
								</control>
						</control>
				</control>
				<!-- Debug Info -->
				<include>Debug</include>
		</controls>
</window>