<window id="100">
		<defaultcontrol always="true">10</defaultcontrol>
		<coordinates>
				<system>1</system>
				<posx>290</posx>
				<posy>210</posy>
		</coordinates>
		<include>dialogeffect</include>
		<controls>
				<control type="image">
						<description>background image</description>
						<posx>0</posx>
						<posy>0</posy>
						<width>700</width>
						<height>300</height>
						<texture border="40">dialogback.png</texture>
				</control>
				<control type="image">
						<description>Heading Background</description>
						<posx>30</posx>
						<posy>34</posy>
						<width>640</width>
						<height>40</height>
						<texture border="5">thumbfo.png</texture>
				</control>
				<control type="label" id="1">
						<description>heading label</description>
						<posx>40</posx>
						<posy>35</posy>
						<width>620</width>
						<height>40</height>
						<align>center</align>
						<aligny>center</aligny>
						<font>font21_bold</font>
						<label>13406</label>
						<textcolor>black</textcolor>
				</control>
				<control type="label" id="2">
						<description>dialog line 1</description>
						<posx>40</posx>
						<posy>85</posy>
						<width>620</width>
						<height>30</height>
						<align>center</align>
						<aligny>center</aligny>
						<label>-</label>
						<font>font20</font>
				</control>
				<control type="label" id="3">
						<description>dialog line 2</description>
						<posx>40</posx>
						<posy>115</posy>
						<width>620</width>
						<height>30</height>
						<align>center</align>
						<aligny>center</aligny>
						<label>-</label>
						<font>font20</font>
				</control>
				<control type="label" id="4">
						<description>dialog line 3</description>
						<posx>40</posx>
						<posy>145</posy>
						<width>620</width>
						<height>30</height>
						<align>center</align>
						<aligny>center</aligny>
						<label>-</label>
						<font>font20</font>
				</control>
				<control type="button" id="11">
						<description>Yes button</description>
						<posx>145</posx>
						<posy>215</posy>
						<width>200</width>
						<height>35</height>
						<label>107</label>
						<textcolor>grey2</textcolor>
						<focusedcolor>white</focusedcolor>
						<align>center</align>
						<texturenofocus border="3">button-nofocus.png</texturenofocus>
						<texturefocus border="3">button-focus2.png</texturefocus>
						<onleft>10</onleft>
						<onright>10</onright>
						<onup>11</onup>
						<ondown>11</ondown>
				</control>
				<control type="button" id="10">
						<description>No button</description>
						<posx>355</posx>
						<posy>215</posy>
						<width>200</width>
						<height>35</height>
						<label>106</label>
						<textcolor>grey2</textcolor>
						<focusedcolor>white</focusedcolor>
						<align>center</align>
						<texturenofocus border="3">button-nofocus.png</texturenofocus>
						<texturefocus border="3">button-focus2.png</texturefocus>
						<onleft>11</onleft>
						<onright>11</onright>
						<onup>10</onup>
						<ondown>10</ondown>
				</control>
				<!-- Debug Info -->
				<include>Debug</include>
		</controls>
</window>