<window id="106">
	<defaultcontrol always="true">1000</defaultcontrol>
	<include>dialogeffect</include>
	<controls>
		<control type="group">
			<animation effect="fade" end="0" time="0" condition="Window.IsVisible(1) + !Window.IsActive(134) + !Skin.HasSetting(editmode)">conditional</animation>
			<control type="image" id="997">
				<description>background top image</description>
				<posx>0</posx>
				<posy>-50</posy>
				<width>400</width>
				<height>50</height>
				<texture border="40,40,40,0">ContextMenu_Top.png</texture>
			</control>
			<control type="image" id="999">
				<description>background image</description>
				<posx>0</posx>
				<posy>0</posy>
				<width>400</width>
				<texture border="40,0,40,0">ContextMenu_Middle.png</texture>
			</control>
			<control type="image" id="998">
				<description>background bottom image</description>
				<posx>0</posx>
				<width>400</width>
				<height>50</height>
				<texture border="40,0,40,40">ContextMenu_Bottom.png</texture>
			</control>
		</control>
		<control type="button" id="1000">
			<description>button template</description>
			<posx>43</posx>
			<posy>40</posy>
			<width>310</width>
			<height>35</height>
			<onup>1000</onup>
			<font>font12</font>
			<align>center</align>
			<textcolor>white</textcolor>
			<texturefocus border="3">button-focus2.png</texturefocus>
			<texturenofocus border="3">button-nofocus.png</texturenofocus>
			<onfocus condition="Control.IsVisible(3000)">SetFocus(3000)</onfocus>
			<animation effect="fade" end="0" time="0" condition="Window.IsVisible(1) + !Window.IsActive(134) + !Skin.HasSetting(editmode)">conditional</animation>
		</control>


		<control type="group">
			<visible>Window.IsVisible(1) + !Window.IsActive(134) + !Skin.HasSetting(editmode)</visible>
			<control type="image">
				<description>background top image</description>
				<posx>0</posx>
				<posy>0</posy>
				<width>400</width>
				<height>50</height>
				<texture border="40,40,40,0">ContextMenu_Top.png</texture>
			</control>
			<control type="image">
				<description>background image</description>
				<posx>0</posx>
				<posy>48</posy>
				<width>400</width>
				<height>180</height>
				<texture border="40,0,40,0">ContextMenu_Middle.png</texture>
			</control>
			<control type="image">
				<description>background bottom image</description>
				<posx>0</posx>
				<posy>228</posy>
				<width>400</width>
				<height>50</height>
				<texture border="40,0,40,40">ContextMenu_Bottom.png</texture>
			</control>
		</control>

		<control type="grouplist" id="3000">
			<description>custom grouplist for context buttons</description>
			<posx>50</posx>
			<posy>55</posy>
			<width>310</width>
			<height>304</height>
			<itemgap>0</itemgap>
			<visible>Window.IsVisible(1) + !Window.IsActive(134) + !Skin.HasSetting(editmode)</visible>
			<control type="button" id="3001">
				<description>SendClick 1001 button "Launch"</description>
				<font>font12</font>
				<align>center</align>
				<textcolor>white</textcolor>
				<label>$INFO[Control.GetLabel(1001)]</label>
				<texturefocus border="3">button-focus2.png</texturefocus>
				<texturenofocus border="3">button-nofocus.png</texturenofocus>
				<onclick>SendClick(1001)</onclick>
				<visible>StringCompare(Control.GetLabel(1001),$LOCALIZE[20322]) | StringCompare(Control.GetLabel(1001),$LOCALIZE[12015]) | StringCompare(Control.GetLabel(1001),$LOCALIZE[12012]) | StringCompare(Control.GetLabel(1001),$LOCALIZE[14077]) | StringCompare(Control.GetLabel(1001),$LOCALIZE[14076])</visible>
			</control>
			<control type="button" id="3002">
				<description>SendClick 1002 button "Go to game save"</description>
				<font>font12</font>
				<align>center</align>
				<textcolor>white</textcolor>
				<label>$INFO[Control.GetLabel(1002)]</label>
				<texturefocus border="3">button-focus2.png</texturefocus>
				<texturenofocus border="3">button-nofocus.png</texturenofocus>
				<onclick>SendClick(1002)</onclick>
				<visible>StringCompare(Control.GetLabel(1002),$LOCALIZE[20322]) | StringCompare(Control.GetLabel(1002),$LOCALIZE[12015]) | StringCompare(Control.GetLabel(1002),$LOCALIZE[12012]) | StringCompare(Control.GetLabel(1002),$LOCALIZE[14077]) | StringCompare(Control.GetLabel(1002),$LOCALIZE[14076])</visible>
			</control>
			<control type="button" id="3003">
				<description>SendClick 1003 button "Edit XBE title"</description>
				<font>font12</font>
				<align>center</align>
				<textcolor>white</textcolor>
				<label>$INFO[Control.GetLabel(1003)]</label>
				<texturefocus border="3">button-focus2.png</texturefocus>
				<texturenofocus border="3">button-nofocus.png</texturenofocus>
				<onclick>SendClick(1003)</onclick>
				<visible>StringCompare(Control.GetLabel(1003),$LOCALIZE[20322]) | StringCompare(Control.GetLabel(1003),$LOCALIZE[12015]) | StringCompare(Control.GetLabel(1003),$LOCALIZE[12012]) | StringCompare(Control.GetLabel(1003),$LOCALIZE[14077]) | StringCompare(Control.GetLabel(1003),$LOCALIZE[14076])</visible>
			</control>
			<control type="button" id="3004">
				<description>SendClick 1004 button "Trainer settings"</description>
				<font>font12</font>
				<align>center</align>
				<textcolor>white</textcolor>
				<label>$INFO[Control.GetLabel(1004)]</label>
				<texturefocus border="3">button-focus2.png</texturefocus>
				<texturenofocus border="3">button-nofocus.png</texturenofocus>
				<onclick>SendClick(1004)</onclick>
				<visible>StringCompare(Control.GetLabel(1004),$LOCALIZE[20322]) | StringCompare(Control.GetLabel(1004),$LOCALIZE[12015]) | StringCompare(Control.GetLabel(1004),$LOCALIZE[12012]) | StringCompare(Control.GetLabel(1004),$LOCALIZE[14077]) | StringCompare(Control.GetLabel(1004),$LOCALIZE[14076])</visible>
			</control>
			<control type="button" id="3005">
				<description>SendClick 1005 button "Update trainer list"</description>
				<font>font12</font>
				<align>center</align>
				<textcolor>white</textcolor>
				<label>$INFO[Control.GetLabel(1005)]</label>
				<texturefocus border="3">button-focus2.png</texturefocus>
				<texturenofocus border="3">button-nofocus.png</texturenofocus>
				<onclick>SendClick(1005)</onclick>
				<visible>StringCompare(Control.GetLabel(1005),$LOCALIZE[20322]) | StringCompare(Control.GetLabel(1005),$LOCALIZE[12015]) | StringCompare(Control.GetLabel(1005),$LOCALIZE[12012]) | StringCompare(Control.GetLabel(1005),$LOCALIZE[14077]) | StringCompare(Control.GetLabel(1005),$LOCALIZE[14076])</visible>
			</control>
			<control type="button" id="3006">
				<description>SendClick 1006 button "Go to root"</description>
				<font>font12</font>
				<align>center</align>
				<textcolor>white</textcolor>
				<label>$INFO[Control.GetLabel(1006)]</label>
				<texturefocus border="3">button-focus2.png</texturefocus>
				<texturenofocus border="3">button-nofocus.png</texturenofocus>
				<onclick>SendClick(1006)</onclick>
				<visible>StringCompare(Control.GetLabel(1006),$LOCALIZE[20322]) | StringCompare(Control.GetLabel(1006),$LOCALIZE[12015]) | StringCompare(Control.GetLabel(1006),$LOCALIZE[12012]) | StringCompare(Control.GetLabel(1006),$LOCALIZE[14077]) | StringCompare(Control.GetLabel(1006),$LOCALIZE[14076])</visible>
			</control>
			<control type="button" id="3007">
				<description>SendClick 1007 button "Add/Remove to/from favourites"</description>
				<font>font12</font>
				<align>center</align>
				<textcolor>white</textcolor>
				<label>$INFO[Control.GetLabel(1007)]</label>
				<texturefocus border="3">button-focus2.png</texturefocus>
				<texturenofocus border="3">button-nofocus.png</texturenofocus>
				<onclick>SendClick(1007)</onclick>
				<visible>StringCompare(Control.GetLabel(1007),$LOCALIZE[20322]) | StringCompare(Control.GetLabel(1007),$LOCALIZE[12015]) | StringCompare(Control.GetLabel(1007),$LOCALIZE[12012]) | StringCompare(Control.GetLabel(1007),$LOCALIZE[14077]) | StringCompare(Control.GetLabel(1007),$LOCALIZE[14076])</visible>
			</control>
			<control type="button" id="3008">
				<description>SendClick 1008 button "Settings"</description>
				<font>font12</font>
				<align>center</align>
				<textcolor>white</textcolor>
				<label>$INFO[Control.GetLabel(1008)]</label>
				<texturefocus border="3">button-focus2.png</texturefocus>
				<texturenofocus border="3">button-nofocus.png</texturenofocus>
				<onclick>SendClick(1008)</onclick>
				<visible>StringCompare(Control.GetLabel(1108),$LOCALIZE[20322]) | StringCompare(Control.GetLabel(1108),$LOCALIZE[12015]) | StringCompare(Control.GetLabel(1008),$LOCALIZE[12012]) | StringCompare(Control.GetLabel(1008),$LOCALIZE[14077]) | StringCompare(Control.GetLabel(1008),$LOCALIZE[14076])</visible>
			</control>
		</control>
		<!-- Debug Info -->
		<include>Debug</include>
	</controls>
</window>