<fonts>
	<fontset id="Default" unicode="true">
		<font>
			<name>font10</name>
			<filename>arial.ttf</filename>
			<size>15</size>
		</font>
		<font>
			<name>font11</name>
			<filename>arial.ttf</filename>
			<size>17</size>
		</font>
		<font>
			<name>font12</name>
			<filename>arial.ttf</filename>
			<size>20</size>
		</font>
		<font>
			<name>font13</name>
			<filename>arial.ttf</filename>
			<size>23</size>
		</font>
		<font>
			<name>font18</name>
			<filename>arial.ttf</filename>
			<size>21</size>
			<style>bold</style>
		</font>
		<font>
			<name>font20</name>
			<filename>arial.ttf</filename>
			<size>25</size>
		</font>
		<font>
			<name>font22</name>
			<filename>arial.ttf</filename>
			<size>28</size>
		</font>
		<font>
			<name>font25</name>
			<filename>arial.ttf</filename>
			<size>35</size>
		</font>
		<font>
			<name>font50</name>
			<filename>arial.ttf</filename>
			<size>50</size>
		</font>
		<font>
			<name>font35b</name>
			<filename>arial.ttf</filename>
			<size>80</size>
		</font>
		<font>
			<name>font13_Numeric</name>
			<filename>DejaVuSans-Bold.ttf</filename>
			<size>20</size>
		</font>
		<font>
			<name>font35_Numeric</name>
			<filename>DejaVuSans-Bold.ttf</filename>
			<size>40</size>
		</font>
	</fontset>
	<fontset id="Roboto" unicode="true">
		<font>
			<name>font10</name>
			<filename>Roboto-Regular.ttf</filename>
			<size>15</size>
		</font>
		<font>
			<name>font11</name>
			<filename>Roboto-Regular.ttf</filename>
			<size>17</size>
		</font>
		<font>
			<name>font12</name>
			<filename>Roboto-Regular.ttf</filename>
			<size>20</size>
		</font>
		<font>
			<name>font13</name>
			<filename>Roboto-Regular.ttf</filename>
			<size>23</size>
		</font>
		<font>
			<name>font18</name>
			<filename>Roboto-Regular.ttf</filename>
			<size>21</size>
			<style>bold</style>
		</font>
		<font>
			<name>font20</name>
			<filename>Roboto-Regular.ttf</filename>
			<size>25</size>
		</font>
		<font>
			<name>font22</name>
			<filename>Roboto-Regular.ttf</filename>
			<size>28</size>
		</font>
		<font>
			<name>font25</name>
			<filename>Roboto-Regular.ttf</filename>
			<size>35</size>
		</font>
		<font>
			<name>font50</name>
			<filename>Roboto-Regular.ttf</filename>
			<size>50</size>
		</font>
		<font>
			<name>font35b</name>
			<filename>Roboto-Regular.ttf</filename>
			<size>80</size>
		</font>
		<font>
			<name>font13_Numeric</name>
			<filename>Roboto-Regular.ttf</filename>
			<size>20</size>
			<style>bold</style>
		</font>
		<font>
			<name>font35_Numeric</name>
			<filename>Roboto-Regular.ttf</filename>
			<size>40</size>
			<style>bold</style>
		</font>
	</fontset>
</fonts>