<window id="29">
	<defaultcontrol always="true">10</defaultcontrol>
	<allowoverlay>no</allowoverlay>
	<coordinates>
		<system>1</system>
		<posx>0</posx>
		<posy>0</posy>
	</coordinates>
	<controls>
		<include>CommonBackground</include>
		<control type="group">
			<control type="label">
				<posx>0</posx>
				<posy>559</posy>
				<width>1280</width>
				<height>36</height>
				<font>font25</font>
				<textcolor>white</textcolor>
				<scroll>true</scroll>
				<align>center</align>
				<aligny>center</aligny>
				<label>[UPPERCASE]$INFO[ListItem.Label][/UPPERCASE]</label>
			</control>
			<control type="label">
				<posx>0</posx>
				<posy>623</posy>
				<width>1280</width>
				<height>36</height>
				<font>font25</font>
				<textcolor>white</textcolor>
				<scroll>true</scroll>
				<align>center</align>
				<aligny>center</aligny>
				<label>[UPPERCASE]$INFO[ListItem.Label][/UPPERCASE]</label>
				<animation type="Conditional" condition="Control.IsVisible(52)" reversible="false">
					<effect type="zoom" end="100,-75" center="auto" delay="" time="0" />
					<effect type="fade" end="2" delay="" time="0" />
				</animation>
			</control>
			<control type="label">
				<posx>0</posx>
				<posy>599</posy>
				<width>1280</width>
				<height>30</height>
				<font>font15</font>
				<textcolor>white</textcolor>
				<scroll>true</scroll>
				<align>center</align>
				<aligny>center</aligny>
				<label>$INFO[ListItem.label2]</label>
			</control>
			<control type="group">
				<control type="fixedlist" id="52">
					<posx>-121</posx>
					<posy>262</posy>
					<width>1526</width>
					<height>460</height>
					<onleft>52</onleft>
					<onright>52</onright>
					<onup>20</onup>
					<ondown>-</ondown>
					<viewtype label="31028">list</viewtype>
					<pagecontrol>61</pagecontrol>
					<scrolltime>200</scrolltime>
					<focusposition>3</focusposition>
					<orientation>horizontal</orientation>
					<preloaditems>4</preloaditems>
					<itemlayout height="428" width="218">
						<control type="image">
							<posx>2</posx>
							<posy>0</posy>
							<width>214</width>
							<height>214</height>
							<aspectratio>stretch</aspectratio>
							<texture border="5">button-focus.png</texture>
						</control>
						<control type="image">
							<posx>7</posx>
							<posy>5</posy>
							<width>204</width>
							<height>204</height>
							<aspectratio>stretch</aspectratio>
							<texture>black-back.png</texture>
						</control>
						<control type="image">
							<posx>7</posx>
							<posy>5</posy>
							<width>204</width>
							<height>204</height>
							<aspectratio>scale</aspectratio>
							<texture background="true">$INFO[ListItem.Icon]</texture>
						</control>
						<!-- Flipped images -->
						<control type="image">
							<posx>2</posx>
							<posy>214</posy>
							<width>214</width>
							<height>214</height>
							<aspectratio>stretch</aspectratio>
							<texture flipy="true" diffuse="diffuse_mirror.png">button-focus.png</texture>
						</control>
						<control type="image">
							<posx>7</posx>
							<posy>214</posy>
							<width>204</width>
							<height>204</height>
							<aspectratio>stretch</aspectratio>
							<texture flipy="true" diffuse="diffuse_mirror.png">black-back.png</texture>
						</control>
						<control type="image">
							<posx>7</posx>
							<posy>214</posy>
							<width>204</width>
							<height>204</height>
							<aspectratio>scale</aspectratio>
							<texture background="true" flipy="true" diffuse="diffuse_mirror.png">$INFO[ListItem.Icon]</texture>
						</control>
					</itemlayout>
					<focusedlayout height="428" width="218">
						<control type="image">
							<posx>2</posx>
							<posy>0</posy>
							<width>214</width>
							<height>214</height>
							<aspectratio>stretch</aspectratio>
							<texture border="5">button-focus.png</texture>
							<animation reversible="false" effect="fade" end="0" time="0">focus</animation>
							<animation reversible="false" effect="zoom" end="2,0,214,214" start="-8,-10,234,234" time="200">unfocus</animation>
						</control>
						<control type="image">
							<posx>2</posx>
							<posy>0</posy>
							<width>214</width>
							<height>214</height>
							<aspectratio>stretch</aspectratio>
							<texture border="5">button-focus.png</texture>
							<animation reversible="false" effect="zoom" start="2,0,214,214" end="-8,-10,234,234" time="200">focus</animation>
							<animation reversible="false" effect="fade" end="0" time="0">unfocus</animation>
						</control>
						<control type="image">
							<posx>7</posx>
							<posy>5</posy>
							<width>204</width>
							<height>204</height>
							<aspectratio>stretch</aspectratio>
							<texture>black-back.png</texture>
							<bordersize>1</bordersize>
							<animation reversible="false" effect="zoom" start="7,5,204,204" end="-3,-5,224,224" time="200">focus</animation>
							<animation reversible="false" effect="zoom" end="7,5,204,204" start="-3,-5,224,224" time="200">unfocus</animation>
						</control>
						<control type="image">
							<posx>7</posx>
							<posy>5</posy>
							<width>204</width>
							<height>204</height>
							<aspectratio>scale</aspectratio>
							<texture background="true">$INFO[ListItem.Icon]</texture>
							<animation reversible="false" effect="zoom" start="7,5,204,204" end="-3,-5,224,224" time="200">focus</animation>
							<animation reversible="false" effect="zoom" end="7,5,204,204" start="-3,-5,224,224" time="200">unfocus</animation>
						</control>
						<!-- Flipped images -->
						<control type="image">
							<posx>2</posx>
							<posy>214</posy>
							<width>214</width>
							<height>214</height>
							<aspectratio>stretch</aspectratio>
							<texture flipy="true" diffuse="diffuse_mirror.png">button-focus.png</texture>
							<animation reversible="false" effect="zoom" start="2,214,214,214" end="-8,224,234,234" time="200">focus</animation>
							<animation reversible="false" effect="fade" end="0" time="0">unfocus</animation>
						</control>
						<control type="image">
							<posx>7</posx>
							<posy>214</posy>
							<width>204</width>
							<height>204</height>
							<aspectratio>stretch</aspectratio>
							<texture flipy="true" diffuse="diffuse_mirror.png">black-back.png</texture>
							<animation reversible="false" effect="zoom" start="7,214,204,204" end="-3,229,224,224" time="200">focus</animation>
							<animation reversible="false" effect="zoom" end="7,214,204,204" start="-3,229,224,224" time="200">unfocus</animation>
						</control>
						<control type="image">
							<posx>7</posx>
							<posy>214</posy>
							<width>204</width>
							<height>204</height>
							<aspectratio>scale</aspectratio>
							<texture background="true" flipy="true" diffuse="diffuse_mirror.png">$INFO[ListItem.Icon]</texture>
							<animation reversible="false" effect="zoom" start="7,214,204,204" end="-3,229,224,224" time="200">focus</animation>
							<animation reversible="false" effect="zoom" end="7,214,204,204" start="-3,229,224,224" time="200">unfocus</animation>
						</control>
					</focusedlayout>
				</control>
			</control>
		</control>
		<include>WindowHeader</include>
		<control type="label">
			<description>Master mode</description>
			<posx>160r</posx>
			<posy>5</posy>
			<width>200</width>
			<height>35</height>
			<align>left</align>
			<aligny>center</aligny>
			<font>font11</font>
			<textcolor>white</textcolor>
			<label>Edit Mode Enabled</label>
			<visible>Window.IsVisible(29) + Skin.HasSetting(editmode)</visible>
		</control>
		<control type="image">
			<posx>20</posx>
			<posy>5</posy>
			<width>40</width>
			<height>35</height>
			<aspectratio>keep</aspectratio>
			<texture>icon_system.png</texture>
		</control>
		<control type="label">
			<description>Header label</description>
			<posx>70</posx>
			<posy>5</posy>
			<width>700</width>
			<height>35</height>
			<align>left</align>
			<aligny>center</aligny>
			<font>font13</font>
			<textcolor>white</textcolor>
			<label>$LOCALIZE[20115]</label>
		</control>
		<!-- Secret Passcode. -->
		<control type="button" id="20">
			<description>View As button</description>
			<posx>-5000</posx>
			<label>-</label>
			<onleft>52</onleft>
			<onright>52</onright>
			<onup>21</onup>
			<ondown>52</ondown>
		</control>
		<control type="button" id="21">
			<description>View As button</description>
			<posx>-5000</posx>
			<label>-</label>
			<onleft>52</onleft>
			<onright>52</onright>
			<onup>52</onup>
			<ondown>22</ondown>
		</control>
		<control type="button" id="22">
			<description>View As button</description>
			<posx>-5000</posx>
			<label>-</label>
			<onleft>52</onleft>
			<onright>52</onright>
			<onup>52</onup>
			<ondown>23</ondown>
		</control>
		<control type="button" id="23">
			<description>View As button</description>
			<posx>-5000</posx>
			<label>-</label>
			<onleft>24</onleft>
			<onright>52</onright>
			<onup>52</onup>
			<ondown>52</ondown>
		</control>
		<control type="button" id="24">
			<description>View As button</description>
			<posx>-5000</posx>
			<label>-</label>
			<onleft>25</onleft>
			<onright>52</onright>
			<onup>52</onup>
			<ondown>52</ondown>
		</control>
		<control type="button" id="25">
			<description>View As button</description>
			<posx>-5000</posx>
			<label>-</label>
			<onleft>52</onleft>
			<onright>26</onright>
			<onup>52</onup>
			<ondown>52</ondown>
		</control>
		<control type="button" id="26">
			<description>View As button</description>
			<posx>-5000</posx>
			<label>-</label>
			<onleft>52</onleft>
			<onright>27</onright>
			<onup>52</onup>
			<ondown>52</ondown>
		</control>
		<control type="button" id="27">
			<description>View As button</description>
			<posx>-5000</posx>
			<label>-</label>
			<onclick>SetFocus(52)</onclick>
			<onclick>Special:\\xbmc\scripts\EditMode.py</onclick>
			<onleft>52</onleft>
			<onright>52</onright>
			<onup>52</onup>
			<ondown>52</ondown>
		</control>
		<control type="button" id="10">
			<posx>-5000</posx>
			<description>Trigger</description>
			<onfocus>SetFocus(52)</onfocus>
			<!-- <onfocus>Special://xbmc/scripts/CheckEditMode.py</onfocus> -->
		</control>
		<include condition="System.Date(12-25,12-26)">snow</include>
		<!-- Had to add the exact date for each year :/ damn easter! -->
		<include condition="StringCompare(System.Date,Sun, Mar 27, 2016)">easter</include>
		<include condition="StringCompare(System.Date,Sun, 27 Mar 2016)">easter</include>
		<include condition="StringCompare(System.Date,Sun, Apr 16, 2017)">easter</include>
		<include condition="StringCompare(System.Date,Sun, 16 Apr 2017)">easter</include>
		<include condition="StringCompare(System.Date,Sun, Apr 1, 2018)">easter</include>
		<include condition="StringCompare(System.Date,Sun, 1 Apr 2018)">easter</include>
		<include condition="StringCompare(System.Date,Sun, Apr 21, 2019)">easter</include>
		<include condition="StringCompare(System.Date,Sun, 21 Apr 2019)">easter</include>
		<include condition="StringCompare(System.Date,Sun, Apr 12, 2020)">easter</include>
		<include condition="StringCompare(System.Date,Sun, 12 Apr 2020)">easter</include>
		<include condition="StringCompare(System.Date,Sun, Apr 4, 2021)">easter</include>
		<include condition="StringCompare(System.Date,Sun, 4 Apr 2021)">easter</include>
		<include condition="StringCompare(System.Date,Sun, Apr 17, 2022)">easter</include>
		<include condition="StringCompare(System.Date,Sun, 17 Apr 2022)">easter</include>
		<!-- Debug Info -->
		<include>Debug</include>
	</controls>
</window>