<window id="1">
	<defaultcontrol always="true">50</defaultcontrol>
	<allowoverlay>no</allowoverlay>
	<views>50,52,51,53,55,54,56</views>
	<controls>
		<include>CommonBackground</include>
		<control type="group">
			<include>ViewVisibleEffect</include>
			<!-- view id = 50 -->
			<include file="Viewtype_PosterView.xml">PosterView</include>
			<!-- view id = 51 -->
			<include file="Viewtype_PanelView.xml">PanelView</include>
			<!-- view id = 52 -->
			<include file="Viewtype_PosterViewSmall.xml">PosterViewSmall</include>
			<!-- view id = 53 -->
			<include file="Viewtype_LoginView.xml">LoginView</include>
			<!-- view id = 54 -->
			<include file="Viewtype_FanartView.xml">FanartView</include>
			<!-- view id = 55 -->
			<include file="Viewtype_LandscapeView.xml">LandscapeView</include>
			<!-- view id = 56 -->
			<include file="Viewtype_ResourcesView.xml">ResourcesView</include>
		</control>
		<control type="group">
			<include>WindowHeader</include>
			<include>WindowFooter</include>
			<include>ScrollOffsetLabel</include>
		</control>
		<control type="label">
			<posx>1800</posx>
			<posy>6</posy>
			<width>1280</width>
			<height>45</height>
			<align>right</align>
			<label>$INFO[System.DVDLabel]</label>
			<animation effect="slide" start="0,0" end="-590" time="1000" condition="System.HasMediaDVD">conditional</animation>
		</control>
		<control type="image">
			<posx>1380</posx>
			<posy>0</posy>
			<width>45</width>
			<height>45</height>
			<aspectratio>keep</aspectratio>
			<texture>Gamedisc_small.png</texture>
			<animation effect="slide" start="0,0" end="-160,0" time="1000" condition="WindowOpen">conditional</animation>
			<animation effect="slide" start="0,0" end="-160,0" time="1000" condition="System.HasMediaDVD">conditional</animation>
			<animation effect="rotate" start="0" end="-360" center="auto" time="1000" loop="true" condition="System.HasMediaDVD">conditional</animation>
		</control>
		<!-- Background Select -->
		<control type="grouplist" id="9998">
			<posx>260</posx>
			<posy>0</posy>
			<width>1280</width>
			<height>570</height>
			<itemgap>0</itemgap>
			<onleft>
			</onleft>
			<onright>
			</onright>
			<onup>9999</onup>
			<ondown>50</ondown>
			<animation effect="slide" reversable="true" start="0,-60" end="0,0" time="200" condition="Control.HasFocus(117)">Confitional</animation>
			<animation effect="slide" reversable="true" start="0,0" end="0,-60" time="200" condition="!Control.HasFocus(117)">Confitional</animation>
			<control type="wraplist" id="117">
				<posx>0</posx>
				<posy>0</posy>
				<width>770</width>
				<height>45</height>
				<onleft>117</onleft>
				<onright>117</onright>
				<onup>118</onup>
				<ondown>50</ondown>
				<focusposition>3</focusposition>
				<orientation>horizontal</orientation>
				<itemlayout height="45" width="110">
					<control type="image">
						<posx>0</posx>
						<posy>0</posy>
						<width>110</width>
						<height>45</height>
						<texture border="5">ListNF.png</texture>
					</control>
					<control type="image">
						<posx>5</posx>
						<posy>5</posy>
						<width>100</width>
						<height>35</height>
						<texture>$INFO[Listitem.ActualIcon]</texture>
						<bordertexture>black-back.png</bordertexture>
						<bordersize>1</bordersize>
						<aspectratio>scale</aspectratio>
					</control>
				</itemlayout>
				<focusedlayout height="45" width="110">
					<control type="image">
						<posx>0</posx>
						<posy>0</posy>
						<width>110</width>
						<height>45</height>
						<texture border="5">ListNF.png</texture>
						<visible>!Control.HasFocus(117)</visible>
					</control>
					<control type="image">
						<posx>0</posx>
						<posy>0</posy>
						<width>110</width>
						<height>45</height>
						<texture border="5">ThumbFO.png</texture>
						<visible>Control.HasFocus(117)</visible>
					</control>
					<control type="image">
						<posx>5</posx>
						<posy>5</posy>
						<width>100</width>
						<height>35</height>
						<texture>$INFO[Listitem.ActualIcon]</texture>
						<bordertexture>black-back.png</bordertexture>
						<bordersize>1</bordersize>
						<aspectratio>scale</aspectratio>
					</control>
				</focusedlayout>
				<content>
					<item id="0">
						<label>-</label>
						<onclick>Skin.SetString(Background_Color,special://skin/media/backgrounds/1.png)</onclick>
						<onclick>Skin.Reset(Background_Image)</onclick>
						<onclick>Skin.Reset(Background_Custom_Color)</onclick>
						<icon>special://skin/media/backgrounds/1.png</icon>
					</item>
					<item id="1">
						<label>-</label>
						<onclick>Skin.SetString(Background_Color,special://skin/media/backgrounds/2.png)</onclick>
						<onclick>Skin.Reset(Background_Image)</onclick>
						<onclick>Skin.Reset(Background_Custom_Color)</onclick>
						<icon>special://skin/media/backgrounds/2.png</icon>
					</item>
					<item id="2">
						<label>-</label>
						<onclick>Skin.Reset(Background_Color)</onclick>
						<onclick>Skin.Reset(Background_Custom_Color)</onclick>
						<onclick>Skin.Reset(Background_Image)</onclick>
						<icon>reset.png</icon>
					</item>
					<item id="3">
						<label>-</label>
						<onclick>Skin.SetImage(Background_Image)</onclick>
						<onclick>Skin.Reset(Background_Color)</onclick>
						<onclick>Skin.Reset(Background_Custom_Color)</onclick>
						<icon>$INFO[Skin.String(Background_Image)]</icon>
						<visible>IsEmpty.($INFO[Skin.String(Background_Image)])</visible>
					</item>
					<item id="3">
						<label>-</label>
						<onclick>Skin.SetImage(Background_Image)</onclick>
						<onclick>Skin.Reset(Background_Color)</onclick>
						<onclick>Skin.Reset(Background_Custom_Color)</onclick>
						<icon>hdd.png</icon>
						<visible>!IsEmpty.($INFO[Skin.String(Background_Image)])</visible>
					</item>
					<item id="4">
						<label>-</label>
						<onclick>Skin.SetString(Background_Custom_Color)</onclick>
						<onclick>Skin.Reset(Background_Color)</onclick>
						<onclick>Skin.Reset(Background_Image)</onclick>
						<icon>custom_color.png</icon>
					</item>
					<item id="5">
						<label>-</label>
						<onclick>Skin.SetString(Background_Color,special://skin/media/backgrounds/3.png)</onclick>
						<onclick>Skin.Reset(Background_Image)</onclick>
						<onclick>Skin.Reset(Background_Custom_Color)</onclick>
						<icon>special://skin/media/backgrounds/3.png</icon>
					</item>
					<item id="6">
						<label>-</label>
						<onclick>Skin.SetString(Background_Color,special://skin/media/backgrounds/4.png)</onclick>
						<onclick>Skin.Reset(Background_Image)</onclick>
						<onclick>Skin.Reset(Background_Custom_Color)</onclick>
						<icon>special://skin/media/backgrounds/4.png</icon>
					</item>
					<item id="7">
						<label>-</label>
						<onclick>Skin.SetString(Background_Color,special://skin/media/backgrounds/5.png)</onclick>
						<onclick>Skin.Reset(Background_Image)</onclick>
						<onclick>Skin.Reset(Background_Custom_Color)</onclick>
						<icon>special://skin/media/backgrounds/5.png</icon>
					</item>
					<item id="8">
						<label>-</label>
						<onclick>Skin.SetString(Background_Color,special://skin/media/backgrounds/6.png)</onclick>
						<onclick>Skin.Reset(Background_Image)</onclick>
						<onclick>Skin.Reset(Background_Custom_Color)</onclick>
						<icon>special://skin/media/backgrounds/6.png</icon>
					</item>
					<item id="9">
						<label>-</label>
						<onclick>Skin.SetString(Background_Color,special://skin/media/backgrounds/7.png)</onclick>
						<onclick>Skin.Reset(Background_Image)</onclick>
						<onclick>Skin.Reset(Background_Custom_Color)</onclick>
						<icon>special://skin/media/backgrounds/7.png</icon>
					</item>
					<item id="10">
						<label>-</label>
						<onclick>Skin.SetString(Background_Color,special://skin/media/backgrounds/8.png)</onclick>
						<onclick>Skin.Reset(Background_Image)</onclick>
						<onclick>Skin.Reset(Background_Custom_Color)</onclick>
						<icon>special://skin/media/backgrounds/8.png</icon>
					</item>
					<item id="11">
						<label>-</label>
						<onclick>Skin.SetString(Background_Color,special://skin/media/backgrounds/9.png)</onclick>
						<onclick>Skin.Reset(Background_Image)</onclick>
						<onclick>Skin.Reset(Background_Custom_Color)</onclick>
						<icon>special://skin/media/backgrounds/9.png</icon>
					</item>
					<item id="12">
						<label>-</label>
						<onclick>Skin.SetString(Background_Color,special://skin/media/backgrounds/10.png)</onclick>
						<onclick>Skin.Reset(Background_Image)</onclick>
						<onclick>Skin.Reset(Background_Custom_Color)</onclick>
						<icon>special://skin/media/backgrounds/10.png</icon>
					</item>
					<item id="13">
						<label>-</label>
						<onclick>Skin.SetString(Background_Color,special://skin/media/backgrounds/11.png)</onclick>
						<onclick>Skin.Reset(Background_Image)</onclick>
						<onclick>Skin.Reset(Background_Custom_Color)</onclick>
						<icon>special://skin/media/backgrounds/11.png</icon>
					</item>
					<item id="14">
						<label>-</label>
						<onclick>Skin.SetString(Background_Color,special://skin/media/backgrounds/12.png)</onclick>
						<onclick>Skin.Reset(Background_Image)</onclick>
						<onclick>Skin.Reset(Background_Custom_Color)</onclick>
						<icon>special://skin/media/backgrounds/12.png</icon>
					</item>
					<item id="15">
						<label>-</label>
						<onclick>Skin.SetString(Background_Color,special://skin/media/backgrounds/13.png)</onclick>
						<onclick>Skin.Reset(Background_Image)</onclick>
						<onclick>Skin.Reset(Background_Custom_Color)</onclick>
						<icon>special://skin/media/backgrounds/13.png</icon>
					</item>
					<item id="16">
						<label>-</label>
						<onclick>Skin.SetString(Background_Color,special://skin/media/backgrounds/14.png)</onclick>
						<onclick>Skin.Reset(Background_Image)</onclick>
						<onclick>Skin.Reset(Background_Custom_Color)</onclick>
						<icon>special://skin/media/backgrounds/14.png</icon>
					</item>
					<item id="17">
						<label>-</label>
						<onclick>Skin.SetString(Background_Color,special://skin/media/backgrounds/15.png)</onclick>
						<onclick>Skin.Reset(Background_Image)</onclick>
						<onclick>Skin.Reset(Background_Custom_Color)</onclick>
						<icon>special://skin/media/backgrounds/15.png</icon>
					</item>
				</content>
			</control>
		</control>
		<control type="grouplist" id="9999">
			<posx>260</posx>
			<posy>0</posy>
			<width>1280</width>
			<height>570</height>
			<itemgap>0</itemgap>
			<onleft>
			</onleft>
			<onright>
			</onright>
			<onup>50</onup>
			<ondown>9998</ondown>
			<animation effect="slide" reversable="true" start="0,-60" end="0,0" time="200" condition="Control.HasFocus(118)">Confitional</animation>
			<animation effect="slide" reversable="true" start="0,0" end="0,-60" time="200" condition="!Control.HasFocus(118)">Confitional</animation>
			<control type="wraplist" id="118">
				<posx>0</posx>
				<posy>0</posy>
				<width>770</width>
				<height>45</height>
				<onleft>118</onleft>
				<onright>118</onright>
				<onup>50</onup>
				<ondown>117</ondown>
				<focusposition>3</focusposition>
				<orientation>horizontal</orientation>
				<itemlayout height="45" width="110">
					<!-- <control type="image">
							<posx>0</posx>
							<posy>0</posy>
							<width>110</width>
							<height>45</height>
							<texture border="5">ListNF.png</texture>
							<visible>IsEmpty(Listitem.ActualIcon)</visible>
					</control> -->
					<control type="image">
						<posx>5</posx>
						<posy>5</posy>
						<width>100</width>
						<height>35</height>
						<texture>$INFO[Listitem.ActualIcon]</texture>
						<bordertexture>black-back.png</bordertexture>
						<bordersize>1</bordersize>
						<aspectratio>scale</aspectratio>
					</control>
				</itemlayout>
				<focusedlayout height="45" width="110">
					<control type="image">
						<posx>0</posx>
						<posy>0</posy>
						<width>110</width>
						<height>45</height>
						<texture border="5">ListNF.png</texture>
						<visible>!Control.HasFocus(118)</visible>
					</control>
					<control type="image">
						<posx>0</posx>
						<posy>0</posy>
						<width>110</width>
						<height>45</height>
						<texture border="5">ThumbFO.png</texture>
						<visible>Control.HasFocus(118)</visible>
					</control>
					<control type="image">
						<posx>5</posx>
						<posy>5</posy>
						<width>100</width>
						<height>35</height>
						<texture>$INFO[Listitem.ActualIcon]</texture>
						<bordertexture>black-back.png</bordertexture>
						<bordersize>1</bordersize>
						<aspectratio>scale</aspectratio>
					</control>
				</focusedlayout>
				<content>
					<item id="0">
						<label>-</label>
						<onclick>-</onclick>
						<icon>-</icon>
					</item>
					<item id="1">
						<label>-</label>
						<onclick>-</onclick>
						<icon>-</icon>
					</item>
					<item id="2">
						<label>-</label>
						<onclick>-</onclick>
						<icon>-</icon>
					</item>
					<item id="3">
						<label>-</label>
						<onclick>Container.NextViewMode</onclick>
						<icon>views.png</icon>
					</item>
					<item id="4">
						<label>-</label>
						<onclick>Skin.ToggleSetting(_recourcesenabled)</onclick>
						<icon>_recources_enabled.png</icon>
						<visible>Skin.HasSetting(_recourcesenabled)</visible>
					</item>
					<item id="4">
						<label>-</label>
						<onclick>Skin.ToggleSetting(_recourcesenabled)</onclick>
						<icon>_recources_disabled.png</icon>
						<visible>!Skin.HasSetting(_recourcesenabled)</visible>
					</item>
					<item id="5">
						<label>-</label>
						<onclick>Skin.ToggleSetting(fanartenabled)</onclick>
						<icon>fanart_disabled.png</icon>
						<visible>!Skin.HasSetting(fanartenabled) + !Skin.HasSetting(fadefanart)</visible>
					</item>
					<item id="5">
						<label>-</label>
						<onclick>Skin.ToggleSetting(fadefanart)</onclick>
						<icon>fanart_faded.png</icon>
						<visible>Skin.HasSetting(fanartenabled) + !Skin.HasSetting(fadefanart)</visible>
					</item>
					<item id="5">
						<label>-</label>
						<onclick>Skin.Reset(fanartenabled)</onclick>
						<onclick>Skin.Reset(fadefanart)</onclick>
						<icon>fanart.png</icon>
						<visible>Skin.HasSetting(fadefanart) + Skin.HasSetting(fanartenabled)</visible>
					</item>
					<item id="6">
						<label>-</label>
						<onclick>Skin.ToggleSetting(fanartoverlayenabled)</onclick>
						<icon>fanart_overlay_disabled.png</icon>
						<visible>Skin.HasSetting(fanartoverlayenabled)</visible>
					</item>
					<item id="7">
						<label>-</label>
						<onclick>Skin.ToggleSetting(fanartoverlayenabled)</onclick>
						<icon>fanart_overlay_enabled.png</icon>
						<visible>!Skin.HasSetting(fanartoverlayenabled)</visible>
					</item>
					<item id="8">
						<label>-</label>
						<onclick>-</onclick>
						<icon>-</icon>
					</item>
				</content>
			</control>
		</control>
		<control type="image">
			<posx>20</posx>
			<posy>5</posy>
			<width>40</width>
			<height>35</height>
			<aspectratio>keep</aspectratio>
			<texture>icon_addons.png</texture>
		</control>
		<control type="label">
			<description>Header label</description>
			<posx>70</posx>
			<posy>5</posy>
			<width>700</width>
			<height>35</height>
			<align>left</align>
			<aligny>center</aligny>
			<font>font13</font>
			<textcolor>white</textcolor>
			<label>Games</label>
			<visible>!Window.IsVisible(134)</visible>
		</control>
		<control type="label">
			<description>Header label</description>
			<posx>70</posx>
			<posy>5</posy>
			<width>700</width>
			<height>35</height>
			<align>left</align>
			<aligny>center</aligny>
			<font>font13</font>
			<textcolor>white</textcolor>
			<label>Favourites</label>
			<visible>Window.IsVisible(134)</visible>
		</control>
		<!-- Debug Info -->
		<include>Debug</include>
	</controls>
</window>