<window id="11">
	<defaultcontrol>8</defaultcontrol>
	<controls>
		<control type="videowindow" id="20">
			<description>videowindow</description>
			<posx>0</posx>
			<posy>0</posy>
			<width>1280</width>
			<height>720</height>
		</control>
		<control type="mover" id="8">
			<description>top left mover</description>
			<posx>0</posx>
			<posy>0</posy>
			<texturefocus>calibrate-topleft-focus.png</texturefocus>
			<texturenofocus>calibrate-topleft.png</texturenofocus>
		</control>
		<control type="mover" id="9">
			<description>right bottom mover</description>
			<posx>700</posx>
			<posy>500</posy>
			<texturefocus>calibrate-bottomright-focus.png</texturefocus>
			<texturenofocus>calibrate-bottomright.png</texturenofocus>
		</control>
		<control type="mover" id="10">
			<description>subtitle position mover</description>
			<posx>200</posx>
			<posy>500</posy>
			<texturefocus>calibrate-subtitles-focus.png</texturefocus>
			<texturenofocus>calibrate-subtitles.png</texturenofocus>
		</control>
		<control type="resize" id="11">
			<description>pixel aspect ratio box</description>
			<posx>0</posx>
			<posy>270</posy>
			<width>288</width>
			<height>288</height>
			<texturefocus>calibrate-pixelratio-focus.png</texturefocus>
			<texturenofocus>calibrate-pixelratio.png</texturenofocus>
		</control>
		<control type="group">
			<posx>240</posx>
			<posy>60</posy>
			<control type="image" id="1">
				<description>rectangle image</description>
				<posx>0</posx>
				<posy>0</posy>
				<width>800</width>
				<height>80</height>
				<colordiffuse>AAFFFFFF</colordiffuse>
				<texture border="6">dialog_background.png</texture>
			</control>
			<control type="image" id="1">
				<description>rectangle image</description>
				<posx>5</posx>
				<posy>5</posy>
				<width>790</width>
				<height>70</height>
				<colordiffuse>BBFFFFFF</colordiffuse>
				<texture>menu_back.png</texture>
				<aspectratio>scale</aspectratio>
			</control>
			<control type="label" id="2">
				<description>coordinates label</description>
				<posx>20</posx>
				<posy>10</posy>
				<width>750</width>
				<label>-</label>
				<align>center</align>
				<font>font13</font>
			</control>
			<control type="label" id="3">
				<description>help information</description>
				<posx>20</posx>
				<posy>40</posy>
				<width>750</width>
				<label>-</label>
				<align>center</align>
				<font>font13</font>
			</control>
		</control>
		<!-- Debug Info -->
		<include>Debug</include>
	</controls>
</window>