<window id="34">
	<defaultcontrol always="true">2</defaultcontrol>
	<allowoverlay>no</allowoverlay>
	<controls>
		<include>CommonBackground</include>
		<control type="image">
			<posx>0</posx>
			<posy>445</posy>
			<width>1280</width>
			<height>285</height>
			<texture>black-back.png</texture>
		</control>
		<control type="image">
			<posx>0</posx>
			<posy>445</posy>
			<width>512</width>
			<height>64</height>
			<texture>HorizontalGlow.png</texture>
		</control>
		<control type="image">
			<posx>512r</posx>
			<posy>445</posy>
			<width>512</width>
			<height>64</height>
			<texture>HorizontalGlow.png</texture>
		</control>
		<control type="image">
			<posx>80</posx>
			<posy>470</posy>
			<width>266</width>
			<height>150</height>
			<aspectratio>keep</aspectratio>
			<texture fallback="unknown-user.png">$INFO[Container(2).Listitem.Icon]</texture>
			<bordertexture border="5">white-back.png</bordertexture>
			<bordersize>2</bordersize>
			<fadetime>FanartCrossfadeTime</fadetime>
		</control>
		<control type="label">
			<posx>360</posx>
			<posy>500</posy>
			<width>770</width>
			<height>30</height>
			<font>font18</font>
			<textcolor>white</textcolor>
			<align>left</align>
			<aligny>center</aligny>
			<label>$INFO[Container(2).ListItem.Label,[COLOR=blue]$LOCALIZE[20093] : [/COLOR]]</label>
		</control>
		<control type="label">
			<posx>360</posx>
			<posy>550</posy>
			<width>770</width>
			<height>30</height>
			<font>font18</font>
			<textcolor>white</textcolor>
			<align>left</align>
			<aligny>center</aligny>
			<label>$INFO[Container(2).ListItem.Label2,[COLOR=blue]$LOCALIZE[31047] : [/COLOR]]</label>
		</control>
		<control type="panel" id="2">
			<include>ViewVisibleEffect</include>
			<posx>40</posx>
			<posy>60</posy>
			<width>1200</width>
			<height>370</height>
			<onleft>9000</onleft>
			<onright>60</onright>
			<onup>2</onup>
			<ondown>2</ondown>
			<viewtype label="31301">list</viewtype>
			<pagecontrol>60</pagecontrol>
			<scrolltime>200</scrolltime>
			<preloaditems>2</preloaditems>
			<itemlayout height="185" width="200">
				<control type="image">
					<posx>1</posx>
					<posy>1</posy>
					<width>198</width>
					<height>183</height>
					<texture border="5">ThumbNF.png</texture>
				</control>
				<control type="image">
					<posx>6</posx>
					<posy>6</posy>
					<width>188</width>
					<height>150</height>
					<texture background="true" fallback="unknown-user.png">$INFO[Listitem.Icon]</texture>
					<bordertexture>black-back.png</bordertexture>
					<bordersize>1</bordersize>
				</control>
				<control type="label">
					<posx>100</posx>
					<posy>158</posy>
					<width>188</width>
					<height>25</height>
					<font>font11</font>
					<textcolor>grey2</textcolor>
					<selectedcolor>blue</selectedcolor>
					<align>center</align>
					<aligny>center</aligny>
					<info>ListItem.Label</info>
				</control>
				<control type="image">
					<posx>280</posx>
					<posy>195</posy>
					<width>35</width>
					<height>35</height>
					<aspectratio>keep</aspectratio>
					<texture>$INFO[ListItem.Overlay]</texture>
				</control>
			</itemlayout>
			<focusedlayout height="185" width="200">
				<control type="image">
					<posx>1</posx>
					<posy>1</posy>
					<width>198</width>
					<height>183</height>
					<texture border="5">ThumbFO.png</texture>
				</control>
				<control type="image">
					<posx>6</posx>
					<posy>6</posy>
					<width>188</width>
					<height>150</height>
					<texture background="true" fallback="unknown-user.png">$INFO[Listitem.Icon]</texture>
					<bordertexture>black-back.png</bordertexture>
					<bordersize>1</bordersize>
				</control>
				<control type="label">
					<posx>100</posx>
					<posy>158</posy>
					<width>188</width>
					<height>25</height>
					<font>font11</font>
					<textcolor>black</textcolor>
					<selectedcolor>blue2</selectedcolor>
					<align>center</align>
					<aligny>center</aligny>
					<info>ListItem.Label</info>
				</control>
				<control type="image">
					<posx>280</posx>
					<posy>195</posy>
					<width>35</width>
					<height>35</height>
					<aspectratio>keep</aspectratio>
					<texture>$INFO[ListItem.Overlay]</texture>
				</control>
			</focusedlayout>
		</control>
		<control type="scrollbar" id="60">
			<posx>1245</posx>
			<posy>62</posy>
			<width>17</width>
			<height>365</height>
			<texturesliderbackground border="2,2,2,2">scrollbar_bar_back.png</texturesliderbackground>
			<texturesliderbar border="2,16,2,16">scrollbar_bar.png</texturesliderbar>
			<texturesliderbarfocus border="2,16,2,16">scrollbar_bar_focus.png</texturesliderbarfocus>
			<textureslidernib>scrollbar_nib.png</textureslidernib>
			<textureslidernibfocus>scrollbar_nib.png</textureslidernibfocus>
			<onleft>2</onleft>
			<onright>9000</onright>
			<showonepage>false</showonepage>
			<orientation>vertical</orientation>
			<visible>Control.IsVisible(2)</visible>
		</control>
		<include>CommonNowPlaying_Controls</include>
		<!-- This is ControlGroup(9001) -->
		<include>CommonNowPlaying</include>
		<control type="group">
			<include>CommonOptionsMenuBack</include>
			<control type="group" id="9000">
				<posx>5</posx>
				<posy>30</posy>
				<control type="radiobutton" id="4">
					<description>View As button</description>
					<posx>0</posx>
					<posy>0</posy>
					<include>ButtonCommonValues</include>
					<label>20096</label>
					<onleft>9001</onleft>
					<onright>2</onright>
					<onup>4</onup>
					<ondown>4</ondown>
				</control>
			</control>
		</control>
		<include>WindowHeader</include>
		<control type="image">
			<posx>20</posx>
			<posy>5</posy>
			<width>40</width>
			<height>35</height>
			<aspectratio>keep</aspectratio>
			<texture>icon_system.png</texture>
		</control>
		<control type="label">
			<description>Header label</description>
			<posx>70</posx>
			<posy>5</posy>
			<width>400</width>
			<height>35</height>
			<align>left</align>
			<aligny>center</aligny>
			<font>font13</font>
			<textcolor>white</textcolor>
			<label>$LOCALIZE[10034]</label>
		</control>
		<include>WindowFooter</include>
		<include>BehindDialogFadeOut</include>
		<!-- Debug Info -->
		<include>Debug</include>
	</controls>
</window>