<window id="2999">
	<defaultcontrol always="true">10</defaultcontrol>
	<allowoverlay>no</allowoverlay>
	<controls>
		<include>CommonBackground</include>
		<control type="image">
			<posx>0</posx>
			<posy>0</posy>
			<width>1280</width>
			<height>45</height>
			<texture border="0,0,0,2">Header.png</texture>
		</control>
		<control type="image">
			<posx>20</posx>
			<posy>5</posy>
			<width>40</width>
			<height>35</height>
			<aspectratio>keep</aspectratio>
			<texture>icon_system.png</texture>
		</control>
		<control type="label">
			<description>Header label</description>
			<posx>70</posx>
			<posy>5</posy>
			<width>700</width>
			<height>35</height>
			<align>left</align>
			<aligny>center</aligny>
			<font>font13</font>
			<textcolor>white</textcolor>
			<label>Logging in $INFO[system.profilename]</label>
		</control>
		<!-- Hidden buttons to run scripts & got specific windows -->
		<control type="button" id="10">
			<posx>-5000</posx>
			<description>Trigger</description>
			<onfocus>Special://xbmc/scripts/CheckEditMode.py</onfocus>
			<onfocus>Special://xbmc/scripts/FilezillaFix.py</onfocus>
			<onfocus>Special://xbmc/scripts/Profiles.py</onfocus>
			<onfocus>ActivateWindow(Home)</onfocus>
		</control>
		<!-- Debug Info -->
		<includes>Debug</includes>
	</controls>
</window>