<Skin name="UnleashX Prime">
		<Information>
				<Author>scryed</Author>
				<Version>1</Version>
				<Copyright>2004</Copyright>
				<Skinner Name="UX Architect" Version="1.0c" />
		</Information>
		<IntroMovie>intro.xmv</IntroMovie>
		<LoadingScreen ShowInfo="False">
				<Background>loading.xmv</Background>
		</LoadingScreen>
		<Main Globe="False" Orb="False" Fog="False">
				<Background EnableAudio="False">background.xmv</Background>
				<InfoFont>Square-10.xpr</InfoFont>
				<Text Top="444" Left="157" Width="200" Scroll="0" Color="0xFF000000" Source="DateTime" Align="Right" />
				<Text Top="93" Left="454" Width="158" Scroll="0" Color="0xFFFF8040" Source="NickName" Align="Left" />
				<Text Top="71" Left="502" Width="58" Scroll="0" Color="0xFFFF8040" Source="System" Align="Left" />
				<Text Top="123" Left="455" Width="156" Scroll="0" Color="0xFFFF8040" Source="Version" Align="Left" />
				<Text Top="280" Left="16" Width="96" Scroll="0" Color="0xFF000000" Source="Main Menu" Align="Left" />
				<Text Top="154" Left="454" Width="158" Scroll="0" Color="0xFFFF8040" Source="C_FreeMB" Align="Left" />
				<Text Top="185" Left="454" Width="158" Scroll="0" Color="0xFFFF8040" Source="E_FreeMB" Align="Left" />
				<Text Top="213" Left="455" Width="157" Scroll="0" Color="0xFFFF8040" Source="F_FreeMB" Align="Left" />
				<Text Top="241" Left="455" Width="157" Scroll="0" Color="0xFFFF8040" Source="G_FreeMB" Align="Left" />
				<Text Top="270" Left="511" Width="49" Scroll="0" Color="0xFFFF8040" Source="Media" Align="Left" />
				<Text Top="297" Left="455" Width="156" Scroll="0" Color="0xFFFF8040" Source="DVDType" Align="Left" />
				<Text Top="325" Left="456" Width="155" Scroll="0" Color="0xFFFF8040" Source="DVDTitle" Align="Left" />
				<Text Top="353" Left="500" Width="77" Scroll="0" Color="0xFFFF8040" Source="Network" Align="Left" />
				<Text Top="375" Left="457" Width="155" Scroll="0" Color="0xFFFF8040" Source="IP" Align="Left" />
				<Text Top="16" Left="13" Width="70" Scroll="0" Color="0xFF000000" Source="Visual" Align="Left" />
				<Image Top="49" Left="432" Width="201" Height="371" Opacity="100">info.png</Image>
				<Image Top="271" Left="8" Width="357" Height="205" Opacity="100">menu.png</Image>
				<Image Top="9" Left="6" Width="207" Height="172" Opacity="100">video.png</Image>
				<Image Top="49" Left="27" Width="168" Height="83" Source="GameIcon" />
				<Image Source="GamePreview" />
				<Menu Scroll="True" Align="Left" ShowIcon="False" ShowArrows="False">
						<Preview EnableAudio="True" Top="47" Left="25" Width="170" Height="85" />
						<Position Top="313" Left="37" Width="306" Height="112" Fixed="True" FixAt="2" MaxItem="4" />
						<Font>Square-10.xpr</Font>
				</Menu>
				<ColorScheme>
						<AMBIENT_FOGCOLOR>0xFF8080FF</AMBIENT_FOGCOLOR>
						<AMBIENT_SKYCOLOR>0xFF000000</AMBIENT_SKYCOLOR>
						<AMBIENT_CELLCOLOR>0xFF0080FF</AMBIENT_CELLCOLOR>
						<CAPTION_TEXTCOLOR>0xFFFFFFFF</CAPTION_TEXTCOLOR>
						<CAPTION_BACKCOLOR>0xFFFF8040</CAPTION_BACKCOLOR>
						<DIALOG_BORDERCOLOR>0xFFFF8000</DIALOG_BORDERCOLOR>
						<DIALOG_BACKCOLOR>0x3F000000</DIALOG_BACKCOLOR>
						<DIALOG_INNER_BORDERCOLOR>0xFFFF8040</DIALOG_INNER_BORDERCOLOR>
						<DIALOG_INNER_BACKCOLOR>0xFF000000</DIALOG_INNER_BACKCOLOR>
						<DIALOG_TEXTCOLOR>0xFFFFFFFF</DIALOG_TEXTCOLOR>
						<DIALOG_DISABLEDTEXT>0xFFB3B3B4</DIALOG_DISABLEDTEXT>
						<OPTION_TEXTCOLOR>0xFFFFFFFF</OPTION_TEXTCOLOR>
						<OPTION_ACTIVETEXTCOLOR>0xFFFFFFFF</OPTION_ACTIVETEXTCOLOR>
						<OPTION_ACTIVEBACKCOLOR>0xFFFF8040</OPTION_ACTIVEBACKCOLOR>
						<BUTTON_BORDERCOLOR>0xFFFFFFFF</BUTTON_BORDERCOLOR>
						<BUTTON_TEXTCOLOR>0xFFFFFFFF</BUTTON_TEXTCOLOR>
						<BUTTON_BACKCOLOR>0x4F000000</BUTTON_BACKCOLOR>
						<BUTTON_ACTIVETEXTCOLOR>0xFFFFFFFF</BUTTON_ACTIVETEXTCOLOR>
						<BUTTON_ACTIVEBACKCOLOR>0x8EFF8040</BUTTON_ACTIVEBACKCOLOR>
						<KB_KEYBG_HIGHLIGHT>0xFFFF8040</KB_KEYBG_HIGHLIGHT>
						<KB_KEYBG_DISABLED>0xFFC0C0C0</KB_KEYBG_DISABLED>
						<KB_KEY_PRESSED>0xFF008000</KB_KEY_PRESSED>
						<KB_KEY_NORMAL>0xFF000000</KB_KEY_NORMAL>
						<KB_KEY_DISABLED>0xFFFFFFFF</KB_KEY_DISABLED>
						<KB_KEY_ACTIVEBORDER>0xFF808080</KB_KEY_ACTIVEBORDER>
						<KB_KEY_TEXTCOLOR>0xFF000000</KB_KEY_TEXTCOLOR>
						<KB_KEY_TEXTBACKCOLOR>0xFFFFFFFF</KB_KEY_TEXTBACKCOLOR>
						<KB_KEY_TEXTBORDERCOLOR>0xFFFF8040</KB_KEY_TEXTBORDERCOLOR>
						<MENU_TEXTCOLOR>0xFFFF8040</MENU_TEXTCOLOR>
						<MENU_ACTIVETEXTCOLOR>0xFFFFFFFF</MENU_ACTIVETEXTCOLOR>
						<MENU_BORDERCOLOR>0xFFFF8040</MENU_BORDERCOLOR>
						<MENU_BACKCOLOR>0xFF000000</MENU_BACKCOLOR>
						<MENU_ACTIVEBACKCOLOR>0xFF000000</MENU_ACTIVEBACKCOLOR>
						<MENU_ACTIVEBORDERCOLOR>0xFFFF8040</MENU_ACTIVEBORDERCOLOR>
				</ColorScheme>
		</Main>
</Skin>