<Skin name="simpsons">
		<Information>
				<Author>Ralph X</Author>
				<Version>1</Version>
				<Copyright>2009</Copyright>
				<Skinner Name="UX Architect" Version="1.0c" />
		</Information>
		<Main Globe="False" Orb="False" Fog="False">
				<Background EnableAudio="False">simpsons.PNG</Background>
				<InfoFont>Square-10.xpr</InfoFont>
				<Text Top="44" Left="212" Width="200" Scroll="0" Color="0xFFFFFFFF" Source="E_Free" Align="Left" />
				<Text Top="41" Left="418" Width="200" Scroll="0" Color="0xFFFFFFFF" Source="Newsfeed" Align="Left" />
				<Text Top="15" Left="417" Width="200" Scroll="0" Color="0xFFFFFFFF" Source="IP" Align="Left" />
				<Text Top="21" Left="44" Width="200" Scroll="0" Color="0xFFFFFFFF" Source="DateTime" Align="Left" />
				<Text Top="98" Left="211" Width="200" Scroll="0" Color="0xFFFFFFFF" Source="G_Free" Align="Left" />
				<Text Top="70" Left="213" Width="200" Scroll="0" Color="0xFFFFFFFF" Source="F_Free" Align="Left" />
				<Text Top="109" Left="49" Width="200" Scroll="0" Color="0xFFFFFFFF" Source="DVDTitle" Align="Left" />
				<Menu Align="Left" ShowIcon="False" ShowArrows="False">
						<ItemPos Top="247" Left="105" Width="200">
						</ItemPos>
						<ItemPos Top="287" Left="125" Width="200">
						</ItemPos>
						<ItemPos Top="327" Left="145" Width="200">
						</ItemPos>
						<ItemPos Top="367" Left="125" Width="200">
						</ItemPos>
						<ItemPos Top="407" Left="105" Width="200">
						</ItemPos>
						<Font>Square-12.xpr</Font>
				</Menu>
				<ColorScheme>
						<AMBIENT_FOGCOLOR>0xFF0080FF</AMBIENT_FOGCOLOR>
						<AMBIENT_SKYCOLOR>0xFF0000A0</AMBIENT_SKYCOLOR>
						<AMBIENT_CELLCOLOR>0xFFFFFFFF</AMBIENT_CELLCOLOR>
						<CAPTION_TEXTCOLOR>0xFFFFFFFF</CAPTION_TEXTCOLOR>
						<CAPTION_BACKCOLOR>0xFF000000</CAPTION_BACKCOLOR>
						<DIALOG_BORDERCOLOR>0xFFFFFFFF</DIALOG_BORDERCOLOR>
						<DIALOG_BACKCOLOR>0xD10080FF</DIALOG_BACKCOLOR>
						<DIALOG_INNER_BORDERCOLOR>0xFFFFFFFF</DIALOG_INNER_BORDERCOLOR>
						<DIALOG_INNER_BACKCOLOR>0xFF000000</DIALOG_INNER_BACKCOLOR>
						<DIALOG_TEXTCOLOR>0xFFFFFFFF</DIALOG_TEXTCOLOR>
						<DIALOG_DISABLEDTEXT>0xFFB3B3B4</DIALOG_DISABLEDTEXT>
						<OPTION_TEXTCOLOR>0xFFFFFFFF</OPTION_TEXTCOLOR>
						<OPTION_ACTIVETEXTCOLOR>0xFFFFFFFF</OPTION_ACTIVETEXTCOLOR>
						<OPTION_ACTIVEBACKCOLOR>0xFF0080FF</OPTION_ACTIVEBACKCOLOR>
						<BUTTON_BORDERCOLOR>0xFFFFFFFF</BUTTON_BORDERCOLOR>
						<BUTTON_TEXTCOLOR>0xFFFFFFFF</BUTTON_TEXTCOLOR>
						<BUTTON_BACKCOLOR>0xFF0080FF</BUTTON_BACKCOLOR>
						<BUTTON_ACTIVETEXTCOLOR>0xFF000000</BUTTON_ACTIVETEXTCOLOR>
						<BUTTON_ACTIVEBACKCOLOR>0xFFC0C0C0</BUTTON_ACTIVEBACKCOLOR>
						<KB_KEYBG_HIGHLIGHT>0xFF0080FF</KB_KEYBG_HIGHLIGHT>
						<KB_KEYBG_DISABLED>0xFFC0C0C0</KB_KEYBG_DISABLED>
						<KB_KEY_PRESSED>0xFF008000</KB_KEY_PRESSED>
						<KB_KEY_NORMAL>0xFF000000</KB_KEY_NORMAL>
						<KB_KEY_DISABLED>0xFFFFFFFF</KB_KEY_DISABLED>
						<KB_KEY_ACTIVEBORDER>0xFF808080</KB_KEY_ACTIVEBORDER>
						<KB_KEY_TEXTCOLOR>0xFF000000</KB_KEY_TEXTCOLOR>
						<KB_KEY_TEXTBACKCOLOR>0xFFFFFFFF</KB_KEY_TEXTBACKCOLOR>
						<KB_KEY_TEXTBORDERCOLOR>0xFF8080FF</KB_KEY_TEXTBORDERCOLOR>
						<MENU_TEXTCOLOR>0xFFFFFFFF</MENU_TEXTCOLOR>
						<MENU_ACTIVETEXTCOLOR>0xFFFFFFFF</MENU_ACTIVETEXTCOLOR>
						<MENU_BORDERCOLOR>0xFFFFFFFF</MENU_BORDERCOLOR>
						<MENU_BACKCOLOR>0xFF000000</MENU_BACKCOLOR>
						<MENU_ACTIVEBACKCOLOR>0xFF0080FF</MENU_ACTIVEBACKCOLOR>
						<MENU_ACTIVEBORDERCOLOR>0xFFFFFFFF</MENU_ACTIVEBORDERCOLOR>
				</ColorScheme>
		</Main>
</Skin>