<window id="0">
	<defaultcontrol always="true">1</defaultcontrol>
	<allowoverlay>no</allowoverlay>
	<controls>
		<include>CommonBackground</include>
		<control type="group">
			<include>Window_OpenClose_Animation</include>
			<control type="panel" id="1">
				<posx>382</posx>
				<posy>270</posy>
				<width>1279</width>
				<height>720</height>
				<onleft>50</onleft>
				<onright>50</onright>
				<onup>50</onup>
				<ondown>50</ondown>
				<viewtype>list</viewtype>
				<pagecontrol>61</pagecontrol>
				<scrolltime>200</scrolltime>
				<focusposition>3</focusposition>
				<orientation>-</orientation>
				<animation effect="slide" end="128" time="0" condition="!Skin.HasSetting(editmode)">conditional</animation>
				<itemlayout height="130" width="256">
					<control type="image">
						<posx>2</posx>
						<posy>2</posy>
						<width>252</width>
						<height>126</height>
						<texture>ThumbNF.png</texture>
						<aspectratio>scale</aspectratio>
					</control>
					<control type="image">
						<posx>7</posx>
						<posy>7</posy>
						<width>242</width>
						<height>90</height>
						<texture>$INFO[Listitem.Icon]</texture>
						<bordertexture border="5">black-back.png</bordertexture>
						<bordersize>1</bordersize>
						<aspectratio>scale</aspectratio>
					</control>
					<control type="label">
						<posx>10</posx>
						<posy>100</posy>
						<width>236</width>
						<height>20</height>
						<font>font12</font>
						<textcolor>white</textcolor>
						<selectedcolor>blue</selectedcolor>
						<align>left</align>
						<aligny>center</aligny>
						<label>$INFO[ListItem.Label]</label>
					</control>
				</itemlayout>
				<focusedlayout height="256" width="190">
					<control type="image">
						<posx>2</posx>
						<posy>2</posy>
						<width>252</width>
						<height>126</height>
						<texture>ThumbFO.png</texture>
						<aspectratio>scale</aspectratio>
					</control>
					<control type="image">
						<posx>7</posx>
						<posy>7</posy>
						<width>242</width>
						<height>90</height>
						<texture>$INFO[Listitem.Icon]</texture>
						<bordertexture border="5">black-back.png</bordertexture>
						<bordersize>1</bordersize>
						<aspectratio>scale</aspectratio>
					</control>
					<control type="label">
						<posx>10</posx>
						<posy>100</posy>
						<width>236</width>
						<height>20</height>
						<font>font12</font>
						<textcolor>black</textcolor>
						<selectedcolor>blue2</selectedcolor>
						<align>left</align>
						<aligny>center</aligny>
						<label>$INFO[ListItem.Label]</label>
					</control>
				</focusedlayout>
				<content>
					<item>
						<label>Logout</label>
						<onclick>system.logoff</onclick>
						<onclick>dialog.close(all,true)</onclick>
						<icon>unknown-user.png</icon>
						<visible>!Skin.HasSetting(editmode)</visible>
					</item>
					<item>
						<label>Manage Profiles</label>
						<onclick>ActivateWindow(Profiles)</onclick>
						<icon>unknown-user.png</icon>
						<visible>Skin.HasSetting(editmode)</visible>
					</item>
					<item>
						<label>Settings</label>
						<onclick>ActivateWindow(Settings)</onclick>
						<icon>defaultharddisk.png</icon>
						<visible>Skin.HasSetting(editmode)</visible>
					</item>
				</content>
			</control>
		</control>
		<control type="group" id="2">
			<posx>290</posx>
			<posy>210</posy>
			<visible allowhiddenfocus="true">ControlGroup(2).HasFocus()</visible>
			<include>VisibleFadeEffect</include>
			<control type="image">
				<description>background image</description>
				<posx>0</posx>
				<posy>0</posy>
				<width>700</width>
				<height>300</height>
				<texture border="40">DialogBack.png</texture>
			</control>
			<control type="image">
				<description>Heading Background</description>
				<posx>30</posx>
				<posy>34</posy>
				<width>640</width>
				<height>40</height>
				<texture border="5">ThumbFO.png</texture>
			</control>
			<control type="label">
				<description>heading label</description>
				<posx>40</posx>
				<posy>35</posy>
				<width>620</width>
				<height>40</height>
				<align>center</align>
				<aligny>center</aligny>
				<font>font18</font>
				<label>Manually Install Game</label>
				<textcolor>black</textcolor>
			</control>
			<control type="label">
				<description>dialog line 2</description>
				<posx>40</posx>
				<posy>115</posy>
				<width>620</width>
				<height>30</height>
				<align>center</align>
				<aligny>center</aligny>
				<label>Launch DVD2Xbox?</label>
				<font>font12</font>
			</control>
			<control type="button" id="11">
				<description>Yes button</description>
				<posx>145</posx>
				<posy>215</posy>
				<width>200</width>
				<height>35</height>
				<label>107</label>
				<textcolor>grey2</textcolor>
				<focusedcolor>white</focusedcolor>
				<align>center</align>
				<texturenofocus border="3">button-nofocus.png</texturenofocus>
				<texturefocus border="3">button-focus2.png</texturefocus>
				<onleft>10</onleft>
				<onright>10</onright>
				<onup>11</onup>
				<ondown>11</ondown>
				<onclick>XBMC.RunXBE(Special://xbmc/Apps/DVD2Xbox/default.xbe)</onclick>
			</control>
			<control type="button" id="10">
				<description>No button</description>
				<posx>355</posx>
				<posy>215</posy>
				<width>200</width>
				<height>35</height>
				<label>106</label>
				<textcolor>grey2</textcolor>
				<focusedcolor>white</focusedcolor>
				<align>center</align>
				<texturenofocus border="3">button-nofocus.png</texturenofocus>
				<texturefocus border="3">button-focus2.png</texturefocus>
				<onleft>11</onleft>
				<onright>11</onright>
				<onup>10</onup>
				<ondown>10</ondown>
				<onclick>Control.SetFocus(1,2)</onclick>
			</control>
		</control>
		<include>WindowHeader</include>
		<include>WindowFooter</include>
		<control type="image">
			<posx>20</posx>
			<posy>5</posy>
			<width>40</width>
			<height>35</height>
			<aspectratio>keep</aspectratio>
			<texture>icon_system.png</texture>
		</control>
		<control type="label">
			<description>Header label</description>
			<posx>70</posx>
			<posy>5</posy>
			<width>700</width>
			<height>35</height>
			<align>left</align>
			<aligny>center</aligny>
			<font>font13</font>
			<textcolor>white</textcolor>
			<label>$INFO[system.profilename] Profile</label>
		</control>
		<!-- Debug Info -->
		<includes>Debug</includes>
	</controls>
</window>