<window id="34">
		<defaultcontrol always="true">2</defaultcontrol>
		<allowoverlay>no</allowoverlay>
		<controls>
				<include>CommonBackground</include>
				<control type="group">
						<include>ViewVisibleEffect</include>
						<control type="group">
								<posx>55</posx>
								<posy>55</posy>
								<control type="image">
										<posx>0</posx>
										<posy>0</posy>
										<width>1170</width>
										<height>620</height>
										<texture>black-back.png</texture>
								</control>
								<control type="image">
										<posx>580</posx>
										<posy>0</posy>
										<width>10</width>
										<height>620</height>
										<aspectratio>scale</aspectratio>
										<texture border="2,2,2,2">scrollbar_bar_back.png</texture>
								</control>
								<control type="group">
										<control type="radiobutton" id="9001">
												<description>Default Button</description>
												<posx>595</posx>
												<posy>370</posy>
												<width>570</width>
												<height>70</height>
												<onleft>2</onleft>
												<ondown>9002</ondown>
												<font>font12</font>
												<label>  $LOCALIZE[32026]</label>
												<textcolor>white</textcolor>
												<focusedcolor>black</focusedcolor>
												<texturefocus border="5">thumbfO.png</texturefocus>
												<texturenofocus border="5">list_seperator_alt.png</texturenofocus>
												<onclick>Skin.ToggleSetting(UseProfiles)</onclick>
												<selected>Skin.HasSetting(UseProfiles)</selected>
										</control>
										<control type="textbox">
												<posx>595</posx>
												<posy>455</posy>
												<width>570</width>
												<height>70</height>
												<font>font11</font>
												<textcolor>grey2</textcolor>
												<scroll>true</scroll>
												<align>center</align>
												<label>$LOCALIZE[32027]</label>
										</control>
										<control type="button" id="9002">
												<description>Default Button</description>
												<posx>595</posx>
												<posy>515</posy>
												<width>570</width>
												<height>70</height>
												<onleft>2</onleft>
												<onup>9001</onup>
												<font>font12</font>
												<label>  $LOCALIZE[32077]</label>
												<textcolor>white</textcolor>
												<focusedcolor>black</focusedcolor>
												<texturefocus border="5">thumbfO.png</texturefocus>
												<texturenofocus border="5">list_seperator_alt.png</texturenofocus>
												<onclick>ActivateWindow(1115)</onclick>
										</control>
								</control>
								<control type="image">
										<posx>710</posx>
										<posy>20</posy>
										<width>340</width>
										<height>340</height>
										<texture>black-back.png</texture>
										<aspectratio>stretch</aspectratio>
								</control>
								<control type="image">
										<posx>720</posx>
										<posy>30</posy>
										<width>320</width>
										<height>320</height>
										<aspectratio>stretch</aspectratio>
										<fadetime>FanartCrossfadeTime</fadetime>
										<texture fallback="unknown-user.png">$INFO[container(2).listitem.icon]</texture>
								</control>
								<control type="panel" id="2">
										<posx>5</posx>
										<posy>5</posy>
										<width>570</width>
										<height>610</height>
										<onleft>60</onleft>
										<onright>9001</onright>
										<onup>2</onup>
										<ondown>2</ondown>
										<viewtype label="535">list</viewtype>
										<pagecontrol>60</pagecontrol>
										<scrolltime>200</scrolltime>
										<preloaditems>3</preloaditems>
										<itemlayout height="90" width="1175">
												<control type="image">
														<posx>0</posx>
														<posy>0</posy>
														<width>1200</width>
														<height>90</height>
														<texture border="5">listnf.png</texture>
												</control>
												<control type="image">
														<posx>10</posx>
														<posy>10</posy>
														<width>70</width>
														<height>70</height>
														<texture background="true" fallback="unknown-user.png">$INFO[listitem.icon]</texture>
														<bordertexture border="5">white-back.png</bordertexture>
														<bordersize>1</bordersize>
												</control>
												<control type="label">
														<posx>90</posx>
														<posy>10</posy>
														<width>1175</width>
														<height>45</height>
														<font>font25</font>
														<textcolor>grey2</textcolor>
														<selectedcolor>blue</selectedcolor>
														<align>left</align>
														<aligny>center</aligny>
														<label>$INFO[ListItem.Label]</label>
												</control>
												<control type="label">
														<posx>90</posx>
														<posy>55</posy>
														<width>1175</width>
														<height>20</height>
														<font>font10</font>
														<textcolor>grey2</textcolor>
														<selectedcolor>blue</selectedcolor>
														<align>left</align>
														<aligny>center</aligny>
														<label>$INFO[ListItem.Label2,[COLOR=blue]$LOCALIZE[31047] : [/COLOR]]</label>
												</control>
										</itemlayout>
										<focusedlayout height="90" width="1175">
												<control type="image">
														<posx>0</posx>
														<posy>0</posy>
														<width>1175</width>
														<height>90</height>
														<texture border="5">thumbfo.png</texture>
												</control>
												<control type="image">
														<posx>10</posx>
														<posy>10</posy>
														<width>70</width>
														<height>70</height>
														<texture background="true" fallback="unknown-user.png">$INFO[listitem.icon]</texture>
														<bordertexture border="5">white-back.png</bordertexture>
														<bordersize>1</bordersize>
												</control>
												<control type="label">
														<posx>90</posx>
														<posy>10</posy>
														<width>1175</width>
														<height>45</height>
														<font>font25</font>
														<textcolor>black</textcolor>
														<selectedcolor>blue</selectedcolor>
														<align>left</align>
														<aligny>center</aligny>
														<label>$INFO[ListItem.Label]</label>
												</control>
												<control type="label">
														<posx>90</posx>
														<posy>55</posy>
														<width>1175</width>
														<height>20</height>
														<font>font10</font>
														<textcolor>black</textcolor>
														<selectedcolor>blue</selectedcolor>
														<align>left</align>
														<aligny>center</aligny>
														<label>$INFO[ListItem.Label2,[COLOR=blue]$LOCALIZE[31047] : [/COLOR]]</label>
												</control>
										</focusedlayout>
								</control>
								<control type="scrollbar" id="60">
										<posx>-10</posx>
										<posy>0</posy>
										<width>10</width>
										<height>620</height>
										<texturesliderbackground border="2,2,2,2">scrollbar_bar_back.png</texturesliderbackground>
										<texturesliderbar border="2,16,2,16">scrollbar_bar.png</texturesliderbar>
										<texturesliderbarfocus border="2,16,2,16">scrollbar_bar_focus.png</texturesliderbarfocus>
										<textureslidernib>scrollbar_nib.png</textureslidernib>
										<textureslidernibfocus>scrollbar_nib.png</textureslidernibfocus>
										<onright>2</onright>
										<showonepage>false</showonepage>
										<orientation>vertical</orientation>
										<visible allowhiddenfocus="true">Control.HasFocus(60)</visible>
										<animation reversible="true" effect="fade" start="0" end="100" delay="" time="300">visible</animation>
										<animation reversible="true" effect="fade" start="100" end="0" delay="" time="300">hidden</animation>
								</control>
						</control>
				</control>
				<include>WindowHeader</include>
				<control type="image">
						<posx>20</posx>
						<posy>5</posy>
						<width>40</width>
						<height>35</height>
						<aspectratio>keep</aspectratio>
						<texture>icon_system.png</texture>
				</control>
				<control type="label">
						<description>Header label</description>
						<posx>70</posx>
						<posy>5</posy>
						<width>400</width>
						<height>35</height>
						<align>left</align>
						<aligny>center</aligny>
						<font>font13</font>
						<textcolor>white</textcolor>
						<label>$LOCALIZE[10034]</label>
				</control>
				<include>WindowFooter</include>
				<!-- Debug Info -->
				<include>Debug</include>
		</controls>
</window>