<Skin name="Softmod">
	<Information>
		<Author>Rocky5</Author>
		<Copyright>Xbox</Copyright>
		<Version>1.2.1</Version>
	</Information>
	<Fonts>
		<Font Name="font1">fonts\font1.xpr</Font>
		<Font Name="font2">fonts\font2.xpr</Font>
		<Font Name="font4">fonts\font4.xpr</Font>
	</Fonts>
	<IntroMovie/>
	<FileManager SafeBorder="False" DrawBorder="False">
		<BackGround/>
	</FileManager>
	<LoadingScreen ShowInfo="False">
		<BackGround>images\loading.png</BackGround>
	</LoadingScreen>
	<Main Globe="False" Orb="False" Fog="False">
		<Cellwall/>
		<Orb/>
		<Icon/>
		<Menu Horizontal="False" Smooth="True" Align="Middle" ShowIcon="False" Rotate="False" ShowArrows="False" Scroll="1">
			<Position Top="0" Left="0" Width="0" Height="0" Fixed="False" FixAt="0" MaxItem="12"/>
			<Font>font1</font>
			<itempos Top="299" Left="71" Width="499" Align="Middle">Label 1</itempos>
			<itempos Top="319" Left="71" Width="499" Align="Middle">Label 2</itempos>
			<itempos Top="339" Left="71" Width="499" Align="Middle">Label 3</itempos>
			<itempos Top="359" Left="71" Width="499" Align="Middle">Label 4</itempos>
			<itempos Top="379" Left="71" Width="499" Align="Middle">Label 5</itempos>
			<itempos Top="399" Left="71" Width="499" Align="Middle">Label 6</itempos>
			<Preview EnableAudio="False" Top="0" Left="0" Width="0" Height="0" />
		</Menu>
		<InfoFont>font1</InfoFont>
		<!-- ------------------ -->
		<!-- GUI Elements start -->
		<!-- ------------------ -->
		<Shape zindex="0" Type="Rectangle" Top="0" Left="0" Width="640" Height="480" BorderColor="0x002a2929" BackColor="0xff2a2929"/>
		<!-- Logos at the top of the screen -->
		<Image zindex="3" Top="28" Left="154" Width="334" Height="55">images\Xbox Logo.png</image>
		<Image zindex="3" Top="89" Left="202" Width="239" Height="23">images\Softmodding Tool.png</image>
		<!-- List Background -->
		<Shape zindex="1" Type="Rectangle" Top="130" Left="71" Width="498" Height="298" BorderColor="0x003c3c3c" BackColor="0xff3c3c3c"/>
		<!--  -->
		<Text zindex="3" Top="189" Left="71" Width="499" Align="Middle" ScaleX="100" ScaleY="100" Color="0xffefcb49" Source="Welcome to the Xbox Softmodding Tool"/>
		<Text zindex="3" Top="209" Left="71" Width="499" Align="Middle" ScaleX="100" ScaleY="100" Color="0xffefcb49" Source="Endgame installer"/>
		<Text zindex="3" Top="229" Left="71" Width="499" Align="Middle" ScaleX="100" ScaleY="100" Color="0xffefcb49" Source=""/>
		<Image zindex="3" Top="10" Left="590" Width="42" Height="42" Source="GameIcon"/>
		<!-- installer version section --->
		<Shape zindex="0" Type="Rectangle" Top="427" Left="487" Width="82" Height="17" BorderColor="0x00000000" BackColor="0xff302f2f"/>
		<Text zindex="3" Top="427" Left="479" Width="100" Height="15" Align="Middle" ScaleX="100" ScaleY="100" Color="0xffefcb49" Font="font4" Source="Installer: v$SkinVersion$"/>
	</Main>
	<ColorScheme>
		<!-- Music menu playlist screen -->
		<MMActiveForeColor>0xffefcb49</MMActiveForeColor>
		<MMForeColor>0xff2a2929</MMForeColor>
		<MMDarkBackColor>0xff2a2929</MMDarkBackColor>
		<MMLightBackColor>0xff2a2929</MMLightBackColor>
		<MM_BORDERCOLOR>0xff2a2929</MM_BORDERCOLOR>
		<!-- Visualisation colour -->
		<MMDarkBarColor>0xffefcb49</MMDarkBarColor>
		<!-- These seem to do nothing -->
		<MMBarBackColor>0xffde8c86</MMBarBackColor>
		<MMOffForeColor>0xffde8c86</MMOffForeColor>
		<MMLightBarColor>0xffde8c86</MMLightBarColor>
		<!-- Text editor window -->
		<WINDOWBACKCOLOR>0xffefcb49</WINDOWBACKCOLOR>
		<WINDOWFORECOLOR>0xff2a2929</WINDOWFORECOLOR>
		<!-- Background effect colours -->
		<AMBIENT_FOGCOLOR>0x00000000</AMBIENT_FOGCOLOR>
		<AMBIENT_SKYCOLOR>0x00000000</AMBIENT_SKYCOLOR>
		<AMBIENT_CELLCOLOR>0x00000000</AMBIENT_CELLCOLOR>
		<!-- Please wait overlay, menu header colour eg... -->
		<CAPTION_TEXTCOLOR>0xffefcb49</CAPTION_TEXTCOLOR>
		<CAPTION_BACKCOLOR>0xff302f2f</CAPTION_BACKCOLOR>
		<!-- Dialogs, ie, Batch process and progress bars eg... -->
		<DIALOG_BORDERCOLOR>0xff2a2929</DIALOG_BORDERCOLOR>
		<DIALOG_BACKCOLOR>0xff302f2f</DIALOG_BACKCOLOR>
		<DIALOG_INNER_BORDERCOLOR>0xff302f2f</DIALOG_INNER_BORDERCOLOR>
		<DIALOG_INNER_BACKCOLOR>0xff2a2929</DIALOG_INNER_BACKCOLOR>
		<DIALOG_TEXTCOLOR>0xff979797</DIALOG_TEXTCOLOR>
		<DIALOG_DISABLEDTEXT>0xff626267</DIALOG_DISABLEDTEXT>
		<!-- Settings menu -->
		<OPTION_TEXTCOLOR>0xff979797</OPTION_TEXTCOLOR>
		<OPTION_ACTIVETEXTCOLOR>0xffefcb49</OPTION_ACTIVETEXTCOLOR>
		<OPTION_ACTIVEBACKCOLOR>0xff353535</OPTION_ACTIVEBACKCOLOR>
		<!-- Dialogs, ie, Yes/no buttons eg... -->
		<BUTTON_BORDERCOLOR>0xff353535</BUTTON_BORDERCOLOR>
		<BUTTON_TEXTCOLOR>0xff979797</BUTTON_TEXTCOLOR>
		<BUTTON_BACKCOLOR>0xff2a2929</BUTTON_BACKCOLOR>
		<BUTTON_ACTIVETEXTCOLOR>0xffefcb49</BUTTON_ACTIVETEXTCOLOR>
		<BUTTON_ACTIVEBACKCOLOR>0xff353535</BUTTON_ACTIVEBACKCOLOR>
		<!-- Keyboard -->
		<!-- Button background -->
		<KB_KEYBG_HIGHLIGHT>0xffefcb49</KB_KEYBG_HIGHLIGHT>
		<KB_KEYBG_DISABLED>0xffef4949</KB_KEYBG_DISABLED>
		<!-- Disabled button -->
		<KB_KEY_PRESSED>0xff302f2f</KB_KEY_PRESSED>
		<!-- Letters -->
		<KB_KEY_NORMAL>0xff2a2929</KB_KEY_NORMAL>
		<!-- Can see me to see where this is -->
		<KB_KEY_DISABLED>0xffde8c86</KB_KEY_DISABLED>
		<!-- Selected border -->
		<KB_KEY_ACTIVEBORDER>0xff2a2929</KB_KEY_ACTIVEBORDER>
		<!-- Text area text -->
		<KB_KEY_TEXTCOLOR>0xff2a2929</KB_KEY_TEXTCOLOR>
		<!-- Text area -->
		<KB_KEY_TEXTBACKCOLOR>0xffefcb49</KB_KEY_TEXTBACKCOLOR>
		<!-- Text area border -->
		<KB_KEY_TEXTBORDERCOLOR>0xff2a2929</KB_KEY_TEXTBORDERCOLOR>
		<!-- Main menu -->
		<MENU_TEXTCOLOR>0xff979797</MENU_TEXTCOLOR>
		<MENU_ACTIVETEXTCOLOR>0xff4974a5</MENU_ACTIVETEXTCOLOR>
		<MENU_BORDERCOLOR>0x00000000</MENU_BORDERCOLOR>
		<MENU_BACKCOLOR>0x00000000</MENU_BACKCOLOR>
		<MENU_ACTIVEBACKCOLOR>0x00000000</MENU_ACTIVEBACKCOLOR>
		<MENU_ACTIVEBORDERCOLOR>0x00000000</MENU_ACTIVEBORDERCOLOR>
	</ColorScheme>
</Skin>
