<colors>
		<!-- new colours -->
		<!-- Main Windows -->
		<color name="xbmc4gamers_label">FF424542</color>
		<color name="windows_header_label">FFc7c7c7</color>
		<color name="windows_label_focus">FFc7c7c7</color>
		<color name="windows_label_no_focus">FFc7c7c7</color>
		<color name="windows_context_label">FFc7c7c7</color>
		<color name="windows_context_alt_label">FFc7c7c7</color>
		<color name="windows_header_toast_label">FFc7c7c7</color>
		<color name="windows_toast_label">FFc7c7c7</color>
		<color name="windows_select_label">FFEB9E17</color>
		<color name="windows_select_label_alt">FF399EDA</color>
		<color name="windows_settings_category_left_label_focus">FFc7c7c7</color>
		<color name="windows_settings_category_left_label_no_focus">FFc7c7c7</color>
		<color name="windows_settings_category_right_label_focus">FFc7c7c7</color>
		<color name="windows_settings_category_right_label_no_focus">FFc7c7c7</color>
		<color name="windows_settings_category_no_focus_labels">FFb2b1b1</color>
		<color name="windows_settings_category_disabled_labels">FFb2b1b1</color>
		<color name="windows_options_label_focus">FFc7c7c7</color>
		<color name="windows_options_label_no_focus">FFc7c7c7</color>
		<color name="windows_options_no_focus_labels">FFc7c7c7</color>
		<color name="windows_games_label">FFFFFFFF</color>
		<color name="windows_games_label_alt">FF333333</color>
		<!-- Volume Indicator -->
		<color name="volume_color">FFc7c7c7</color>
		<!-- Includes_Context_Buttons/xml -->
		<color name="context_label">FFc7c7c7</color>
		<!-- old colours -->
		<color name="white">FFFFFFFF</color>
		<color name="whitealt">FFF5F5F5</color>
		<color name="grey">FF737373</color>
		<color name="grey2">FF969696</color>
		<color name="grey3">FF7a7c7d</color>
		<color name="black">FF000000</color>
		<color name="blue">FF399EDA</color>
		<color name="blue2">FF0059AB</color>
		<color name="orange">FFEB9E17</color>
		<color name="green">FF01B005</color>
		<color name="dialogheader">FF399EDA</color>
		<color name="synopsiscolour1">FF399EDA</color>
		<color name="synopsiscolour2">FF969696</color>
</colors>