﻿<Skin name="Jezz_NoImages">
	<Main Globe="true" Orb="False" Fog="true">
	<InfoFont></InfoFont>
	<Text Top="25" Left="17" Width="60" Color="0xFF808080" ScaleX="80" Source="News -" />
	<Text Top="25" Left="75" Width="550" Color="0xFFD2D2D2" ScaleX="85" Scroll="1" Source="$Newsfeed$" />
	<Text Top="45" Left="310" Width="60" Color="0xFF808080" ScaleX="80" Source="Album -" />
	<Text Top="45" Left="372" Width="240" Color="0xFFD2D2D2" ScaleX="80" Scroll="1" Source="SoundTrack" />
	<Text Top="45" Left="17" Width="50" Color="0xFF808080" ScaleX="80" Source="Song -" />
	<Text Top="45" Left="70" Width="240" Color="0xFFD2D2D2" ScaleX="80" Scroll="1" Source="SongName" />
	<Text Top="88" Left="342" Width="260" Color="0xFFD2D2D2" Source="E_FreeMB" />
	<Text Top="108" Left="342" Width="260" Color="0xFFD2D2D2" Source="F_FreeMB" />
	<Text Top="128" Left="342" Width="260" Color="0xFFD2D2D2" Source="G_FreeMB" />
	<Text Top="153" Left="342" Width="260" Color="0xFFD2D2D2" Source="MBTemp" />
	<Text Top="173" Left="343" Width="260" Color="0xFFD2D2D2" Source="CPUTemp" />
	<Text Top="198" Left="343" Width="260" Color="0xFFD2D2D2" Source="Tray" />
	<Text Top="218" Left="343" Width="260" Color="0xFFD2D2D2" Scroll="1" Source="DvdTitle" /> 
	<Text Top="243" Left="343" Width="260" Color="0xFFD2D2D2" Source="IP" />
	<Text Top="263" Left="343" Width="260" Color="0xFFD2D2D2" Source="$DateTime$" />
	<Shape Type="RoundedBox" Left="10" Top="300" Width="180" Height="150" BorderColor="0xFF70BA1F" BackColor="0x00000000"></Shape>
	<Shape Type="RoundedBox" Left="210" Top="300" Width="410" Height="150" BorderColor="0xFF70BA1F" BackColor="0xAA000000"></Shape>
	<Shape Type="RoundedBox" Left="10" Top="85" Width="300" Height="200" BorderColor="0xFF70BA1F" BackColor="0x00000000"></Shape>
	<Shape Type="RoundedBox" Left="330" Top="85" Width="290" Height="200" BorderColor="0xFF70BA1F" BackColor="0x88000000"></Shape>
	<Shape Type="Rectangle" Left="330" Top="150" Width="290" Height="1" BorderColor="0x00000000" BackColor="0xFF35530F" />
	<Shape Type="Rectangle" Left="330" Top="195" Width="290" Height="1" BorderColor="0x00000000" BackColor="0xFF35530F" />
	<Shape Type="Rectangle" Left="330" Top="240" Width="290" Height="1" BorderColor="0x00000000" BackColor="0xFF35530F" />
	<Shape Type="RoundedBox" Left="10" Top="20" Width="610" Height="50" BorderColor="0xFF70BA1F" BackColor="0x88000000"></Shape>
	<Shape Type="Rectangle" Left="143" Top="71" Width="15" Height="15" BorderColor="0xFF70BA1F" BackColor="0x88000000" />
	<Shape Type="Rectangle" Left="458" Top="71" Width="15" Height="15" BorderColor="0xFF70BA1F" BackColor="0x88000000" />
	<Shape Type="Rectangle" Left="90" Top="286" Width="15" Height="15" BorderColor="0xFF70BA1F" BackColor="0x88000000" />
	<Shape Type="Rectangle" Left="458" Top="286" Width="15" Height="15" BorderColor="0xFF70BA1F" BackColor="0x88000000" />
	<Shape Type="RoundedBox" Left="497" Top="430" Width="100" Height="30" BorderColor="0xFF70BA1F" BackColor="0xFF000000"></Shape>
	<Shape Type="RoundedBox" Left="505" Top="434" Width="22" Height="22" BorderColor="0xFF880000" BackColor="0xFF880000"></Shape>
	<Text Left="535" Top="435" Width="200" Color="0xBBFFFFFF" Source="Back" />
	<Text Left="509" Top="434" Width="20" Color="0xFF000000" ScaleX="120" ScaleY="110" Source="B" />
	<Shape Type="RoundedBox" Left="357" Top="430" Width="130" Height="30" BorderColor="0xFF70BA1F" BackColor="0xFF000000"></Shape>
	<Shape Type="RoundedBox" Left="363" Top="434" Width="22" Height="22" BorderColor="0xFF70BA1F" BackColor="0xFF70BA1F"></Shape>
	<Text Left="395" Top="435" Width="200" Color="0xBBFFFFFF" Source="to Select" />
	<Text Left="367" Top="434" Width="20" Color="0xFF000000" ScaleX="120" ScaleY="110" Source="A" />
	<Image Top="301" Left="11" Width="179" Height="148" Source="GameIcon" />
	<Image Source="GamePreview" />
	<Menu Align="Left" ShowIcon="False">
		<Preview EnableAudio="False" Top="86" Left="11" Width="298" Height="198" />
		<Position Top="315" Left="225" Width="390" Height="130" Fixed="False" FixAt="2" MaxItem="4" />
		<Font>E:\UDATA\9e115330\0064122817A8\xbox14.xpr</Font>
	</Menu>
	<ColorScheme>
		<AMBIENT_FOGCOLOR>0xFF050602</AMBIENT_FOGCOLOR>
		<AMBIENT_SKYCOLOR>0xFF000000</AMBIENT_SKYCOLOR>
		<AMBIENT_CELLCOLOR>0xFF00C000</AMBIENT_CELLCOLOR>
		<CAPTION_TEXTCOLOR>0xFFFFFF00</CAPTION_TEXTCOLOR>
		<CAPTION_BACKCOLOR>0xFF0A0A0A</CAPTION_BACKCOLOR>
		<DIALOG_BORDERCOLOR>0xFF70BA1F</DIALOG_BORDERCOLOR>
		<DIALOG_BACKCOLOR>0xFF0A0A0A</DIALOG_BACKCOLOR>
		<DIALOG_INNER_BORDERCOLOR>0xFF70BA1F</DIALOG_INNER_BORDERCOLOR>
		<DIALOG_INNER_BACKCOLOR>0xFF000000</DIALOG_INNER_BACKCOLOR>
		<DIALOG_TEXTCOLOR>0xFF70BA1F</DIALOG_TEXTCOLOR>
		<DIALOG_DISABLEDTEXT>0xFF404040</DIALOG_DISABLEDTEXT>
		<OPTION_TEXTCOLOR>0xFF70BA1F</OPTION_TEXTCOLOR>
		<OPTION_ACTIVETEXTCOLOR>0xFFFFFF00</OPTION_ACTIVETEXTCOLOR>
		<OPTION_ACTIVEBACKCOLOR>0xFF252525</OPTION_ACTIVEBACKCOLOR>
		<BUTTON_BORDERCOLOR>0xFF70BA1F</BUTTON_BORDERCOLOR>
		<BUTTON_TEXTCOLOR>0xFF70BA1F</BUTTON_TEXTCOLOR>
		<BUTTON_BACKCOLOR>0xFF0A0A0A</BUTTON_BACKCOLOR>
		<BUTTON_ACTIVETEXTCOLOR>0xFF000000</BUTTON_ACTIVETEXTCOLOR>
		<BUTTON_ACTIVEBACKCOLOR>0xFF70BA1F</BUTTON_ACTIVEBACKCOLOR>
		<KB_KEYBG_HIGHLIGHT>0xFF006A00</KB_KEYBG_HIGHLIGHT>
		<KB_KEYBG_DISABLED>0xFFC0C0C0</KB_KEYBG_DISABLED>
		<KB_KEY_PRESSED>0xFF00FF00</KB_KEY_PRESSED>
		<KB_KEY_NORMAL>0xFF000000</KB_KEY_NORMAL>
		<KB_KEY_DISABLED>0x74000000</KB_KEY_DISABLED>
		<KB_KEY_ACTIVEBORDER>0xFF000000</KB_KEY_ACTIVEBORDER>
		<KB_KEY_TEXTCOLOR>0xFF000000</KB_KEY_TEXTCOLOR>
		<KB_KEY_TEXTBACKCOLOR>0xFFD0D0D0</KB_KEY_TEXTBACKCOLOR>
		<KB_KEY_TEXTBORDERCOLOR>0xFF70BA1F</KB_KEY_TEXTBORDERCOLOR>
		<MENU_TEXTCOLOR>0xFFFFFFFF</MENU_TEXTCOLOR>
		<MENU_ACTIVETEXTCOLOR>0xFF70BA1F</MENU_ACTIVETEXTCOLOR>
	</ColorScheme>
 </Main>
 <FileManager SafeBorder="False">
 </FileManager>
</Skin>