<window id="2002">
		<defaultcontrol>10</defaultcontrol>
		<coordinates>
				<system>1</system>
				<posx>290</posx>
				<posy>210</posy>
		</coordinates>
		<include Condition="!Window.IsActive(1901) + !Window.IsActive(1101)">dialogeffect</include>
		<controls>
				<control type="image">
						<description>background image</description>
						<posx>30</posx>
						<posy>34</posy>
						<width>640</width>
						<height>160</height>
						<texture border="20,20,20,20">thumbnofo.png</texture>
				</control>
				<control type="image">
						<description>Heading Background</description>
						<posx>30</posx>
						<posy>34</posy>
						<width>640</width>
						<height>40</height>
						<texture border="20,20,20,20">thumbfo.png</texture>
				</control>
				<control type="label" id="1">
						<description>heading label</description>
						<posx>40</posx>
						<posy>35</posy>
						<width>620</width>
						<height>40</height>
						<align>center</align>
						<aligny>center</aligny>
						<font>size_21_bold</font>
						<label>13406</label>
						<textcolor>black</textcolor>
				</control>
				<control type="label" id="2">
						<description>dialog line 1</description>
						<posx>40</posx>
						<posy>85</posy>
						<width>620</width>
						<height>30</height>
						<align>center</align>
						<aligny>center</aligny>
						<label>-</label>
						<font>size_20</font>
				</control>
				<control type="label" id="3">
						<description>dialog line 2</description>
						<posx>40</posx>
						<posy>115</posy>
						<width>620</width>
						<height>30</height>
						<align>center</align>
						<aligny>center</aligny>
						<label>-</label>
						<font>size_20</font>
				</control>
				<control type="label" id="4">
						<description>dialog line 3</description>
						<posx>40</posx>
						<posy>145</posy>
						<width>620</width>
						<height>30</height>
						<align>center</align>
						<aligny>center</aligny>
						<label>-</label>
						<font>size_20</font>
				</control>
				<control type="button" id="10">
						<description>Cancel button</description>
						<posx>30</posx>
						<posy>194</posy>
						<width>640</width>
						<height>40</height>
						<label>186</label>
						<textcolor>grey2</textcolor>
						<focusedcolor>black</focusedcolor>
						<align>center</align>
						<texturenofocus border="3">thumbnf.png</texturenofocus>
						<texturefocus border="3">thumbfo.png</texturefocus>
						<onleft>10</onleft>
						<onright>10</onright>
						<onup>10</onup>
						<ondown>10</ondown>
				</control>
				<!-- Debug Info -->
				<include>Debug</include>
		</controls>
</window>