<window id="0">
		<defaultcontrol always="true">1</defaultcontrol>
		<allowoverlay>no</allowoverlay>
		<controls>
				<include>CommonBackground</include>
				<control type="group">
						<include>ViewVisibleEffect</include>
						<control type="panel" id="1">
								<posx>380</posx>
								<posy>232</posy>
								<width>520</width>
								<height>340</height>
								<onleft>-</onleft>
								<onright>-</onright>
								<onup>-</onup>
								<ondown>-</ondown>
								<viewtype label="21371">panel</viewtype>
								<pagecontrol>-</pagecontrol>
								<scrolltime>200</scrolltime>
								<preloaditems>2</preloaditems>
								<itemlayout height="85" width="520">
										<control type="image">
												<posx>0</posx>
												<posy>0</posy>
												<width>515</width>
												<height>80</height>
												<texture>black-back.png</texture>
												<aspectratio>stretch</aspectratio>
										</control>
										<control type="image">
												<posx>5</posx>
												<posy>5</posy>
												<width>120</width>
												<height>70</height>
												<texture>$INFO[listitem.icon]</texture>
												<bordertexture>-</bordertexture>
												<bordersize>1</bordersize>
												<aspectratio>scale</aspectratio>
										</control>
										<control type="label">
												<posx>130</posx>
												<posy>15</posy>
												<width>375</width>
												<height>25</height>
												<font>size_25</font>
												<textcolor>white</textcolor>
												<selectedcolor>blue</selectedcolor>
												<align>left</align>
												<aligny>center</aligny>
												<label>$INFO[ListItem.Label]</label>
										</control>
										<control type="label">
												<posx>130</posx>
												<posy>45</posy>
												<width>375</width>
												<height>15</height>
												<font>size_15</font>
												<textcolor>white</textcolor>
												<selectedcolor>blue</selectedcolor>
												<align>left</align>
												<aligny>center</aligny>
												<label>$INFO[ListItem.Label2]</label>
										</control>
								</itemlayout>
								<focusedlayout height="125" width="775">
										<control type="image">
												<posx>0</posx>
												<posy>0</posy>
												<width>515</width>
												<height>80</height>
												<texture border="2,1,2,-1">settings_focus.png</texture>
												<aspectratio>stretch</aspectratio>
										</control>
										<control type="image">
												<posx>5</posx>
												<posy>5</posy>
												<width>120</width>
												<height>70</height>
												<texture>$INFO[listitem.icon]</texture>
												<bordertexture>-</bordertexture>
												<bordersize>1</bordersize>
												<aspectratio>scale</aspectratio>
										</control>
										<control type="label">
												<posx>130</posx>
												<posy>15</posy>
												<width>375</width>
												<height>25</height>
												<font>size_25</font>
												<textcolor>white</textcolor>
												<selectedcolor>blue</selectedcolor>
												<align>left</align>
												<aligny>center</aligny>
												<label>$INFO[ListItem.Label]</label>
										</control>
										<control type="label">
												<posx>130</posx>
												<posy>45</posy>
												<width>375</width>
												<height>15</height>
												<font>size_15</font>
												<textcolor>white</textcolor>
												<selectedcolor>blue</selectedcolor>
												<align>left</align>
												<aligny>center</aligny>
												<label>$INFO[ListItem.Label2]</label>
										</control>
								</focusedlayout>
								<content>
										<item id="1">
												<label>Auto Install Game</label>
												<label2>Automate the process � Auto return to XBMC4Gamers</label2>
												<onclick>RunScript( Special://xbmc/system/scripts/XBMC4Gamers/DVD2Xbox/default.py )</onclick>
												<icon>Special://xbmc/Apps/DVD2Xbox/icon.png</icon>
										</item>
										<item id="2">
												<label>Manually Install Game</label>
												<label2>Change settings � Manually patch games</label2>
												<onclick>Control.SetFocus(10)</onclick>
												<icon>Special://xbmc/Apps/DVD2Xbox/icon.png</icon>
												<visible>Skin.HasSetting(editmode)</visible>
										</item>
										<item id="3">
												<label>Settings</label>
												<label2>Calibrate screen</label2>
												<onclick>ActivateWindow(Settings)</onclick>
												<icon>defaultharddisk.png</icon>
												<visible>Skin.HasSetting(editmode)</visible>
										</item>
								</content>
						</control>
				</control>
				<control type="group" id="2">
						<posx>290</posx>
						<posy>210</posy>
						<visible allowhiddenfocus="true">ControlGroup(2).HasFocus()</visible>
						<include>VisibleFadeEffect</include>
						<control type="image">
								<description>background image</description>
								<posx>0</posx>
								<posy>0</posy>
								<width>700</width>
								<height>300</height>
								<texture border="40">dialogback.png</texture>
						</control>
						<control type="image">
								<description>Heading Background</description>
								<posx>30</posx>
								<posy>34</posy>
								<width>640</width>
								<height>40</height>
								<texture border="5">thumbfo.png</texture>
						</control>
						<control type="label">
								<description>heading label</description>
								<posx>40</posx>
								<posy>35</posy>
								<width>620</width>
								<height>40</height>
								<align>center</align>
								<aligny>center</aligny>
								<font>size_21_bold</font>
								<label>Manually Install Game</label>
								<textcolor>black</textcolor>
						</control>
						<control type="label">
								<description>dialog line 2</description>
								<posx>40</posx>
								<posy>115</posy>
								<width>620</width>
								<height>30</height>
								<align>center</align>
								<aligny>center</aligny>
								<label>Launch DVD2Xbox?</label>
								<font>size_20</font>
						</control>
						<control type="button" id="11">
								<description>Yes button</description>
								<posx>145</posx>
								<posy>215</posy>
								<width>200</width>
								<height>35</height>
								<label>107</label>
								<textcolor>grey2</textcolor>
								<focusedcolor>white</focusedcolor>
								<align>center</align>
								<texturenofocus border="3">button-nofocus.png</texturenofocus>
								<texturefocus border="3">button-focus2.png</texturefocus>
								<onleft>10</onleft>
								<onright>10</onright>
								<onup>11</onup>
								<ondown>11</ondown>
								<onclick>XBMC.RunXBE(Special://xbmc/Apps/DVD2Xbox/default.xbe)</onclick>
						</control>
						<control type="button" id="10">
								<description>No button</description>
								<posx>355</posx>
								<posy>215</posy>
								<width>200</width>
								<height>35</height>
								<label>106</label>
								<textcolor>grey2</textcolor>
								<focusedcolor>white</focusedcolor>
								<align>center</align>
								<texturenofocus border="3">button-nofocus.png</texturenofocus>
								<texturefocus border="3">button-focus2.png</texturefocus>
								<onleft>11</onleft>
								<onright>11</onright>
								<onup>10</onup>
								<ondown>10</ondown>
								<onclick>SetFocus(1)</onclick>
						</control>
				</control>
				<include>WindowHeader</include>
				<include>WindowFooter</include>
				<control type="image">
						<posx>20</posx>
						<posy>5</posy>
						<width>40</width>
						<height>35</height>
						<aspectratio>keep</aspectratio>
						<texture>icon_system.png</texture>
				</control>
				<control type="label">
						<description>Header label</description>
						<posx>70</posx>
						<posy>5</posy>
						<width>700</width>
						<height>35</height>
						<align>left</align>
						<aligny>center</aligny>
						<font>size_23</font>
						<textcolor>white</textcolor>
						<label>$INFO[system.profilename] Profile</label>
				</control>
				<!-- Debug Info -->
				<includes>Debug</includes>
		</controls>
</window>