<smartxxrgb>
	<item>
		<status>general</status>
		<rgb1>#00FF00</rgb1>
		<rgb2>#000000</rgb2>
		<transition>none</transition>
		<time>20</time>
	</item>
	<item>
		<status>copygame</status>
		<rgb1>#000000</rgb1>
		<rgb2>#000000</rgb2>
		<transition>none</transition>
		<time>20</time>
	</item>
	<item>
		<status>copydvd</status>
		<rgb1>#000000</rgb1>
		<rgb2>#000000</rgb2>
		<transition>none</transition>
		<time>20</time>
	</item>
	<item>
		<status>copyiso</status>
		<rgb1>#000000</rgb1>
		<rgb2>#000000</rgb2>
		<transition>none</transition>
		<time>20</time>
	</item>
	<item>
		<status>copycdda</status>
		<rgb1>#000000</rgb1>
		<rgb2>#000000</rgb2>
		<transition>none</transition>
		<time>20</time>
	</item>
	<item>
		<status>copyfailed</status>
		<rgb1>#FF0000</rgb1>
		<rgb2>#000000</rgb2>
		<transition>blink</transition>
		<time>500</time>
	</item>
	<item>
		<status>copyok</status>
		<rgb1>#000000</rgb1>
		<rgb2>#000000</rgb2>
		<transition>none</transition>
		<time>20</time>
	</item>
	<item>
		<status>copyrenamed</status>
		<rgb1>#000000</rgb1>
		<rgb2>#000000</rgb2>
		<transition>none</transition>
		<time>20</time>
	</item>
	<item>
		<status>startxbe</status>
		<rgb1>#000000</rgb1>
		<rgb2>#000000</rgb2>
		<transition>none</transition>
		<time>20</time>
	</item>
	<item>
		<status>shutdown</status>
		<rgb1>#000000</rgb1>
		<rgb2>#000000</rgb2>
		<transition>none</transition>
		<time>20</time>
	</item>
	<item>
		<status>opentray</status>
		<rgb1>#0000FF</rgb1>
		<rgb2>#000000</rgb2>
		<transition>blink</transition>
		<time>500</time>
	</item>
</smartxxrgb>