<?xml version="1.0" encoding="Windows-1252" standalone="yes"?>
<addon id="URLDownloader Loader" name="URLDownloader Loader" version="1.0.0" provider-name="Rocky5">
		<requires>
				<import addon="xbmc.python" version="1.0" />
		</requires>
		<extension point="xbmc.python.script" library="default.py" />
		<extension point="xbmc.addon.metadata">
				<platform>all</platform>
				<summary lang="en">URLDownloader Loader</summary>
				<description lang="en">Used to load the downloader window.</description>
		</extension>
</addon>