<window type="dialog" id="1300">
		<defaultcontrol always="true">9000</defaultcontrol>
		<controls>
				<control type="group">
						<posy>41.5</posy>
						<control type="image">
								<description>background image</description>
								<posx>320</posx>
								<posy>108</posy>
								<width>640</width>
								<height>421</height>
								<texture border="20,20,20,20">menu_back.png</texture>
						</control>
						<control type="label">
								<description>heading label</description>
								<posx>320</posx>
								<posy>130</posy>
								<width>640</width>
								<height>50</height>
								<align>center</align>
								<aligny>center</aligny>
								<font>size_50</font>
								<label>$LOCALIZE[32025]</label>
								<textcolor>menu_header_label</textcolor>
						</control>
						<!-- Main Menu -->
						<control type="grouplist" id="9000">
								<posx>320</posx>
								<posy>200</posy>
								<width>640</width>
								<height>295</height>
								<onleft>-</onleft>
								<onright>-</onright>
								<onup>9000</onup>
								<ondown>9000</ondown>
								<itemgap>-1</itemgap>
								<control type="button" id="1">
										<posx>0</posx>
										<posy>0</posy>
										<label>$LOCALIZE[32016]</label>
										<align>center</align>
										<aligny>center</aligny>
										<include>MenuCustomButtonCommonValues</include>
										<onright>Skin.Reset(Background_Color)</onright>
										<onright>Skin.Reset(Background_Image)</onright>
										<onleft>Skin.Reset(Background_Color)</onleft>
										<onleft>Skin.Reset(Background_Image)</onleft>
										<onright>Skin.Theme(1)</onright>
										<onleft>Skin.Theme(-1)</onleft>
								</control>
								<control type="label" id="2">
										<posx>0</posx>
										<posy>0</posy>
										<align>center</align>
										<aligny>center</aligny>
										<include>MenuCustomButtonCommonValues</include>
										<label>[UPPERCASE]$INFO[Skin.CurrentTheme][/UPPERCASE]</label>
										<textcolor>menu_deselect_label</textcolor>
								</control>
								<control type="radiobutton" id="3">
										<posx>0</posx>
										<posy>0</posy>
										<label>$LOCALIZE[32021]</label>
										<include>MenuCustomButtonCommonValues</include>
										<onclick>Skin.ToggleSetting(althomeanimation)</onclick>
										<onclick>ReloadSkin</onclick>
										<selected>Skin.HasSetting(althomeanimation)</selected>
								</control>
								<control type="button" id="7">
										<posx>0</posx>
										<posy>0</posy>
										<label>$LOCALIZE[32023]</label>
										<label2>[UPPERCASE][COLOR=FF$INFO[Skin.String(carbon_custom_colours)]]$INFO[Skin.String(carbon_custom_colours)][/COLOR][/UPPERCASE]</label2>
										<include>MenuCustomButtonCommonValues</include>
										<onclick>Skin.SetString(carbon_custom_colours)</onclick>
								</control>
								<!-- Custom tile 1 -->
								<control type="radiobutton" id="20">
										<posx>0</posx>
										<posy>0</posy>
										<label>[UPPERCASE]Custom Tile 1[/UPPERCASE]</label>
										<include>MenuCustomButtonCommonValues</include>
										<onclick>Skin.ToggleSetting(CustomHomeTile1Enabled)</onclick>
										<selected>Skin.HasSetting(CustomHomeTile1Enabled)</selected>
								</control>
								<control type="button" id="21">
										<posx>0</posx>
										<posy>0</posy>
										<label> &gt; XBE path</label>
										<label2>$INFO[Skin.String(CustomHomeTile1Xbe)]</label2>
										<include>MenuCustomButtonCommonValues</include>
										<onclick>Skin.SetFile(CustomHomeTile1Xbe,.xbe,)</onclick>
										<visible>Skin.HasSetting(CustomHomeTile1Enabled) + Control.HasFocus(20) | Control.HasFocus(21) | Control.HasFocus(22) | Control.HasFocus(23)</visible>
								</control>
								<control type="button" id="22">
										<posx>0</posx>
										<posy>0</posy>
										<label> &gt; logo.png path</label>
										<label2>$INFO[Skin.String(CustomHomeTile1Logo)]</label2>
										<include>MenuCustomButtonCommonValues</include>
										<onclick>Skin.SetImage(CustomHomeTile1Logo)</onclick>
										<visible>Skin.HasSetting(CustomHomeTile1Enabled) + Control.HasFocus(20) | Control.HasFocus(21) | Control.HasFocus(22) | Control.HasFocus(23)</visible>
								</control>
								<control type="button" id="23">
										<posx>0</posx>
										<posy>0</posy>
										<label> &gt; system_art.png path</label>
										<label2>$INFO[Skin.String(CustomHomeTile1SystemArt)]</label2>
										<include>MenuCustomButtonCommonValues</include>
										<onclick>Skin.SetImage(CustomHomeTile1SystemArt)</onclick>
										<visible>Skin.HasSetting(CustomHomeTile1Enabled) + Control.HasFocus(20) | Control.HasFocus(21) | Control.HasFocus(22) | Control.HasFocus(23)</visible>
								</control>
								<!-- Custom tile 2 -->
								<control type="radiobutton" id="25">
										<posx>0</posx>
										<posy>0</posy>
										<label>[UPPERCASE]Custom Tile 2[/UPPERCASE]</label>
										<include>MenuCustomButtonCommonValues</include>
										<onclick>Skin.ToggleSetting(CustomHomeTile2Enabled)</onclick>
										<selected>Skin.HasSetting(CustomHomeTile2Enabled)</selected>
								</control>
								<control type="button" id="26">
										<posx>0</posx>
										<posy>0</posy>
										<label> &gt; XBE path</label>
										<label2>$INFO[Skin.String(CustomHomeTile2Xbe)]</label2>
										<include>MenuCustomButtonCommonValues</include>
										<onclick>Skin.SetFile(CustomHomeTile2Xbe,.xbe,)</onclick>
										<visible>Skin.HasSetting(CustomHomeTile2Enabled) + Control.HasFocus(25) | Control.HasFocus(26) | Control.HasFocus(27) | Control.HasFocus(28)</visible>
								</control>
								<control type="button" id="27">
										<posx>0</posx>
										<posy>0</posy>
										<label> &gt; logo.png path</label>
										<label2>$INFO[Skin.String(CustomHomeTile2Logo)]</label2>
										<include>MenuCustomButtonCommonValues</include>
										<onclick>Skin.SetImage(CustomHomeTile2Logo)</onclick>
										<visible>Skin.HasSetting(CustomHomeTile2Enabled) + Control.HasFocus(25) | Control.HasFocus(26) | Control.HasFocus(27) | Control.HasFocus(28)</visible>
								</control>
								<control type="button" id="28">
										<posx>0</posx>
										<posy>0</posy>
										<label> &gt; system_art.png path</label>
										<label2>$INFO[Skin.String(CustomHomeTile2SystemArt)]</label2>
										<include>MenuCustomButtonCommonValues</include>
										<onclick>Skin.SetImage(CustomHomeTile2SystemArt)</onclick>
										<visible>Skin.HasSetting(CustomHomeTile2Enabled) + Control.HasFocus(25) | Control.HasFocus(26) | Control.HasFocus(27) | Control.HasFocus(28)</visible>
								</control>
								<!-- Custom tile 3 -->
								<control type="radiobutton" id="30">
										<posx>0</posx>
										<posy>0</posy>
										<label>[UPPERCASE]Custom Tile 3[/UPPERCASE]</label>
										<include>MenuCustomButtonCommonValues</include>
										<onclick>Skin.ToggleSetting(CustomHomeTile3Enabled)</onclick>
										<selected>Skin.HasSetting(CustomHomeTile3Enabled)</selected>
								</control>
								<control type="button" id="31">
										<posx>0</posx>
										<posy>0</posy>
										<label> &gt; XBE path</label>
										<label2>$INFO[Skin.String(CustomHomeTile3Xbe)]</label2>
										<include>MenuCustomButtonCommonValues</include>
										<onclick>Skin.SetFile(CustomHomeTile3Xbe,.xbe,)</onclick>
										<visible>Skin.HasSetting(CustomHomeTile3Enabled) + Control.HasFocus(30) | Control.HasFocus(31) | Control.HasFocus(32) | Control.HasFocus(33)</visible>
								</control>
								<control type="button" id="32">
										<posx>0</posx>
										<posy>0</posy>
										<label> &gt; logo.png path</label>
										<label2>$INFO[Skin.String(CustomHomeTile3Logo)]</label2>
										<include>MenuCustomButtonCommonValues</include>
										<onclick>Skin.SetImage(CustomHomeTile3Logo)</onclick>
										<visible>Skin.HasSetting(CustomHomeTile3Enabled) + Control.HasFocus(30) | Control.HasFocus(31) | Control.HasFocus(32) | Control.HasFocus(33)</visible>
								</control>
								<control type="button" id="33">
										<posx>0</posx>
										<posy>0</posy>
										<label> &gt; system_art.png path</label>
										<label2>$INFO[Skin.String(CustomHomeTile3SystemArt)]</label2>
										<include>MenuCustomButtonCommonValues</include>
										<onclick>Skin.SetImage(CustomHomeTile3SystemArt)</onclick>
										<visible>Skin.HasSetting(CustomHomeTile3Enabled) + Control.HasFocus(30) | Control.HasFocus(31) | Control.HasFocus(32) | Control.HasFocus(33)</visible>
								</control>
								<!-- Custom tile 4 -->
								<control type="radiobutton" id="40">
										<posx>0</posx>
										<posy>0</posy>
										<label>[UPPERCASE]Custom Tile 4[/UPPERCASE]</label>
										<include>MenuCustomButtonCommonValues</include>
										<onclick>Skin.ToggleSetting(CustomHomeTile4Enabled)</onclick>
										<selected>Skin.HasSetting(CustomHomeTile4Enabled)</selected>
								</control>
								<control type="button" id="41">
										<posx>0</posx>
										<posy>0</posy>
										<label> &gt; XBE path</label>
										<label2>$INFO[Skin.String(CustomHomeTile4Xbe)]</label2>
										<include>MenuCustomButtonCommonValues</include>
										<onclick>Skin.SetFile(CustomHomeTile4Xbe,.xbe,)</onclick>
										<visible>Skin.HasSetting(CustomHomeTile4Enabled) + Control.HasFocus(40) | Control.HasFocus(41) | Control.HasFocus(42) | Control.HasFocus(43)</visible>
								</control>
								<control type="button" id="42">
										<posx>0</posx>
										<posy>0</posy>
										<label> &gt; logo.png path</label>
										<label2>$INFO[Skin.String(CustomHomeTile4Logo)]</label2>
										<include>MenuCustomButtonCommonValues</include>
										<onclick>Skin.SetImage(CustomHomeTile4Logo)</onclick>
										<visible>Skin.HasSetting(CustomHomeTile4Enabled) + Control.HasFocus(40) | Control.HasFocus(41) | Control.HasFocus(42) | Control.HasFocus(43)</visible>
								</control>
								<control type="button" id="43">
										<posx>0</posx>
										<posy>0</posy>
										<label> &gt; system_art.png path</label>
										<label2>$INFO[Skin.String(CustomHomeTile4SystemArt)]</label2>
										<include>MenuCustomButtonCommonValues</include>
										<onclick>Skin.SetImage(CustomHomeTile4SystemArt)</onclick>
										<visible>Skin.HasSetting(CustomHomeTile4Enabled) + Control.HasFocus(40) | Control.HasFocus(41) | Control.HasFocus(42) | Control.HasFocus(43)</visible>
								</control>
								<!-- Custom tile 5 -->
								<control type="radiobutton" id="50">
										<posx>0</posx>
										<posy>0</posy>
										<label>[UPPERCASE]Custom Tile 5[/UPPERCASE]</label>
										<include>MenuCustomButtonCommonValues</include>
										<onclick>Skin.ToggleSetting(CustomHomeTile5Enabled)</onclick>
										<selected>Skin.HasSetting(CustomHomeTile5Enabled)</selected>
								</control>
								<control type="button" id="51">
										<posx>0</posx>
										<posy>0</posy>
										<label> &gt; XBE path</label>
										<label2>$INFO[Skin.String(CustomHomeTile5Xbe)]</label2>
										<include>MenuCustomButtonCommonValues</include>
										<onclick>Skin.SetFile(CustomHomeTile5Xbe,.xbe,)</onclick>
										<visible>Skin.HasSetting(CustomHomeTile5Enabled) + Control.HasFocus(50) | Control.HasFocus(51) | Control.HasFocus(52) | Control.HasFocus(53)</visible>
								</control>
								<control type="button" id="52">
										<posx>0</posx>
										<posy>0</posy>
										<label> &gt; logo.png path</label>
										<label2>$INFO[Skin.String(CustomHomeTile5Logo)]</label2>
										<include>MenuCustomButtonCommonValues</include>
										<onclick>Skin.SetImage(CustomHomeTile5Logo)</onclick>
										<visible>Skin.HasSetting(CustomHomeTile5Enabled) + Control.HasFocus(50) | Control.HasFocus(51) | Control.HasFocus(52) | Control.HasFocus(53)</visible>
								</control>
								<control type="button" id="53">
										<posx>0</posx>
										<posy>0</posy>
										<label> &gt; system_art.png path</label>
										<label2>$INFO[Skin.String(CustomHomeTile5SystemArt)]</label2>
										<include>MenuCustomButtonCommonValues</include>
										<onclick>Skin.SetImage(CustomHomeTile5SystemArt)</onclick>
										<visible>Skin.HasSetting(CustomHomeTile5Enabled) + Control.HasFocus(50) | Control.HasFocus(51) | Control.HasFocus(52) | Control.HasFocus(53)</visible>
								</control>
								<!-- Custom tile 6 -->
								<control type="radiobutton" id="60">
										<posx>0</posx>
										<posy>0</posy>
										<label>[UPPERCASE]Custom Tile 6[/UPPERCASE]</label>
										<include>MenuCustomButtonCommonValues</include>
										<onclick>Skin.ToggleSetting(CustomHomeTile6Enabled)</onclick>
										<selected>Skin.HasSetting(CustomHomeTile6Enabled)</selected>
								</control>
								<control type="button" id="61">
										<posx>0</posx>
										<posy>0</posy>
										<label> &gt; XBE path</label>
										<label2>$INFO[Skin.String(CustomHomeTile6Xbe)]</label2>
										<include>MenuCustomButtonCommonValues</include>
										<onclick>Skin.SetFile(CustomHomeTile6Xbe,.xbe,)</onclick>
										<visible>Skin.HasSetting(CustomHomeTile6Enabled) + Control.HasFocus(60) | Control.HasFocus(61) | Control.HasFocus(62) | Control.HasFocus(63) | Control.HasFocus(63)</visible>
								</control>
								<control type="button" id="62">
										<posx>0</posx>
										<posy>0</posy>
										<label> &gt; logo.png path</label>
										<label2>$INFO[Skin.String(CustomHomeTile6Logo)]</label2>
										<include>MenuCustomButtonCommonValues</include>
										<onclick>Skin.SetImage(CustomHomeTile6Logo)</onclick>
										<visible>Skin.HasSetting(CustomHomeTile6Enabled) + Control.HasFocus(60) | Control.HasFocus(61) | Control.HasFocus(62) | Control.HasFocus(63)</visible>
								</control>
								<control type="button" id="63">
										<posx>0</posx>
										<posy>0</posy>
										<label> &gt; system_art.png path</label>
										<label2>$INFO[Skin.String(CustomHomeTile6SystemArt)]</label2>
										<include>MenuCustomButtonCommonValues</include>
										<onclick>Skin.SetImage(CustomHomeTile6SystemArt)</onclick>
										<visible>Skin.HasSetting(CustomHomeTile6Enabled) + Control.HasFocus(60) | Control.HasFocus(61) | Control.HasFocus(62) | Control.HasFocus(63)</visible>
								</control>
								<!-- Custom tile 7 -->
								<control type="radiobutton" id="70">
										<posx>0</posx>
										<posy>0</posy>
										<label>[UPPERCASE]Custom Tile 7[/UPPERCASE]</label>
										<include>MenuCustomButtonCommonValues</include>
										<onclick>Skin.ToggleSetting(CustomHomeTile7Enabled)</onclick>
										<selected>Skin.HasSetting(CustomHomeTile7Enabled)</selected>
								</control>
								<control type="button" id="71">
										<posx>0</posx>
										<posy>0</posy>
										<label> &gt; XBE path</label>
										<label2>$INFO[Skin.String(CustomHomeTile7Xbe)]</label2>
										<include>MenuCustomButtonCommonValues</include>
										<onclick>Skin.SetFile(CustomHomeTile7Xbe,.xbe,)</onclick>
										<visible>Skin.HasSetting(CustomHomeTile7Enabled) + Control.HasFocus(70) | Control.HasFocus(71) | Control.HasFocus(72) | Control.HasFocus(73) | Control.HasFocus(73)</visible>
								</control>
								<control type="button" id="72">
										<posx>0</posx>
										<posy>0</posy>
										<label> &gt; logo.png path</label>
										<label2>$INFO[Skin.String(CustomHomeTile7Logo)]</label2>
										<include>MenuCustomButtonCommonValues</include>
										<onclick>Skin.SetImage(CustomHomeTile7Logo)</onclick>
										<visible>Skin.HasSetting(CustomHomeTile7Enabled) + Control.HasFocus(70) | Control.HasFocus(71) | Control.HasFocus(72) | Control.HasFocus(73)</visible>
								</control>
								<control type="button" id="73">
										<posx>0</posx>
										<posy>0</posy>
										<label> &gt; system_art.png path</label>
										<label2>$INFO[Skin.String(CustomHomeTile7SystemArt)]</label2>
										<include>MenuCustomButtonCommonValues</include>
										<onclick>Skin.SetImage(CustomHomeTile7SystemArt)</onclick>
										<visible>Skin.HasSetting(CustomHomeTile7Enabled) + Control.HasFocus(70) | Control.HasFocus(71) | Control.HasFocus(72) | Control.HasFocus(73)</visible>
								</control>
								<!-- Custom tile 8 -->
								<control type="radiobutton" id="80">
										<posx>0</posx>
										<posy>0</posy>
										<label>[UPPERCASE]Custom Tile 8[/UPPERCASE]</label>
										<include>MenuCustomButtonCommonValues</include>
										<onclick>Skin.ToggleSetting(CustomHomeTile8Enabled)</onclick>
										<selected>Skin.HasSetting(CustomHomeTile8Enabled)</selected>
								</control>
								<control type="button" id="81">
										<posx>0</posx>
										<posy>0</posy>
										<label> &gt; XBE path</label>
										<label2>$INFO[Skin.String(CustomHomeTile8Xbe)]</label2>
										<include>MenuCustomButtonCommonValues</include>
										<onclick>Skin.SetFile(CustomHomeTile8Xbe,.xbe,)</onclick>
										<visible>Skin.HasSetting(CustomHomeTile8Enabled) + Control.HasFocus(80) | Control.HasFocus(81) | Control.HasFocus(82) | Control.HasFocus(83) | Control.HasFocus(83)</visible>
								</control>
								<control type="button" id="82">
										<posx>0</posx>
										<posy>0</posy>
										<label> &gt; logo.png path</label>
										<label2>$INFO[Skin.String(CustomHomeTile8Logo)]</label2>
										<include>MenuCustomButtonCommonValues</include>
										<onclick>Skin.SetImage(CustomHomeTile8Logo)</onclick>
										<visible>Skin.HasSetting(CustomHomeTile8Enabled) + Control.HasFocus(80) | Control.HasFocus(81) | Control.HasFocus(82) | Control.HasFocus(83)</visible>
								</control>
								<control type="button" id="83">
										<posx>0</posx>
										<posy>0</posy>
										<label> &gt; system_art.png path</label>
										<label2>$INFO[Skin.String(CustomHomeTile8SystemArt)]</label2>
										<include>MenuCustomButtonCommonValues</include>
										<onclick>Skin.SetImage(CustomHomeTile8SystemArt)</onclick>
										<visible>Skin.HasSetting(CustomHomeTile8Enabled) + Control.HasFocus(80) | Control.HasFocus(81) | Control.HasFocus(82) | Control.HasFocus(83)</visible>
								</control>
								<!-- Custom tile 9 -->
								<control type="radiobutton" id="90">
										<posx>0</posx>
										<posy>0</posy>
										<label>[UPPERCASE]Custom Tile 9[/UPPERCASE]</label>
										<include>MenuCustomButtonCommonValues</include>
										<onclick>Skin.ToggleSetting(CustomHomeTile9Enabled)</onclick>
										<selected>Skin.HasSetting(CustomHomeTile9Enabled)</selected>
								</control>
								<control type="button" id="91">
										<posx>0</posx>
										<posy>0</posy>
										<label> &gt; XBE path</label>
										<label2>$INFO[Skin.String(CustomHomeTile9Xbe)]</label2>
										<include>MenuCustomButtonCommonValues</include>
										<onclick>Skin.SetFile(CustomHomeTile9Xbe,.xbe,)</onclick>
										<visible>Skin.HasSetting(CustomHomeTile9Enabled) + Control.HasFocus(90) | Control.HasFocus(91) | Control.HasFocus(92) | Control.HasFocus(93) | Control.HasFocus(93)</visible>
								</control>
								<control type="button" id="92">
										<posx>0</posx>
										<posy>0</posy>
										<label> &gt; logo.png path</label>
										<label2>$INFO[Skin.String(CustomHomeTile9Logo)]</label2>
										<include>MenuCustomButtonCommonValues</include>
										<onclick>Skin.SetImage(CustomHomeTile9Logo)</onclick>
										<visible>Skin.HasSetting(CustomHomeTile9Enabled) + Control.HasFocus(90) | Control.HasFocus(91) | Control.HasFocus(92) | Control.HasFocus(93)</visible>
								</control>
								<control type="button" id="93">
										<posx>0</posx>
										<posy>0</posy>
										<label> &gt; system_art.png path</label>
										<label2>$INFO[Skin.String(CustomHomeTile9SystemArt)]</label2>
										<include>MenuCustomButtonCommonValues</include>
										<onclick>Skin.SetImage(CustomHomeTile9SystemArt)</onclick>
										<visible>Skin.HasSetting(CustomHomeTile9Enabled) + Control.HasFocus(90) | Control.HasFocus(91) | Control.HasFocus(92) | Control.HasFocus(93)</visible>
								</control>
								<!-- Custom tile 10 -->
								<control type="radiobutton" id="100">
										<posx>0</posx>
										<posy>0</posy>
										<label>[UPPERCASE]Custom Tile 10[/UPPERCASE]</label>
										<include>MenuCustomButtonCommonValues</include>
										<onclick>Skin.ToggleSetting(CustomHomeTile10Enabled)</onclick>
										<selected>Skin.HasSetting(CustomHomeTile10Enabled)</selected>
								</control>
								<control type="button" id="101">
										<posx>0</posx>
										<posy>0</posy>
										<label> &gt; XBE path</label>
										<label2>$INFO[Skin.String(CustomHomeTile10Xbe)]</label2>
										<include>MenuCustomButtonCommonValues</include>
										<onclick>Skin.SetFile(CustomHomeTile10Xbe,.xbe,)</onclick>
										<visible>Skin.HasSetting(CustomHomeTile10Enabled) + Control.HasFocus(100) | Control.HasFocus(101) | Control.HasFocus(102) | Control.HasFocus(103) | Control.HasFocus(103)</visible>
								</control>
								<control type="button" id="102">
										<posx>0</posx>
										<posy>0</posy>
										<label> &gt; logo.png path</label>
										<label2>$INFO[Skin.String(CustomHomeTile10Logo)]</label2>
										<include>MenuCustomButtonCommonValues</include>
										<onclick>Skin.SetImage(CustomHomeTile10Logo)</onclick>
										<visible>Skin.HasSetting(CustomHomeTile10Enabled) + Control.HasFocus(100) | Control.HasFocus(101) | Control.HasFocus(102) | Control.HasFocus(103)</visible>
								</control>
								<control type="button" id="103">
										<posx>0</posx>
										<posy>0</posy>
										<label> &gt; system_art.png path</label>
										<label2>$INFO[Skin.String(CustomHomeTile10SystemArt)]</label2>
										<include>MenuCustomButtonCommonValues</include>
										<onclick>Skin.SetImage(CustomHomeTile10SystemArt)</onclick>
										<visible>Skin.HasSetting(CustomHomeTile10Enabled) + Control.HasFocus(100) | Control.HasFocus(101) | Control.HasFocus(102) | Control.HasFocus(103)</visible>
								</control>
						</control>
						<control type="image">
								<posx>338</posx>
								<posy>260</posy>
								<width>30</width>
								<height>30</height>
								<colordiffuse>FF000000</colordiffuse>
								<texture>layouts\art\dpad-h.png</texture>
								<animation effect="fade" delay="100" time="200">visible</animation>
								<animation effect="fade" delay="0" time="0">hidden</animation>
								<visible>Control.HasFocus(1)</visible>
						</control>
						<control type="image">
								<posx>913</posx>
								<posy>260</posy>
								<width>30</width>
								<height>30</height>
								<colordiffuse>FF000000</colordiffuse>
								<texture>layouts\art\dpad-h.png</texture>
								<animation effect="fade" delay="100" time="200">visible</animation>
								<animation effect="fade" delay="0" time="0">hidden</animation>
								<visible>Control.HasFocus(1)</visible>
						</control>
						<control type="image">
								<posx>322</posx>
								<posy>300</posy>
								<width>636</width>
								<height>227</height>
								<aspectratio scalediffuse="false">scale</aspectratio>
								<texture background="false" diffuse="theme_preview_diffuse.png">Special://xbmc/.emustation/themes/$INFO[Skin.CurrentTheme]/preview.jpg</texture>
								<!-- <animation effect="zoom" start="100,0" end="100,100" center="360,300" delay="200" time="100">WindowOpen</animation> -->
								<!-- <animation effect="fade" delay="500" time="100">WindowOpen</animation> -->
								<animation effect="fade" time="100">Visible</animation>
								<animation effect="fade" time="100">Hidden</animation>
								<visible>Control.HasFocus(1)</visible>
						</control>
				</control>
				<control type="image">
						<posx>360r</posx>
						<posy>220</posy>
						<width>22</width>
						<height>22</height>
						<texture>scroll-up.png</texture>
						<colordiffuse>menu_header_label</colordiffuse>
						<animation type="Conditional" condition="System.IdleTime(1)" loop="true" reversable="false">
								<effect type="slide" start="0,0" end="0,-12" time="1000" tween="cubic" easing="inout" delay="3000" />
								<effect type="slide" start="0,0" end="0,12" time="1000" tween="cubic" easing="inout" delay="3500" />
						</animation>
				</control>
				<control type="image">
						<posx>360r</posx>
						<posy>183r</posy>
						<width>22</width>
						<height>22</height>
						<texture>scroll-down.png</texture>
						<colordiffuse>menu_header_label</colordiffuse>
						<visible>!Control.HasFocus(1)</visible>
						<animation type="Conditional" condition="System.IdleTime(1)" loop="true" reversable="false">
								<effect type="slide" start="0,0" end="0,12" time="1000" tween="cubic" easing="inout" delay="3000" />
								<effect type="slide" start="0,0" end="0,-12" time="1000" tween="cubic" easing="inout" delay="3500" />
						</animation>
				</control>
		</controls>
</window>