<window type="dialog" id="1112">
		<defaultcontrol always="true">1</defaultcontrol>
		<controls>
				<control type="group">
						<posy>41.5</posy>
						<control type="image">
								<description>background image</description>
								<posx>320</posx>
								<posy>108</posy>
								<width>640</width>
								<height>221</height>
								<texture border="20,20,20,20">menu_back.png</texture>
								<visible>Skin.HasSetting(KioskMode)</visible>
						</control>
						<control type="image">
								<description>background image</description>
								<posx>320</posx>
								<posy>108</posy>
								<width>640</width>
								<height>421</height>
								<texture border="20,20,20,20">menu_back.png</texture>
								<visible>!Skin.HasSetting(KioskMode)</visible>
						</control>
						<control type="label">
								<description>heading label</description>
								<posx>320</posx>
								<posy>130</posy>
								<width>640</width>
								<height>50</height>
								<align>center</align>
								<aligny>center</aligny>
								<font>size_50</font>
								<label>$LOCALIZE[32001]</label>
								<textcolor>menu_header_label</textcolor>
						</control>
						<control type="grouplist" id="9000">
								<posx>320</posx>
								<posy>200</posy>
								<width>640</width>
								<height>295</height>
								<onright>9000</onright>
								<onleft>9000</onleft>
								<onup>9000</onup>
								<ondown>9000</ondown>
								<itemgap>-1</itemgap>
								<scrolltime>0</scrolltime>
								<control type="button" id="1">
										<posx>0</posx>
										<posy>0</posy>
										<onright>VolumeUp</onright>
										<onleft>VolumeDown</onleft>
										<label>[UPPERCASE]$LOCALIZE[13000] $LOCALIZE[13376][/UPPERCASE]</label>
										<include>MenuVolumeButtonCommonValues</include>
										<onclick>-</onclick>
								</control>
								<control type="radiobutton" id="2">
										<posx>0</posx>
										<posy>0</posy>
										<label>[UPPERCASE]$LOCALIZE[24021] $LOCALIZE[15108][/UPPERCASE]</label>
										<include>MenuButtonCommonValues</include>
										<onclick>Skin.ToggleSetting(DisabledSounds)</onclick>
										<onclick>RunScript( special://emustation_scripts/dis-enable_navsounds.py )</onclick>
										<selected>Skin.HasSetting(DisabledSounds)</selected>
										<visible>!Skin.HasSetting(KioskMode)</visible>
								</control>
								<control type="radiobutton" id="3">
										<posx>0</posx>
										<posy>0</posy>
										<label>[UPPERCASE]$LOCALIZE[31137][/UPPERCASE]</label>
										<include>MenuButtonCommonValues</include>
										<onclick>Skin.ToggleSetting(Use_Startup_Playback)</onclick>
										<selected>Skin.HasSetting(Use_Startup_Playback)</selected>
										<visible>!Skin.HasSetting(KioskMode)</visible>
								</control>
								<control type="button" id="4">
										<posx>0</posx>
										<posy>0</posy>
										<onright>VolumeUp</onright>
										<onleft>VolumeDown</onleft>
										<label> &gt; $LOCALIZE[31411]</label>
										<label2>E:\Music, F:\Music and G:\Music</label2>
										<include>MenuButtonCommonValues</include>
										<onclick>RunScript( special://emustation_scripts/generate_playlist.py )</onclick>
										<visible>Skin.HasSetting(Use_Startup_Playback)</visible>
										<visible>!Skin.HasSetting(KioskMode)</visible>
								</control>
								<control type="button" id="5">
										<posx>0</posx>
										<posy>0</posy>
										<onright>VolumeUp</onright>
										<onleft>VolumeDown</onleft>
										<label> &gt; $LOCALIZE[10503]</label>
										<include>MenuButtonCommonValues</include>
										<onclick>ActivateWindow(500)</onclick>
										<onclick>Dialog.Close(All,true)</onclick>
										<visible>Skin.HasSetting(Use_Startup_Playback)</visible>
										<visible>!Skin.HasSetting(KioskMode)</visible>
								</control>
						</control>
						<control type="label">
								<description>.DB label</description>
								<posx>445r</posx>
								<posy>200</posy>
								<width>100</width>
								<height>50</height>
								<align>center</align>
								<aligny>center</aligny>
								<font>size_23</font>
								<label>[UPPERCASE]$INFO[Player.Volume][/UPPERCASE]</label>
								<textcolor>menu_select_label</textcolor>
								<visible>Control.HasFocus(1)</visible>
						</control>
						<control type="label">
								<description>.DB label</description>
								<posx>445r</posx>
								<posy>200</posy>
								<width>100</width>
								<height>50</height>
								<align>center</align>
								<aligny>center</aligny>
								<font>size_23</font>
								<label>[UPPERCASE]$INFO[Player.Volume][/UPPERCASE]</label>
								<textcolor>menu_deselect_label</textcolor>
								<visible>!Control.HasFocus(1)</visible>
						</control>
				</control>
		</controls>
</window>