<window type="dialog" id="1113">
		<defaultcontrol always="true">9000</defaultcontrol>
		<onload condition="StringCompare(Skin.String(CurrentLayoutTheme),)">Skin.SetString(CurrentLayoutTheme,$LOCALIZE[32027])</onload>
		<onload condition="StringCompare(Skin.String(CurrentLayoutTheme),)">Skin.Reset(synopsislayout)</onload>
		<onload condition="StringCompare(Skin.String(CurrentLayoutTheme),)">Skin.Reset(thumblayout)</onload>
		<controls>
				<control type="group">
						<visible>!Window.IsActive(1300)</visible>
						<posy>41.5</posy>
						<control type="image">
								<description>background image</description>
								<posx>320</posx>
								<posy>108</posy>
								<width>640</width>
								<height>421</height>
								<texture border="20,20,20,20">menu_back.png</texture>
						</control>
						<control type="label">
								<description>heading label</description>
								<posx>320</posx>
								<posy>130</posy>
								<width>640</width>
								<height>50</height>
								<align>center</align>
								<aligny>center</aligny>
								<font>size_50</font>
								<label>$LOCALIZE[32002]</label>
								<textcolor>menu_header_label</textcolor>
						</control>
						<!-- Main Menu -->
						<control type="grouplist" id="9000">
								<posx>320</posx>
								<posy>200</posy>
								<width>640</width>
								<height>295</height>
								<onleft>-</onleft>
								<onright>-</onright>
								<onup>9000</onup>
								<ondown>9000</ondown>
								<itemgap>-1</itemgap>
								<control type="button" id="1">
										<description>Change Layout Types</description>
										<posx>0</posx>
										<posy>0</posy>
										<onright>SetFocus(100)</onright>
										<onleft>SetFocus(200)</onleft>
										<label>[UPPERCASE]$LOCALIZE[582][/UPPERCASE]</label>
										<label2>&lt; [UPPERCASE]$INFO[Skin.String(CurrentLayoutTheme)][/UPPERCASE] &gt;</label2>
										<include>MenuButtonCommonValues</include>
								</control>
								<control type="button" id="2">
										<description>Home Customization</description>
										<posx>0</posx>
										<posy>0</posy>
										<label>$LOCALIZE[32024]</label>
										<include>MenuFolderButtonCommonValues</include>
										<onclick>ActivateWindow(1300)</onclick>
								</control>
								<control type="radiobutton" id="10">
										<description>Disable Fast Game Parsing</description>
										<include>MenuButtonCommonValues</include>
										<label>$LOCALIZE[32098]</label>
										<onclick>Skin.ToggleSetting(fastgameparsingdisabled)</onclick>
										<onclick>RunScript( special://emustation_scripts/dialog_ok.py,show_both-fastgameparsingdisabled,NOTICE,,XBMC-Emustation must be[CR]restarted for changes to take effect )</onclick>
										<onclick>RunScript( special://emustation_scripts/toggle_advancedsettings_settings.py,fasterscanning, )</onclick>
										<selected>Skin.HasSetting(fastgameparsingdisabled)</selected>
								</control>
								<control type="radiobutton" id="11">
										<description>Disable Festive overlays</description>
										<include>MenuButtonCommonValues</include>
										<label>$LOCALIZE[32100]</label>
										<onclick>Skin.ToggleSetting(festiveoverlaydisabled)</onclick>
										<onclick>RunScript( special://emustation_scripts/dialog_ok.py,show_both-festiveoverlaydisabled,NOTICE,,Home screen must be reloaded for[CR]this change to take effect )</onclick>
										<selected>Skin.HasSetting(festiveoverlaydisabled)</selected>
								</control>
								<control type="radiobutton" id="12">
										<description>Disable Slow Scrolling</description>
										<include>MenuButtonCommonValues</include>
										<label>$LOCALIZE[32099]</label>
										<onclick>Skin.ToggleSetting(slowscrollingdisabled)</onclick>
										<onclick>RunScript( special://emustation_scripts/dialog_ok.py,show_both-slowscrollingdisabled,NOTICE,,XBMC-Emustation must be[CR]restarted for changes to take effect )</onclick>
										<onclick>RunScript( special://emustation_scripts/toggle_advancedsettings_settings.py,slowscrolling, )</onclick>
										<selected>Skin.HasSetting(slowscrollingdisabled)</selected>
								</control>
								<control type="radiobutton" id="20">
										<description>Enable Default to last rom</description>
										<posx>0</posx>
										<posy>0</posy>
										<label>$LOCALIZE[32030]</label>
										<label2>$INFO[Skin.String(selectedintrofile)]</label2>
										<include>MenuButtonCommonValues</include>
										<onclick>Skin.ToggleSetting(lastromlist)</onclick>
										<selected>Skin.HasSetting(lastromlist)</selected>
								</control>
								<control type="radiobutton" id="21">
										<description>Enable Intro</description>
										<posx>0</posx>
										<posy>0</posy>
										<label>$LOCALIZE[32026]</label>
										<include>MenuButtonCommonValues</include>
										<onclick>Skin.ToggleSetting(introenabled)</onclick>
										<onclick>RunScript( special://emustation_scripts/toggle_advancedsettings_settings.py,enableintro,splash )</onclick>
										<selected>Skin.HasSetting(introenabled)</selected>
								</control>
								<control type="radiobutton" id="22">
										<description>Enable Kiosk Mode</description>
										<posx>0</posx>
										<posy>0</posy>
										<label>$LOCALIZE[32018]</label>
										<label2>-</label2>
										<include>MenuButtonCommonValues</include>
										<onclick>RunScript( special://emustation_scripts/kioskmode.py )</onclick>
										<selected>Skin.HasSetting(KioskMode)</selected>
								</control>
								<control type="radiobutton" id="23">
										<description>Enable Update Check</description>
										<posx>0</posx>
										<posy>0</posy>
										<label>$LOCALIZE[32020]</label>
										<include>MenuButtonCommonValues</include>
										<onclick>Skin.ToggleSetting(updatecheck)</onclick>
										<onclick>RunScript( special://emustation_scripts/dialog_ok.py,show_disabled-updatecheck,NOTICE,Please enable,Internet time synchronization,options &gt; appearance &gt; international tab )</onclick>
										<selected>!Skin.HasSetting(updatecheck)</selected>
								</control>
						</control>
				</control>
				<!-- going right -->
				<control type="button" id="100">
						<posx>-500</posx>
						<onfocus>SetFocus(1)</onfocus>
						<onfocus>Skin.ToggleSetting(synopsislayout)</onfocus>
						<onfocus>Skin.Reset(thumblayout)</onfocus>
						<onfocus>Skin.SetString(CurrentLayoutTheme,$LOCALIZE[32028])</onfocus>
						<visible>!Skin.HasSetting(synopsislayout) + !Skin.HasSetting(thumblayout)</visible>
				</control>
				<control type="button" id="100">
						<posx>-500</posx>
						<posy>0</posy>
						<onfocus>SetFocus(1)</onfocus>
						<onfocus>Skin.ToggleSetting(thumblayout)</onfocus>
						<onfocus>Skin.Reset(synopsislayout)</onfocus>
						<onfocus>Skin.SetString(CurrentLayoutTheme,$LOCALIZE[32029])</onfocus>
						<visible>Skin.HasSetting(synopsislayout)</visible>
				</control>
				<control type="button" id="100">
						<posx>-500</posx>
						<onfocus>SetFocus(1)</onfocus>
						<onfocus>Skin.Reset(synopsislayout)</onfocus>
						<onfocus>Skin.Reset(thumblayout)</onfocus>
						<onfocus>Skin.SetString(CurrentLayoutTheme,$LOCALIZE[32027])</onfocus>
						<visible>Skin.HasSetting(thumblayout)</visible>
				</control>
				<!-- going left -->
				<control type="button" id="200">
						<posx>-500</posx>
						<onfocus>SetFocus(1)</onfocus>
						<onfocus>Skin.ToggleSetting(thumblayout)</onfocus>
						<onfocus>Skin.Reset(synopsislayout)</onfocus>
						<onfocus>Skin.SetString(CurrentLayoutTheme,$LOCALIZE[32029])</onfocus>
						<visible>!Skin.HasSetting(synopsislayout) + !Skin.HasSetting(thumblayout)</visible>
				</control>
				<control type="button" id="200">
						<posx>-500</posx>
						<onfocus>SetFocus(1)</onfocus>
						<onfocus>Skin.ToggleSetting(synopsislayout)</onfocus>
						<onfocus>Skin.Reset(thumblayout)</onfocus>
						<onfocus>Skin.SetString(CurrentLayoutTheme,$LOCALIZE[32028])</onfocus>
						<visible>Skin.HasSetting(thumblayout)</visible>
				</control>
				<control type="button" id="200">
						<posx>-500</posx>
						<onfocus>SetFocus(1)</onfocus>
						<onfocus>Skin.Reset(synopsislayout)</onfocus>
						<onfocus>Skin.Reset(thumblayout)</onfocus>
						<onfocus>Skin.SetString(CurrentLayoutTheme,$LOCALIZE[32027])</onfocus>
						<visible>Skin.HasSetting(synopsislayout)</visible>
				</control>
				<control type="image">
						<posx>360r</posx>
						<posy>220</posy>
						<width>22</width>
						<height>22</height>
						<texture>scroll-up.png</texture>
						<colordiffuse>menu_header_label</colordiffuse>
						<animation type="Conditional" condition="System.IdleTime(1)" loop="true" reversable="false">
								<effect type="slide" start="0,0" end="0,-12" time="1000" tween="cubic" easing="inout" delay="3000" />
								<effect type="slide" start="0,0" end="0,12" time="1000" tween="cubic" easing="inout" delay="3500" />
						</animation>
				</control>
				<control type="image">
						<posx>360r</posx>
						<posy>182r</posy>
						<width>22</width>
						<height>22</height>
						<texture>scroll-down.png</texture>
						<colordiffuse>menu_header_label</colordiffuse>
						<animation type="Conditional" condition="System.IdleTime(1)" loop="true" reversable="false">
								<effect type="slide" start="0,0" end="0,12" time="1000" tween="cubic" easing="inout" delay="3000" />
								<effect type="slide" start="0,0" end="0,-12" time="1000" tween="cubic" easing="inout" delay="3500" />
						</animation>
				</control>
		</controls>
</window>