<window type="dialog" id="2000">
		<defaultcontrol always="true">3</defaultcontrol>
		<include>dialogeffect</include>
		<controls>
				<control type="group">
						<posy>17</posy>
						<control type="image">
								<description>background image</description>
								<posx>320</posx>
								<posy>108</posy>
								<width>640</width>
								<height>470</height>
								<texture border="20,20,20,20">menu_back.png</texture>
						</control>
						<control type="label" id="1">
								<description>heading label</description>
								<posx>320</posx>
								<posy>130</posy>
								<width>640</width>
								<height>50</height>
								<align>center</align>
								<aligny>center</aligny>
								<font>size_50</font>
								<label>13406</label>
								<textcolor>menu_header_label</textcolor>
						</control>
						<control type="list" id="3">
								<posx>310</posx>
								<posy>200</posy>
								<width>640</width>
								<height>295</height>
								<onup>3</onup>
								<ondown>3</ondown>
								<onleft>5</onleft>
								<onright>5</onright>
								<pagecontrol>61</pagecontrol>
								<scrolltime>200</scrolltime>
								<animation effect="slide" start="0,0" end="10,0" time="0" condition="!Control.IsVisible(61)">Conditional</animation>
								<itemlayout width="640" height="49">
										<control type="image">
												<width>640</width>
												<height>50</height>
												<texture>button-nofocus4.png</texture>
										</control>
										<control type="label">
												<posx>10</posx>
												<posy>0</posy>
												<width>640</width>
												<height>50</height>
												<align>left</align>
												<aligny>center</aligny>
												<font>size_23</font>
												<textcolor>menu_header_label</textcolor>
												<label>[UPPERCASE]$INFO[ListItem.Label][/UPPERCASE]</label>
										</control>
								</itemlayout>
								<focusedlayout width="640" height="49">
										<control type="image">
												<width>640</width>
												<height>50</height>
												<texture>button-nofocus4.png</texture>
												<visible>!Control.HasFocus(3)</visible>
										</control>
										<control type="image">
												<width>640</width>
												<height>50</height>
												<texture>button-focus4.png</texture>
												<visible>Control.HasFocus(3)</visible>
										</control>
										<control type="label">
												<posx>10</posx>
												<posy>0</posy>
												<width>640</width>
												<height>50</height>
												<align>left</align>
												<aligny>center</aligny>
												<font>size_23</font>
												<textcolor>menu_select_label</textcolor>
												<label>[UPPERCASE]$INFO[ListItem.Label][/UPPERCASE]</label>
										</control>
								</focusedlayout>
						</control>
						<control type="button" id="5">
								<description>OK button</description>
								<posx>590</posx>
								<posy>510</posy>
								<label>186</label>
								<include>MenuYesNoButtonCommonValues</include>
								<onleft>3</onleft>
								<onright>3</onright>
								<onup>3</onup>
								<ondown>3</ondown>
						</control>
						<!-- <control type="group"> -->
						<!-- <visible>Control.IsVisible(3)</visible> -->
						<!-- <control type="scrollbar" id="61"> -->
						<!-- <posx>960</posx> -->
						<!-- <posy>108</posy> -->
						<!-- <width>20</width> -->
						<!-- <height>470</height> -->
						<!-- <texturesliderbackground border="2,2,2,2">scrollbar_bar_back2.png</texturesliderbackground> -->
						<!-- <texturesliderbar border="2,16,2,16">scrollbar_bar.png</texturesliderbar> -->
						<!-- <texturesliderbarfocus border="2,16,2,16">scrollbar_bar_focus.png</texturesliderbarfocus> -->
						<!-- <textureslidernib>scrollbar_nib.png</textureslidernib> -->
						<!-- <textureslidernibfocus>scrollbar_nib.png</textureslidernibfocus> -->
						<!-- <onleft>3</onleft> -->
						<!-- <onright>3</onright> -->
						<!-- <ondown>61</ondown> -->
						<!-- <onup>61</onup> -->
						<!-- <showonepage>false</showonepage> -->
						<!-- <orientation>vertical</orientation> -->
						<!-- </control> -->
						<!-- <control type="label"> -->
						<!-- <description>number of files/pages in list text label</description> -->
						<!-- <posx>570</posx> -->
						<!-- <posy>570</posy> -->
						<!-- <width>300</width> -->
						<!-- <height>35</height> -->
						<!-- <font>size_20</font> -->
						<!-- <align>right</align> -->
						<!-- <aligny>center</aligny> -->
						<!-- <scroll>true</scroll> -->
						<!-- <textcolor>white</textcolor> -->
						<!-- <label>($INFO[Container(3).NumItems]) $LOCALIZE[31025] - $LOCALIZE[31024] ($INFO[Container(3).CurrentPage]/$INFO[Container(3).NumPages])</label> -->
						<!-- </control> -->
						<!-- </control> -->
				</control>
				<control type="image">
						<posx>360r</posx>
						<posy>195</posy>
						<width>22</width>
						<height>22</height>
						<texture>scroll-up.png</texture>
						<colordiffuse>menu_header_label</colordiffuse>
						<animation type="Conditional" condition="System.IdleTime(1)" loop="true" reversable="false">
								<effect type="slide" start="0,0" end="0,-12" time="1000" tween="cubic" easing="inout" delay="3000" />
								<effect type="slide" start="0,0" end="0,12" time="1000" tween="cubic" easing="inout" delay="3500" />
						</animation>
				</control>
				<control type="image">
						<posx>360r</posx>
						<posy>208r</posy>
						<width>22</width>
						<height>22</height>
						<texture>scroll-down.png</texture>
						<colordiffuse>menu_header_label</colordiffuse>
						<animation type="Conditional" condition="System.IdleTime(1)" loop="true" reversable="false">
								<effect type="slide" start="0,0" end="0,12" time="1000" tween="cubic" easing="inout" delay="3000" />
								<effect type="slide" start="0,0" end="0,-12" time="1000" tween="cubic" easing="inout" delay="3500" />
						</animation>
				</control>
		</controls>
</window>