<window id="101">
		<defaultcontrol>10</defaultcontrol>
		<coordinates>
				<system>1</system>
				<posx>0</posx>
				<posy>0</posy>
		</coordinates>
		<controls>
				<control type="image">
						<description>background image</description>
						<posx>0</posx>
						<posy>0</posy>
						<width>1280</width>
						<height>7200</height>
						<texture>black-back.png</texture>
				</control>
				<control type="group">
						<include condition="!Window.IsActive(1114) + !Window.IsActive(1901)">dialogeffect</include>
						<control type="image">
								<description>background image</description>
								<posx>290</posx>
								<posy>210</posy>
								<width>700</width>
								<height>300</height>
								<texture border="20">menu_back.png</texture>
						</control>
						<control type="image">
								<description>background image</description>
								<posx>290</posx>
								<posy>300</posy>
								<width>700</width>
								<height>1</height>
								<texture>separator_menu.png</texture>
						</control>
						<control type="image">
								<description>background image</description>
								<posx>290</posx>
								<posy>430</posy>
								<width>700</width>
								<height>1</height>
								<texture>separator_menu.png</texture>
						</control>
						<control type="label" id="1">
								<description>heading label</description>
								<posx>290</posx>
								<posy>210</posy>
								<width>0</width>
								<height>0</height>
								<font>-</font>
								<visible>false</visible>
						</control>
						<control type="label">
								<description>heading label</description>
								<posx>290</posx>
								<posy>230</posy>
								<width>700</width>
								<height>50</height>
								<align>center</align>
								<aligny>center</aligny>
								<font>size_35</font>
								<!-- <label>$INFO[Control.GetLabel(1)] $INFO[System.Progressbar,- ,%]</label> -->
								<label>$INFO[Control.GetLabel(1)]</label>
								<textcolor>menu_header_label</textcolor>
						</control>
						<control type="group">
								<animation effect="slide" start="0,0" end="0,15" time="0" condition="Window.IsActive(11114)">Conditional</animation>
								<control type="label" id="2">
										<description>dialog line 1</description>
										<posx>300</posx>
										<posy>305</posy>
										<width>680</width>
										<height>50</height>
										<label>-</label>
										<font>size_28</font>
										<textcolor>menu_deselect_label</textcolor>
										<align>center</align>
										<aligny>center</aligny>
								</control>
								<control type="label" id="3">
										<description>dialog line 2</description>
										<posx>300</posx>
										<posy>340</posy>
										<width>680</width>
										<height>50</height>
										<label>-</label>
										<font>size_28</font>
										<textcolor>menu_deselect_label</textcolor>
										<align>center</align>
										<aligny>center</aligny>
										<haspath>yes</haspath>
								</control>
						</control>
						<control type="group">
								<animation effect="slide" start="0,0" end="0,70" time="0" condition="Window.IsActive(11114)">Conditional</animation>
								<control type="label" id="4">
										<description>dialog line 3</description>
										<posx>300</posx>
										<posy>375</posy>
										<width>680</width>
										<height>50</height>
										<label>-</label>
										<font>size_28</font>
										<textcolor>menu_deselect_label</textcolor>
										<align>center</align>
										<aligny>center</aligny>
										<haspath>yes</haspath>
								</control>
						</control>
						<control type="progress">
								<description>Progressbar</description>
								<posx>300</posx>
								<posy>425</posy>
								<width>680</width>
								<height>10</height>
								<info>System.Progressbar</info>
								<visible>IsEmpty(Skin.String(DisableProgress))</visible>
						</control>
						<control type="button" id="10">
								<description>Cancel button</description>
								<posx>590</posx>
								<posy>445</posy>
								<label>222</label>
								<include>MenuYesNoButtonCommonValues</include>
								<onleft>10</onleft>
								<onright>10</onright>
								<onup>10</onup>
								<ondown>10</ondown>
								<visible>!Window.IsActive(1111) + !Window.IsActive(1112) + !Window.IsActive(1113) + !Window.IsActive(11114) + !Window.IsActive(1115) + !Window.IsActive(1116) + !Window.IsActive(1117) + IsEmpty(Skin.String(DisableCancel))</visible>
						</control>
				</control>
		</controls>
</window>