<window type="dialog" id="114">
		<defaultcontrol always="true">603</defaultcontrol>
		<include>dialogeffect</include>
		<controls>
				<control type="button" id="603">
						<posx>-500</posx>
						<onfocus>dialog.close(114,true)</onfocus>
						<onfocus>RunScript(special://emustation_scripts/random_select.py)</onfocus>
						<visible>!Player.HasMedia</visible>
				</control>
				<control type="group">
						<posx>430r</posx>
						<posy>0</posy>
						<control type="image">
								<posx>-21</posx>
								<posy>-15</posy>
								<width>467</width>
								<height>142</height>
								<aspectratio>stretch</aspectratio>
								<texture>player_undelay.png</texture>
						</control>
						<!-- Music Cover -->
						<control type="image">
								<posx>10</posx>
								<posy>11</posy>
								<width>90</width>
								<height>90</height>
								<aspectratio>stretch</aspectratio>
								<texture diffuse="toast.png">$INFO[musicplayer.cover]</texture>
								<fadetime>500</fadetime>
						</control>
						<control type="group">
								<!-- Progress Bar -->
								<control type="progress">
										<description>Progressbar</description>
										<posx>105</posx>
										<posy>50</posy>
										<width>307</width>
										<height>10</height>
										<info>Player.Progress</info>
										<texturebg border="6,0,6,0">scrollbar_bar_back2.png</texturebg>
										<lefttexture>-</lefttexture>
										<midtexture border="4,0,4,0">ProgressFront.png</midtexture>
										<righttexture>-</righttexture>
										<overlaytexture>-</overlaytexture>
								</control>
								<control type="label.">
										<posx>105</posx>
										<posy>85</posy>
										<width>307</width>
										<height>14</height>
										<font>size_14</font>
										<align>left</align>
										<textcolor>black</textcolor>
										<label>$INFO[Player.Time(hh:mm:ss)]</label>
								</control>
								<control type="label.">
										<posx>410</posx>
										<posy>85</posy>
										<width>307</width>
										<height>14</height>
										<font>size_14</font>
										<align>right</align>
										<textcolor>black</textcolor>
										<label>$INFO[Player.Duration(hh:mm:ss)]</label>
								</control>
								<!-- Labels -->
								<control type="fadelabel">
										<posx>105</posx>
										<posy>15</posy>
										<width>307</width>
										<height>18</height>
										<align>left</align>
										<aligny>center</aligny>
										<font>size_18</font>
										<textcolor>black</textcolor>
										<shadowcolor>-</shadowcolor>
										<scrollout>false</scrollout>
										<pauseatend>2000</pauseatend>
										<label>[UPPERCASE]$INFO[MusicPlayer.Album][/UPPERCASE]</label>
								</control>
								<control type="fadelabel">
										<posx>105</posx>
										<posy>32</posy>
										<width>307</width>
										<height>15</height>
										<align>left</align>
										<aligny>center</aligny>
										<font>size_15</font>
										<textcolor>black</textcolor>
										<shadowcolor>-</shadowcolor>
										<scrollout>false</scrollout>
										<pauseatend>2000</pauseatend>
										<label>[UPPERCASE]$INFO[MusicPlayer.Title][/UPPERCASE]</label>
										<animation effect="fade" start="0" end="80" time="0" condition="true">Conditional</animation>
								</control>
								<!-- Buttons -->
								<control type="group" id="9002">
										<posx>35</posx>
										<posy>50</posy>
										<control type="image">
												<posx>95</posx>
												<posy>15</posy>
												<width>145</width>
												<height>30</height>
												<aspectratio>stretch</aspectratio>
												<texture border="2,2,2,2">scrollbar_bar_back2.png</texture>
										</control>
										<control type="button" id="600">
												<posx>110</posx>
												<posy>18</posy>
												<width>24</width>
												<height>24</height>
												<label>-</label>
												<texturefocus>playercontrols-prevfo.png</texturefocus>
												<texturenofocus>playercontrols-prevnf.png</texturenofocus>
												<onclick>XBMC.PlayerControl(Previous)</onclick>
												<onleft>608</onleft>
												<onright>603</onright>
										</control>
										<control type="group">
												<posx>140</posx>
												<posy>18</posy>
												<control type="button" id="603">
														<posx>0</posx>
														<posy>0</posy>
														<width>24</width>
														<height>24</height>
														<label>-</label>
														<texturefocus>-</texturefocus>
														<texturenofocus>-</texturenofocus>
														<onclick>XBMC.PlayerControl(Play)</onclick>
														<onleft>600</onleft>
														<onright>601</onright>
												</control>
												<control type="image">
														<posx>0</posx>
														<posy>0</posy>
														<width>24</width>
														<height>24</height>
														<texture>playercontrols-pausefo.png</texture>
														<visible>Control.HasFocus(603) + !Player.Paused</visible>
												</control>
												<control type="image">
														<posx>0</posx>
														<posy>0</posy>
														<width>24</width>
														<height>24</height>
														<texture>playercontrols-pausenf.png</texture>
														<visible>!Control.HasFocus(603) + !Player.Paused</visible>
												</control>
												<control type="image">
														<posx>0</posx>
														<posy>0</posy>
														<width>24</width>
														<height>24</height>
														<texture>playercontrols-playfo.png</texture>
														<visible>Control.HasFocus(603) + Player.Paused</visible>
												</control>
												<control type="image">
														<posx>0</posx>
														<posy>0</posy>
														<width>24</width>
														<height>24</height>
														<texture>playercontrols-playnf.png</texture>
														<visible>!Control.HasFocus(603) + Player.Paused</visible>
												</control>
										</control>
										<control type="button" id="601">
												<posx>170</posx>
												<posy>18</posy>
												<width>24</width>
												<height>24</height>
												<label>-</label>
												<texturefocus>playercontrols-stopnf.png</texturefocus>
												<texturenofocus>playercontrols-stopfo.png</texturenofocus>
												<onclick>XBMC.PlayerControl(Stop)</onclick>
												<onclick>dialog.close(114,true)</onclick>
												<onleft>603</onleft>
												<onright>602</onright>
										</control>
										<control type="button" id="602">
												<posx>200</posx>
												<posy>18</posy>
												<width>24</width>
												<height>24</height>
												<label>-</label>
												<texturefocus>playercontrols-nextfo.png</texturefocus>
												<texturenofocus>playercontrols-nextnf.png</texturenofocus>
												<onleft>601</onleft>
												<onright>605</onright>
												<onclick>XBMC.PlayerControl(Next)</onclick>
										</control>
								</control>
						</control>
						<!-- Shuffle Repeat buttons -->
						<control type="group" id="9001">
								<posx>285</posx>
								<posy>50</posy>
								<control type="image">
										<posx>2</posx>
										<posy>15</posy>
										<width>100</width>
										<height>30</height>
										<aspectratio>stretch</aspectratio>
										<texture border="2,2,2,2">scrollbar_bar_back2.png</texture>
								</control>
								<control type="group">
										<posx>10</posx>
										<posy>18</posy>
										<control type="image">
												<posx>0</posx>
												<posy>0</posy>
												<width>24</width>
												<height>24</height>
												<aspectratio>stretch</aspectratio>
												<texture>playercontrols-randomnf.png</texture>
												<visible>!Playlist.IsRandom</visible>
										</control>
										<control type="image">
												<posx>0</posx>
												<posy>0</posy>
												<width>24</width>
												<height>24</height>
												<aspectratio>stretch</aspectratio>
												<texture>playercontrols-randomon.png</texture>
												<visible>Playlist.IsRandom</visible>
										</control>
										<control type="button" id="605">
												<posx>0</posx>
												<posy>0</posy>
												<width>24</width>
												<height>24</height>
												<label>-</label>
												<aspectratio>stretch</aspectratio>
												<texturefocus>playercontrols-randomfo.png</texturefocus>
												<texturenofocus>-</texturenofocus>
												<onclick>XBMC.PlayerControl(Random)</onclick>
												<onleft>602</onleft>
												<onright>606</onright>
										</control>
								</control>
								<control type="group">
										<posx>40</posx>
										<posy>18</posy>
										<control type="button" id="606">
												<posx>0</posx>
												<posy>0</posy>
												<width>24</width>
												<height>24</height>
												<label>-</label>
												<texturefocus>music_visualisation-fo.png</texturefocus>
												<texturenofocus>music_visualisation-nf.png</texturenofocus>
												<onclick>ActivateWindow(121)</onclick>
												<ondown>ActivateWindow(122)</ondown>
												<onleft>605</onleft>
												<onright>608</onright>
												<visible>Window.IsActive(2006)</visible>
										</control>
								</control>
								<control type="group">
										<posx>70</posx>
										<posy>18</posy>
										<control type="image">
												<posx>0</posx>
												<posy>0</posy>
												<width>24</width>
												<height>24</height>
												<texture>playercontrols-repeatnf.png</texture>
												<visible>!Playlist.IsRepeat + !Playlist.IsRepeatOne</visible>
										</control>
										<control type="image">
												<posx>0</posx>
												<posy>0</posy>
												<width>24</width>
												<height>24</height>
												<texture>playercontrols-repeatonenf.png</texture>
												<visible>Playlist.IsRepeatOne</visible>
										</control>
										<control type="image">
												<posx>0</posx>
												<posy>0</posy>
												<width>24</width>
												<height>24</height>
												<texture>playercontrols-repeatallnf.png</texture>
												<visible>Playlist.IsRepeat</visible>
										</control>
										<control type="button" id="608">
												<posx>0</posx>
												<posy>0</posy>
												<width>24</width>
												<height>24</height>
												<label>-</label>
												<texturefocus>PlayerControls-Repeatfo.png</texturefocus>
												<texturenofocus>-</texturenofocus>
												<onclick>XBMC.PlayerControl(Repeat)</onclick>
												<onleft>606</onleft>
												<onright>600</onright>
										</control>
								</control>
						</control>
				</control>
		</controls>
</window>