<window type="dialog" id="1115">
		<defaultcontrol always="true">9000</defaultcontrol>
		<controls>
				<control type="image">
						<description>background image</description>
						<left>0</left>
						<top>0</top>
						<width>720</width>
						<height>576</height>
						<colordiffuse>E0000000</colordiffuse>
						<texture>background diffuse.png</texture>
						<visible>!Window.IsActive(1111)</visible>
				</control>
				<control type="group">
						<top>0</top>
						<visible>!Control.HasFocus(100) + !Control.HasFocus(101) + !Control.HasFocus(102) + !Control.HasFocus(103) + !Control.HasFocus(104) + !Control.HasFocus(105)</visible>
						<control type="image">
								<description>background image</description>
								<left>150</left>
								<top>80</top>
								<width>430</width>
								<height>380</height>
								<colordiffuse>menu_back_image</colordiffuse>
								<texture border="20,20,20,20">menu_back.png</texture>
						</control>
						<control type="label">
								<description>heading label</description>
								<left>150</left>
								<top>80</top>
								<width>430</width>
								<height>80</height>
								<align>center</align>
								<aligny>center</aligny>
								<font>size_50</font>
								<label>[UPPERCASE]$LOCALIZE[31204][/UPPERCASE]</label>
								<textcolor>menu_header_label</textcolor>
						</control>
						<control type="grouplist" id="9000">
								<left>150</left>
								<top>170</top>
								<width>431</width>
								<height>255</height>
								<onleft>9000</onleft>
								<onright>9000</onright>
								<onup>9000</onup>
								<ondown>9000</ondown>
								<itemgap>-1</itemgap>
								<control type="button" id="1">
										<left>0</left>
										<top>0</top>
										<label>[UPPERCASE]$LOCALIZE[31380][/UPPERCASE]</label>
										<include>MenuButtonCommonValues</include>
										<onclick>SetFocus(101)</onclick>
								</control>
								<control type="button" id="2">
										<left>0</left>
										<top>0</top>
										<label>[UPPERCASE]$LOCALIZE[31381][/UPPERCASE]</label>
										<include>MenuButtonCommonValues</include>
										<onclick>SetFocus(103)</onclick>
								</control>
								<control type="button" id="3">
										<left>0</left>
										<top>0</top>
										<label>[UPPERCASE]$LOCALIZE[31382][/UPPERCASE]</label>
										<include>MenuButtonCommonValues</include>
										<onclick>SetFocus(105)</onclick>
								</control>
						</control>
				</control>
				<control type="group">
						<top>100</top>
						<left>-180</left>
						<visible>Control.HasFocus(100) | Control.HasFocus(101) | Control.HasFocus(102) | Control.HasFocus(103) | Control.HasFocus(104) | Control.HasFocus(105)</visible>
						<!-- Yes no dialog -->
						<control type="image">
								<description>background image</description>
								<left>320</left>
								<top>108</top>
								<width>460</width>
								<height>168</height>
								<colordiffuse>menu_back_image</colordiffuse>
								<texture border="20,20,20,20">menu_back.png</texture>
						</control>
						<control type="image">
								<description>background image</description>
								<left>320</left>
								<top>200</top>
								<width>460</width>
								<height>1</height>
								<texture>separator_menu.png</texture>
						</control>
						<control type="label">
								<description>heading label</description>
								<left>320</left>
								<top>130</top>
								<width>460</width>
								<height>50</height>
								<align>center</align>
								<aligny>center</aligny>
								<font>size_30</font>
								<label>[UPPERCASE]$LOCALIZE[31380]?[/UPPERCASE]</label>
								<textcolor>menu_header_label</textcolor>
								<visible>Control.HasFocus(100) | Control.HasFocus(101)</visible>
						</control>
						<!-- restart app -->
						<control type="grouplist" id="9001">
								<left>320</left>
								<top>212</top>
								<width>460</width>
								<height>150</height>
								<itemgap>5</itemgap>
								<align>center</align>
								<orientation>horizontal</orientation>
								<visible allowhiddenfocus="true">Control.HasFocus(100) | Control.HasFocus(101)</visible>
								<control type="button" id="100">
										<left>0</left>
										<top>0</top>
										<label>[UPPERCASE]$LOCALIZE[12019][/UPPERCASE]</label>
										<include>MenuYesNoButtonCommonValues</include>
										<onclick>RestartApp</onclick>
								</control>
								<control type="button" id="101">
										<left>0</left>
										<top>0</top>
										<label>[UPPERCASE]$LOCALIZE[12018][/UPPERCASE]</label>
										<include>MenuYesNoButtonCommonValues</include>
										<onclick>SetFocus(1)</onclick>
								</control>
						</control>
						<control type="label">
								<description>heading label</description>
								<left>320</left>
								<top>130</top>
								<width>460</width>
								<height>50</height>
								<align>center</align>
								<aligny>center</aligny>
								<font>size_30</font>
								<label>[UPPERCASE]$LOCALIZE[31381]?[/UPPERCASE]</label>
								<textcolor>menu_header_label</textcolor>
								<visible>Control.HasFocus(102) | Control.HasFocus(103)</visible>
						</control>
						<!-- restart xbox -->
						<control type="grouplist" id="9002">
								<left>320</left>
								<top>212</top>
								<width>460</width>
								<height>150</height>
								<itemgap>5</itemgap>
								<align>center</align>
								<orientation>horizontal</orientation>
								<visible allowhiddenfocus="true">Control.HasFocus(102) | Control.HasFocus(103)</visible>
								<control type="button" id="102">
										<left>0</left>
										<top>0</top>
										<label>[UPPERCASE]$LOCALIZE[12019][/UPPERCASE]</label>
										<include>MenuYesNoButtonCommonValues</include>
										<onclick>Reboot</onclick>
								</control>
								<control type="button" id="103">
										<left>0</left>
										<top>0</top>
										<label>[UPPERCASE]$LOCALIZE[12018][/UPPERCASE]</label>
										<include>MenuYesNoButtonCommonValues</include>
										<onclick>SetFocus(2)</onclick>
								</control>
						</control>
						<control type="label">
								<description>heading label</description>
								<left>320</left>
								<top>130</top>
								<width>460</width>
								<height>50</height>
								<align>center</align>
								<aligny>center</aligny>
								<font>size_30</font>
								<label>[UPPERCASE]$LOCALIZE[31382]?[/UPPERCASE]</label>
								<textcolor>menu_header_label</textcolor>
								<visible>Control.HasFocus(104) | Control.HasFocus(105)</visible>
						</control>
						<!-- shutdown xbox -->
						<control type="grouplist" id="9003">
								<left>320</left>
								<top>212</top>
								<width>460</width>
								<height>150</height>
								<itemgap>5</itemgap>
								<align>center</align>
								<orientation>horizontal</orientation>
								<visible allowhiddenfocus="true">Control.HasFocus(104) | Control.HasFocus(105)</visible>
								<control type="button" id="104">
										<left>0</left>
										<top>0</top>
										<label>[UPPERCASE]$LOCALIZE[12019][/UPPERCASE]</label>
										<include>MenuYesNoButtonCommonValues</include>
										<onclick>Powerdown</onclick>
								</control>
								<control type="button" id="105">
										<left>0</left>
										<top>0</top>
										<label>[UPPERCASE]$LOCALIZE[12018][/UPPERCASE]</label>
										<include>MenuYesNoButtonCommonValues</include>
										<onclick>SetFocus(3)</onclick>
								</control>
						</control>
				</control>
		</controls>
</window>