<window id="1111">
		<defaultcontrol always="true">9001</defaultcontrol>
		<controls>
				<include>CommonBackground</include>
				<control type="group">
						<include>ViewVisibleEffect</include>
						<control type="image">
								<posx>55</posx>
								<posy>70</posy>
								<width>1170</width>
								<height>590</height>
								<texture>black-back.png</texture>
						</control>
						<!-- Start General Skin Settings -->
						<control type="grouplist" id="9001">
								<posx>55</posx>
								<posy>70</posy>
								<width>1230</width>
								<height>590</height>
								<itemgap>-1</itemgap>
								<pagecontrol>9061</pagecontrol>
								<onleft>9000</onleft>
								<onright>9061</onright>
								<onup>9001</onup>
								<ondown>9001</ondown>
								<visible>!Container(9002).HasFocus()</visible>
								<control type="label" id="1">
										<description>Advanced Features</description>
										<width>1170</width>
										<height>40</height>
										<font>font12</font>
										<textcolor>white</textcolor>
										<label> Music Options</label>
										<align>center</align>
										<aligny>center</aligny>
								</control>
								<control type="button" id="10">
										<description>Startup Playback creation</description>
										<include>CustomSettingsButtons</include>
										<label>$LOCALIZE[32042]</label>
										<onclick>ActivateWindow(501)</onclick>
								</control>
								<control type="radiobutton" id="11">
										<description>Startup Playback</description>
										<include>CustomSettingsButtons</include>
										<label>31137</label>
										<onclick>Skin.ToggleSetting(Use_Startup_Playback)</onclick>
										<selected>Skin.HasSetting(Use_Startup_Playback)</selected>
								</control>
								<control type="button" id="12">
										<description>Startup Playback Path</description>
										<include>CustomSettingsButtons</include>
										<label>$LOCALIZE[32090]</label>
										<onclick>RunScript( Special://xbmc/scripts/XBMC4Kids/Utilities/Generate Random Playlist.py )</onclick>
										<visible>Skin.HasSetting(Use_Startup_Playback)</visible>
								</control>
								<control type="button" id="13">
										<description>Startup Playback Path</description>
										<include>CustomSettingsButtons</include>
										<label> - $LOCALIZE[21801]</label>
										<label2>[COLOR=blue]$INFO[Skin.String(Startup_Playback_Path)][/COLOR]</label2>
										<onclick>Skin.SetFile(Startup_Playback_Path,.m3u,special://profile/playlists/music/)</onclick>
										<visible>Skin.HasSetting(Use_Startup_Playback)</visible>
								</control>
								<control type="label" id="2">
										<description>Advanced Features</description>
										<width>1170</width>
										<height>40</height>
										<font>font12</font>
										<textcolor>white</textcolor>
										<label> Other Toggles</label>
										<align>center</align>
										<aligny>center</aligny>
								</control>
								<control type="radiobutton" id="20">
										<description>Launcher toggle</description>
										<include>CustomSettingsButtons</include>
										<label>$LOCALIZE[32043]</label>
										<onclick>Skin.ToggleSetting(EmuButton)</onclick>
										<selected>Skin.HasSetting(EmuButton)</selected>
								</control>
								<control type="button" id="21">
										<description>Launcher Path</description>
										<include>CustomSettingsButtons</include>
										<label> - $LOCALIZE[32044]</label>
										<label2>[COLOR=blue]$INFO[Skin.String(Emulator_Path)][/COLOR]</label2>
										<onclick>Skin.SetFile(Emulator_Path,,)</onclick>
										<visible>Skin.HasSetting(EmuButton)</visible>
								</control>
								<control type="radiobutton" id="22">
										<description>Time Display</description>
										<include>CustomSettingsButtons</include>
										<label>$LOCALIZE[32048]</label>
										<onclick>Skin.ToggleSetting(DisplayTime)</onclick>
										<selected>Skin.HasSetting(DisplayTime)</selected>
								</control>
								<control type="button" id="23">
										<description>[B]Preview video[/B] settings</description>
										<include>CustomSettingsButtons</include>
										<label>$LOCALIZE[32045]</label>
										<onclick>ActivateWindow(1115)</onclick>
								</control>
								<control type="radiobutton" id="24">
										<description>ThumbCleaner - Change ,0 to a 1 to use the games default.tbn files.</description>
										<include>CustomSettingsButtons</include>
										<label>$LOCALIZE[32058]</label>
										<onclick>Skin.ToggleSetting(CleanThumbsToggle)</onclick>
										<selected>Skin.HasSetting(CleanThumbsToggle)</selected>
								</control>
								<control type="button" id="25">
										<description>ThumbCleaner - Clean thumbnails, removed none used thumbnails.</description>
										<include>CustomSettingsButtons</include>
										<label>$LOCALIZE[32071]</label>
										<label2>$LOCALIZE[32072]</label2>
										<onclick>RunScript( Special://xbmc/scripts/XBMC4Kids/Utilities/Clean Thumbs.py )</onclick>
										<visible>Skin.HasSetting(CleanThumbsToggle)</visible>
								</control>
								<control type="button" id="26">
										<description>ThumbCleaner - Remove thumbnails, removes all thumbnails.</description>
										<include>CustomSettingsButtons</include>
										<label>$LOCALIZE[32073]</label>
										<label2>$LOCALIZE[32074]</label2>
										<onclick>RunScript( Special://xbmc/scripts/XBMC4Kids/Utilities/Clean Thumbs.py,0,1 )</onclick>
										<visible>Skin.HasSetting(CleanThumbsToggle)</visible>
								</control>
								<control type="button" id="27">
										<description>ThumbCleaner - Generate new thumbnails, copies default.tbn files to the thumbs directory.</description>
										<include>CustomSettingsButtons</include>
										<label>$LOCALIZE[32075]</label>
										<label2>$LOCALIZE[32076]</label2>
										<onclick>RunScript( Special://xbmc/scripts/XBMC4Kids/Utilities/Clean Thumbs.py,1,0 )</onclick>
										<visible>Skin.HasSetting(CleanThumbsToggle)</visible>
								</control>
								<control type="button" id="28">
										<description>Clear Cache</description>
										<include>CustomSettingsButtons</include>
										<label>$LOCALIZE[32012]</label>
										<onclick>RunScript( Special://xbmc/scripts/XBMC4Kids/Utilities/Clear Cache.py )</onclick>
								</control>
								<control type="button" id="29">
										<description>Clear Cache</description>
										<include>CustomSettingsButtons</include>
										<label>$LOCALIZE[247] $LOCALIZE[33061]</label>
										<onclick>ActivateWindow(Scripts)</onclick>
								</control>
								<control type="label" id="3">
										<description>Debug Stuff</description>
										<width>1170</width>
										<height>40</height>
										<font>font12</font>
										<textcolor>white</textcolor>
										<label> Debug Stuff</label>
										<align>center</align>
										<aligny>center</aligny>
								</control>
								<control type="radiobutton" id="39">
										<description>Debug</description>
										<include>CustomSettingsButtons</include>
										<label>$LOCALIZE[32049]</label>
										<onclick>Skin.ToggleSetting(Debuginfo)</onclick>
										<selected>Skin.HasSetting(Debuginfo)</selected>
								</control>
						</control>
				</control>
				<include>WindowHeader</include>
				<control type="image">
						<posx>20</posx>
						<posy>5</posy>
						<width>40</width>
						<height>35</height>
						<aspectratio>keep</aspectratio>
						<texture>icon_system.png</texture>
						<include>Window_OpenClose_Animation</include>
				</control>
				<control type="label">
						<description>Header label</description>
						<posx>70</posx>
						<posy>5</posy>
						<width>700</width>
						<height>35</height>
						<align>left</align>
						<aligny>center</aligny>
						<font>font12</font>
						<textcolor>white</textcolor>
						<label>$LOCALIZE[20077]</label>
						<include>Window_OpenClose_Animation</include>
				</control>
				<include>WindowFooter</include>
				<include>BehindDialogFadeOut</include>
				<!-- Debug Info -->
				<include>Debug</include>
		</controls>
</window>