<window type="dialog" id="1112">
		<defaultcontrol always="true">9002</defaultcontrol>
		<coordinates>
				<system>0</system>
				<posx>290</posx>
				<posy>210</posy>
		</coordinates>
		<include>dialogeffect</include>
		<controls>
				<control type="button" id="9002">
						<posx>-500</posx>
						<onfocus>Dialog.Close(1112,true)</onfocus>
						<onfocus>ActivateWindow(Favourites)</onfocus>
						<visible>!Skin.HasSetting(editmode)</visible>
				</control>
				<control type="image">
						<description>background image</description>
						<posx>0</posx>
						<posy>0</posy>
						<width>700</width>
						<height>300</height>
						<texture border="40">dialogback.png</texture>
				</control>
				<control type="image">
						<description>Heading Background</description>
						<posx>30</posx>
						<posy>34</posy>
						<width>640</width>
						<height>40</height>
						<texture border="5">thumbfo.png</texture>
				</control>
				<control type="label">
						<description>heading label</description>
						<posx>40</posx>
						<posy>35</posy>
						<width>620</width>
						<height>40</height>
						<align>center</align>
						<aligny>center</aligny>
						<font>font18</font>
						<label>$LOCALIZE[32010]</label>
						<textcolor>black</textcolor>
				</control>
				<control type="list" id="9002">
						<posx>145</posx>
						<posy>100</posy>
						<width>635</width>
						<height>205</height>
						<onleft>-</onleft>
						<onright>-</onright>
						<onup>-</onup>
						<ondown>9003</ondown>
						<scrolltime>200</scrolltime>
						<orientation>horizontal</orientation>
						<preloaditems>3</preloaditems>
						<animation reversible="false" effect="slide" start="0,0" end="-65,0" time="0" condition="Skin.HasSetting(EmuButton)">Conditional</animation>
						<itemlayout height="125" width="130">
								<control type="image">
										<posx>22</posx>
										<posy>0</posy>
										<width>114</width>
										<height>114</height>
										<aspectratio>stretch</aspectratio>
										<texture border="5">button-nofocus.png</texture>
								</control>
								<control type="image">
										<posx>27</posx>
										<posy>5</posy>
										<width>104</width>
										<height>104</height>
										<aspectratio>stretch</aspectratio>
										<texture background="true">$INFO[listitem.icon]</texture>
										<bordersize>1</bordersize>
								</control>
						</itemlayout>
						<focusedlayout height="125" width="130">
								<control type="image">
										<posx>27</posx>
										<posy>5</posy>
										<width>104</width>
										<height>104</height>
										<aspectratio>stretch</aspectratio>
										<texture background="true">$INFO[listitem.icon]</texture>
										<bordertexture border="5">poster-border.png</bordertexture>
										<bordersize>3</bordersize>
										<animation reversible="false" effect="zoom" start="7,7,104,104" end="-3,-3,124,124" time="200">focus</animation>
										<animation reversible="false" effect="zoom" end="7,7,104,104" start="-3,-3,124,124" time="0">unfocus</animation>
								</control>
								<control type="label">
										<description>label</description>
										<posx>80</posx>
										<posy>80</posy>
										<width>400</width>
										<height>125</height>
										<align>center</align>
										<aligny>center</aligny>
										<font>font13</font>
										<textcolor>white</textcolor>
										<info>ListItem.Label</info>
										<animation effect="fade" start="100" end="0" time="0">unfocus</animation>
								</control>
						</focusedlayout>
						<content>
								<item id="0">
										<label>$LOCALIZE[32039]</label>
										<onclick>Dialog.Close(1112,true)</onclick>
										<onclick>XBMC.RunXBE($INFO[Skin.String(Emulator_Path)])</onclick>
										<icon>Emu Launcher.png</icon>
										<visible>Skin.HasSetting(EmuButton)</visible>
								</item>
								<item id="1">
										<label>$LOCALIZE[32040]</label>
										<onclick>Dialog.Close(1112,true)</onclick>
										<onclick>ActivateWindow(GameSaves)</onclick>
										<icon>gamesave.png</icon>
								</item>
								<item id="2">
										<label>$LOCALIZE[32011]</label>
										<onclick>Dialog.Close(1112,true)</onclick>
										<onclick>ActivateWindow(Favourites)</onclick>
										<icon>Favourites.png</icon>
								</item>
								<item id="3">
										<label>$LOCALIZE[32041]</label>
										<onclick>Dialog.Close(1112,true)</onclick>
										<onclick>ActivateWindow(Settings)</onclick>
										<icon>settings.png</icon>
								</item>
						</content>
				</control>
				<control type="button" id="9003">
						<posx>30</posx>
						<posy>265</posy>
						<width>640</width>
						<height>50</height>
						<onup>9002</onup>
						<ondown>9003</ondown>
						<font>font12</font>
						<label>$LOCALIZE[13005] Xbox</label>
						<textcolor>white</textcolor>
						<focusedcolor>black</focusedcolor>
						<texturefocus border="5">ThumbFO.png</texturefocus>
						<texturenofocus border="5">black-back.png</texturenofocus>
						<onclick>Shutdown</onclick>
				</control>
				<!-- Debug Info -->
				<include>Debug</include>
		</controls>
</window>