<window id="1111">
	<defaultcontrol always="true">9001</defaultcontrol>
	<controls>
		<include>CommonBackground</include>
		<control type="group">
			<animation type="WindowOpen" reversible="false">
				<effect type="zoom" start="80" end="100" center="640,360" easing="out" tween="back" time="300" delay="200" />
				<effect type="fade" start="0" end="100" time="300" delay="200" />
			</animation>
			<animation type="WindowClose" reversible="false">
				<effect type="zoom" start="100" end="80" center="640,360" easing="in" tween="back" time="300" />
				<effect type="fade" start="100" end="0" time="300" />
			</animation>
			<!-- Start General Skin Settings -->
			<control type="grouplist" id="9001">
				<posx>212</posx>
				<posy>50</posy>
				<width>880</width>
				<height>570</height>
				<itemgap>0</itemgap>
				<pagecontrol>9061</pagecontrol>
				<onleft>9000</onleft>
				<onright>9061</onright>
				<onup>9001</onup>
				<ondown>9001</ondown>
				<control type="image" id="111">
					<width>880</width>
					<height>4</height>
					<texture>-</texture>
				</control>
				<control type="button" id="112">
					<description>Startup Playback creation</description>
					<width>880</width>
					<height>45</height>
					<font>font12</font>
					<label>Create Playlist</label>
					<textcolor>white</textcolor>
					<focusedcolor>black</focusedcolor>
					<onclick>ActivateWindow(501)</onclick>
					<texturefocus border="5">ThumbFO.png</texturefocus>
					<texturenofocus border="5">ListNF.png</texturenofocus>
				</control>
				<control type="radiobutton" id="113">
					<description>Startup Playback</description>
					<width>880</width>
					<height>45</height>
					<font>font12</font>
					<label>31137</label>
					<textcolor>white</textcolor>
					<focusedcolor>black</focusedcolor>
					<texturefocus border="5">ThumbFO.png</texturefocus>
					<texturenofocus border="5">ListNF.png</texturenofocus>
					<onclick>Skin.ToggleSetting(Use_Startup_Playback)</onclick>
					<selected>Skin.HasSetting(Use_Startup_Playback)</selected>
				</control>
				<control type="button" id="114">
					<description>Startup Playback Path</description>
					<width>880</width>
					<height>45</height>
					<font>font12</font>
					<textcolor>grey2</textcolor>
					<focusedcolor>black</focusedcolor>
					<label> - $LOCALIZE[21801]</label>
					<label2>[COLOR=blue2]$INFO[Skin.String(Startup_Playback_Path)][/COLOR]</label2>
					<onclick>Skin.SetFile(Startup_Playback_Path,.m3u,special://profile/playlists/music/)</onclick>
					<texturefocus border="5">ThumbFO.png</texturefocus>
					<texturenofocus border="5">ListNF.png</texturenofocus>
					<visible>Skin.HasSetting(Use_Startup_Playback)</visible>
				</control>
				<control type="radiobutton" id="115">
					<description>Launcher toggle</description>
					<width>880</width>
					<height>45</height>
					<font>font12</font>
					<textcolor>white</textcolor>
					<focusedcolor>black</focusedcolor>
					<label>Enable Emulator Launcher button in the [B]Options[/B] Dialogue.</label>
					<onclick>Skin.ToggleSetting(EmuButton)</onclick>
					<selected>Skin.HasSetting(EmuButton)</selected>
					<texturefocus border="5">ThumbFO.png</texturefocus>
					<texturenofocus border="5">ListNF.png</texturenofocus>
				</control>
				<control type="button" id="116">
					<description>Launcher Path</description>
					<width>880</width>
					<height>45</height>
					<font>font12</font>
					<textcolor>grey2</textcolor>
					<focusedcolor>black</focusedcolor>
					<label> - Launcher Path</label>
					<label2>[COLOR=blue2]$INFO[Skin.String(Emulator_Path)][/COLOR]</label2>
					<onclick>Skin.SetFile(Emulator_Path,,)</onclick>
					<texturefocus border="5">ThumbFO.png</texturefocus>
					<texturenofocus border="5">ListNF.png</texturenofocus>
					<visible>Skin.HasSetting(EmuButton)</visible>
				</control>
				<control type="radiobutton" id="117">
					<description>Debug</description>
					<width>880</width>
					<height>45</height>
					<font>font12</font>
					<textcolor>white</textcolor>
					<focusedcolor>black</focusedcolor>
					<label>Enable Debug Information</label>
					<onclick>Skin.ToggleSetting(Debuginfo)</onclick>
					<selected>Skin.HasSetting(Debuginfo)</selected>
					<texturefocus border="5">ThumbFO.png</texturefocus>
					<texturenofocus border="5">ListNF.png</texturenofocus>
				</control>
			</control>
		</control>
		<include>WindowHeader</include>
		<control type="image">
			<posx>20</posx>
			<posy>5</posy>
			<width>40</width>
			<height>35</height>
			<aspectratio>keep</aspectratio>
			<texture>icon_system.png</texture>
			<include>Window_OpenClose_Animation</include>
		</control>
		<control type="label">
			<description>Header label</description>
			<posx>70</posx>
			<posy>5</posy>
			<width>700</width>
			<height>35</height>
			<align>left</align>
			<aligny>center</aligny>
			<font>font12</font>
			<textcolor>white</textcolor>
			<label>$LOCALIZE[20077]</label>
			<include>Window_OpenClose_Animation</include>
		</control>
		<include>WindowFooter</include>
		<include>BehindDialogFadeOut</include>
		<!-- Debug Info -->
		<include>Debug</include>
	</controls>
</window>