<window id="0">
	<defaultcontrol always="true">1</defaultcontrol>
	<allowoverlay>no</allowoverlay>
	<controls>
		<control type="image">
			<posx>0</posx>
			<posy>0</posy>
			<width>1280</width>
			<height>720</height>
			<texture>Background.png</texture>
		</control>
		<control type="image">
			<posx>0</posx>
			<posy>0</posy>
			<width>1280</width>
			<height>45</height>
			<texture border="0,0,0,2">Header.png</texture>
		</control>
		<control type="image">
			<posx>20</posx>
			<posy>5</posy>
			<width>40</width>
			<height>35</height>
			<aspectratio>keep</aspectratio>
			<texture>icon_system.png</texture>
		</control>
		<control type="label">
			<description>Header label</description>
			<posx>70</posx>
			<posy>5</posy>
			<width>700</width>
			<height>35</height>
			<align>left</align>
			<aligny>center</aligny>
			<font>font13</font>
			<textcolor>white</textcolor>
			<label>Logging out $INFO[system.profilename]</label>
		</control>
		<control type="button" id="1">
			<description>Launch Games Window</description>
			<posx>0</posx>
			<posy>0</posy>
			<width>0</width>
			<height>0</height>
			<label>-</label>
			<font>-</font>
			<onfocus>system.logoff</onfocus>
			<onfocus>dialog.close(all,true)</onfocus>
			<texturenofocus>-</texturenofocus>
			<texturefocus>-</texturefocus>
			<enable>[System.HasLoginScreen + System.Loggedon]</enable>
			<animation effect="fade" start="100" end="0" time="500">WindowOpen</animation>
		</control>
		<!-- Debug Info -->
		<include>Debug</include>
	</controls>
</window>