<includes>
		<include name="Video_Preview">
				<!-- Display preview overlay -->
				<control type="button" id="9004">
						<posx>-500</posx>
						<visible>!Skin.HasSetting(Synopsis)</visible>
				</control>
				<control type="button" id="9004">
						<posx>-500</posx>
						<onclick>PlayWith($INFO[Skin.String(Player_Type)])</onclick>
						<onclick>xbmc.playmedia($INFO[ListItem.Path,,_resources\media\]$INFO[Skin.String(Synopsis_Video_Preview_Name)],1)</onclick>
						<onclick>SetFocus(9005)</onclick>
						<visible>Skin.HasSetting(Synopsis) + Skin.HasSetting(PreviewWindow) + !Player.HasMedia</visible>
				</control>
				<control type="button" id="9004">
						<posx>-500</posx>
						<onclick>Stop</onclick>
						<onclick>SetFocus(9005)</onclick>
						<visible>Skin.HasSetting(Synopsis) + Skin.HasSetting(PreviewWindow) + Player.HasVideo</visible>
				</control>
				<control type="button" id="9005">
						<posx>-500</posx>
						<onfocus>SetFocus(9004)</onfocus>
				</control>
				<control type="group">
						<control type="image">
								<description>background image</description>
								<posx>0</posx>
								<posy>0</posy>
								<width>1280</width>
								<height>720</height>
								<texture>black-back.png</texture>
								<visible>!Skin.HasSetting(Synopsis) + Skin.HasSetting(PreviewWindow)</visible>
								<animation effect="fade" start="0" end="70" delay="0" time="500" condition="Skin.HasSetting(PreviewWindow)">Conditional</animation>
						</control>
						<control type="image">
								<posx>100</posx>
								<posy>59</posy>
								<width>1080</width>
								<height>614</height>
								<aspectratio>stretch</aspectratio>
								<texture diffuse="synopsis_diffuse.png">$INFO[listitem.path,,_resources\artwork\fanart.jpg]</texture>
								<visible>!Skin.HasSetting(Synopsis) + Skin.HasSetting(PreviewWindow)</visible>
								<animation effect="fade" start="0" end="100" delay="700" time="500" condition="Skin.HasSetting(PreviewWindow)">Conditional</animation>
						</control>
						<control type="image">
								<description>background image</description>
								<posx>100</posx>
								<posy>59</posy>
								<width>1080</width>
								<height>614</height>
								<texture>synopsis_background_alt.png</texture>
								<aspectratio>stretch</aspectratio>
								<visible>!Skin.HasSetting(Synopsis) + Skin.HasSetting(PreviewWindow)</visible>
								<animation effect="fade" start="0" end="100" delay="0" time="100" condition="Skin.HasSetting(PreviewWindow)">Conditional</animation>
						</control>
						<control type="label">
								<posx>100</posx>
								<posy>68</posy>
								<width>1080</width>
								<height>608</height>
								<font>font25</font>
								<align>center</align>
								<aligny>center</aligny>
								<label>No Preview Video Found</label>
								<visible>!Skin.HasSetting(Synopsis) + Skin.HasSetting(PreviewWindow) + !Player.HasVideo</visible>
								<animation effect="fade" start="0" end="20" delay="750" time="1000" condition="Skin.HasSetting(PreviewWindow)">Conditional</animation>
						</control>
						<control type="videowindow">
								<description>video preview window</description>
								<posx>100</posx>
								<posy>71</posy>
								<width>1080</width>
								<height>589</height>
								<visible>!Skin.HasSetting(Synopsis) + Skin.HasSetting(PreviewWindow)</visible>
								<animation effect="fade" start="0" end="100" delay="500" time="1000" condition="Skin.HasSetting(PreviewWindow)">Conditional</animation>
						</control>
				</control>
				<control type="group">
						<control type="image">
								<description>background image</description>
								<posx>0</posx>
								<posy>0</posy>
								<width>1280</width>
								<height>720</height>
								<texture>black-back.png</texture>
								<visible>Skin.HasSetting(Synopsis) + Skin.HasSetting(PreviewWindow)</visible>
								<animation effect="fade" start="0" end="70" delay="0" time="500" condition="Skin.HasSetting(PreviewWindow)">Conditional</animation>
						</control>
						<control type="image">
								<posx>39</posx>
								<posy>59</posy>
								<width>1202</width>
								<height>614</height>
								<aspectratio>stretch</aspectratio>
								<texture diffuse="synopsis_diffuse.png">$INFO[listitem.path,,_resources\artwork\fanart.jpg]</texture>
								<visible>Skin.HasSetting(Synopsis) + Skin.HasSetting(PreviewWindow)</visible>
								<animation effect="fade" start="0" end="100" delay="700" time="500" condition="Skin.HasSetting(PreviewWindow)">Conditional</animation>
						</control>
						<control type="image">
								<description>background image</description>
								<posx>39</posx>
								<posy>59</posy>
								<width>1202</width>
								<height>614</height>
								<texture>synopsis_background.png</texture>
								<aspectratio>stretch</aspectratio>
								<visible>Skin.HasSetting(Synopsis) + Skin.HasSetting(PreviewWindow)</visible>
								<animation effect="fade" start="0" end="100" delay="0" time="100" condition="Skin.HasSetting(PreviewWindow)">Conditional</animation>
						</control>
						<control type="image">
								<description>background image</description>
								<posx>74</posx>
								<posy>94</posy>
								<width>173</width>
								<height>252</height>
								<texture background="true" fallback="no_poster.png">$INFO[listitem.path,,_resources\artwork\poster.jpg]</texture>
								<aspectratio>stretch</aspectratio>
								<visible>Skin.HasSetting(Synopsis) + Skin.HasSetting(PreviewWindow)</visible>
								<animation effect="fade" start="0" end="100" delay="0" time="100" condition="Skin.HasSetting(PreviewWindow)">Conditional</animation>
						</control>
						<control type="label">
								<posx>270</posx>
								<posy>94</posy>
								<width>457</width>
								<height>252</height>
								<font>font25</font>
								<align>center</align>
								<aligny>center</aligny>
								<label>No Screenshots Found</label>
								<visible>Skin.HasSetting(Synopsis) + Skin.HasSetting(PreviewWindow)</visible>
								<animation effect="fade" start="0" end="20" delay="1500" time="1000" condition="Skin.HasSetting(PreviewWindow)">Conditional</animation>
						</control>
						<control type="multiimage">
								<description>Screenshots window</description>
								<posx>270</posx>
								<posy>94</posy>
								<width>457</width>
								<height>252</height>
								<imagepath>$INFO[ListItem.Path,,_resources\screenshots\]</imagepath>
								<timeperimage>5000</timeperimage>
								<fadetime>1000</fadetime>
								<pauseatend>0</pauseatend>
								<randomize>true</randomize>
								<loop>yes</loop>
								<aspectratio>stretch</aspectratio>
								<visible>Skin.HasSetting(Synopsis) + Skin.HasSetting(PreviewWindow)</visible>
								<animation effect="fade" start="0" end="100" delay="1000" time="750" condition="Skin.HasSetting(PreviewWindow)">Conditional</animation>
						</control>
						<control type="label">
								<posx>749</posx>
								<posy>94</posy>
								<width>457</width>
								<height>252</height>
								<font>font25</font>
								<align>center</align>
								<aligny>center</aligny>
								<label>$INFO[Skin.String(Synopsis_Video_Preview_Name)] Found</label>
								<visible>Skin.HasSetting(Synopsis) + Skin.HasSetting(PreviewWindow)</visible>
								<animation effect="fade" start="0" end="20" delay="1500" time="1000" condition="Skin.HasSetting(PreviewWindow)">Conditional</animation>
						</control>
						<control type="videowindow">
								<description>video preview window</description>
								<posx>749</posx>
								<posy>94</posy>
								<width>457</width>
								<height>252</height>
								<visible>Skin.HasSetting(Synopsis) + Skin.HasSetting(PreviewWindow)</visible>
								<animation effect="fade" start="0" end="100" delay="0" time="750" condition="Skin.HasSetting(PreviewWindow)">Conditional</animation>
						</control>
						<control type="image.">
								<description>Synopsis Separator</description>
								<posx>15</posx>
								<posy>360</posy>
								<width>1202</width>
								<height>2</height>
								<aspectratio>stretch</aspectratio>
								<texture>separator.png</texture>
								<visible>Skin.HasSetting(Synopsis) + Skin.HasSetting(PreviewWindow)</visible>
								<animation effect="fade" start="0" end="100" delay="250" time="1000" condition="Skin.HasSetting(PreviewWindow)">Conditional</animation>
						</control>
						<control type="grouplist">
								<posx>69</posx>
								<posy>370</posy>
								<width>1202</width>
								<height>280</height>
								<itemgap>23</itemgap>
								<control type="label">
										<description>Synopsis Title</description>
										<posx>0</posx>
										<posy>0</posy>
										<width>567</width>
										<height>0</height>
										<font>font12a</font>
										<textcolor>grey2</textcolor>
										<align>left</align>
										<aligny>left</aligny>
										<label>$INFO[Window(MyPrograms).Property(Synopsis_title)]</label>
										<visible>Skin.HasSetting(Synopsis) + Skin.HasSetting(PreviewWindow)</visible>
										<animation effect="fade" start="0" end="100" delay="1500" time="1000" condition="Skin.HasSetting(PreviewWindow)">Conditional</animation>
								</control>
								<control type="label">
										<description>Synopsis Developer</description>
										<posx>0</posx>
										<posy>0</posy>
										<width>567</width>
										<height>0</height>
										<font>font12a</font>
										<textcolor>grey2</textcolor>
										<align>left</align>
										<aligny>left</aligny>
										<label>$INFO[Window(MyPrograms).Property(Synopsis_developer)]</label>
										<visible>Skin.HasSetting(Synopsis) + Skin.HasSetting(PreviewWindow)</visible>
										<animation effect="fade" start="0" end="100" delay="1500" time="1000" condition="Skin.HasSetting(PreviewWindow)">Conditional</animation>
								</control>
								<control type="label">
										<description>Synopsis Publisher</description>
										<posx>0</posx>
										<posy>0</posy>
										<width>567</width>
										<height>0</height>
										<font>font12a</font>
										<textcolor>grey2</textcolor>
										<align>left</align>
										<aligny>left</aligny>
										<label>$INFO[Window(MyPrograms).Property(Synopsis_publisher)]</label>
										<visible>Skin.HasSetting(Synopsis) + Skin.HasSetting(PreviewWindow)</visible>
										<animation effect="fade" start="0" end="100" delay="1500" time="1000" condition="Skin.HasSetting(PreviewWindow)">Conditional</animation>
								</control>
								<control type="label">
										<description>Synopsis ESRBb</description>
										<posx>0</posx>
										<posy>0</posy>
										<width>567</width>
										<height>0</height>
										<font>font12a</font>
										<textcolor>grey2</textcolor>
										<align>left</align>
										<aligny>left</aligny>
										<label>$INFO[Window(MyPrograms).Property(Synopsis_esrb)]</label>
										<visible>Skin.HasSetting(Synopsis) + Skin.HasSetting(PreviewWindow)</visible>
										<animation effect="fade" start="0" end="100" delay="1500" time="1000" condition="Skin.HasSetting(PreviewWindow)">Conditional</animation>
								</control>
								<control type="label">
										<description>Synopsis ESRB Descriptors</description>
										<posx>0</posx>
										<posy>0</posy>
										<width>567</width>
										<height>0</height>
										<font>font12a</font>
										<textcolor>grey2</textcolor>
										<align>left</align>
										<aligny>left</aligny>
										<label>$INFO[Window(MyPrograms).Property(Synopsis_esrb_descriptors)]</label>
										<visible>Skin.HasSetting(Synopsis) + Skin.HasSetting(PreviewWindow)</visible>
										<animation effect="fade" start="0" end="100" delay="1500" time="1000" condition="Skin.HasSetting(PreviewWindow)">Conditional</animation>
								</control>
								<control type="label">
										<description>Synopsis Offline</description>
										<posx>0</posx>
										<posy>0</posy>
										<width>567</width>
										<height>0</height>
										<font>font12a</font>
										<textcolor>grey2</textcolor>
										<align>left</align>
										<aligny>left</aligny>
										<label>$INFO[Window(MyPrograms).Property(Synopsis_features_general)]</label>
										<visible>Skin.HasSetting(Synopsis) + Skin.HasSetting(PreviewWindow)</visible>
										<animation effect="fade" start="0" end="100" delay="1500" time="1000" condition="Skin.HasSetting(PreviewWindow)">Conditional</animation>
								</control>
								<control type="label">
										<description>Synopsis Online</description>
										<posx>0</posx>
										<posy>0</posy>
										<width>567</width>
										<height>0</height>
										<font>font12a</font>
										<textcolor>grey2</textcolor>
										<align>left</align>
										<aligny>left</aligny>
										<label>$INFO[Window(MyPrograms).Property(Synopsis_features_online)]</label>
										<visible>Skin.HasSetting(Synopsis) + Skin.HasSetting(PreviewWindow)</visible>
										<animation effect="fade" start="0" end="100" delay="1500" time="1000" condition="Skin.HasSetting(PreviewWindow)">Conditional</animation>
								</control>
								<control type="label">
										<description>Synopsis Genre</description>
										<posx>0</posx>
										<posy>0</posy>
										<width>567</width>
										<height>0</height>
										<font>font12a</font>
										<textcolor>grey2</textcolor>
										<align>left</align>
										<aligny>left</aligny>
										<label>$INFO[Window(MyPrograms).Property(Synopsis_genre)]</label>
										<visible>Skin.HasSetting(Synopsis) + Skin.HasSetting(PreviewWindow)</visible>
										<animation effect="fade" start="0" end="100" delay="1500" time="1000" condition="Skin.HasSetting(PreviewWindow)">Conditional</animation>
								</control>
								<control type="label">
										<description>Synopsis Release Date</description>
										<posx>0</posx>
										<posy>0</posy>
										<width>567</width>
										<height>0</height>
										<font>font12a</font>
										<textcolor>grey2</textcolor>
										<align>left</align>
										<aligny>left</aligny>
										<label>$INFO[Window(MyPrograms).Property(Synopsis_release_date)]</label>
										<visible>Skin.HasSetting(Synopsis) + Skin.HasSetting(PreviewWindow)</visible>
										<animation effect="fade" start="0" end="100" delay="1500" time="1000" condition="Skin.HasSetting(PreviewWindow)">Conditional</animation>
								</control>
								<control type="label">
										<description>Synopsis Platform</description>
										<posx>0</posx>
										<posy>0</posy>
										<width>567</width>
										<height>0</height>
										<font>font12a</font>
										<textcolor>grey2</textcolor>
										<align>left</align>
										<aligny>left</aligny>
										<label>$INFO[Window(MyPrograms).Property(Synopsis_platform)]</label>
										<visible>Skin.HasSetting(Synopsis) + Skin.HasSetting(PreviewWindow)</visible>
										<animation effect="fade" start="0" end="100" delay="1500" time="1000" condition="Skin.HasSetting(PreviewWindow)">Conditional</animation>
								</control>
								<control type="label">
										<description>Synopsis Exclusive</description>
										<posx>0</posx>
										<posy>0</posy>
										<width>567</width>
										<height>0</height>
										<font>font12a</font>
										<textcolor>grey2</textcolor>
										<align>left</align>
										<aligny>left</aligny>
										<label>$INFO[Window(MyPrograms).Property(Synopsis_exclusive)]</label>
										<visible>Skin.HasSetting(Synopsis) + Skin.HasSetting(PreviewWindow)</visible>
										<animation effect="fade" start="0" end="100" delay="1500" time="1000" condition="Skin.HasSetting(PreviewWindow)">Conditional</animation>
								</control>
								<control type="label">
										<description>Synopsis TitleId</description>
										<posx>0</posx>
										<posy>0</posy>
										<width>567</width>
										<height>0</height>
										<font>font12a</font>
										<textcolor>grey2</textcolor>
										<align>left</align>
										<aligny>left</aligny>
										<label>$INFO[Window(MyPrograms).Property(Synopsis_titleid)]</label>
										<visible>Skin.HasSetting(Synopsis) + Skin.HasSetting(PreviewWindow)</visible>
										<animation effect="fade" start="0" end="100" delay="1500" time="1000" condition="Skin.HasSetting(PreviewWindow)">Conditional</animation>
								</control>
						</control>
						<control type="textbox">
								<description>Synopsis Description</description>
								<posx>639</posx>
								<posy>370</posy>
								<width>567</width>
								<height>280</height>
								<font>font12a</font>
								<textcolor>grey2</textcolor>
								<align>left</align>
								<scrolltime>200</scrolltime>
								<autoscroll delay="10000" time="1000" repeat="10000">Control.HasFocus(9004)</autoscroll>
								<label>$INFO[Window(MyPrograms).Property(Synopsis_overview)]</label>
								<visible>Skin.HasSetting(Synopsis) + Skin.HasSetting(PreviewWindow)</visible>
								<animation effect="fade" start="0" end="100" delay="1500" time="1000" condition="Skin.HasSetting(PreviewWindow)">Conditional</animation>
						</control>
				</control>
		</include>
</includes>