<window id="35">
	<defaultcontrol always="true">50</defaultcontrol>
	<allowoverlay>no</allowoverlay>
	<views>50</views>
	<controls>
		<include>CommonBackground</include>
		<control type="group">
			<include>ViewVisibleEffect</include>
			<include file="View_PosterView.xml">PosterView</include>
			<!-- view id = 50 -->
		</control>
		<control type="group">
			<include>WindowHeader</include>
			<include>WindowFooter</include>
			<include>ScrollOffsetLabel</include>
		</control>
		<control type="group">
			<posx>0</posx>
			<posy>45</posy>
			<animation effect="slide" reversible="true" start="-300,0" end="0,0" time="100">Visible</animation>
			<animation effect="slide" reversible="true" start="0,0" end="-300,0" time="100">Hidden</animation>
			<visible allowhiddenfocus="true">ControlGroup(117).HasFocus</visible>
			<control type="group" id="117">
				<control type="image">
					<description>background image</description>
					<posx>0</posx>
					<posy>0</posy>
					<width>230</width>
					<height>45</height>
					<texture border="8">SubBack.png</texture>
				</control>
				<control type="button" id="3">
					<description>Sort by button</description>
					<posx>0</posx>
					<posy>0</posy>
					<width>230</width>
					<include>ButtonCommonValues</include>
					<label>103</label>
					<onleft>4</onleft>
					<onright>4</onright>
					<onup>50</onup>
					<ondown>50</ondown>
				</control>
				<control type="togglebutton" id="4">
					<description>Sort asc</description>
					<posx>200</posx>
					<posy>13</posy>
					<label>-</label>
					<onleft>3</onleft>
					<onright>3</onright>
					<onup>50</onup>
					<ondown>50</ondown>
				</control>
			</control>
		</control>
		<include>WindowHeader</include>
		<control type="image">
			<posx>20</posx>
			<posy>5</posy>
			<width>40</width>
			<height>35</height>
			<aspectratio>keep</aspectratio>
			<texture>icon_addons.png</texture>
		</control>
		<control type="label">
			<description>Header label</description>
			<posx>70</posx>
			<posy>5</posy>
			<width>700</width>
			<height>35</height>
			<align>left</align>
			<aligny>center</aligny>
			<font>font13</font>
			<textcolor>white</textcolor>
			<label>$LOCALIZE[9] - $LOCALIZE[20323]</label>
		</control>
		<!-- Debug Info -->
		<include>Debug</include>
	</controls>
</window>