<window id="500">
		<defaultcontrol always="true">50</defaultcontrol>
		<allowoverlay>no</allowoverlay>
		<controls>
				<include>CommonBackground</include>
				<include>ViewVisibleEffect</include>
				<include file="Viewtype_CommonRootView.xml">CommonRootView</include>
				<!-- This is ControlGroup(9001) -->
				<include>CommonNowPlaying</include>
				<control type="group">
						<include>CommonOptionsMenuBack</include>
						<control type="group" id="9000">
								<posx>5</posx>
								<posy>30</posy>
								<control type="button" id="2">
										<description>View As button</description>
										<posx>0</posx>
										<posy>0</posy>
										<include>ButtonCommonValues</include>
										<label>-</label>
										<onleft>9001</onleft>
										<onright>50</onright>
										<onup>22</onup>
										<ondown>20</ondown>
								</control>
								<control type="radiobutton" id="20">
										<description>Shuffle button</description>
										<posx>0</posx>
										<posy>45</posy>
										<include>ButtonCommonValues</include>
										<label>191</label>
										<onleft>9001</onleft>
										<onright>50</onright>
										<onup>2</onup>
										<ondown>26</ondown>
								</control>
								<control type="button" id="26">
										<description>Repeat button</description>
										<posx>0</posx>
										<posy>90</posy>
										<include>ButtonCommonValues</include>
										<label>-</label>
										<onleft>9001</onleft>
										<onright>50</onright>
										<onup>20</onup>
										<ondown>21</ondown>
								</control>
								<control type="button" id="21">
										<description>Save button</description>
										<posx>0</posx>
										<posy>135</posy>
										<label>190</label>
										<include>ButtonCommonValues</include>
										<onleft>9001</onleft>
										<onright>50</onright>
										<onup>26</onup>
										<ondown>22</ondown>
								</control>
								<control type="button" id="22">
										<description>Clear button</description>
										<posx>0</posx>
										<posy>180</posy>
										<label>192</label>
										<onclick>ReplaceWindow(music)</onclick>
										<include>ButtonCommonValues</include>
										<onleft>9001</onleft>
										<onright>50</onright>
										<onup>21</onup>
										<ondown>2</ondown>
								</control>
						</control>
				</control>
				<include>WindowHeader</include>
				<control type="image">
						<posx>20</posx>
						<posy>5</posy>
						<width>40</width>
						<height>35</height>
						<aspectratio>keep</aspectratio>
						<texture>icon_music.png</texture>
				</control>
				<control type="label">
						<description>Header label</description>
						<posx>70</posx>
						<posy>5</posy>
						<width>700</width>
						<height>35</height>
						<align>left</align>
						<aligny>center</aligny>
						<font>font23</font>
						<textcolor>white</textcolor>
						<label>$LOCALIZE[10517]</label>
				</control>
				<include>WindowFooter</include>
				<control type="grouplist">
						<description>Media Codec Flagging Images</description>
						<posx>20</posx>
						<posy>43r</posy>
						<width>620</width>
						<itemgap>5</itemgap>
						<orientation>horizontal</orientation>
						<include file="IncludesCodecFlagging.xml">AudioTypeHackFlaggingConditions</include>
				</control>
				<include>ScrollOffsetLabel</include>
				<!-- Debug Info -->
				<include>Debug</include>
		</controls>
</window>