<window type="dialog" id="114">
		<defaultcontrol always="true">605</defaultcontrol>
		<include>dialogeffect</include>
		<controls>
				<control type="button" id="605">
						<posx>-500</posx>
						<onfocus>dialog.close(114,true)</onfocus>
						<visible>!Player.HasMedia</visible>
				</control>
				<control type="image">
						<posx>0</posx>
						<posy>0</posy>
						<width>1280</width>
						<height>720</height>
						<texture fallback="Background.png">$INFO[skin.string(background_color)]</texture>
						<aspectratio>stretch</aspectratio>
						<visible>!IsEmpty.($INFO[Skin.String(Background_Custom_Color)])</visible>
				</control>
				<control type="image">
						<posx>0</posx>
						<posy>0</posy>
						<width>1280</width>
						<height>720</height>
						<texture>background diffuse.png</texture>
						<colordiffuse>$VAR[var-bgcustcolour]</colordiffuse>
						<aspectratio>stretch</aspectratio>
				</control>
				<control type="visualisation.">
						<posx>0</posx>
						<posy>0</posy>
						<width>1280</width>
						<height>720</height>
						<visible>Player.HasAudio</visible>
				</control>
				<!-- Music Covers -->
				<control type="group">
						<control type="image">
								<posx>-265</posx>
								<posy>125</posy>
								<width>300</width>
								<height>300</height>
								<aspectratio>scale</aspectratio>
								<texture>$INFO[musicplayer.offset(-2).cover]</texture>
								<bordertexture border="5">black-back.png</bordertexture>
								<bordersize>1</bordersize>
								<visible>!Skin.HasSetting(MusicVis)</visible>
						</control>
						<control type="image">
								<posx>85</posx>
								<posy>125</posy>
								<width>300</width>
								<height>300</height>
								<aspectratio>scale</aspectratio>
								<texture>$INFO[musicplayer.offset(-1).cover]</texture>
								<bordersize>1</bordersize>
								<visible>!Skin.HasSetting(MusicVis)</visible>
						</control>
						<control type="image">
								<posx>435</posx>
								<posy>70</posy>
								<width>410</width>
								<height>410</height>
								<aspectratio>scale</aspectratio>
								<texture>$INFO[musicplayer.cover]</texture>
								<bordersize>1</bordersize>
								<visible>!Skin.HasSetting(MusicVis)</visible>
						</control>
						<control type="image">
								<posx>895</posx>
								<posy>125</posy>
								<width>300</width>
								<height>300</height>
								<aspectratio>scale</aspectratio>
								<texture>$INFO[musicplayer.offset(1).cover]</texture>
								<bordersize>1</bordersize>
								<visible>!Skin.HasSetting(MusicVis)</visible>
						</control>
						<control type="image">
								<posx>1245</posx>
								<posy>125</posy>
								<width>300</width>
								<height>300</height>
								<aspectratio>scale</aspectratio>
								<texture>$INFO[musicplayer.offset(2).cover]</texture>
								<bordersize>1</bordersize>
								<visible>!Skin.HasSetting(MusicVis)</visible>
						</control>
				</control>
				<!-- Chevron -->
				<control type="image">
						<posx>629</posx>
						<posy>20</posy>
						<width>22</width>
						<height>22</height>
						<texture>scroll-up.png</texture>
						<colordiffuse>$VAR[var-labelcolour]</colordiffuse>
						<visible>!ControlGroup(9002).HasFocus</visible>
						<animation type="Conditional" condition="System.IdleTime(5)" loop="true" reversable="false">
								<effect type="slide" start="0,0" end="0,-12" time="1000" tween="cubic" easing="inout" delay="3000" />
								<effect type="slide" start="0,0" end="0,12" time="1000" tween="cubic" easing="inout" delay="3500" />
						</animation>
				</control>
				<!-- Buttons -->
				<control type="group" id="9002">
						<posx>548</posx>
						<posy>-40</posy>
						<animation effect="slide" start="0,0" end="0,60" delay="0" time="200" condition="ControlGroup(9002).HasFocus">Conditional</animation>
						<control type="button" id="600">
								<posx>0</posx>
								<posy>0</posy>
								<width>36</width>
								<height>36</height>
								<label>-</label>
								<texturefocus>PlayerControls-Prevfo.png</texturefocus>
								<texturenofocus>PlayerControls-Prevnf.png</texturenofocus>
								<onclick>XBMC.PlayerControl(Previous)</onclick>
								<onleft>602</onleft>
								<onright>603</onright>
								<onup>-</onup>
								<ondown>9001</ondown>
						</control>
						<control type="group">
								<posx>52</posx>
								<posy>0</posy>
								<control type="button" id="603">
										<posx>0</posx>
										<posy>0</posy>
										<width>36</width>
										<height>36</height>
										<label>-</label>
										<texturefocus>-</texturefocus>
										<texturenofocus>-</texturenofocus>
										<onclick>XBMC.PlayerControl(Play)</onclick>
										<onleft>600</onleft>
										<onright>601</onright>
										<onup>-</onup>
										<ondown>9001</ondown>
								</control>
								<control type="image">
										<posx>0</posx>
										<posy>0</posy>
										<width>36</width>
										<height>36</height>
										<texture>playercontrols-pausefo.png</texture>
										<visible>Control.HasFocus(603) + !Player.Paused</visible>
								</control>
								<control type="image">
										<posx>0</posx>
										<posy>0</posy>
										<width>36</width>
										<height>36</height>
										<texture>playercontrols-pausenf.png</texture>
										<visible>!Control.HasFocus(603) + !Player.Paused</visible>
								</control>
								<control type="image">
										<posx>0</posx>
										<posy>0</posy>
										<width>36</width>
										<height>36</height>
										<texture>playercontrols-playfo.png</texture>
										<visible>Control.HasFocus(603) + Player.Paused</visible>
								</control>
								<control type="image">
										<posx>0</posx>
										<posy>0</posy>
										<width>36</width>
										<height>36</height>
										<texture>playercontrols-playnf.png</texture>
										<visible>!Control.HasFocus(603) + Player.Paused</visible>
								</control>
						</control>
						<control type="button" id="601">
								<posx>102</posx>
								<posy>0</posy>
								<width>36</width>
								<height>36</height>
								<label>-</label>
								<texturefocus>playercontrols-stopnf.png</texturefocus>
								<texturenofocus>playercontrols-stopfo.png</texturenofocus>
								<onclick>XBMC.PlayerControl(Stop)</onclick>
								<onclick>dialog.close(114,true)</onclick>
								<onleft>603</onleft>
								<onright>602</onright>
								<onup>-</onup>
								<ondown>9001</ondown>
						</control>
						<control type="button" id="602">
								<posx>152</posx>
								<posy>0</posy>
								<width>36</width>
								<height>36</height>
								<label>-</label>
								<texturefocus>playercontrols-nextfo.png</texturefocus>
								<texturenofocus>playercontrols-nextnf.png</texturenofocus>
								<onleft>601</onleft>
								<onright>600</onright>
								<onup>-</onup>
								<ondown>9001</ondown>
								<onclick>XBMC.PlayerControl(Next)</onclick>
						</control>
				</control>
				<!-- Shuffle Repeat buttons -->
				<control type="group" id="9001">
						<control type="image">
								<posx>550</posx>
								<posy>650</posy>
								<width>50</width>
								<height>36</height>
								<texture>playercontrols-randomnf.png</texture>
								<visible>!Playlist.IsRandom</visible>
						</control>
						<control type="image">
								<posx>550</posx>
								<posy>650</posy>
								<width>50</width>
								<height>36</height>
								<texture>playercontrols-randomon.png</texture>
								<visible>Playlist.IsRandom</visible>
						</control>
						<control type="button" id="605">
								<posx>550</posx>
								<posy>650</posy>
								<width>50</width>
								<height>36</height>
								<label>-</label>
								<texturefocus>playercontrols-randomfo.png</texturefocus>
								<texturenofocus>-</texturenofocus>
								<onclick>XBMC.PlayerControl(Random)</onclick>
								<onup>9002</onup>
								<ondown>-</ondown>
								<onleft>604</onleft>
								<onright>604</onright>
						</control>
						<control type="image">
								<posx>681</posx>
								<posy>650</posy>
								<width>50</width>
								<height>36</height>
								<texture>playercontrols-repeatnf.png</texture>
								<visible>!Playlist.IsRepeat + !Playlist.IsRepeatOne</visible>
						</control>
						<control type="image">
								<posx>681</posx>
								<posy>650</posy>
								<width>50</width>
								<height>36</height>
								<texture>playercontrols-repeatonenf.png</texture>
								<visible>Playlist.IsRepeatOne</visible>
						</control>
						<control type="image">
								<posx>681</posx>
								<posy>650</posy>
								<width>50</width>
								<height>36</height>
								<texture>playercontrols-repeatallnf.png</texture>
								<visible>Playlist.IsRepeat</visible>
						</control>
						<control type="button" id="604">
								<posx>681</posx>
								<posy>650</posy>
								<width>50</width>
								<height>36</height>
								<label>-</label>
								<texturefocus>PlayerControls-Repeatfo.png</texturefocus>
								<texturenofocus>-</texturenofocus>
								<onclick>XBMC.PlayerControl(Repeat)</onclick>
								<onup>9002</onup>
								<ondown>-</ondown>
								<onleft>605</onleft>
								<onright>605</onright>
						</control>
				</control>
				<!-- Progress Bar -->
				<control type="group">
						<posx>485</posx>
						<posy>515</posy>
						<control type="label">
								<posx>0</posx>
								<posy>0</posy>
								<width>100</width>
								<height>40</height>
								<font>font15</font>
								<align>right</align>
								<textcolor>$VAR[var-labelcolour]</textcolor>
								<label>$INFO[Player.Time(hh:mm:ss)]</label>
						</control>
						<control type="progress">
								<description>Progressbar</description>
								<posx>10</posx>
								<posy>7</posy>
								<width>290</width>
								<height>10</height>
								<info>Player.Progress</info>
								<texturebg border="6,0,6,0">ProgressBack.png</texturebg>
								<lefttexture>-</lefttexture>
								<midtexture border="6,0,6,0">ProgressFront.png</midtexture>
								<righttexture>-</righttexture>
								<overlaytexture>-</overlaytexture>
						</control>
						<control type="label">
								<posx>310</posx>
								<posy>0</posy>
								<width>100</width>
								<height>40</height>
								<font>font15</font>
								<align>left</align>
								<textcolor>$VAR[var-labelcolour]</textcolor>
								<label>$INFO[Player.Duration(hh:mm:ss)]</label>
						</control>
				</control>
				<!-- Labels -->
				<control type="group">
						<posx>0</posx>
						<posy>560</posy>
						<control type="fadelabel">
								<posx>0</posx>
								<posy>0</posy>
								<width>1280</width>
								<height>20</height>
								<align>center</align>
								<aligny>center</aligny>
								<font>font25</font>
								<textcolor>$VAR[var-labelcolour]</textcolor>
								<shadowcolor>-</shadowcolor>
								<scrollout>false</scrollout>
								<pauseatend>2000</pauseatend>
								<label>$INFO[MusicPlayer.Album]</label>
						</control>
						<control type="fadelabel">
								<posx>0</posx>
								<posy>30</posy>
								<width>1280</width>
								<height>20</height>
								<align>center</align>
								<aligny>center</aligny>
								<font>font20</font>
								<textcolor>$VAR[var-labelcolour]</textcolor>
								<shadowcolor>-</shadowcolor>
								<scrollout>false</scrollout>
								<pauseatend>2000</pauseatend>
								<label>$INFO[MusicPlayer.Title]</label>
								<animation effect="fade" start="0" end="80" time="0" condition="true">Conditional</animation>
						</control>
				</control>
				<!-- Not used
		<control type="button" id="606">
			<posx>55r</posx>
			<posy>50r</posy>
			<width>44</width>
			<height>44</height>
			<label>-</label>
			<texturefocus border="5">button-focus3.png</texturefocus>
			<texturenofocus>-</texturenofocus>
			<onleft>605</onleft>
			<onright>-</onright>
			<onup>-</onup>
			<ondown>-</ondown>
			<onclick>Skin.ToggleSetting(MusicVis)</onclick>
		</control>
		<control type="image">
			<description>Music Vis image disabled</description>
			<posx>55r</posx>
			<posy>50r</posy>
			<width>44</width>
			<height>44</height>
			<texture>PlayerControls-MusicVis-Disabled.png</texture>
			<visible>!Skin.HasSetting(MusicVis)</visible>
		</control>
		<control type="image">
			<description>Music Vis image enabled</description>
			<posx>55r</posx>
			<posy>50r</posy>
			<width>44</width>
			<height>44</height>
			<texture>PlayerControls-MusicVis-Enabled.png</texture>
			<visible>Skin.HasSetting(MusicVis)</visible>
		</control>
		<control type="multiimage">
			<posx>435</posx>
			<posy>70</posy>
			<width>410</width>
			<height>410</height>
			<imagepath>musicvis</imagepath>
			<timeperimage>80</timeperimage>
			<fadetime>0</fadetime>
			<pauseatend>0</pauseatend>
			<randomize>true</randomize>
			<loop>yes</loop>
			<aspectratio>stretch</aspectratio>
			<visible>Player.HasMedia + Player.Playing</visible>
		</control>
		<control type="image">
			<posx>435</posx>
			<posy>70</posy>
			<width>410</width>
			<height>410</height>
			<aspectratio>scale</aspectratio>
			<texture>musicvis_off.png</texture>
			<visible>!Player.Playing</visible>
		</control>
		-->
				<!-- Debug Info -->
				<include>Debug</include>
		</controls>
</window>