<includes>
		<include name="GameSavesView">
				<control type="panel" id="50">
						<posx>50</posx>
						<posy>90</posy>
						<width>1175</width>
						<height>540</height>
						<onleft>9000</onleft>
						<onright>60</onright>
						<onup>50</onup>
						<ondown>50</ondown>
						<viewtype label="535">list</viewtype>
						<pagecontrol>60</pagecontrol>
						<scrolltime>200</scrolltime>
						<preloaditems>3</preloaditems>
						<itemlayout height="90" width="1175">
								<control type="image">
										<posx>0</posx>
										<posy>0</posy>
										<width>1200</width>
										<height>90</height>
										<texture border="5">listnf.png</texture>
								</control>
								<control type="image">
										<posx>10</posx>
										<posy>10</posy>
										<width>70</width>
										<height>70</height>
										<texture background="true">$INFO[listitem.icon]</texture>
										<bordertexture border="5">white-back.png</bordertexture>
										<bordersize>1</bordersize>
								</control>
								<control type="label">
										<posx>90</posx>
										<posy>10</posy>
										<width>1175</width>
										<height>45</height>
										<font>font25</font>
										<textcolor>grey2</textcolor>
										<selectedcolor>blue</selectedcolor>
										<align>left</align>
										<aligny>center</aligny>
										<label>$INFO[ListItem.Label]</label>
								</control>
								<control type="label">
										<posx>90</posx>
										<posy>55</posy>
										<width>1175</width>
										<height>20</height>
										<font>font10</font>
										<textcolor>grey2</textcolor>
										<selectedcolor>blue</selectedcolor>
										<align>left</align>
										<aligny>center</aligny>
										<label>Path: [UPPERCASE]$INFO[ListItem.Path][/UPPERCASE]</label>
										<visible>!ListItem.IsFolder</visible>
								</control>
								<control type="label">
										<posx>90</posx>
										<posy>55</posy>
										<width>1175</width>
										<height>20</height>
										<font>font10</font>
										<textcolor>grey2</textcolor>
										<selectedcolor>blue</selectedcolor>
										<align>left</align>
										<aligny>center</aligny>
										<label>Path: [UPPERCASE]$INFO[ListItem.FolderPath][/UPPERCASE]</label>
										<visible>ListItem.IsFolder + !StringCompare(ListItem.Label,..)</visible>
								</control>
						</itemlayout>
						<focusedlayout height="90" width="1175">
								<control type="image">
										<posx>0</posx>
										<posy>0</posy>
										<width>1175</width>
										<height>90</height>
										<texture border="5">thumbfo.png</texture>
								</control>
								<control type="image">
										<posx>10</posx>
										<posy>10</posy>
										<width>70</width>
										<height>70</height>
										<texture background="true">$INFO[listitem.icon]</texture>
										<bordertexture border="5">white-back.png</bordertexture>
										<bordersize>1</bordersize>
								</control>
								<control type="label">
										<posx>90</posx>
										<posy>10</posy>
										<width>1175</width>
										<height>45</height>
										<font>font25</font>
										<textcolor>black</textcolor>
										<selectedcolor>blue</selectedcolor>
										<align>left</align>
										<aligny>center</aligny>
										<label>$INFO[ListItem.Label]</label>
								</control>
								<control type="label">
										<posx>90</posx>
										<posy>55</posy>
										<width>1175</width>
										<height>20</height>
										<font>font10</font>
										<textcolor>black</textcolor>
										<selectedcolor>blue</selectedcolor>
										<align>left</align>
										<aligny>center</aligny>
										<label>Path: [UPPERCASE]$INFO[ListItem.Path][/UPPERCASE]</label>
										<visible>!ListItem.IsFolder</visible>
								</control>
								<control type="label">
										<posx>90</posx>
										<posy>55</posy>
										<width>1175</width>
										<height>20</height>
										<font>font10</font>
										<textcolor>black</textcolor>
										<selectedcolor>blue</selectedcolor>
										<align>left</align>
										<aligny>center</aligny>
										<label>Path: [UPPERCASE]$INFO[ListItem.FolderPath][/UPPERCASE]</label>
										<visible>ListItem.IsFolder + !StringCompare(ListItem.Label,..)</visible>
								</control>
						</focusedlayout>
				</control>
				<control type="scrollbar" id="60">
						<posx>1225</posx>
						<posy>90</posy>
						<width>15</width>
						<height>540</height>
						<texturesliderbackground border="2,2,2,2">scrollbar_bar_back.png</texturesliderbackground>
						<texturesliderbar border="2,16,2,16">scrollbar_bar.png</texturesliderbar>
						<texturesliderbarfocus border="2,16,2,16">scrollbar_bar_focus.png</texturesliderbarfocus>
						<textureslidernib>scrollbar_nib.png</textureslidernib>
						<textureslidernibfocus>scrollbar_nib.png</textureslidernibfocus>
						<onleft>50</onleft>
						<onright>9000</onright>
						<showonepage>false</showonepage>
						<orientation>vertical</orientation>
						<visible>Control.IsVisible(50)</visible>
				</control>
		</include>
</includes>