<includes>
	<include name="PanelView">
		<control type="group">
			<visible>Control.IsVisible(51) + !Control.IsVisible(50) + !Control.IsVisible(52) + !Control.IsVisible(53) + !Control.IsVisible(54) + !Control.IsVisible(55) + !Control.IsVisible(56) + !Window.IsVisible(134)</visible>
			<control type="group">
				<posx>2</posx>
				<posy>-30</posy>
				<animation effect="fade" reversable="true" start="100" end="10" time="500" condition="Control.HasFocus(117) | Control.HasFocus(118)">Conditional</animation>
				<include>Window_OpenClose_Animation</include>
				<control type="label">
					<posx>36</posx>
					<posy>230</posy>
					<width>1204</width>
					<height>36</height>
					<font>font25</font>
					<textcolor>$VAR[var-labelcolour]</textcolor>
					<scroll>true</scroll>
					<align>left</align>
					<aligny>center</aligny>
					<label>[UPPERCASE]$INFO[ListItem.Label][/UPPERCASE]</label>
					<animation reversible="true" effect="fade" start="100" end="0" delay="" time="300" condition="Container(51).OnScrollNext">Conditional</animation>
					<animation reversible="true" effect="fade" start="100" end="0" delay="" time="300" condition="Container(51).OnScrollPrevious">Conditional</animation>
				</control>
				<control type="image">
					<posx>36</posx>
					<posy>288</posy>
					<width>216</width>
					<height>316</height>
					<aspectratio>stretch</aspectratio>
					<texture>black-back.png</texture>
					<bordertexture border="5">poster-border.png</bordertexture>
					<bordersize>5</bordersize>
				</control>
				<control type="image">
					<posx>36</posx>
					<posy>288</posy>
					<width>216</width>
					<height>316</height>
					<aspectratio>stretch</aspectratio>
					<texture background="true">$INFO[ListItem.Icon]</texture>
					<bordertexture>-</bordertexture>
					<bordersize>5</bordersize>
					<visible>Skin.HasSetting(_recourcesenabled) + ListItem.IsFolder</visible>
				</control>
				<control type="image">
					<posx>36</posx>
					<posy>288</posy>
					<width>216</width>
					<height>316</height>
					<aspectratio>stretch</aspectratio>
					<texture background="true">$INFO[ListItem.Icon]</texture>
					<bordertexture>-</bordertexture>
					<bordersize>5</bordersize>
					<visible>!Skin.HasSetting(_recourcesenabled)</visible>
				</control>
				<control type="image">
					<posx>36</posx>
					<posy>288</posy>
					<width>216</width>
					<height>316</height>
					<aspectratio>stretch</aspectratio>
					<texture background="true" fallback="no_poster.png">$INFO[ListItem.Path,,_resources\artwork\poster.jpg]</texture>
					<bordertexture>-</bordertexture>
					<bordersize>5</bordersize>
					<visible>Skin.HasSetting(_recourcesenabled) + !ListItem.IsFolder</visible>
				</control>
				<control type="image">
					<posx>43</posx>
					<posy>323</posy>
					<width>30</width>
					<height>30</height>
					<aspectratio>stretch</aspectratio>
					<texture>$INFO[ListItem.Overlay]</texture>
				</control>
				<control type="image">
					<posx>506</posx>
					<posy>288</posy>
					<width>410</width>
					<height>316</height>
					<aspectratio>stretch</aspectratio>
					<texture>black-back.png</texture>
					<bordertexture border="5">poster-border.png</bordertexture>
					<bordersize>5</bordersize>
				</control>
				<control type="image">
					<posx>506</posx>
					<posy>288</posy>
					<width>410</width>
					<height>316</height>
					<aspectratio>keep</aspectratio>
					<texture background="true">no_fanart.png</texture>
					<bordertexture>-</bordertexture>
					<bordersize>5</bordersize>
				</control>
				<control type="image">
					<posx>506</posx>
					<posy>288</posy>
					<width>410</width>
					<height>316</height>
					<aspectratio>scale</aspectratio>
					<texture background="true">$INFO[ListItem.Path,,fanart.jpg]</texture>
					<bordertexture>-</bordertexture>
					<bordersize>5</bordersize>
					<fadetime>FanartCrossfadeTime</fadetime>
					<visible>!Skin.HasSetting(_recourcesenabled)</visible>
				</control>
				<control type="image">
					<posx>506</posx>
					<posy>288</posy>
					<width>410</width>
					<height>316</height>
					<aspectratio>scale</aspectratio>
					<texture background="true">$INFO[ListItem.Path,,_resources\artwork\fanart.jpg]</texture>
					<bordertexture>-</bordertexture>
					<bordersize>5</bordersize>
					<fadetime>FanartCrossfadeTime</fadetime>
					<visible>Skin.HasSetting(_recourcesenabled)</visible>
				</control>
				<control type="image">
					<posx>927</posx>
					<posy>288</posy>
					<width>313</width>
					<height>316</height>
					<aspectratio>stretch</aspectratio>
					<texture>black-back.png</texture>
					<bordertexture border="5">poster-border.png</bordertexture>
					<bordersize>5</bordersize>
				</control>
				<control type="label">
					<posx>924</posx>
					<posy>308</posy>
					<width>313</width>
					<height>40</height>
					<font>font20</font>
					<textcolor>white</textcolor>
					<scroll>true</scroll>
					<align>center</align>
					<aligny>center</aligny>
					<label>Game Info</label>
				</control>
				<control type="label">
					<posx>944</posx>
					<posy>368</posy>
					<width>279</width>
					<height>20</height>
					<font>font11</font>
					<textcolor>blue</textcolor>
					<scroll>true</scroll>
					<align>left</align>
					<aligny>center</aligny>
					<label>This game has been played</label>
				</control>
				<control type="label">
					<posx>944</posx>
					<posy>388</posy>
					<width>279</width>
					<height>20</height>
					<font>font11</font>
					<textcolor>white</textcolor>
					<scroll>true</scroll>
					<align>left</align>
					<aligny>center</aligny>
					<label>0 times</label>
					<visible>StringCompare(ListItem.ProgramCount,0)</visible>
				</control>
				<control type="label">
					<posx>944</posx>
					<posy>388</posy>
					<width>279</width>
					<height>20</height>
					<font>font11</font>
					<textcolor>white</textcolor>
					<scroll>true</scroll>
					<align>left</align>
					<aligny>center</aligny>
					<label>$INFO[ListItem.ProgramCount,, time]</label>
					<visible>StringCompare(ListItem.ProgramCount,1)</visible>
				</control>
				<control type="label">
					<posx>944</posx>
					<posy>388</posy>
					<width>279</width>
					<height>20</height>
					<font>font11</font>
					<textcolor>white</textcolor>
					<scroll>true</scroll>
					<align>left</align>
					<aligny>center</aligny>
					<label>$INFO[ListItem.ProgramCount,, times]</label>
					<visible>IntegerGreaterThan(ListItem.ProgramCount,1)</visible>
				</control>
				<control type="label">
					<posx>944</posx>
					<posy>438</posy>
					<width>279</width>
					<height>20</height>
					<font>font11</font>
					<textcolor>blue</textcolor>
					<scroll>true</scroll>
					<align>left</align>
					<aligny>center</aligny>
					<label>Used space</label>
				</control>
				<control type="label">
					<posx>944</posx>
					<posy>458</posy>
					<width>279</width>
					<height>20</height>
					<font>font11</font>
					<textcolor>white</textcolor>
					<scroll>true</scroll>
					<align>left</align>
					<aligny>center</aligny>
					<label>$INFO[ListItem.Label2]</label>
				</control>
				<control type="label">
					<posx>944</posx>
					<posy>508</posy>
					<width>279</width>
					<height>20</height>
					<font>font11</font>
					<textcolor>blue</textcolor>
					<scroll>true</scroll>
					<align>left</align>
					<aligny>center</aligny>
					<label>Game location</label>
				</control>
				<control type="label">
					<posx>944</posx>
					<posy>528</posy>
					<width>279</width>
					<height>20</height>
					<font>font11</font>
					<textcolor>white</textcolor>
					<scroll>true</scroll>
					<align>left</align>
					<aligny>center</aligny>
					<label>$INFO[ListItem.Path]</label>
				</control>
				<control type="panel" id="51">
					<posx>260</posx>
					<posy>288</posy>
					<width>254</width>
					<height>315</height>
					<onleft>117</onleft>
					<onright>61</onright>
					<onup>51</onup>
					<ondown>51</ondown>
					<viewtype label="Panels">Panel</viewtype>
					<pagecontrol>61</pagecontrol>
					<scrolltime>200</scrolltime>
					<preloaditems>6</preloaditems>
					<itemlayout height="110" width="84">
						<control type="image">
							<posx>0</posx>
							<posy>0</posy>
							<width>68</width>
							<height>96</height>
							<aspectratio>stretch</aspectratio>
							<texture>ThumbNF.png</texture>
						</control>
						<control type="image">
							<posx>0</posx>
							<posy>0</posy>
							<width>68</width>
							<height>96</height>
							<aspectratio>stretch</aspectratio>
							<texture background="true">$INFO[ListItem.Icon]</texture>
							<bordertexture border="5">black-back.png</bordertexture>
							<bordersize>1</bordersize>
							<visible>!Skin.HasSetting(_recourcesenabled) + ListItem.IsFolder</visible>
						</control>
						<control type="image">
							<posx>0</posx>
							<posy>0</posy>
							<width>68</width>
							<height>96</height>
							<aspectratio>stretch</aspectratio>
							<texture background="true">$INFO[ListItem.Icon]</texture>
							<bordertexture border="5">black-back.png</bordertexture>
							<bordersize>1</bordersize>
							<visible>!Skin.HasSetting(_recourcesenabled)</visible>
						</control>
						<control type="image">
							<posx>0</posx>
							<posy>0</posy>
							<width>68</width>
							<height>96</height>
							<aspectratio>stretch</aspectratio>
							<texture background="true" fallback="no_poster.png">$INFO[ListItem.Path,,_resources\artwork\poster.jpg]</texture>
							<bordertexture border="5">black-back.png</bordertexture>
							<bordersize>1</bordersize>
							<visible>Skin.HasSetting(_recourcesenabled) + !ListItem.IsFolder</visible>
						</control>
					</itemlayout>
					<focusedlayout height="110" width="84">
						<control type="image">
							<posx>0</posx>
							<posy>0</posy>
							<width>68</width>
							<height>96</height>
							<aspectratio>stretch</aspectratio>
							<texture>ThumbNF.png</texture>
						</control>
						<control type="image">
							<posx>0</posx>
							<posy>0</posy>
							<width>68</width>
							<height>96</height>
							<aspectratio>stretch</aspectratio>
							<texture>poster-focus.png</texture>
						</control>
					</focusedlayout>
				</control>
				<control type="scrollbar" id="61">
					<posx>504</posx>
					<posy>288</posy>
					<width>10</width>
					<height>316</height>
					<texturesliderbackground>-</texturesliderbackground>
					<texturesliderbar>-</texturesliderbar>
					<texturesliderbarfocus>-</texturesliderbarfocus>
					<textureslidernib>-</textureslidernib>
					<textureslidernibfocus>scrollbar_bar_focus.png</textureslidernibfocus>
					<onleft>51</onleft>
					<onright>51</onright>
					<showonepage>false</showonepage>
					<orientation>vertical</orientation>
					<visible allowhiddenfocus="true">Control.HasFocus(61)</visible>
					<animation reversible="false" effect="fade" start="0" end="100" delay="" time="100">visible</animation>
					<animation reversible="false" effect="fade" start="100" end="0" delay="" time="100">hidden</animation>
				</control>
			</control>
		</control>
	</include>
</includes>