<colors>
	<!-- XBMC4Gamers v2.1+ -->
	<!-- Home -->
	<color name="1_label">FFFFFFFF</color>
	<color name="1_label_alt">FFFFFFFF</color>
	<color name="1_title">FFFFFFFF</color>
	<color name="1_title_alt">FFFFFFFF</color>
	<color name="1_synopsis">FFdadada</color>
	<color name="1_synopsis_alt">FFa4a4a4</color>
	<color name="1_sidebar_labels_fo">FFFFFFFF</color>
	<color name="1_sidebar_labels_nofo">FF666666</color>
	<!-- _Script_DialogBusy -->
	<color name="1100_diffuse">FFFFFFFF</color>
	<color name="1100_label">FFFFFFFF</color>
	<!-- _Script_Synopsis -->
	<color name="1101_label">FFFFFFFF</color>
	<color name="1101_disabled_label">FF7a7c7d</color>
	<!-- Custom_Dialog_Options -->
	<color name="1112_header_label">FFFFFFFF</color>
	<color name="1112_context_label">FF5c5c5c</color>
	<color name="1112_label">FFFFFFFF</color>
	<color name="1112_label_alt">FF424542</color>
	<!-- Custom_Dialog_Quick_Change -->
	<color name="1115_label">FF333333</color>
	<!-- Custom_Skin_Setting -->
	<color name="1111_context_label">FF5c5c5c</color>
	<color name="1111_label_focus">FFFFFFFF</color>
	<color name="1111_label_nofocus">FFFFFFFF</color>
	<color name="1111_category_labels_nofocus">FF5c5c5c</color>
	<color name="1111_category_disabled_labels">FF424542</color>
	<!-- Defaults -->
	<color name="default_label">FFFFFFFF</color>
	<color name="default_label_focus">FF000000</color>
	<color name="default_disabled_label">FF7a7c7d</color>
	<!-- DialogBusy -->
	<color name="138_diffuse">FFFFFFFF</color>
	<color name="138_label">FFFFFFFF</color>
	<!-- DialogContextMenu -->
	<color name="106_label_focus">FFFFFFFF</color>
	<color name="106_label_nofocus">FFFFFFFF</color>
	<!-- DialogFavourites -->
	<color name="134_label">FF424542</color>
	<color name="134_label_selected">FF399EDA</color>
	<!-- DialogGamepad -->
	<color name="110_header_label">FFFFFFFF</color>
	<color name="110_label">FF424542</color>
	<!-- DialogKaiToast -->
	<color name="107_header_label">FF424542</color>
	<color name="107_label">FF424542</color>
	<!-- DialogKeyboard -->
	<color name="103_header_label">FFF5F5F5</color>
	<color name="103_label">FFFFFFFF</color>
	<color name="103_keys">FFFFFFFF</color>
	<color name="103_disabled_keys">FF5c5c5c</color>
	<!-- DialogMediaSource -->
	<color name="129_header_label">FFF5F5F5</color>
	<color name="129_label">FFFFFFFF</color>
	<color name="129_label_selected">FF399EDA</color>
	<color name="129_button_label">FFFFFFFF</color>
	<color name="129_button_focus">FF000000</color>
	<color name="129_description_label">FF7a7c7d</color>
	<!-- DialogNetworkSetup -->
	<color name="128_header_label">FFF5F5F5</color>
	<color name="128_label">FFFFFFFF</color>
	<color name="128_disabled_label">FF7a7c7d</color>
	<!-- DialogNumeric -->
	<color name="109_header_label">FFF5F5F5</color>
	<color name="109_label">FFFFFFFF</color>
	<color name="109_disabled_label">FF7a7c7d</color>
	<!-- DialogOK -->
	<color name="2002_header_label">FFFFFFFF</color>
	<color name="2002_label">FF424542</color>
	<color name="2002_button_label">FF424542</color>
	<color name="2002_button_focus">FFFFFFFF</color>
	<!-- DialogProgress -->
	<color name="101_header_label">FFFFFFFF</color>
	<color name="101_label">FF424542</color>
	<color name="101_button_label">FF424542</color>
	<color name="101_button_focus">FFFFFFFF</color>
	<!-- DialogScriptInfo -->
	<color name="2004_header_label">FFFFFFFF</color>
	<color name="2004_label">FF424542</color>
	<!-- DialogSeekBar -->
	<color name="115_diffuse">FFFFFFFF</color>
	<color name="115_label">FF737373</color>
	<!-- DialogSelect -->
	<color name="2000_header_label">FF000000</color>
	<color name="2000_label">FFFFFFFF</color>
	<color name="2000_label_selected">FF399EDA</color>
	<color name="2000_button_label">FF737373</color>
	<color name="2000_button_label_focus">FF000000</color>
	<!-- DialogTextViewer -->
	<color name="147_header_label">FFFFFFFF</color>
	<color name="147_label">FF424542</color>
	<!-- DialogVolumeBar -->
	<color name="104_label">FFFFFFFF</color>
	<color name="104_icon">FFFFFFFF</color>
	<color name="104_diffuse">FF424542</color>
	<!-- DialogYesNo -->
	<color name="100_header_label">FFFFFFFF</color>
	<color name="100_label">FF424542</color>
	<color name="100_button_label">FF424542</color>
	<color name="100_button_focus">FFFFFFFF</color>
	<!-- FileBrowser -->
	<color name="126_header_label">FF000000</color>
	<color name="126_label">FFFFFFFF</color>
	<color name="126_label_selected">FF399EDA</color>
	<color name="126_button_label">FF737373</color>
	<color name="126_button_label_focus">FF000000</color>
	<!-- FileManager -->
	<color name="3_header_label">FF424542</color>
	<color name="3_label">FFFFFFFF</color>
	<color name="3_label_nofocus">FF424542</color>
	<color name="3_label_selected">FFEB9E17</color>
	<color name="3_label_selected_alt">FF399EDA</color>
	<color name="3_other_label">FF424542</color>
	<color name="3_context_label">FF5c5c5c</color>
	<!-- includes -->
	<color name="includes_label">FFFFFFFF</color>
	<color name="includes_label_focus">FFFFFFFF</color>
	<color name="includes_label_ButtonHomeSubCommonValues">FF969696</color>
	<color name="includes_label_ButtonSettingsOptionsValues">FFFFFFFF</color>
	<color name="includes_label_focus_ButtonSettingsOptionsValues">FFFFFFFF</color>
	<color name="includes_settings_category_left_label_no_focus">FFFFFFFF</color>
	<color name="includes_settings_category_left_label_focus">FFFFFFFF</color>
	<color name="includes_settings_category_right_label_no_focus">FFFFFFFF</color>
	<color name="includes_settings_category_right_label_focus">FFFFFFFF</color>
	<color name="includes_settings_category_disabled_label">FF5c5c5c</color>
	<color name="includes_label_shadow">FF000000</color>
	<!-- Includes_Context_Buttons -->
	<color name="context_buttons_label">FF5c5c5c</color>
	<color name="context_buttons_label_selected">FF399EDA</color>
	<!-- Includes_Variables -->
	<color name="variables_logo">FFFFFFFF</color>
	<!-- Includes_View_Options -->
	<color name="view_options_context_label">FF5c5c5c</color>
	<color name="view_options_label_nofocus">FFFFFFFF</color>
	<color name="view_options_label_focus">FFFFFFFF</color>
	<!-- LockSettings -->
	<color name="131_header_label">FFF5F5F5</color>
	<color name="131_button_label">FFFFFFFF</color>
	<color name="131_button_focus">FFFFFFFF</color>
	<!-- MusicOSDVisSettings -->
	<color name="121_header_label">FFF5F5F5</color>
	<color name="121_button_label">FFFFFFFF</color>
	<color name="121_button_focus">FFFFFFFF</color>
	<!-- MyMusicPlaylist -->
	<color name="500_header_label">FFFFFFFF</color>
	<!-- MyMusicSongs -->
	<color name="502_header_label">FFFFFFFF</color>
	<!-- PlayerControls -->
	<color name="114_label">FFF5F5F5</color>
	<color name="114_label_alt">FF737373</color>
	<!-- Settings -->
	<color name="4_header_label">FFFFFFFF</color>
	<color name="4_context_label">FF5c5c5c</color>
	<color name="4_label">FFFFFFFF</color>
	<color name="4_label_nofocus">FF424542</color>
	<!-- SettingsCategory -->
	<color name="12_context_label">FF5c5c5c</color>
	<!-- SettingsProfile -->
	<color name="34_header_label">FFFFFFFF</color>
	<color name="34_label">FF424542</color>
	<color name="34_context_label">FF5c5c5c</color>
	<!-- SettingsScreenCalibration -->
	<color name="11_label">FFFFFFFF</color>
	<color name="11_context_label">FF5c5c5c</color>
	<!-- SettingsSystemInfo -->
	<color name="7_header_label">FFFFFFFF</color>
	<color name="7_context_label">FF5c5c5c</color>
	<color name="7_label">FF424542</color>
	<color name="7_label_alt">FF333333</color>
	<color name="7_label_focus">FFFFFFFF</color>
	<!-- Startup -->
	<color name="2999_startup_label">CCFFFFFF</color>
	<color name="2999_startup_label_alt">CC333333</color>
	<!-- TrainerSettings -->
	<color name="127_header_label">FFFFFFFF</color>
	<color name="127_button_label">FFFFFFFF</color>
	<color name="127_button_focus">FFFFFFFF</color>
	<!-- Viewtype_50_Poster -->
	<color name="view50_label">FFFFFFFF</color>
	<color name="view50_label_alt">FF333333</color>
	<!-- Viewtype_51_PosterSmall -->
	<color name="view51_label">FFFFFFFF</color>
	<color name="view51_label_alt">FF333333</color>
	<!-- Viewtype_52_Login -->
	<color name="view52_label">FFFFFFFF</color>
	<color name="view52_label_alt">FF333333</color>
	<!-- Viewtype_53_Landscape -->
	<color name="view53_label">FFFFFFFF</color>
	<color name="view53_label_alt">FF333333</color>
	<!-- Viewtype_54_TextList -->
	<color name="view54_label">FFFFFFFF</color>
	<color name="view54_label_alt">FFFFFFFF</color>
	<color name="view54_info_label">FFFFFFFF</color>
	<color name="view54_info_label_alt">FFFFFFFF</color>
	<!-- Viewtype_55_Banner -->
	<color name="view55_label">FFFFFFFF</color>
	<color name="view55_label_alt">FFFFFFFF</color>
	<color name="view55_info_label">FFFFFFFF</color>
	<color name="view55_info_label_alt">FFFFFFFF</color>
	<!-- Viewtype_56_SynopsisPoster -->
	<color name="view56_label">FFFFFFFF</color>
	<color name="view56_label_alt">FFFFFFFF</color>
	<color name="view56_info_label">FFFFFFFF</color>
	<color name="view56_info_label_alt">FFFFFFFF</color>
	<!-- Viewtype_57_Fanart -->
	<color name="view57_label">FFFFFFFF</color>
	<color name="view57_label_alt">FFFFFFFF</color>
	<color name="view57_info_label">FFFFFFFF</color>
	<color name="view57_info_label_alt">FFFFFFFF</color>
	<!-- Viewtype_58_List -->
	<color name="view58_label">FFFFFFFF</color>
	<color name="view58_label_alt">FF333333</color>
	<color name="view58_info_label">FF737373</color>
	<color name="view58_info_label_alt">FF333333</color>
	<!-- Viewtype_59_Carousel -->
	<color name="view59_label">FFFFFFFF</color>
	<color name="view59_label_alt">FF333333</color>
	<!-- Viewtype_60_CarouselSmall -->
	<color name="view60_label">FFFFFFFF</color>
	<color name="view60_label_alt">FF333333</color>
	<!-- Viewtype_61_SynopsosList -->
	<color name="view61_label">FFFFFFFF</color>
	<color name="view61_label_alt">FFFFFFFF</color>
	<color name="view61_info_label">FFFFFFFF</color>
	<color name="view61_info_label_alt">FFFFFFFF</color>
	<color name="view61_info_synopsis">FFFFFFFF</color>
	<color name="view61_info_star">FFFFFFFF</color>
	<color name="view61_info_star_alt">60101010</color>
	<!-- Viewtype_62_Icon -->
	<color name="view62_label">FFFFFFFF</color>
	<color name="view62_label_alt">FF333333</color>
	<!-- Viewtype_63_OpenCase -->
	<color name="view63_label">FFFFFFFF</color>
	<color name="view63_label_alt">FF333333</color>
	<!-- Viewtype_64_Dual3D -->
	<color name="view64_label">FFFFFFFF</color>
	<color name="view64_label_alt">FF333333</color>
	<!-- Viewtype_65_IconAlt -->
	<color name="view65_label">FFFFFFFF</color>
	<color name="view65_label_alt">FF333333</color>
	<!-- Viewtype_66_PS -->
	<color name="view66_label">FFFFFFFF</color>
	<color name="view66_label_alt">FF333333</color>
	<color name="view66_info_label">FFFFFFFF</color>
	<!-- Viewtype_67_PosterFixed -->
	<color name="view67_label">FFFFFFFF</color>
	<color name="view67_label_alt">FF333333</color>
	<!-- Viewtype_68_CD -->
	<color name="view68_label">FFFFFFFF</color>
	<color name="view68_label_alt">FF333333</color>
	<!-- Viewtype_69_LG -->
	<color name="view69_label">FFFFFFFF</color>
	<color name="view69_label_alt">FF333333</color>
	<color name="view69_info_label">FFFFFFFF</color>
	<color name="view69_info_label_alt">FF399EDA</color>
	<!-- Viewtype_70_LoginAlt -->
	<color name="view70_label">FFFFFFFF</color>
	<color name="view70_label_alt">FF333333</color>
	<!-- Viewtype_71_LargePoster -->
	<color name="view71_label">FFFFFFFF</color>
	<color name="view71_label_alt">FFFFFFFF</color>
	<color name="view71_info_label">FFFFFFFF</color>
	<color name="view71_info_label_alt">FFFFFFFF</color>
	<!-- Viewtype_72_SynopsisInfoList -->
	<color name="view72_label">FFFFFFFF</color>
	<color name="view72_label_alt">FFFFFFFF</color>
	<color name="view72_info_label">FFFFFFFF</color>
	<color name="view72_info_label_alt">FFFFFFFF</color>
	<color name="view72_info_synopsis">FFFFFFFF</color>
	<color name="view72_info_star">FFFFFFFF</color>
	<color name="view72_info_star_alt">60101010</color>
	<!-- Viewtype_79_Resources -->
	<color name="view79_label">FFFFFFFF</color>
	<color name="view79_label_alt">FF333333</color>
	<!-- Viewtype_73_Slant -->
	<color name="view73_label">FFFFFFFF</color>
	<color name="view73_label_alt">FF333333</color>
	<!-- Viewtype_74_Netflix -->
	<color name="view74_label">FFFFFFFF</color>
	<color name="view74_label_alt">FF333333</color>
	<color name="view74_info_label">FFFFFFFF</color>
	<color name="view74_info_label_alt">FFFFFFFF</color>
	<color name="view74_info_synopsis">FFFFFFFF</color>
	<color name="view74_info_back_label">FF333333</color>
	<color name="view74_info_back_images">FF333333</color>
	<color name="view74_info_back">FFFFFFFF</color>
	<!-- Viewtype_CommonRootView -->
	<color name="common_header_label">FFFFFFFF</color>
	<color name="common_context_label">FF5c5c5c</color>
	<color name="common_label_focus">FFFFFFFF</color>
	<color name="common_label_nofocus">FF424542</color>
	<!-- Viewtype_GameSavesView -->
	<color name="saves_header_label">FFFFFFFF</color>
	<color name="saves_context_label">FF5c5c5c</color>
	<color name="saves_label_focus">FFFFFFFF</color>
	<color name="saves_label_nofocus">FF424542</color>
	<!-- Manage Profiles Skin -->
	<color name="130_header_label">FFFFFFFF</color>
	<color name="130_label">FFFFFFFF</color>
	<color name="130_label_nofocus">FF424542</color>
</colors>