<window type="dialog" id="1120">
		<defaultcontrol always="true">9000</defaultcontrol>
		<controls>
				<control type="group" id="jump section">
						<posy>90</posy>
						<!-- Normal -->
						<control type="group">
								<visible>!Skin.HasSetting(KioskMode) + [!Skin.HasSetting(synopsislayout) | !Skin.HasSetting(videolayout)]</visible>
								<control type="image">
										<description>background image</description>
										<posx>165</posx>
										<posy>10</posy>
										<width>950</width>
										<height>530</height>
										<texture>menu_back_shadow.png</texture>
								</control>
								<control type="image">
										<description>background image</description>
										<posx>320</posx>
										<posy>100</posy>
										<width>640</width>
										<height>350</height>
										<colordiffuse>menu_back_image</colordiffuse>
										<texture border="20,20,20,20">menu_back.png</texture>
								</control>
						</control>
						<!-- kiosk mode -->
						<control type="group">
								<visible>Skin.HasSetting(KioskMode) + [!Skin.HasSetting(synopsislayout) | !Skin.HasSetting(videolayout)]</visible>
								<control type="image">
										<description>background image</description>
										<posx>165</posx>
										<posy>60</posy>
										<width>950</width>
										<height>280</height>
										<texture>menu_back_shadow.png</texture>
								</control>
								<control type="image">
										<description>background image</description>
										<posx>320</posx>
										<posy>100</posy>
										<width>640</width>
										<height>200</height>
										<colordiffuse>menu_back_image</colordiffuse>
										<texture border="20,20,20,20">menu_back.png</texture>
								</control>
						</control>
						<control type="label">
								<description>heading label</description>
								<posx>320</posx>
								<posy>130</posy>
								<width>640</width>
								<height>50</height>
								<align>center</align>
								<aligny>center</aligny>
								<font>size_50</font>
								<label>[UPPERCASE]$LOCALIZE[30911][/UPPERCASE]</label>
								<textcolor>menu_header_label</textcolor>
						</control>
						<control type="grouplist" id="9000">
								<posx>320</posx>
								<posy>201</posy>
								<width>640</width>
								<height>50</height>
								<onleft>9000</onleft>
								<onright>9000</onright>
								<onup>9003</onup>
								<ondown>9001</ondown>
								<itemgap>-1</itemgap>
								<scrolltime>0</scrolltime>
								<orientation>horizontal</orientation>
								<!-- jumpcode -->
								<control type="button" id="8000">
										<label>[UPPERCASE]$LOCALIZE[31405][/UPPERCASE]</label>
										<label2>&lt; [UPPERCASE]#[/UPPERCASE] &gt;</label2>
										<include>MenuButtonCommonValues</include>
										<onclick>Dialog.Close(1120)</onclick>
										<onclick>SetFocus(9000,0)</onclick>
								</control>
								<control type="button" id="8001">
										<label>[UPPERCASE]$LOCALIZE[31405][/UPPERCASE]</label>
										<label2>&lt; [UPPERCASE]A[/UPPERCASE] &gt;</label2>
										<include>MenuButtonCommonValues</include>
										<onclick>Dialog.Close(1120)</onclick>
										<onclick>SetFocus(9000,2)</onclick>
								</control>
								<control type="button" id="8002">
										<label>[UPPERCASE]$LOCALIZE[31405][/UPPERCASE]</label>
										<label2>&lt; [UPPERCASE]B[/UPPERCASE] &gt;</label2>
										<include>MenuButtonCommonValues</include>
										<onclick>Dialog.Close(1120)</onclick>
										<onclick>SetFocus(9000,46)</onclick>
								</control>
								<control type="button" id="8003">
										<label>[UPPERCASE]$LOCALIZE[31405][/UPPERCASE]</label>
										<label2>&lt; [UPPERCASE]C[/UPPERCASE] &gt;</label2>
										<include>MenuButtonCommonValues</include>
										<onclick>Dialog.Close(1120)</onclick>
										<onclick>SetFocus(9000,115)</onclick>
								</control>
								<control type="button" id="8004">
										<label>[UPPERCASE]$LOCALIZE[31405][/UPPERCASE]</label>
										<label2>&lt; [UPPERCASE]D[/UPPERCASE] &gt;</label2>
										<include>MenuButtonCommonValues</include>
										<onclick>Dialog.Close(1120)</onclick>
										<onclick>SetFocus(9000,172)</onclick>
								</control>
								<control type="button" id="8005">
										<label>[UPPERCASE]$LOCALIZE[31405][/UPPERCASE]</label>
										<label2>&lt; [UPPERCASE]E[/UPPERCASE] &gt;</label2>
										<include>MenuButtonCommonValues</include>
										<onclick>Dialog.Close(1120)</onclick>
										<onclick>SetFocus(9000,263)</onclick>
								</control>
								<control type="button" id="8006">
										<label>[UPPERCASE]$LOCALIZE[31405][/UPPERCASE]</label>
										<label2>&lt; [UPPERCASE]F[/UPPERCASE] &gt;</label2>
										<include>MenuButtonCommonValues</include>
										<onclick>Dialog.Close(1120)</onclick>
										<onclick>SetFocus(9000,281)</onclick>
								</control>
								<control type="button" id="8007">
										<label>[UPPERCASE]$LOCALIZE[31405][/UPPERCASE]</label>
										<label2>&lt; [UPPERCASE]G[/UPPERCASE] &gt;</label2>
										<include>MenuButtonCommonValues</include>
										<onclick>Dialog.Close(1120)</onclick>
										<onclick>SetFocus(9000,326)</onclick>
								</control>
								<control type="button" id="8008">
										<label>[UPPERCASE]$LOCALIZE[31405][/UPPERCASE]</label>
										<label2>&lt; [UPPERCASE]H[/UPPERCASE] &gt;</label2>
										<include>MenuButtonCommonValues</include>
										<onclick>Dialog.Close(1120)</onclick>
										<onclick>SetFocus(9000,356)</onclick>
								</control>
								<control type="button" id="8009">
										<label>[UPPERCASE]$LOCALIZE[31405][/UPPERCASE]</label>
										<label2>&lt; [UPPERCASE]I[/UPPERCASE] &gt;</label2>
										<include>MenuButtonCommonValues</include>
										<onclick>Dialog.Close(1120)</onclick>
										<onclick>SetFocus(9000,389)</onclick>
								</control>
								<control type="button" id="8010">
										<label>[UPPERCASE]$LOCALIZE[31405][/UPPERCASE]</label>
										<label2>&lt; [UPPERCASE]J[/UPPERCASE] &gt;</label2>
										<include>MenuButtonCommonValues</include>
										<onclick>Dialog.Close(1120)</onclick>
										<onclick>SetFocus(9000,407)</onclick>
								</control>
								<control type="button" id="8011">
										<label>[UPPERCASE]$LOCALIZE[31405][/UPPERCASE]</label>
										<label2>&lt; [UPPERCASE]K[/UPPERCASE] &gt;</label2>
										<include>MenuButtonCommonValues</include>
										<onclick>Dialog.Close(1120)</onclick>
										<onclick>SetFocus(9000,423)</onclick>
								</control>
								<control type="button" id="8012">
										<label>[UPPERCASE]$LOCALIZE[31405][/UPPERCASE]</label>
										<label2>&lt; [UPPERCASE]L[/UPPERCASE] &gt;</label2>
										<include>MenuButtonCommonValues</include>
										<onclick>Dialog.Close(1120)</onclick>
										<onclick>SetFocus(9000,446)</onclick>
								</control>
								<control type="button" id="8013">
										<label>[UPPERCASE]$LOCALIZE[31405][/UPPERCASE]</label>
										<label2>&lt; [UPPERCASE]M[/UPPERCASE] &gt;</label2>
										<include>MenuButtonCommonValues</include>
										<onclick>Dialog.Close(1120)</onclick>
										<onclick>SetFocus(9000,486)</onclick>
								</control>
								<control type="button" id="8014">
										<label>[UPPERCASE]$LOCALIZE[31405][/UPPERCASE]</label>
										<label2>&lt; [UPPERCASE]N[/UPPERCASE] &gt;</label2>
										<include>MenuButtonCommonValues</include>
										<onclick>Dialog.Close(1120)</onclick>
										<onclick>SetFocus(9000,584)</onclick>
								</control>
								<control type="button" id="8015">
										<label>[UPPERCASE]$LOCALIZE[31405][/UPPERCASE]</label>
										<label2>&lt; [UPPERCASE]O[/UPPERCASE] &gt;</label2>
										<include>MenuButtonCommonValues</include>
										<onclick>Dialog.Close(1120)</onclick>
										<onclick>SetFocus(9000,609)</onclick>
								</control>
								<control type="button" id="8016">
										<label>[UPPERCASE]$LOCALIZE[31405][/UPPERCASE]</label>
										<label2>&lt; [UPPERCASE]P[/UPPERCASE] &gt;</label2>
										<include>MenuButtonCommonValues</include>
										<onclick>Dialog.Close(1120)</onclick>
										<onclick>SetFocus(9000,618)</onclick>
								</control>
								<control type="button" id="8017">
										<label>[UPPERCASE]$LOCALIZE[31405][/UPPERCASE]</label>
										<label2>&lt; [UPPERCASE]Q[/UPPERCASE] &gt;</label2>
										<include>MenuButtonCommonValues</include>
										<onclick>Dialog.Close(1120)</onclick>
										<onclick>SetFocus(9000,682)</onclick>
								</control>
								<control type="button" id="8018">
										<label>[UPPERCASE]$LOCALIZE[31405][/UPPERCASE]</label>
										<label2>&lt; [UPPERCASE]R[/UPPERCASE] &gt;</label2>
										<include>MenuButtonCommonValues</include>
										<onclick>Dialog.Close(1120)</onclick>
										<onclick>SetFocus(9000,683)</onclick>
								</control>
								<control type="button" id="8019">
										<label>[UPPERCASE]$LOCALIZE[31405][/UPPERCASE]</label>
										<label2>&lt; [UPPERCASE]S[/UPPERCASE] &gt;</label2>
										<include>MenuButtonCommonValues</include>
										<onclick>Dialog.Close(1120)</onclick>
										<onclick>SetFocus(9000,723)</onclick>
								</control>
								<control type="button" id="8020">
										<label>[UPPERCASE]$LOCALIZE[31405][/UPPERCASE]</label>
										<label2>&lt; [UPPERCASE]T[/UPPERCASE] &gt;</label2>
										<include>MenuButtonCommonValues</include>
										<onclick>Dialog.Close(1120)</onclick>
										<onclick>SetFocus(9000,860)</onclick>
								</control>
								<control type="button" id="8021">
										<label>[UPPERCASE]$LOCALIZE[31405][/UPPERCASE]</label>
										<label2>&lt; [UPPERCASE]U[/UPPERCASE] &gt;</label2>
										<include>MenuButtonCommonValues</include>
										<onclick>Dialog.Close(1120)</onclick>
										<onclick>SetFocus(9000,921)</onclick>
								</control>
								<control type="button" id="8022">
										<label>[UPPERCASE]$LOCALIZE[31405][/UPPERCASE]</label>
										<label2>&lt; [UPPERCASE]V[/UPPERCASE] &gt;</label2>
										<include>MenuButtonCommonValues</include>
										<onclick>Dialog.Close(1120)</onclick>
										<onclick>SetFocus(9000,935)</onclick>
								</control>
								<control type="button" id="8023">
										<label>[UPPERCASE]$LOCALIZE[31405][/UPPERCASE]</label>
										<label2>&lt; [UPPERCASE]W[/UPPERCASE] &gt;</label2>
										<include>MenuButtonCommonValues</include>
										<onclick>Dialog.Close(1120)</onclick>
										<onclick>SetFocus(9000,941)</onclick>
								</control>
								<control type="button" id="8024">
										<label>[UPPERCASE]$LOCALIZE[31405][/UPPERCASE]</label>
										<label2>&lt; [UPPERCASE]X[/UPPERCASE] &gt;</label2>
										<include>MenuButtonCommonValues</include>
										<onclick>Dialog.Close(1120)</onclick>
										<onclick>SetFocus(9000,972)</onclick>
								</control>
								<control type="button" id="8025">
										<label>[UPPERCASE]$LOCALIZE[31405][/UPPERCASE]</label>
										<label2>&lt; [UPPERCASE]Y[/UPPERCASE] &gt;</label2>
										<include>MenuButtonCommonValues</include>
										<onclick>Dialog.Close(1120)</onclick>
										<onclick>SetFocus(9000,978)</onclick>
								</control>
								<control type="button" id="8026">
										<label>[UPPERCASE]$LOCALIZE[31405][/UPPERCASE]</label>
										<label2>&lt; [UPPERCASE]Z[/UPPERCASE] &gt;</label2>
										<include>MenuButtonCommonValues</include>
										<onclick>Dialog.Close(1120)</onclick>
										<onclick>SetFocus(9000,992)</onclick>
								</control>
						</control>
						<control type="grouplist" id="9001">
								<posx>320</posx>
								<posy>250</posy>
								<width>640</width>
								<height>200</height>
								<onleft>-</onleft>
								<onright>-</onright>
								<onup>9000</onup>
								<ondown>9002</ondown>
								<itemgap>-1</itemgap>
								<scrolltime>0</scrolltime>
								<orientation>vertical</orientation>
								<control type="button" id="8050">
										<label>[UPPERCASE]$LOCALIZE[31400][/UPPERCASE]</label>
										<include>MenuButtonCommonValues</include>
										<onclick>Dialog.Close(1120)</onclick>
										<onclick>SetFocus(9200)</onclick>
										<onclick>RunScript(special://emustation_scripts/generate_favourites.py)</onclick>
										<visible>!Skin.HasSetting(KioskMode)</visible>
								</control>
						</control>
						<control type="grouplist" id="9002">
								<posx>320</posx>
								<posy>299</posy>
								<width>640</width>
								<height>200</height>
								<onleft>9002</onleft>
								<onright>9002</onright>
								<onup>9001</onup>
								<ondown>9003</ondown>
								<itemgap>-1</itemgap>
								<scrolltime>0</scrolltime>
								<orientation>horizontal</orientation>
								<visible>!Skin.HasSetting(KioskMode)</visible>
								<control type="button" id="8040">
										<label>[UPPERCASE]$LOCALIZE[31402][/UPPERCASE]</label>
										<label2>&lt; [UPPERCASE]2d[/UPPERCASE] &gt;</label2>
										<include>MenuButtonCommonValues</include>
										<onfocus>Skin.SetString(gba_artworkfolder,boxart)</onfocus>
										<visible allowhiddenfocus="true">StringCompare(Skin.String(gba_artworkfolder),boxart)</visible>
								</control>
								<visible>!StringCompare(Skin.String(emuname),xbox) | !StringCompare(Skin.String(emuname),ports)</visible>
								<control type="button" id="8041">
										<label>[UPPERCASE]$LOCALIZE[31402][/UPPERCASE]</label>
										<label2>&lt; [UPPERCASE]3d[/UPPERCASE] &gt;</label2>
										<include>MenuButtonCommonValues</include>
										<onfocus>Skin.SetString(gba_artworkfolder,boxart3d)</onfocus>
										<visible allowhiddenfocus="true">StringCompare(Skin.String(gba_artworkfolder),boxart3d)</visible>
								</control>
								<control type="button" id="8042">
										<label>[UPPERCASE]$LOCALIZE[31402][/UPPERCASE]</label>
										<label2>&lt; [UPPERCASE]logos[/UPPERCASE] &gt;</label2>
										<include>MenuButtonCommonValues</include>
										<onfocus>Skin.SetString(gba_artworkfolder,logo)</onfocus>
										<visible allowhiddenfocus="true">StringCompare(Skin.String(gba_artworkfolder),logo)</visible>
								</control>
								<control type="button" id="8043">
										<label>[UPPERCASE]$LOCALIZE[31402][/UPPERCASE]</label>
										<label2>&lt; [UPPERCASE]mix[/UPPERCASE] &gt;</label2>
										<include>MenuButtonCommonValues</include>
										<onfocus>Skin.SetString(gba_artworkfolder,mix)</onfocus>
										<visible allowhiddenfocus="true">StringCompare(Skin.String(gba_artworkfolder),mix)</visible>
								</control>
								<control type="button" id="8044">
										<label>[UPPERCASE]$LOCALIZE[31402][/UPPERCASE]</label>
										<label2>&lt; [UPPERCASE]screenshots[/UPPERCASE] &gt;</label2>
										<include>MenuButtonCommonValues</include>
										<onfocus>Skin.SetString(gba_artworkfolder,screenshots)</onfocus>
										<visible allowhiddenfocus="true">StringCompare(Skin.String(gba_artworkfolder),screenshots)</visible>
								</control>
						</control>
						<control type="grouplist" id="9003">
								<posx>320</posx>
								<posy>348</posy>
								<width>640</width>
								<height>200</height>
								<onleft>-</onleft>
								<onright>-</onright>
								<onup>9002</onup>
								<ondown>9000</ondown>
								<itemgap>-1</itemgap>
								<scrolltime>0</scrolltime>
								<orientation>vertical</orientation>
								<visible>!Skin.HasSetting(KioskMode) + [Skin.HasSetting(synopsislayout) | Skin.HasSetting(videolayout)]</visible>
								<control type="radiobutton" id="8060">
										<label>[UPPERCASE]$LOCALIZE[31403][/UPPERCASE]</label>
										<include>MenuButtonCommonAltValues</include>
										<onclick>Skin.ToggleSetting(gbafanart)</onclick>
										<selected>Skin.HasSetting(gbafanart)</selected>
								</control>
						</control>
				</control>
		</controls>
</window>