<window type="dialog" id="1114">
		<defaultcontrol always="true">9000</defaultcontrol>
		<controls>
				<control type="group">
						<top>41.5</top>
						<control type="image">
								<description>background image</description>
								<left>320</left>
								<top>108</top>
								<width>640</width>
								<height>421</height>
								<colordiffuse>menu_back_image</colordiffuse>
								<texture border="20,20,20,20">menu_back.png</texture>
						</control>
						<control type="label">
								<description>heading label</description>
								<left>320</left>
								<top>130</top>
								<width>640</width>
								<height>50</height>
								<align>center</align>
								<aligny>center</aligny>
								<font>size_50</font>
								<label>[UPPERCASE]$LOCALIZE[31203][/UPPERCASE]</label>
								<textcolor>menu_header_label</textcolor>
						</control>
						<!-- Main Menu -->
						<control type="grouplist" id="9000">
								<left>320</left>
								<top>200</top>
								<width>640</width>
								<height>295</height>
								<onleft>-</onleft>
								<onright>-</onright>
								<onup>9000</onup>
								<ondown>9000</ondown>
								<itemgap>-1</itemgap>
								<!-- Scan Roms -->
								<control type="button" id="1">
										<left>0</left>
										<top>0</top>
										<label>[UPPERCASE]$LOCALIZE[31351][/UPPERCASE]</label>
										<include>MenuButtonMenuAltValues</include>
										<onclick>RunScript(special://emustation_scripts/create_rom_lists.py,0,auto)</onclick>
										<onclick>ActivateWindow(1101)</onclick>
										<animation effect="fade" time="0">hidden</animation>
								</control>
								<control type="button" id="2">
										<left>0</left>
										<top>0</top>
										<label>[UPPERCASE]$LOCALIZE[31352][/UPPERCASE]</label>
										<include>MenuButtonMenuAltValues</include>
										<onclick>RunScript(special://emustation_scripts/create_rom_lists.py,manual,0)</onclick>
										<onclick>ActivateWindow(1101)</onclick>
										<animation effect="fade" time="0">hidden</animation>
								</control>
								<control type="label" id="10">
										<left>320</left>
										<top>200</top>
										<width>640</width>
										<height>43</height>
										<align>center</align>
										<aligny>center</aligny>
										<font>size_23</font>
										<label>[B][UPPERCASE]$LOCALIZE[31372][/UPPERCASE][/B]</label>
										<textcolor>menu_header_label</textcolor>
								</control>
								<control type="radiobutton" id="11">
										<left>0</left>
										<top>0</top>
										<label>[UPPERCASE]$LOCALIZE[31366][/UPPERCASE]</label>
										<include>MenuButtonMenuAltValues</include>
										<onclick>Skin.ToggleSetting(Use_Synopsis_Names)</onclick>
										<selected>Skin.HasSetting(Use_Synopsis_Names)</selected>
								</control>
								<control type="radiobutton" id="12">
										<left>0</left>
										<top>0</top>
										<label>[UPPERCASE]$LOCALIZE[31369][/UPPERCASE]</label>
										<include>MenuButtonMenuAltValues</include>
										<onclick>Skin.ToggleSetting(Ignore_The_In_Names)</onclick>
										<selected>Skin.HasSetting(Ignore_The_In_Names)</selected>
								</control>
								<control type="radiobutton" id="13">
										<left>0</left>
										<top>0</top>
										<label>[UPPERCASE]$LOCALIZE[31370][/UPPERCASE]</label>
										<include>MenuButtonMenuAltValues</include>
										<onclick>Skin.ToggleSetting(Remove_Articles_In_Name)</onclick>
										<selected>Skin.HasSetting(Remove_Articles_In_Name)</selected>
								</control>
								<control type="radiobutton" id="14">
										<left>0</left>
										<top>0</top>
										<label>[UPPERCASE]$LOCALIZE[31367][/UPPERCASE]</label>
										<include>MenuButtonMenuAltValues</include>
										<onclick>RunScript( special://emustation_scripts/dialog_ok.py,show_enabled-Use_SegaCD_ISO/MP3,NOTICE,SegaCD - NeoGenesis required. On downloader.,ISO/BIN/IMG+MP3 must be in subfolder with,the same name as the ISO/BIN/IMG file. )</onclick>
										<onclick>Skin.ToggleSetting(Use_SegaCD_ISO/MP3)</onclick>
										<selected>Skin.HasSetting(Use_SegaCD_ISO/MP3)</selected>
								</control>
								<control type="label" id="20">
										<left>320</left>
										<top>200</top>
										<width>640</width>
										<height>43</height>
										<align>center</align>
										<aligny>center</aligny>
										<font>size_23</font>
										<label>[B][UPPERCASE]$LOCALIZE[31373][/UPPERCASE][/B]</label>
										<textcolor>menu_header_label</textcolor>
								</control>
								<control type="radiobutton" id="21">
										<left>0</left>
										<top>0</top>
										<label>[UPPERCASE]$LOCALIZE[31364][/UPPERCASE]</label>
										<include>MenuButtonMenuAltValues</include>
										<onclick>Skin.ToggleSetting(Use_Resources)</onclick>
										<selected>Skin.HasSetting(Use_Resources)</selected>
								</control>
								<control type="radiobutton" id="22">
										<left>0</left>
										<top>0</top>
										<label>  -  [UPPERCASE]$LOCALIZE[31371][/UPPERCASE]</label>
										<include>MenuButtonMenuAltValues</include>
										<onclick>Skin.ToggleSetting(_Resources_Videos)</onclick>
										<selected>Skin.HasSetting(_Resources_Videos)</selected>
										<enable>Skin.HasSetting(Use_Resources)</enable>
								</control>
								<control type="radiobutton" id="23">
										<left>0</left>
										<top>0</top>
										<label>  -  [UPPERCASE]$LOCALIZE[31365][/UPPERCASE]</label>
										<include>MenuButtonMenuAltValues</include>
										<onclick>Skin.ToggleSetting(Use_Resources_Overwrite)</onclick>
										<selected>Skin.HasSetting(Use_Resources_Overwrite)</selected>
										<enable>Skin.HasSetting(Use_Resources)</enable>
								</control>
								<control type="label" id="30">
										<left>320</left>
										<top>200</top>
										<width>640</width>
										<height>43</height>
										<align>center</align>
										<aligny>center</aligny>
										<font>size_23</font>
										<label>[B][UPPERCASE]$LOCALIZE[31374][/UPPERCASE][/B]</label>
										<textcolor>menu_header_label</textcolor>
								</control>
								<control type="button" id="31">
										<left>0</left>
										<top>0</top>
										<label>[UPPERCASE]$LOCALIZE[31353][/UPPERCASE]</label>
										<include>MenuButtonMenuAltValues</include>
										<onclick>RunScript(special://emustation_scripts/refresh_carousel.py,scan_emus,0,scan_xbes,0)</onclick>
								</control>
						</control>
				</control>
				<control type="image">
						<left>360r</left>
						<top>220</top>
						<width>22</width>
						<height>22</height>
						<texture>scroll-up.png</texture>
						<colordiffuse>menu_header_label</colordiffuse>
						<visible>Skin.HasSetting(Show_Scan_Options)</visible>
						<animation type="Conditional" condition="System.IdleTime(1)" loop="true" reversable="false">
								<effect type="slide" start="0,0" end="0,-12" time="1000" tween="cubic" easing="inout" delay="3000" />
								<effect type="slide" start="0,0" end="0,12" time="1000" tween="cubic" easing="inout" delay="3500" />
						</animation>
				</control>
				<control type="image">
						<left>360r</left>
						<top>182r</top>
						<width>22</width>
						<height>22</height>
						<texture>scroll-down.png</texture>
						<colordiffuse>menu_header_label</colordiffuse>
						<visible>Skin.HasSetting(Show_Scan_Options)</visible>
						<animation type="Conditional" condition="System.IdleTime(1)" loop="true" reversable="false">
								<effect type="slide" start="0,0" end="0,12" time="1000" tween="cubic" easing="inout" delay="3000" />
								<effect type="slide" start="0,0" end="0,-12" time="1000" tween="cubic" easing="inout" delay="3500" />
						</animation>
				</control>
		</controls>
</window>