<window type="dialog" id="1115">
		<defaultcontrol always="true">9000</defaultcontrol>
		<controls>
				<control type="image">
						<description>background image</description>
						<posx>0</posx>
						<posy>0</posy>
						<width>1280</width>
						<height>720</height>
						<colordiffuse>E0000000</colordiffuse>
						<texture>background diffuse.png</texture>
						<visible>!Window.IsActive(1111)</visible>
				</control>
				<control type="group">
						<posy>90</posy>
						<visible>!Control.HasFocus(100) + !Control.HasFocus(101) + !Control.HasFocus(102) + !Control.HasFocus(103) + !Control.HasFocus(104) + !Control.HasFocus(105)</visible>
						<control type="image">
								<description>background image</description>
								<posx>320</posx>
								<posy>108</posy>
								<width>640</width>
								<height>324</height>
								<colordiffuse>menu_back_image</colordiffuse>
								<texture border="20,20,20,20">menu_back.png</texture>
						</control>
						<control type="label">
								<description>heading label</description>
								<posx>320</posx>
								<posy>130</posy>
								<width>640</width>
								<height>50</height>
								<align>center</align>
								<aligny>center</aligny>
								<font>size_50</font>
								<label>[UPPERCASE]$LOCALIZE[31204][/UPPERCASE]</label>
								<textcolor>menu_header_label</textcolor>
						</control>
						<control type="grouplist" id="9000">
								<posx>320</posx>
								<posy>200</posy>
								<width>640</width>
								<height>295</height>
								<onleft>9000</onleft>
								<onright>9000</onright>
								<onup>9000</onup>
								<ondown>9000</ondown>
								<itemgap>-1</itemgap>
								<control type="button" id="1">
										<posx>0</posx>
										<posy>0</posy>
										<label>[UPPERCASE]$LOCALIZE[31380][/UPPERCASE]</label>
										<include>MenuButtonCommonValues</include>
										<onclick>SetFocus(101)</onclick>
								</control>
								<control type="button" id="2">
										<posx>0</posx>
										<posy>0</posy>
										<label>[UPPERCASE]$LOCALIZE[31381][/UPPERCASE]</label>
										<include>MenuButtonCommonValues</include>
										<onclick>SetFocus(103)</onclick>
								</control>
								<control type="button" id="3">
										<posx>0</posx>
										<posy>0</posy>
										<label>[UPPERCASE]$LOCALIZE[31382][/UPPERCASE]</label>
										<include>MenuButtonCommonValues</include>
										<onclick>SetFocus(105)</onclick>
								</control>
						</control>
				</control>
				<control type="group">
						<posy>170</posy>
						<visible>Control.HasFocus(100) | Control.HasFocus(101) | Control.HasFocus(102) | Control.HasFocus(103) | Control.HasFocus(104) | Control.HasFocus(105)</visible>
						<!-- Yes no dialog -->
						<control type="image">
								<description>background image</description>
								<posx>320</posx>
								<posy>108</posy>
								<width>640</width>
								<height>168</height>
								<colordiffuse>menu_back_image</colordiffuse>
								<texture border="20,20,20,20">menu_back.png</texture>
						</control>
						<control type="image">
								<description>background image</description>
								<posx>320</posx>
								<posy>200</posy>
								<width>640</width>
								<height>1</height>
								<texture>separator_menu.png</texture>
						</control>
						<control type="label">
								<description>heading label</description>
								<posx>320</posx>
								<posy>130</posy>
								<width>640</width>
								<height>50</height>
								<align>center</align>
								<aligny>center</aligny>
								<font>size_40</font>
								<label>[UPPERCASE]$LOCALIZE[31380]?[/UPPERCASE]</label>
								<textcolor>menu_header_label</textcolor>
								<visible>Control.HasFocus(100) | Control.HasFocus(101)</visible>
						</control>
						<!-- restart app -->
						<control type="grouplist" id="9001">
								<posx>320</posx>
								<posy>212</posy>
								<width>640</width>
								<height>150</height>
								<itemgap>5</itemgap>
								<align>center</align>
								<orientation>horizontal</orientation>
								<visible allowhiddenfocus="true">Control.HasFocus(100) | Control.HasFocus(101)</visible>
								<control type="button" id="100">
										<posx>0</posx>
										<posy>0</posy>
										<label>[UPPERCASE]$LOCALIZE[12019][/UPPERCASE]</label>
										<include>MenuYesNoButtonCommonValues</include>
										<onclick>RestartApp</onclick>
								</control>
								<control type="button" id="101">
										<posx>0</posx>
										<posy>0</posy>
										<label>[UPPERCASE]$LOCALIZE[12018][/UPPERCASE]</label>
										<include>MenuYesNoButtonCommonValues</include>
										<onclick>SetFocus(1)</onclick>
								</control>
						</control>
						<control type="label">
								<description>heading label</description>
								<posx>320</posx>
								<posy>130</posy>
								<width>640</width>
								<height>50</height>
								<align>center</align>
								<aligny>center</aligny>
								<font>size_40</font>
								<label>[UPPERCASE]$LOCALIZE[31381]?[/UPPERCASE]</label>
								<textcolor>menu_header_label</textcolor>
								<visible>Control.HasFocus(102) | Control.HasFocus(103)</visible>
						</control>
						<!-- restart xbox -->
						<control type="grouplist" id="9002">
								<posx>320</posx>
								<posy>212</posy>
								<width>640</width>
								<height>150</height>
								<itemgap>5</itemgap>
								<align>center</align>
								<orientation>horizontal</orientation>
								<visible allowhiddenfocus="true">Control.HasFocus(102) | Control.HasFocus(103)</visible>
								<control type="button" id="102">
										<posx>0</posx>
										<posy>0</posy>
										<label>[UPPERCASE]$LOCALIZE[12019][/UPPERCASE]</label>
										<include>MenuYesNoButtonCommonValues</include>
										<onclick>Reboot</onclick>
								</control>
								<control type="button" id="103">
										<posx>0</posx>
										<posy>0</posy>
										<label>[UPPERCASE]$LOCALIZE[12018][/UPPERCASE]</label>
										<include>MenuYesNoButtonCommonValues</include>
										<onclick>SetFocus(2)</onclick>
								</control>
						</control>
						<control type="label">
								<description>heading label</description>
								<posx>320</posx>
								<posy>130</posy>
								<width>640</width>
								<height>50</height>
								<align>center</align>
								<aligny>center</aligny>
								<font>size_40</font>
								<label>[UPPERCASE]$LOCALIZE[31382]?[/UPPERCASE]</label>
								<textcolor>menu_header_label</textcolor>
								<visible>Control.HasFocus(104) | Control.HasFocus(105)</visible>
						</control>
						<!-- shutdown xbox -->
						<control type="grouplist" id="9003">
								<posx>320</posx>
								<posy>212</posy>
								<width>640</width>
								<height>150</height>
								<itemgap>5</itemgap>
								<align>center</align>
								<orientation>horizontal</orientation>
								<visible allowhiddenfocus="true">Control.HasFocus(104) | Control.HasFocus(105)</visible>
								<control type="button" id="104">
										<posx>0</posx>
										<posy>0</posy>
										<label>[UPPERCASE]$LOCALIZE[12019][/UPPERCASE]</label>
										<include>MenuYesNoButtonCommonValues</include>
										<onclick>Powerdown</onclick>
								</control>
								<control type="button" id="105">
										<posx>0</posx>
										<posy>0</posy>
										<label>[UPPERCASE]$LOCALIZE[12018][/UPPERCASE]</label>
										<include>MenuYesNoButtonCommonValues</include>
										<onclick>SetFocus(3)</onclick>
								</control>
						</control>
				</control>
		</controls>
</window>