<window id="2002">
	<defaultcontrol>10</defaultcontrol>
	<coordinates>
		<system>1</system>
		<left>290</left>
		<top>210</top>
	</coordinates>
	<include>dialogeffect</include>
	<controls>
		<control type="image">
			<description>background image</description>
			<left>-290</left>
			<top>-210</top>
			<width>1280</width>
			<height>720</height>
			<texture>black-back.png</texture>
		</control>
		<control type="image">
			<description>background image</description>
			<left>0</left>
			<top>0</top>
			<width>700</width>
			<height>300</height>
			<colordiffuse>menu_back_image</colordiffuse>
			<texture border="20">menu_back.png</texture>
		</control>
		<control type="image">
			<description>background image</description>
			<left>0</left>
			<top>90</top>
			<width>700</width>
			<height>1</height>
			<colordiffuse>menu_focus_back</colordiffuse>
			<texture>separator_menu.png</texture>
		</control>
		<control type="image">
			<description>background image</description>
			<left>0</left>
			<top>220</top>
			<width>700</width>
			<height>1</height>
			<colordiffuse>menu_focus_back</colordiffuse>
			<texture>separator_menu.png</texture>
		</control>
		<control type="label" id="1">
			<description>heading label</description>
			<left>0</left>
			<top>20</top>
			<width>700</width>
			<height>50</height>
			<align>center</align>
			<aligny>center</aligny>
			<font>size_50</font>
			<label>13406</label>
			<textcolor>menu_header_label</textcolor>
		</control>
		<control type="label" id="2">
			<description>dialog line 1</description>
			<left>10</left>
			<top>95</top>
			<width>680</width>
			<height>50</height>
			<label>-</label>
			<font>size_28</font>
			<textcolor>menu_nofocus_label</textcolor>
			<align>center</align>
			<aligny>center</aligny>
		</control>
		<control type="label" id="3">
			<description>dialog line 2</description>
			<left>10</left>
			<top>130</top>
			<width>680</width>
			<height>50</height>
			<label>-</label>
			<font>size_28</font>
			<textcolor>menu_nofocus_label</textcolor>
			<align>center</align>
			<aligny>center</aligny>
		</control>
		<control type="label" id="4">
			<description>dialog line 3</description>
			<left>10</left>
			<top>165</top>
			<width>680</width>
			<height>50</height>
			<label>-</label>
			<font>size_28</font>
			<textcolor>menu_nofocus_label</textcolor>
			<align>center</align>
			<aligny>center</aligny>
		</control>
		<control type="button" id="10">
			<description>OK button</description>
			<left>300</left>
			<top>235</top>
			<label>186</label>
			<include>MenuYesNoButtonCommonValues</include>
			<onleft>10</onleft>
			<onright>10</onright>
			<onup>10</onup>
			<ondown>10</ondown>
		</control>
	</controls>
</window>