<window type="dialog" id="2004">
	<defaultcontrol always="true">61</defaultcontrol>
	<coordinates>
		<system>1</system>
		<left>290</left>
		<top>210</top>
	</coordinates>
	<include>dialogeffect</include>
	<controls>
		<control type="image">
			<description>background image</description>
			<left>0</left>
			<top>0</top>
			<width>700</width>
			<height>300</height>
			<texture border="40">dialogback.png</texture>
		</control>
		<control type="image">
			<description>Heading Background</description>
			<left>30</left>
			<top>34</top>
			<width>640</width>
			<height>40</height>
			<texture border="5">thumbfo.png</texture>
		</control>
		<control type="label" id="1">
			<description>heading label</description>
			<left>40</left>
			<top>35</top>
			<width>620</width>
			<height>40</height>
			<align>center</align>
			<aligny>center</aligny>
			<font>size_21_bold</font>
			<label>Thumbnail Cleaner</label>
			<textcolor>black</textcolor>
		</control>
		<control type="textbox" id="5">
			<description>textarea</description>
			<left>0</left>
			<top>100</top>
			<width>700</width>
			<height>300</height>
			<font>size_23</font>
			<align>center</align>
			<textcolor>white</textcolor>
			<shadowcolor>black</shadowcolor>
		</control>
	</controls>
</window>