<window id="2002">
		<defaultcontrol>10</defaultcontrol>
		<coordinates>
				<system>1</system>
				<posx>290</posx>
				<posy>210</posy>
		</coordinates>
		<include>dialogeffect</include>
		<controls>
				<control type="image">
						<description>background image</description>
						<posx>-290</posx>
						<posy>-210</posy>
						<width>1280</width>
						<height>7200</height>
						<texture>black-back.png</texture>
				</control>
				<control type="image">
						<description>background image</description>
						<posx>0</posx>
						<posy>0</posy>
						<width>700</width>
						<height>300</height>
						<colordiffuse>menu_back_image</colordiffuse>
						<texture border="20">menu_back.png</texture>
				</control>
				<control type="image">
						<description>background image</description>
						<posx>0</posx>
						<posy>90</posy>
						<width>700</width>
						<height>1</height>
						<texture>separator_menu.png</texture>
				</control>
				<control type="image">
						<description>background image</description>
						<posx>0</posx>
						<posy>220</posy>
						<width>700</width>
						<height>1</height>
						<texture>separator_menu.png</texture>
				</control>
				<control type="label" id="1">
						<description>heading label</description>
						<posx>0</posx>
						<posy>20</posy>
						<width>700</width>
						<height>50</height>
						<align>center</align>
						<aligny>center</aligny>
						<font>size_50</font>
						<label>13406</label>
						<textcolor>menu_header_label</textcolor>
				</control>
				<control type="label" id="2">
						<description>dialog line 1</description>
						<posx>10</posx>
						<posy>95</posy>
						<width>680</width>
						<height>50</height>
						<label>-</label>
						<font>size_28</font>
						<textcolor>menu_deselect_label</textcolor>
						<align>center</align>
						<aligny>center</aligny>
				</control>
				<control type="label" id="3">
						<description>dialog line 2</description>
						<posx>10</posx>
						<posy>130</posy>
						<width>680</width>
						<height>50</height>
						<label>-</label>
						<font>size_28</font>
						<textcolor>menu_deselect_label</textcolor>
						<align>center</align>
						<aligny>center</aligny>
				</control>
				<control type="label" id="4">
						<description>dialog line 3</description>
						<posx>10</posx>
						<posy>165</posy>
						<width>680</width>
						<height>50</height>
						<label>-</label>
						<font>size_28</font>
						<textcolor>menu_deselect_label</textcolor>
						<align>center</align>
						<aligny>center</aligny>
				</control>
				<control type="button" id="10">
						<description>OK button</description>
						<posx>300</posx>
						<posy>235</posy>
						<label>186</label>
						<include>MenuYesNoButtonCommonValues</include>
						<onleft>10</onleft>
						<onright>10</onright>
						<onup>10</onup>
						<ondown>10</ondown>
				</control>
		</controls>
</window>