<window type="dialog" id="147">
	<defaultcontrol always="true">61</defaultcontrol>
	<controls>
		<control type="image">
			<left>77</left>
			<top>70</top>
			<width>1126</width>
			<height>581</height>
			<aspectratio>stretch</aspectratio>
			<colordiffuse>menu_back_image</colordiffuse>
			<texture border="20,20,20,20">menu_back.png</texture>
		</control>
		<control type="image">
			<left>77</left>
			<top>130</top>
			<width>1126</width>
			<height>1</height>
			<colordiffuse>menu_focus_back</colordiffuse>
			<texture>separator_menu.png</texture>
		</control>
		<control type="label">
			<description>heading label used to bold and upper-case</description>
			<left>90</left>
			<top>70</top>
			<width>1126</width>
			<height>60</height>
			<align>left</align>
			<aligny>center</aligny>
			<font>size_25</font>
			<label>File: $INFO[Control.GetLabel(1)]</label>
			<textcolor>menu_header_label</textcolor>
		</control>
		<control type="label" id="1">
			<description>heading label</description>
			<left>90</left>
			<top>75</top>
			<width>1105</width>
			<height>50</height>
			<align>left</align>
			<aligny>center</aligny>
			<font>size_25</font>
			<textcolor>menu_nofocus_label</textcolor>
			<visible>false</visible>
		</control>
		<control type="textbox" id="5">
			<description>textarea</description>
			<left>90</left>
			<top>128</top>
			<width>1100</width>
			<height>520</height>
			<font>size_16</font>
			<align>left</align>
			<textcolor>menu_nofocus_label</textcolor>
			<shadowcolor>-</shadowcolor>
			<pagecontrol>61</pagecontrol>
		</control>
		<!-- Scroll bar fails to work due to the scrolltime being set to 200 :-/ -->
		<control type="scrollbar" id="61">
			<left>1193</left>
			<top>130</top>
			<width>10</width>
			<height>517</height>
			<texturesliderbackground border="2,2,2,2">scrollbar_bar_back2.png</texturesliderbackground>
			<texturesliderbar border="2,2,2,2">scrollbar_bar_focus-vertical.png</texturesliderbar>
			<texturesliderbarfocus border="2,2,2,2">scrollbar_bar_focus-vertical.png</texturesliderbarfocus>
			<textureslidernib>-</textureslidernib>
			<textureslidernibfocus>-</textureslidernibfocus>
			<onleft>-</onleft>
			<ondown>-</ondown>
			<showonepage>false</showonepage>
			<orientation>vertical</orientation>
			<visible allowhiddenfocus="true">Control.HasFocus(61)</visible>
			<animation reversible="false" effect="fade" start="100" end="20" time="100" condition="!Control.HasFocus(61)">Conditional</animation>
			<animation reversible="false" effect="fade" start="20" end="100" time="100">Focus</animation>
		</control>
	</controls>
</window>