<window id="110">
		<defaultcontrol>0</defaultcontrol>
		<coordinates>
				<system>1</system>
				<left>290</left>
				<top>210</top>
		</coordinates>
		<include>dialogeffect</include>
		<controls>
				<control type="image">
						<description>background image</description>
						<left>0</left>
						<top>0</top>
						<width>700</width>
						<height>300</height>
						<texture border="40">dialogback.png</texture>
				</control>
				<control type="image">
						<description>Heading Background</description>
						<left>30</left>
						<top>34</top>
						<width>640</width>
						<height>40</height>
						<texture border="5">thumbfo.png</texture>
				</control>
				<control type="label" id="1">
						<description>heading label</description>
						<left>40</left>
						<top>35</top>
						<width>620</width>
						<height>40</height>
						<align>center</align>
						<aligny>center</aligny>
						<font>size_21_bold</font>
						<label>13406</label>
						<textcolor>black</textcolor>
				</control>
				<control type="label" id="2">
						<description>dialog line 1</description>
						<left>40</left>
						<top>85</top>
						<width>620</width>
						<height>30</height>
						<align>center</align>
						<aligny>center</aligny>
						<label>-</label>
						<font>size_20</font>
				</control>
				<control type="label" id="3">
						<description>dialog line 2</description>
						<left>40</left>
						<top>115</top>
						<width>620</width>
						<height>30</height>
						<align>center</align>
						<aligny>center</aligny>
						<label>-</label>
						<font>size_20</font>
				</control>
				<control type="label" id="4">
						<description>dialog line 3</description>
						<left>40</left>
						<top>145</top>
						<width>620</width>
						<height>30</height>
						<align>center</align>
						<aligny>center</aligny>
						<label>-</label>
						<font>size_20</font>
				</control>
		</controls>
</window>