<window id="128">
	<defaultcontrol>10</defaultcontrol>
	<coordinates>
		<system>1</system>
		<left>240</left>
		<top>145</top>
	</coordinates>
	<include>dialogeffect</include>
	<controls>
		<control type="image">
			<description>background image</description>
			<left>0</left>
			<top>0</top>
			<width>800</width>
			<height>430</height>
			<texture border="40">dialogback.png</texture>
		</control>
		<control type="image">
			<description>Heading Background</description>
			<left>30</left>
			<top>34</top>
			<width>740</width>
			<height>40</height>
			<texture border="5">thumbfo.png</texture>
		</control>
		<control type="label" id="2">
			<description>heading label</description>
			<left>40</left>
			<top>35</top>
			<width>720</width>
			<height>40</height>
			<align>center</align>
			<aligny>center</aligny>
			<font>size_21_bold</font>
			<label>1007</label>
			<textcolor>black</textcolor>
		</control>
		<control type="spincontrolex" id="10">
			<description>Protocol SpinControl</description>
			<left>40</left>
			<top>85</top>
			<height>35</height>
			<width>720</width>
			<texturefocus border="5">button-focus.png</texturefocus>\n
			<texturenofocus border="5">button-nofocus.png</texturenofocus>
			<textcolor>white</textcolor>
			<disabledcolor>grey3</disabledcolor>
			<textoffsetx>12</textoffsetx>
			<aligny>center</aligny>
			<reverse>yes</reverse>
			<font>size_20</font>
			<label>1008</label>
			<onup>18</onup>
			<ondown>11</ondown>
			<onleft>10</onleft>
			<onright>10</onright>
		</control>
		<control type="button" id="11">
			<description>Server Address Button</description>
			<left>40</left>
			<top>125</top>
			<width>565</width>
			<height>35</height>
			<textoffsetx>12</textoffsetx>
			<aligny>center</aligny>
			<texturefocus border="5">button-focus.png</texturefocus>\n
			<texturenofocus border="5">button-nofocus.png</texturenofocus>
			<font>size_20</font>
			<label>-</label>
			<onup>10</onup>
			<onleft>12</onleft>
			<onright>12</onright>
			<ondown>16</ondown>
		</control>
		<control type="button" id="12">
			<description>Server Browse Button</description>
			<left>610</left>
			<top>125</top>
			<width>150</width>
			<height>35</height>
			<textoffsetx>12</textoffsetx>
			<font>size_20</font>
			<label>1024</label>
			<align>center</align>
			<aligny>center</aligny>
			<texturenofocus border="5">button-nofocus.png</texturenofocus>
			<texturefocus border="5">button-focus.png</texturefocus>\n
			<onup>10</onup>
			<onleft>11</onleft>
			<onright>11</onright>
			<ondown>16</ondown>
		</control>
		<control type="button" id="16">
			<description>Remote path Button</description>
			<left>40</left>
			<top>165</top>
			<width>720</width>
			<height>35</height>
			<textoffsetx>12</textoffsetx>
			<aligny>center</aligny>
			<texturefocus border="5">button-focus.png</texturefocus>\n
			<texturenofocus border="5">button-nofocus.png</texturenofocus>
			<font>size_20</font>
			<label>-</label>
			<onup>11</onup>
			<onleft>16</onleft>
			<onright>16</onright>
			<ondown>13</ondown>
		</control>
		<control type="button" id="13">
			<description>Port Button</description>
			<left>40</left>
			<top>205</top>
			<width>720</width>
			<height>35</height>
			<textoffsetx>12</textoffsetx>
			<aligny>center</aligny>
			<texturefocus border="5">button-focus.png</texturefocus>\n
			<texturenofocus border="5">button-nofocus.png</texturenofocus>
			<font>size_20</font>
			<label>1013</label>
			<onup>16</onup>
			<onleft>13</onleft>
			<onright>13</onright>
			<ondown>14</ondown>
		</control>
		<control type="button" id="14">
			<description>Username Button</description>
			<left>40</left>
			<top>245</top>
			<width>720</width>
			<height>35</height>
			<textoffsetx>12</textoffsetx>
			<aligny>center</aligny>
			<texturefocus border="5">button-focus.png</texturefocus>\n
			<texturenofocus border="5">button-nofocus.png</texturenofocus>
			<font>size_20</font>
			<label>1014</label>
			<onup>13</onup>
			<onleft>14</onleft>
			<onright>14</onright>
			<ondown>15</ondown>
		</control>
		<control type="button" id="15">
			<description>Password Button</description>
			<left>40</left>
			<top>285</top>
			<width>720</width>
			<height>35</height>
			<textoffsetx>12</textoffsetx>
			<aligny>center</aligny>
			<texturefocus border="5">button-focus.png</texturefocus>\n
			<texturenofocus border="5">button-nofocus.png</texturenofocus>
			<font>size_20</font>
			<label>15052</label>
			<onup>14</onup>
			<onleft>15</onleft>
			<onright>15</onright>
			<ondown>18</ondown>
		</control>
		<control type="button" id="18">
			<description>Ok Button</description>
			<left>195</left>
			<top>350</top>
			<width>200</width>
			<height>35</height>
			<align>center</align>
			<aligny>center</aligny>
			<texturenofocus border="3">button-nofocus.png</texturenofocus>
			<texturefocus border="3">button-focus2.png</texturefocus>\n
			<label>186</label>
			<onup>15</onup>
			<onleft>19</onleft>
			<onright>19</onright>
			<ondown>10</ondown>
		</control>
		<control type="button" id="19">
			<description>Cancel Button</description>
			<left>405</left>
			<top>350</top>
			<width>200</width>
			<height>35</height>
			<align>center</align>
			<aligny>center</aligny>
			<texturenofocus border="3">button-nofocus.png</texturenofocus>
			<texturefocus border="3">button-focus2.png</texturefocus>\n
			<label>222</label>
			<onup>15</onup>
			<onleft>18</onleft>
			<onright>18</onright>
			<ondown>10</ondown>
		</control>
	</controls>
</window>