<window type="buttonMenu" id="111">
	<defaultcontrol always="true">4</defaultcontrol>
	<controls>
		<control type="button" id="4">
			<description>Log Off xbmc</description>
			<left>0</left>
			<top>0</top>
			<width>0</width>
			<height>0</height>
			<texturefocus>-</texturefocus>
			<texturenofocus>-</texturenofocus>
			<onfocus>Dialog.Close(111,true)</onfocus>
			<onfocus>ActivateWindow(1115)</onfocus>
			<onup>1</onup>
			<ondown>1</ondown>
		</control>
	</controls>
</window>