<window id="109">
	<defaultcontrol always="true">21</defaultcontrol>
	<include>dialogeffect</include>
	<coordinates>
		<system>2</system>
		<left>495</left>
		<top>165</top>
	</coordinates>
	<controls>
		<control type="image">
			<left>0</left>
			<top>0</top>
			<width>290</width>
			<height>385</height>
			<texture border="40">dialogback.png</texture>
		</control>
		<control type="image">
			<description>Heading Background</description>
			<left>30</left>
			<top>34</top>
			<width>230</width>
			<height>40</height>
			<texture border="5">thumbfo.png</texture>
		</control>
		<control type="fadelabel" id="1">
			<description>dialog Heading</description>
			<left>45</left>
			<top>35</top>
			<width>200</width>
			<height>40</height>
			<font>size_21_bold</font>
			<textcolor>black</textcolor>
			<align>center</align>
			<aligny>center</aligny>
			<scrollout>false</scrollout>
			<pauseatend>2000</pauseatend>
		</control>
		<control type="image">
			<left>45</left>
			<top>85</top>
			<width>200</width>
			<height>45</height>
			<colordiffuse>BBFFFFFF</colordiffuse>
			<texture border="5">button-focus.png</texture>
		</control>
		<control type="label" id="4">
			<description>Edit Text</description>
			<left>50</left>
			<top>85</top>
			<width>190</width>
			<height>45</height>
			<font>size_20</font>
			<textcolor>white</textcolor>
			<disabledcolor>grey</disabledcolor>
			<align>center</align>
			<aligny>center</aligny>
		</control>
		<control type="group">
			<left>45</left>
			<top>140</top>
			<control type="button" id="11">
				<description>1 button</description>
				<left>0</left>
				<top>0</top>
				<width>48</width>
				<height>48</height>
				<font>size_20</font>
				<align>center</align>
				<aligny>center</aligny>
				<texturenofocus border="4">button-nofocus.png</texturenofocus>
				<texturefocus border="4">button-focus-keyboard.png</texturefocus>
				<label>12311</label>
				<onleft>23</onleft>
				<onright>12</onright>
				<onup>20</onup>
				<ondown>14</ondown>
			</control>
			<control type="button" id="12">
				<description>2 button</description>
				<left>50</left>
				<top>0</top>
				<width>48</width>
				<height>48</height>
				<font>size_20</font>
				<align>center</align>
				<aligny>center</aligny>
				<texturenofocus border="4">button-nofocus.png</texturenofocus>
				<texturefocus border="4">button-focus-keyboard.png</texturefocus>
				<label>12312</label>
				<onleft>11</onleft>
				<onright>13</onright>
				<onup>10</onup>
				<ondown>15</ondown>
			</control>
			<control type="button" id="13">
				<description>3 button</description>
				<left>100</left>
				<top>0</top>
				<width>48</width>
				<height>48</height>
				<font>size_20</font>
				<align>center</align>
				<aligny>center</aligny>
				<texturenofocus border="4">button-nofocus.png</texturenofocus>
				<texturefocus border="4">button-focus-keyboard.png</texturefocus>
				<label>12313</label>
				<onleft>12</onleft>
				<onright>23</onright>
				<onup>22</onup>
				<ondown>16</ondown>
			</control>
			<control type="button" id="23">
				<description>Backspace button</description>
				<left>150</left>
				<top>0</top>
				<width>48</width>
				<height>98</height>
				<textwidth>94</textwidth>
				<font>size_15</font>
				<align>center</align>
				<aligny>center</aligny>
				<texturenofocus border="4">button-nofocus.png</texturenofocus>
				<texturefocus border="4">button-focus-keyboard.png</texturefocus>
				<label>20181</label>
				<angle>270</angle>
				<onleft>13</onleft>
				<onright>11</onright>
				<onup>21</onup>
				<ondown>21</ondown>
			</control>
			<control type="button" id="14">
				<description>4 button</description>
				<left>0</left>
				<top>50</top>
				<width>48</width>
				<height>48</height>
				<font>size_20</font>
				<align>center</align>
				<aligny>center</aligny>
				<texturenofocus border="4">button-nofocus.png</texturenofocus>
				<texturefocus border="4">button-focus-keyboard.png</texturefocus>
				<label>12314</label>
				<onleft>23</onleft>
				<onright>15</onright>
				<onup>11</onup>
				<ondown>17</ondown>
			</control>
			<control type="button" id="15">
				<description>5 button</description>
				<left>50</left>
				<top>50</top>
				<width>48</width>
				<height>48</height>
				<font>size_20</font>
				<align>center</align>
				<aligny>center</aligny>
				<texturenofocus border="4">button-nofocus.png</texturenofocus>
				<texturefocus border="4">button-focus-keyboard.png</texturefocus>
				<label>12315</label>
				<onleft>14</onleft>
				<onright>16</onright>
				<onup>12</onup>
				<ondown>18</ondown>
			</control>
			<control type="button" id="16">
				<description>6 button</description>
				<left>100</left>
				<top>50</top>
				<width>48</width>
				<height>48</height>
				<font>size_20</font>
				<align>center</align>
				<aligny>center</aligny>
				<texturenofocus border="4">button-nofocus.png</texturenofocus>
				<texturefocus border="4">button-focus-keyboard.png</texturefocus>
				<label>12316</label>
				<onleft>15</onleft>
				<onright>23</onright>
				<onup>13</onup>
				<ondown>19</ondown>
			</control>
			<control type="button" id="17">
				<description>7 button</description>
				<left>0</left>
				<top>100</top>
				<width>48</width>
				<height>48</height>
				<font>size_20</font>
				<align>center</align>
				<aligny>center</aligny>
				<texturenofocus border="4">button-nofocus.png</texturenofocus>
				<texturefocus border="4">button-focus-keyboard.png</texturefocus>
				<label>12317</label>
				<onleft>21</onleft>
				<onright>18</onright>
				<onup>14</onup>
				<ondown>20</ondown>
			</control>
			<control type="button" id="18">
				<description>8 button</description>
				<left>50</left>
				<top>100</top>
				<width>48</width>
				<height>48</height>
				<font>size_20</font>
				<align>center</align>
				<aligny>center</aligny>
				<texturenofocus border="4">button-nofocus.png</texturenofocus>
				<texturefocus border="4">button-focus-keyboard.png</texturefocus>
				<label>12318</label>
				<onleft>17</onleft>
				<onright>19</onright>
				<onup>15</onup>
				<ondown>10</ondown>
			</control>
			<control type="button" id="19">
				<description>9 button</description>
				<left>100</left>
				<top>100</top>
				<width>48</width>
				<height>48</height>
				<font>size_20</font>
				<align>center</align>
				<aligny>center</aligny>
				<texturenofocus border="4">button-nofocus.png</texturenofocus>
				<texturefocus border="4">button-focus-keyboard.png</texturefocus>
				<label>12319</label>
				<onleft>18</onleft>
				<onright>21</onright>
				<onup>16</onup>
				<ondown>22</ondown>
			</control>
			<control type="button" id="21">
				<description>Done button</description>
				<left>150</left>
				<top>100</top>
				<width>48</width>
				<height>98</height>
				<textwidth>94</textwidth>
				<font>size_15</font>
				<align>center</align>
				<aligny>center</aligny>
				<texturenofocus border="4">button-nofocus.png</texturenofocus>
				<texturefocus border="4">button-focus-keyboard.png</texturefocus>
				<label>20177</label>
				<angle>270</angle>
				<onleft>19</onleft>
				<onright>17</onright>
				<onup>23</onup>
				<ondown>23</ondown>
			</control>
			<control type="button" id="20">
				<description>prev button</description>
				<left>0</left>
				<top>150</top>
				<width>48</width>
				<height>48</height>
				<font>size_20</font>
				<textwidth>40</textwidth>
				<label>&lt;&lt;</label>
				<align>center</align>
				<aligny>center</aligny>
				<texturenofocus border="4">button-nofocus.png</texturenofocus>
				<texturefocus border="4">button-focus-keyboard.png</texturefocus>
				<onleft>21</onleft>
				<onright>10</onright>
				<onup>17</onup>
				<ondown>11</ondown>
			</control>
			<control type="button" id="10">
				<description>0 button</description>
				<left>50</left>
				<top>150</top>
				<width>48</width>
				<height>48</height>
				<font>size_20</font>
				<align>center</align>
				<aligny>center</aligny>
				<texturenofocus border="4">button-nofocus.png</texturenofocus>
				<texturefocus border="4">button-focus-keyboard.png</texturefocus>
				<label>12310</label>
				<onleft>20</onleft>
				<onright>22</onright>
				<onup>18</onup>
				<ondown>12</ondown>
			</control>
			<control type="button" id="22">
				<description>next button</description>
				<left>100</left>
				<top>150</top>
				<width>48</width>
				<height>48</height>
				<font>size_20</font>
				<textwidth>40</textwidth>
				<label>&gt;&gt;</label>
				<align>center</align>
				<aligny>center</aligny>
				<texturenofocus border="4">button-nofocus.png</texturenofocus>
				<texturefocus border="4">button-focus-keyboard.png</texturefocus>
				<onleft>10</onleft>
				<onright>21</onright>
				<onup>19</onup>
				<ondown>13</ondown>
			</control>
		</control>
	</controls>
</window>