<window id="107">
		<include>ViewVisibleEffect</include>
		<coordinates>
				<system>1</system>
				<posx>430</posx>
				<posy>10</posy>
		</coordinates>
		<controls>
				<control type="image">
						<description>background image</description>
						<posx>0</posx>
						<posy>0</posy>
						<width>420</width>
						<height>70</height>
						<texture border="20,20,20,20">toast.png</texture>
				</control>
				<control type="label" id="401">
						<description>Line 1 Label</description>
						<posx>10</posx>
						<posy>15</posy>
						<width>400</width>
						<height>20</height>
						<font>size_18_bold</font>
						<textcolor>menu_header_label</textcolor>
						<align>center</align>
						<aligny>center</aligny>
						<scroll>true</scroll>
				</control>
				<control type="label" id="402">
						<description>Line 2 Label</description>
						<posx>10</posx>
						<posy>35</posy>
						<width>400</width>
						<height>20</height>
						<font>size_17</font>
						<textcolor>menu_header_label</textcolor>
						<align>center</align>
						<aligny>center</aligny>
				</control>
		</controls>
</window>