<includes>
		<include name="Carousel_Background">
				<control type="image">
						<include>1280x720</include>
						<aspectratio>stretch</aspectratio>
						<colordiffuse>system-art-colour</colordiffuse>
						<texture background="true">$INFO[Container(9000).ListItem(0).ActualIcon]</texture>
				</control>
		</include>
		<include name="Carousel_Background_Slide">
				<control type="group" id="8004">
						<visible>Container(9000).OnNext</visible>
						<animation effect="slide" reversible="false" start="0,0" end="-1280,0" delay="0" time="250">Hidden</animation>
						<control type="image">
								<include>1280x720</include>
								<aspectratio>stretch</aspectratio>
								<colordiffuse>system-art-colour</colordiffuse>
								<texture background="true">$INFO[Container(9000).ListItem(-1).ActualIcon]</texture>
						</control>
						<control type="image">
								<posx>1280</posx>
								<include>1280x720</include>
								<aspectratio>stretch</aspectratio>
								<colordiffuse>system-art-colour</colordiffuse>
								<texture background="true">$INFO[Container(9000).ListItem(0).ActualIcon]</texture>
						</control>
				</control>
				<control type="group" id="8005">
						<visible>Container(9000).OnPrevious</visible>
						<animation effect="slide" reversible="false" start="0,0" end="1280,0" delay="0" time="250">Hidden</animation>
						<control type="image">
								<posx>-1280</posx>
								<include>1280x720</include>
								<aspectratio>stretch</aspectratio>
								<colordiffuse>system-art-colour</colordiffuse>
								<texture background="true">$INFO[Container(9000).ListItem(0).ActualIcon]</texture>
						</control>
						<control type="image">
								<include>1280x720</include>
								<aspectratio>stretch</aspectratio>
								<colordiffuse>system-art-colour</colordiffuse>
								<texture background="true">$INFO[Container(9000).ListItem(1).ActualIcon]</texture>
						</control>
				</control>
				<control type="group">
						<visible>!Control.IsVisible(8004) + !Control.IsVisible(8005)</visible>
						<animation type="Hidden" reversible="false">
								<effect type="fade" start="100" end="0" time="0" delay="0" />
						</animation>
						<animation type="Visible" reversible="false">
								<effect type="fade" start="0" end="100" time="0" delay="0" />
						</animation>
						<control type="image">
								<include>1280x720</include>
								<aspectratio>stretch</aspectratio>
								<colordiffuse>system-art-colour</colordiffuse>
								<texture background="true">$INFO[Container(9000).ListItem(0).ActualIcon]</texture>
						</control>
				</control>
		</include>
		<include name="Carousel_Background_Fade">
				<control type="group">
						<visible>!Container(9000).OnNext + !Container(9000).OnPrevious</visible>
						<animation type="Visible" reversible="false">
								<effect type="fade" start="0" end="100" time="300" delay="200" />
						</animation>
						<control type="image">
								<include>1280x720</include>
								<aspectratio>stretch</aspectratio>
								<colordiffuse>system-art-colour</colordiffuse>
								<texture background="true">$INFO[Container(9000).ListItem(0).ActualIcon]</texture>
						</control>
				</control>
		</include>
		<include name="Carousel_Background_keep">
				<control type="image">
						<include>1280x720</include>
						<aspectratio>keep</aspectratio>
						<colordiffuse>system-art-colour</colordiffuse>
						<texture background="true">$INFO[Container(9000).ListItem(0).ActualIcon]</texture>
				</control>
		</include>
		<include name="Carousel_Background_keep_Slide">
				<control type="group" id="8004">
						<visible>Container(9000).OnNext</visible>
						<animation effect="slide" reversible="false" start="0,0" end="-1280,0" delay="0" time="250">Hidden</animation>
						<control type="image">
								<include>1280x720</include>
								<aspectratio>keep</aspectratio>
								<colordiffuse>system-art-colour</colordiffuse>
								<texture background="true">$INFO[Container(9000).ListItem(-1).ActualIcon]</texture>
						</control>
						<control type="image">
								<posx>1280</posx>
								<include>1280x720</include>
								<aspectratio>keep</aspectratio>
								<colordiffuse>system-art-colour</colordiffuse>
								<texture background="true">$INFO[Container(9000).ListItem(0).ActualIcon]</texture>
						</control>
				</control>
				<control type="group" id="8005">
						<visible>Container(9000).OnPrevious</visible>
						<animation effect="slide" reversible="false" start="0,0" end="1280,0" delay="0" time="250">Hidden</animation>
						<control type="image">
								<posx>-1280</posx>
								<include>1280x720</include>
								<aspectratio>keep</aspectratio>
								<colordiffuse>system-art-colour</colordiffuse>
								<texture background="true">$INFO[Container(9000).ListItem(0).ActualIcon]</texture>
						</control>
						<control type="image">
								<include>1280x720</include>
								<aspectratio>keep</aspectratio>
								<colordiffuse>system-art-colour</colordiffuse>
								<texture background="true">$INFO[Container(9000).ListItem(1).ActualIcon]</texture>
						</control>
				</control>
				<control type="group">
						<visible>!Control.IsVisible(8004) + !Control.IsVisible(8005)</visible>
						<animation type="Hidden" reversible="false">
								<effect type="fade" start="100" end="0" time="0" delay="0" />
						</animation>
						<animation type="Visible" reversible="false">
								<effect type="fade" start="0" end="100" time="0" delay="0" />
						</animation>
						<control type="image">
								<include>1280x720</include>
								<aspectratio>keep</aspectratio>
								<colordiffuse>system-art-colour</colordiffuse>
								<texture background="true">$INFO[Container(9000).ListItem(0).ActualIcon]</texture>
						</control>
				</control>
		</include>
		<include name="Carousel_Background_keep_Fade">
				<control type="group">
						<visible>!Container(9000).OnNext + !Container(9000).OnPrevious</visible>
						<animation type="Visible" reversible="false">
								<effect type="fade" start="0" end="100" time="300" delay="200" />
						</animation>
						<control type="image">
								<include>1280x720</include>
								<aspectratio>keep</aspectratio>
								<colordiffuse>system-art-colour</colordiffuse>
								<texture background="true">$INFO[Container(9000).ListItem(0).ActualIcon]</texture>
						</control>
				</control>
		</include>
		<include name="Carousel_Background_scale">
				<control type="image">
						<include>1280x720</include>
						<aspectratio>scale</aspectratio>
						<colordiffuse>system-art-colour</colordiffuse>
						<texture background="true">$INFO[Container(9000).ListItem(0).ActualIcon]</texture>
				</control>
		</include>
		<include name="Carousel_Background_scale_Slide">
				<control type="group" id="8004">
						<visible>Container(9000).OnNext</visible>
						<animation effect="slide" reversible="false" start="0,0" end="-1280,0" delay="0" time="250">Hidden</animation>
						<control type="image">
								<include>1280x720</include>
								<aspectratio>scale</aspectratio>
								<colordiffuse>system-art-colour</colordiffuse>
								<texture background="true">$INFO[Container(9000).ListItem(-1).ActualIcon]</texture>
						</control>
						<control type="image">
								<posx>1280</posx>
								<include>1280x720</include>
								<aspectratio>scale</aspectratio>
								<colordiffuse>system-art-colour</colordiffuse>
								<texture background="true">$INFO[Container(9000).ListItem(0).ActualIcon]</texture>
						</control>
				</control>
				<control type="group" id="8005">
						<visible>Container(9000).OnPrevious</visible>
						<animation effect="slide" reversible="false" start="0,0" end="1280,0" delay="0" time="250">Hidden</animation>
						<control type="image">
								<posx>-1280</posx>
								<include>1280x720</include>
								<aspectratio>scale</aspectratio>
								<colordiffuse>system-art-colour</colordiffuse>
								<texture background="true">$INFO[Container(9000).ListItem(0).ActualIcon]</texture>
						</control>
						<control type="image">
								<include>1280x720</include>
								<aspectratio>scale</aspectratio>
								<colordiffuse>system-art-colour</colordiffuse>
								<texture background="true">$INFO[Container(9000).ListItem(1).ActualIcon]</texture>
						</control>
				</control>
				<control type="group">
						<visible>!Control.IsVisible(8004) + !Control.IsVisible(8005)</visible>
						<animation type="Hidden" reversible="false">
								<effect type="fade" start="100" end="0" time="0" delay="0" />
						</animation>
						<animation type="Visible" reversible="false">
								<effect type="fade" start="0" end="100" time="0" delay="0" />
						</animation>
						<control type="image">
								<include>1280x720</include>
								<aspectratio>scale</aspectratio>
								<colordiffuse>system-art-colour</colordiffuse>
								<texture background="true">$INFO[Container(9000).ListItem(0).ActualIcon]</texture>
						</control>
				</control>
		</include>
		<include name="Carousel_Background_scale_Fade">
				<control type="group">
						<visible>!Container(9000).OnNext + !Container(9000).OnPrevious</visible>
						<animation type="Visible" reversible="false">
								<effect type="fade" start="0" end="100" time="300" delay="200" />
						</animation>
						<control type="image">
								<include>1280x720</include>
								<aspectratio>scale</aspectratio>
								<colordiffuse>system-art-colour</colordiffuse>
								<texture background="true">$INFO[Container(9000).ListItem(0).ActualIcon]</texture>
						</control>
				</control>
		</include>
		<include name="Carbon_Carousel_Background">
				<control type="image">
						<posx>466</posx>
						<posy>47</posy>
						<width>347</width>
						<height>195</height>
						<aspectratio>keep</aspectratio>
						<colordiffuse>$VAR[var-carbon_custom_colours]</colordiffuse>
						<texture background="true">$INFO[Container(9000).ListItem(0).ActualIcon]</texture>
				</control>
		</include>
		<include name="Carbon_Carousel_Background_Slide">
				<control type="group" id="8004">
						<visible>Container(9000).OnNext</visible>
						<animation effect="slide" reversible="false" start="0,0" end="-814,0" delay="0" time="250">Hidden</animation>
						<control type="image">
								<posx>466</posx>
								<posy>47</posy>
								<width>347</width>
								<height>195</height>
								<aspectratio>keep</aspectratio>
								<colordiffuse>$VAR[var-carbon_custom_colours]</colordiffuse>
								<texture background="true">$INFO[Container(9000).ListItem(-1).ActualIcon]</texture>
						</control>
						<control type="image">
								<posx>1280</posx>
								<posy>47</posy>
								<width>347</width>
								<height>195</height>
								<aspectratio>keep</aspectratio>
								<colordiffuse>$VAR[var-carbon_custom_colours]</colordiffuse>
								<texture background="true">$INFO[Container(9000).ListItem(0).ActualIcon]</texture>
						</control>
				</control>
				<control type="group" id="8005">
						<visible>Container(9000).OnPrevious</visible>
						<animation effect="slide" reversible="false" start="0,0" end="814,0" delay="0" time="250">Hidden</animation>
						<control type="image">
								<posx>-347</posx>
								<posy>47</posy>
								<width>347</width>
								<height>195</height>
								<aspectratio>keep</aspectratio>
								<colordiffuse>$VAR[var-carbon_custom_colours]</colordiffuse>
								<texture background="true">$INFO[Container(9000).ListItem(0).ActualIcon]</texture>
						</control>
						<control type="image">
								<posx>466</posx>
								<posy>47</posy>
								<width>347</width>
								<height>195</height>
								<aspectratio>keep</aspectratio>
								<colordiffuse>$VAR[var-carbon_custom_colours]</colordiffuse>
								<texture background="true">$INFO[Container(9000).ListItem(1).ActualIcon]</texture>
						</control>
				</control>
				<control type="group">
						<visible>!Control.IsVisible(8004) + !Control.IsVisible(8005)</visible>
						<animation type="Hidden" reversible="false">
								<effect type="fade" start="100" end="0" time="0" delay="0" />
						</animation>
						<animation type="Visible" reversible="false">
								<effect type="fade" start="0" end="100" time="0" delay="0" />
						</animation>
						<control type="image">
								<posx>466</posx>
								<posy>47</posy>
								<width>347</width>
								<height>195</height>
								<aspectratio>keep</aspectratio>
								<colordiffuse>$VAR[var-carbon_custom_colours]</colordiffuse>
								<texture background="true">$INFO[Container(9000).ListItem(0).ActualIcon]</texture>
						</control>
				</control>
		</include>
		<include name="Carbon_Carousel_Background_Fade">
				<control type="group">
						<visible>!Container(9000).OnNext + !Container(9000).OnPrevious</visible>
						<animation type="Visible" reversible="false">
								<effect type="fade" start="0" end="100" time="300" delay="200" />
						</animation>
						<control type="image">
								<posx>466</posx>
								<posy>47</posy>
								<width>347</width>
								<height>195</height>
								<aspectratio>keep</aspectratio>
								<colordiffuse>$VAR[var-carbon_custom_colours]</colordiffuse>
								<texture background="true">$INFO[Container(9000).ListItem(0).ActualIcon]</texture>
						</control>
				</control>
		</include>
		<include name="Carousel_Background_Icon">
				<control type="image">
						<posx>466</posx>
						<posy>47</posy>
						<width>347</width>
						<height>195</height>
						<aspectratio>keep</aspectratio>
						<colordiffuse>system-art-colour</colordiffuse>
						<texture background="true">$INFO[Container(9000).ListItem(0).ActualIcon]</texture>
				</control>
		</include>
		<include name="Carousel_Background_Slide_Icon">
				<control type="group" id="8004">
						<visible>Container(9000).OnNext</visible>
						<animation effect="slide" reversible="false" start="0,0" end="-814,0" delay="0" time="250">Hidden</animation>
						<control type="image">
								<posx>466</posx>
								<posy>47</posy>
								<width>347</width>
								<height>195</height>
								<aspectratio>keep</aspectratio>
								<colordiffuse>system-art-colour</colordiffuse>
								<texture background="true">$INFO[Container(9000).ListItem(-1).ActualIcon]</texture>
						</control>
						<control type="image">
								<posx>1280</posx>
								<posy>47</posy>
								<width>347</width>
								<height>195</height>
								<aspectratio>keep</aspectratio>
								<colordiffuse>system-art-colour</colordiffuse>
								<texture background="true">$INFO[Container(9000).ListItem(0).ActualIcon]</texture>
						</control>
				</control>
				<control type="group" id="8005">
						<visible>Container(9000).OnPrevious</visible>
						<animation effect="slide" reversible="false" start="0,0" end="814,0" delay="0" time="250">Hidden</animation>
						<control type="image">
								<posx>-347</posx>
								<posy>47</posy>
								<width>347</width>
								<height>195</height>
								<aspectratio>keep</aspectratio>
								<colordiffuse>system-art-colour</colordiffuse>
								<texture background="true">$INFO[Container(9000).ListItem(0).ActualIcon]</texture>
						</control>
						<control type="image">
								<posx>466</posx>
								<posy>47</posy>
								<width>347</width>
								<height>195</height>
								<aspectratio>keep</aspectratio>
								<colordiffuse>system-art-colour</colordiffuse>
								<texture background="true">$INFO[Container(9000).ListItem(1).ActualIcon]</texture>
						</control>
				</control>
				<control type="group">
						<visible>!Control.IsVisible(8004) + !Control.IsVisible(8005)</visible>
						<animation type="Hidden" reversible="false">
								<effect type="fade" start="100" end="0" time="0" delay="0" />
						</animation>
						<animation type="Visible" reversible="false">
								<effect type="fade" start="0" end="100" time="0" delay="0" />
						</animation>
						<control type="image">
								<posx>466</posx>
								<posy>47</posy>
								<width>347</width>
								<height>195</height>
								<aspectratio>keep</aspectratio>
								<colordiffuse>system-art-colour</colordiffuse>
								<texture background="true">$INFO[Container(9000).ListItem(0).ActualIcon]</texture>
						</control>
				</control>
		</include>
		<include name="Carousel_Background_Fade_Icon">
				<control type="group">
						<visible>!Container(9000).OnNext + !Container(9000).OnPrevious</visible>
						<animation type="Visible" reversible="false">
								<effect type="fade" start="0" end="100" time="300" delay="200" />
						</animation>
						<control type="image">
								<posx>466</posx>
								<posy>47</posy>
								<width>347</width>
								<height>195</height>
								<aspectratio>keep</aspectratio>
								<colordiffuse>system-art-colour</colordiffuse>
								<texture background="true">$INFO[Container(9000).ListItem(0).ActualIcon]</texture>
						</control>
				</control>
		</include>
		<include name="Carousel_Background_centre_Icon">
				<control type="image">
						<posx>205</posx>
						<posy>172</posy>
						<width>870</width>
						<height>376</height>
						<aspectratio>keep</aspectratio>
						<colordiffuse>system-art-colour</colordiffuse>
						<texture background="true">$INFO[Container(9000).ListItem(0).ActualIcon]</texture>
				</control>
		</include>
		<include name="Carousel_Background_centre_Slide_Icon">
				<control type="group" id="8004">
						<visible>Container(9000).OnNext</visible>
						<animation effect="slide" reversible="false" start="0,0" end="-1075,0" delay="0" time="250">Hidden</animation>
						<control type="image">
								<posx>205</posx>
								<posy>172</posy>
								<width>870</width>
								<height>376</height>
								<aspectratio>keep</aspectratio>
								<colordiffuse>system-art-colour</colordiffuse>
								<texture background="true">$INFO[Container(9000).ListItem(-1).ActualIcon]</texture>
						</control>
						<control type="image">
								<posx>1280</posx>
								<posy>172</posy>
								<width>870</width>
								<height>376</height>
								<aspectratio>keep</aspectratio>
								<colordiffuse>system-art-colour</colordiffuse>
								<texture background="true">$INFO[Container(9000).ListItem(0).ActualIcon]</texture>
						</control>
				</control>
				<control type="group" id="8005">
						<visible>Container(9000).OnPrevious</visible>
						<animation effect="slide" reversible="false" start="0,0" end="1075,0" delay="0" time="250">Hidden</animation>
						<control type="image">
								<posx>-870</posx>
								<posy>172</posy>
								<width>870</width>
								<height>376</height>
								<aspectratio>keep</aspectratio>
								<colordiffuse>system-art-colour</colordiffuse>
								<texture background="true">$INFO[Container(9000).ListItem(0).ActualIcon]</texture>
						</control>
						<control type="image">
								<posx>205</posx>
								<posy>172</posy>
								<width>870</width>
								<height>376</height>
								<aspectratio>keep</aspectratio>
								<colordiffuse>system-art-colour</colordiffuse>
								<texture background="true">$INFO[Container(9000).ListItem(1).ActualIcon]</texture>
						</control>
				</control>
				<control type="group">
						<visible>!Control.IsVisible(8004) + !Control.IsVisible(8005)</visible>
						<animation type="Hidden" reversible="false">
								<effect type="fade" start="100" end="0" time="0" delay="0" />
						</animation>
						<animation type="Visible" reversible="false">
								<effect type="fade" start="0" end="100" time="0" delay="0" />
						</animation>
						<control type="image">
								<posx>205</posx>
								<posy>172</posy>
								<width>870</width>
								<height>376</height>
								<aspectratio>keep</aspectratio>
								<colordiffuse>system-art-colour</colordiffuse>
								<texture background="true">$INFO[Container(9000).ListItem(0).ActualIcon]</texture>
						</control>
				</control>
		</include>
		<include name="Carousel_Background_centre_Fade_Icon">
				<control type="group">
						<visible>!Container(9000).OnNext + !Container(9000).OnPrevious</visible>
						<animation type="Visible" reversible="false">
								<effect type="fade" start="0" end="100" time="300" delay="200" />
						</animation>
						<control type="image">
								<posx>205</posx>
								<posy>172</posy>
								<width>870</width>
								<height>376</height>
								<aspectratio>keep</aspectratio>
								<colordiffuse>system-art-colour</colordiffuse>
								<texture background="true">$INFO[Container(9000).ListItem(0).ActualIcon]</texture>
						</control>
				</control>
		</include>
</includes>