<includes>
		<include name="Carousel_Horizontal_3_Icons">
				<control type="group" id="7002">
						<visible>Container(9000).OnPrevious + [Skin.HasSetting(CarouselAnimation0) | Skin.HasSetting(CarouselAnimation1)]</visible>
						<animation type="Hidden" reversible="false" condition="Skin.HasSetting(CarouselAnimation1)">
								<effect type="slide" start="0,0" end="555,0" time="150" />
						</animation>
						<control type="group">
								<animation effect="fade" reversible="false" start="0" end="0" delay="0" time="0" condition="Skin.HasSetting(CarouselAnimation0)">Conditional</animation>
								<posy>310</posy>
								<control type="image">
										<posx>-710</posx>
										<posy>0</posy>
										<width>480</width>
										<height>98</height>
										<aspectratio>keep</aspectratio>
										<colordiffuse>55FFFFFF</colordiffuse>
										<texture fallback="layouts/art/missing_logo.png">$INFO[Container(9000).ListItem(-1).Thumb]</texture>
								</control>
								<control type="image">
										<posx>-155</posx>
										<posy>0</posy>
										<width>480</width>
										<height>98</height>
										<aspectratio>keep</aspectratio>
										<texture fallback="layouts/art/missing_logo.png">$INFO[Container(9000).ListItem(0).Thumb]</texture>
								</control>
								<control type="image">
										<posx>400</posx>
										<posy>0</posy>
										<width>480</width>
										<height>98</height>
										<aspectratio>keep</aspectratio>
										<colordiffuse>55FFFFFF</colordiffuse>
										<texture fallback="layouts/art/missing_logo.png">$INFO[Container(9000).ListItem(1).Thumb]</texture>
								</control>
								<control type="image">
										<posx>955</posx>
										<posy>0</posy>
										<width>480</width>
										<height>98</height>
										<aspectratio>keep</aspectratio>
										<colordiffuse>55FFFFFF</colordiffuse>
										<texture fallback="layouts/art/missing_logo.png">$INFO[Container(9000).ListItem(2).Thumb]</texture>
								</control>
								<control type="image">
										<posx>955</posx>
										<posy>0</posy>
										<width>480</width>
										<height>98</height>
										<aspectratio>keep</aspectratio>
										<colordiffuse>55FFFFFF</colordiffuse>
										<texture fallback="layouts/art/missing_logo.png">$INFO[Container(9000).ListItem(3).Thumb]</texture>
								</control>
						</control>
				</control>
				<control type="group" id="7001">
						<visible>Container(9000).OnNext + [Skin.HasSetting(CarouselAnimation0) | Skin.HasSetting(CarouselAnimation1)]</visible>
						<animation type="Hidden" reversible="false" condition="Skin.HasSetting(CarouselAnimation1)">
								<effect type="slide" start="0,0" end="-555,0" time="150" />
						</animation>
						<control type="group">
								<animation effect="fade" reversible="false" start="0" end="0" delay="0" time="0" condition="Skin.HasSetting(CarouselAnimation0)">Conditional</animation>
								<posy>310</posy>
								<control type="image">
										<posx>-155</posx>
										<posy>0</posy>
										<width>480</width>
										<height>98</height>
										<aspectratio>keep</aspectratio>
										<colordiffuse>55FFFFFF</colordiffuse>
										<texture fallback="layouts/art/missing_logo.png">$INFO[Container(9000).ListItem(-2).Thumb]</texture>
								</control>
								<control type="image">
										<posx>400</posx>
										<posy>0</posy>
										<width>480</width>
										<height>98</height>
										<aspectratio>keep</aspectratio>
										<colordiffuse>55FFFFFF</colordiffuse>
										<texture fallback="layouts/art/missing_logo.png">$INFO[Container(9000).ListItem(-1).Thumb]</texture>
								</control>
								<control type="image">
										<posx>955</posx>
										<posy>0</posy>
										<width>480</width>
										<height>98</height>
										<aspectratio>keep</aspectratio>
										<texture fallback="layouts/art/missing_logo.png">$INFO[Container(9000).ListItem(0).Thumb]</texture>
								</control>
								<control type="image">
										<posx>1510</posx>
										<posy>0</posy>
										<width>480</width>
										<height>98</height>
										<aspectratio>keep</aspectratio>
										<colordiffuse>55FFFFFF</colordiffuse>
										<texture fallback="layouts/art/missing_logo.png">$INFO[Container(9000).ListItem(1).Thumb]</texture>
								</control>
						</control>
				</control>
				<control type="group">
						<visible>!Control.IsVisible(7001) + !Control.IsVisible(7002)</visible>
						<animation effect="fade" reversible="false" start="0" end="0" delay="0" time="0">Hidden</animation>
						<animation effect="fade" reversible="false" start="0" end="100" delay="200" time="300" condition="Skin.HasSetting(CarouselAnimation0)">Visible</animation>
						<control type="group">
								<posy>310</posy>
								<control type="image">
										<posx>-155</posx>
										<posy>0</posy>
										<width>480</width>
										<height>98</height>
										<aspectratio>keep</aspectratio>
										<colordiffuse>55FFFFFF</colordiffuse>
										<texture fallback="layouts/art/missing_logo.png">$INFO[Container(9000).ListItem(-1).Thumb]</texture>
								</control>
								<control type="image">
										<posx>400</posx>
										<posy>0</posy>
										<width>480</width>
										<height>98</height>
										<aspectratio>keep</aspectratio>
										<texture fallback="layouts/art/missing_logo.png">$INFO[Container(9000).ListItem(0).Thumb]</texture>
								</control>
								<control type="image">
										<posx>955</posx>
										<posy>0</posy>
										<width>480</width>
										<height>98</height>
										<aspectratio>keep</aspectratio>
										<colordiffuse>55FFFFFF</colordiffuse>
										<texture fallback="layouts/art/missing_logo.png">$INFO[Container(9000).ListItem(1).Thumb]</texture>
								</control>
						</control>
				</control>
		</include>
		<include name="Carousel_Horizontal_3_Icons_Alt">
				<control type="group" id="7002">
						<visible>Container(9000).OnPrevious + [Skin.HasSetting(CarouselAnimation0) | Skin.HasSetting(CarouselAnimation1)]</visible>
						<animation type="Hidden" reversible="false" condition="Skin.HasSetting(CarouselAnimation1)">
								<effect type="slide" start="0,0" end="312,0" time="150" />
						</animation>
						<control type="group">
								<animation effect="fade" reversible="false" start="0" end="0" delay="0" time="0" condition="Skin.HasSetting(CarouselAnimation0)">Conditional</animation>
								<posy>307</posy>
								<control type="image">
										<posx>-200</posx>
										<posy>0</posy>
										<width>200</width>
										<height>106</height>
										<aspectratio>keep</aspectratio>
										<colordiffuse>55FFFFFF</colordiffuse>
										<texture fallback="layouts/art/missing_logo.png">$INFO[Container(9000).ListItem(-1).Thumb]</texture>
								</control>
								<control type="image">
										<posx>140</posx>
										<posy>0</posy>
										<width>380</width>
										<height>106</height>
										<aspectratio>keep</aspectratio>
										<texture fallback="layouts/art/missing_logo.png">$INFO[Container(9000).ListItem(0).Thumb]</texture>
								</control>
								<control type="image">
										<posx>653</posx>
										<posy>0</posy>
										<width>200</width>
										<height>106</height>
										<aspectratio>keep</aspectratio>
										<colordiffuse>55FFFFFF</colordiffuse>
										<texture fallback="layouts/art/missing_logo.png">$INFO[Container(9000).ListItem(1).Thumb]</texture>
								</control>
								<control type="image">
										<posx>968</posx>
										<posy>0</posy>
										<width>200</width>
										<height>106</height>
										<aspectratio>keep</aspectratio>
										<colordiffuse>55FFFFFF</colordiffuse>
										<texture fallback="layouts/art/missing_logo.png">$INFO[Container(9000).ListItem(2).Thumb]</texture>
								</control>
						</control>
				</control>
				<control type="group" id="7001">
						<visible>Container(9000).OnNext + [Skin.HasSetting(CarouselAnimation0) | Skin.HasSetting(CarouselAnimation1)]</visible>
						<animation type="Hidden" reversible="false" condition="Skin.HasSetting(CarouselAnimation1)">
								<effect type="slide" start="0,0" end="-312,0" time="150" />
						</animation>
						<control type="group">
								<animation effect="fade" reversible="false" start="0" end="0" delay="0" time="0" condition="Skin.HasSetting(CarouselAnimation0)">Conditional</animation>
								<posy>307</posy>
								<control type="image">
										<posx>112</posx>
										<posy>0</posy>
										<width>200</width>
										<height>106</height>
										<aspectratio>keep</aspectratio>
										<colordiffuse>55FFFFFF</colordiffuse>
										<texture fallback="layouts/art/missing_logo.png">$INFO[Container(9000).ListItem(-2).Thumb]</texture>
								</control>
								<control type="image">
										<posx>421</posx>
										<posy>0</posy>
										<width>200</width>
										<height>106</height>
										<aspectratio>keep</aspectratio>
										<colordiffuse>55FFFFFF</colordiffuse>
										<texture fallback="layouts/art/missing_logo.png">$INFO[Container(9000).ListItem(-1).Thumb]</texture>
								</control>
								<control type="image">
										<posx>760</posx>
										<posy>0</posy>
										<width>380</width>
										<height>106</height>
										<aspectratio>keep</aspectratio>
										<texture fallback="layouts/art/missing_logo.png">$INFO[Container(9000).ListItem(0).Thumb]</texture>
								</control>
								<control type="image">
										<posx>1280</posx>
										<posy>0</posy>
										<width>200</width>
										<height>106</height>
										<aspectratio>keep</aspectratio>
										<colordiffuse>55FFFFFF</colordiffuse>
										<texture fallback="layouts/art/missing_logo.png">$INFO[Container(9000).ListItem(1).Thumb]</texture>
								</control>
						</control>
				</control>
				<control type="group">
						<visible>!Control.IsVisible(7001) + !Control.IsVisible(7002)</visible>
						<animation effect="fade" reversible="false" start="0" end="0" delay="0" time="0">Hidden</animation>
						<animation effect="fade" reversible="false" start="0" end="100" delay="200" time="300" condition="Skin.HasSetting(CarouselAnimation0)">Visible</animation>
						<control type="group">
								<posy>307</posy>
								<control type="image">
										<posx>112</posx>
										<posy>0</posy>
										<width>200</width>
										<height>106</height>
										<aspectratio>keep</aspectratio>
										<colordiffuse>55FFFFFF</colordiffuse>
										<texture fallback="layouts/art/missing_logo.png">$INFO[Container(9000).ListItem(-1).Thumb]</texture>
								</control>
								<control type="image">
										<posx>451</posx>
										<posy>0</posy>
										<width>380</width>
										<height>106</height>
										<aspectratio>keep</aspectratio>
										<texture fallback="layouts/art/missing_logo.png">$INFO[Container(9000).ListItem(0).Thumb]</texture>
								</control>
								<control type="image">
										<posx>968</posx>
										<posy>0</posy>
										<width>200</width>
										<height>106</height>
										<aspectratio>keep</aspectratio>
										<colordiffuse>55FFFFFF</colordiffuse>
										<texture fallback="layouts/art/missing_logo.png">$INFO[Container(9000).ListItem(1).Thumb]</texture>
								</control>
						</control>
				</control>
		</include>
		<include name="Carousel_Horizontal_5_Icons">
				<control type="group">
				</control>
		</include>
		<include name="Carousel_Vartical">
				<control type="group">
						<posx>17</posx>
						<posy>10</posy>
						<control type="group" id="7002">
								<visible>Container(9000).OnPrevious + [Skin.HasSetting(CarouselAnimation0) | Skin.HasSetting(CarouselAnimation1)]</visible>
								<animation type="Hidden" reversible="false" condition="Skin.HasSetting(CarouselAnimation1)">
										<effect type="slide" start="0,0" end="0,130" time="150" />
								</animation>
								<control type="group">
										<animation effect="fade" reversible="false" start="0" end="0" delay="0" time="0" condition="Skin.HasSetting(CarouselAnimation0)">Conditional</animation>
										<control type="image">
												<posx>0</posx>
												<posy>-235</posy>
												<width>260</width>
												<height>130</height>
												<aspectratio>keep</aspectratio>
												<texture fallback="layouts/art/missing_logo.png">$INFO[Container(9000).ListItem(-3).Thumb]</texture>
										</control>
										<control type="image">
												<posx>0</posx>
												<posy>-105</posy>
												<width>260</width>
												<height>130</height>
												<aspectratio>keep</aspectratio>
												<texture fallback="layouts/art/missing_logo.png">$INFO[Container(9000).ListItem(-2).Thumb]</texture>
										</control>
										<control type="image">
												<posx>0</posx>
												<posy>25</posy>
												<width>260</width>
												<height>130</height>
												<aspectratio>keep</aspectratio>
												<texture fallback="layouts/art/missing_logo.png">$INFO[Container(9000).ListItem(-1).Thumb]</texture>
										</control>
										<control type="image">
												<posx>0</posx>
												<posy>155</posy>
												<width>260</width>
												<height>130</height>
												<aspectratio>keep</aspectratio>
												<texture fallback="layouts/art/missing_logo.png">$INFO[Container(9000).ListItem(0).Thumb]</texture>
										</control>
										<control type="image">
												<posx>0</posx>
												<posy>285</posy>
												<width>260</width>
												<height>130</height>
												<aspectratio>keep</aspectratio>
												<texture fallback="layouts/art/missing_logo.png">$INFO[Container(9000).ListItem(1).Thumb]</texture>
										</control>
										<control type="image">
												<posx>0</posx>
												<posy>415</posy>
												<width>260</width>
												<height>130</height>
												<aspectratio>keep</aspectratio>
												<texture fallback="layouts/art/missing_logo.png">$INFO[Container(9000).ListItem(2).Thumb]</texture>
										</control>
										<control type="image">
												<posx>0</posx>
												<posy>545</posy>
												<width>260</width>
												<height>130</height>
												<aspectratio>keep</aspectratio>
												<texture fallback="layouts/art/missing_logo.png">$INFO[Container(9000).ListItem(3).Thumb]</texture>
										</control>
										<control type="image">
												<posx>0</posx>
												<posy>675</posy>
												<width>260</width>
												<height>130</height>
												<aspectratio>keep</aspectratio>
												<texture fallback="layouts/art/missing_logo.png">$INFO[Container(9000).ListItem(4).Thumb]</texture>
										</control>
										<!-- separators
					<control type="image">
						<posx>0</posx>
						<posy>25</posy>
						<width>260</width>
						<height>2</height>
						<aspectratio>stretch</aspectratio>
						<colordiffuse>0D000000</colordiffuse>
						<texture>layouts/art/carousel_bar.png</texture>
					</control>
					<control type="image">
						<posx>0</posx>
						<posy>155</posy>
						<width>260</width>
						<height>2</height>
						<aspectratio>stretch</aspectratio>
						<colordiffuse>0D000000</colordiffuse>
						<texture>layouts/art/carousel_bar.png</texture>
					</control>
					<control type="image">
						<posx>0</posx>
						<posy>285</posy>
						<width>260</width>
						<height>2</height>
						<aspectratio>stretch</aspectratio>
						<colordiffuse>0D000000</colordiffuse>
						<texture>layouts/art/carousel_bar.png</texture>
					</control>
					<control type="image">
						<posx>0</posx>
						<posy>415</posy>
						<width>260</width>
						<height>2</height>
						<aspectratio>stretch</aspectratio>
						<colordiffuse>0D000000</colordiffuse>
						<texture>layouts/art/carousel_bar.png</texture>
					</control>
					<control type="image">
						<posx>0</posx>
						<posy>545</posy>
						<width>260</width>
						<height>2</height>
						<aspectratio>stretch</aspectratio>
						<colordiffuse>0D000000</colordiffuse>
						<texture>layouts/art/carousel_bar.png</texture>
					</control>
					<control type="image">
						<posx>0</posx>
						<posy>675</posy>
						<width>260</width>
						<height>2</height>
						<aspectratio>stretch</aspectratio>
						<colordiffuse>0D000000</colordiffuse>
						<texture>layouts/art/carousel_bar.png</texture>
					</control> -->
								</control>
						</control>
						<control type="group" id="7001">
								<visible>Container(9000).OnNext + [Skin.HasSetting(CarouselAnimation0) | Skin.HasSetting(CarouselAnimation1)]</visible>
								<animation type="Hidden" reversible="false" condition="Skin.HasSetting(CarouselAnimation1)">
										<effect type="slide" start="0,0" end="0,-130" time="150" />
								</animation>
								<control type="group">
										<animation effect="fade" reversible="false" start="0" end="0" delay="0" time="0" condition="Skin.HasSetting(CarouselAnimation0)">Conditional</animation>
										<control type="image">
												<posx>0</posx>
												<posy>-105</posy>
												<width>260</width>
												<height>130</height>
												<aspectratio>keep</aspectratio>
												<texture fallback="layouts/art/missing_logo.png">$INFO[Container(9000).ListItem(-4).Thumb]</texture>
										</control>
										<control type="image">
												<posx>0</posx>
												<posy>25</posy>
												<width>260</width>
												<height>130</height>
												<aspectratio>keep</aspectratio>
												<texture fallback="layouts/art/missing_logo.png">$INFO[Container(9000).ListItem(-3).Thumb]</texture>
										</control>
										<control type="image">
												<posx>0</posx>
												<posy>155</posy>
												<width>260</width>
												<height>130</height>
												<aspectratio>keep</aspectratio>
												<texture fallback="layouts/art/missing_logo.png">$INFO[Container(9000).ListItem(-2).Thumb]</texture>
										</control>
										<control type="image">
												<posx>0</posx>
												<posy>285</posy>
												<width>260</width>
												<height>130</height>
												<aspectratio>keep</aspectratio>
												<texture fallback="layouts/art/missing_logo.png">$INFO[Container(9000).ListItem(-1).Thumb]</texture>
										</control>
										<control type="image">
												<posx>0</posx>
												<posy>415</posy>
												<width>260</width>
												<height>130</height>
												<aspectratio>keep</aspectratio>
												<texture fallback="layouts/art/missing_logo.png">$INFO[Container(9000).ListItem(0).Thumb]</texture>
										</control>
										<control type="image">
												<posx>0</posx>
												<posy>545</posy>
												<width>260</width>
												<height>130</height>
												<aspectratio>keep</aspectratio>
												<texture fallback="layouts/art/missing_logo.png">$INFO[Container(9000).ListItem(1).Thumb]</texture>
										</control>
										<control type="image">
												<posx>0</posx>
												<posy>675</posy>
												<width>260</width>
												<height>130</height>
												<aspectratio>keep</aspectratio>
												<texture fallback="layouts/art/missing_logo.png">$INFO[Container(9000).ListItem(2).Thumb]</texture>
										</control>
										<control type="image">
												<posx>0</posx>
												<posy>805</posy>
												<width>260</width>
												<height>130</height>
												<aspectratio>keep</aspectratio>
												<texture fallback="layouts/art/missing_logo.png">$INFO[Container(9000).ListItem(3).Thumb]</texture>
										</control>
										<!-- separators
					<control type="image">
						<posx>0</posx>
						<posy>25</posy>
						<width>260</width>
						<height>2</height>
						<aspectratio>stretch</aspectratio>
						<colordiffuse>0D000000</colordiffuse>
						<texture>layouts/art/carousel_bar.png</texture>
					</control>
					<control type="image">
						<posx>0</posx>
						<posy>155</posy>
						<width>260</width>
						<height>2</height>
						<aspectratio>stretch</aspectratio>
						<colordiffuse>0D000000</colordiffuse>
						<texture>layouts/art/carousel_bar.png</texture>
					</control>
					<control type="image">
						<posx>0</posx>
						<posy>285</posy>
						<width>260</width>
						<height>2</height>
						<aspectratio>stretch</aspectratio>
						<colordiffuse>0D000000</colordiffuse>
						<texture>layouts/art/carousel_bar.png</texture>
					</control>
					<control type="image">
						<posx>0</posx>
						<posy>415</posy>
						<width>260</width>
						<height>2</height>
						<aspectratio>stretch</aspectratio>
						<colordiffuse>0D000000</colordiffuse>
						<texture>layouts/art/carousel_bar.png</texture>
					</control>
					<control type="image">
						<posx>0</posx>
						<posy>545</posy>
						<width>260</width>
						<height>2</height>
						<aspectratio>stretch</aspectratio>
						<colordiffuse>0D000000</colordiffuse>
						<texture>layouts/art/carousel_bar.png</texture>
					</control>
					<control type="image">
						<posx>0</posx>
						<posy>675</posy>
						<width>260</width>
						<height>2</height>
						<aspectratio>stretch</aspectratio>
						<colordiffuse>0D000000</colordiffuse>
						<texture>layouts/art/carousel_bar.png</texture>
					</control> -->
								</control>
						</control>
						<control type="group">
								<visible>!Control.IsVisible(7001) + !Control.IsVisible(7002)</visible>
								<animation effect="fade" reversible="false" start="0" end="0" delay="0" time="0">Hidden</animation>
								<animation effect="fade" reversible="false" start="0" end="100" delay="200" time="300" condition="Skin.HasSetting(CarouselAnimation0)">Visible</animation>
								<control type="image">
										<posx>0</posx>
										<posy>-105</posy>
										<width>260</width>
										<height>130</height>
										<aspectratio>keep</aspectratio>
										<texture fallback="layouts/art/missing_logo.png">$INFO[Container(9000).ListItem(-3).Thumb]</texture>
								</control>
								<control type="image">
										<posx>0</posx>
										<posy>25</posy>
										<width>260</width>
										<height>130</height>
										<aspectratio>keep</aspectratio>
										<texture fallback="layouts/art/missing_logo.png">$INFO[Container(9000).ListItem(-2).Thumb]</texture>
								</control>
								<control type="image">
										<posx>0</posx>
										<posy>155</posy>
										<width>260</width>
										<height>130</height>
										<aspectratio>keep</aspectratio>
										<texture fallback="layouts/art/missing_logo.png">$INFO[Container(9000).ListItem(-1).Thumb]</texture>
								</control>
								<control type="image">
										<posx>0</posx>
										<posy>285</posy>
										<width>260</width>
										<height>130</height>
										<aspectratio>keep</aspectratio>
										<texture fallback="layouts/art/missing_logo.png">$INFO[Container(9000).ListItem(0).Thumb]</texture>
										<animation type="Condition" reversible="false" condition="System.IdleTime(2)" loop="true">
												<effect type="zoom" start="0,285,260,130" end="-3,280,270,140" delay="0" time="500" />
												<effect type="zoom" start="-3,280,270,140" end="0,285,260,130" delay="600" time="500" />
										</animation>
								</control>
								<control type="image">
										<posx>0</posx>
										<posy>415</posy>
										<width>260</width>
										<height>130</height>
										<aspectratio>keep</aspectratio>
										<texture fallback="layouts/art/missing_logo.png">$INFO[Container(9000).ListItem(1).Thumb]</texture>
								</control>
								<control type="image">
										<posx>0</posx>
										<posy>545</posy>
										<width>260</width>
										<height>130</height>
										<aspectratio>keep</aspectratio>
										<texture fallback="layouts/art/missing_logo.png">$INFO[Container(9000).ListItem(2).Thumb]</texture>
								</control>
								<control type="image">
										<posx>0</posx>
										<posy>675</posy>
										<width>260</width>
										<height>130</height>
										<aspectratio>keep</aspectratio>
										<texture fallback="layouts/art/missing_logo.png">$INFO[Container(9000).ListItem(3).Thumb]</texture>
								</control>
								<!-- separators
					<control type="image">
						<posx>0</posx>
						<posy>25</posy>
						<width>260</width>
						<height>2</height>
						<aspectratio>stretch</aspectratio>
						<colordiffuse>0D000000</colordiffuse>
						<texture>layouts/art/carousel_bar.png</texture>
					</control>
					<control type="image">
						<posx>0</posx>
						<posy>155</posy>
						<width>260</width>
						<height>2</height>
						<aspectratio>stretch</aspectratio>
						<colordiffuse>0D000000</colordiffuse>
						<texture>layouts/art/carousel_bar.png</texture>
					</control>
					<control type="image">
						<posx>0</posx>
						<posy>285</posy>
						<width>260</width>
						<height>2</height>
						<aspectratio>stretch</aspectratio>
						<colordiffuse>0D000000</colordiffuse>
						<texture>layouts/art/carousel_bar.png</texture>
					</control>
					<control type="image">
						<posx>0</posx>
						<posy>415</posy>
						<width>260</width>
						<height>2</height>
						<aspectratio>stretch</aspectratio>
						<colordiffuse>0D000000</colordiffuse>
						<texture>layouts/art/carousel_bar.png</texture>
					</control>
					<control type="image">
						<posx>0</posx>
						<posy>545</posy>
						<width>260</width>
						<height>2</height>
						<aspectratio>stretch</aspectratio>
						<colordiffuse>0D000000</colordiffuse>
						<texture>layouts/art/carousel_bar.png</texture>
					</control>
					<control type="image">
						<posx>0</posx>
						<posy>675</posy>
						<width>260</width>
						<height>2</height>
						<aspectratio>stretch</aspectratio>
						<colordiffuse>0D000000</colordiffuse>
						<texture>layouts/art/carousel_bar.png</texture>
					</control> -->
						</control>
				</control>
		</include>
		<include name="Carousel_Vartical_Slanted">
				<control type="group">
						<posx>17</posx>
						<posy>10</posy>
						<animation effect="rotatey" center="0" start="0" end="-52" time="0" condition="true">Conditional</animation>
						<control type="group" id="7002">
								<visible>Container(9000).OnPrevious + [Skin.HasSetting(CarouselAnimation0) | Skin.HasSetting(CarouselAnimation1)]</visible>
								<animation type="Hidden" reversible="false" condition="Skin.HasSetting(CarouselAnimation1)">
										<effect type="slide" start="0,0" end="0,130" time="150" />
								</animation>
								<control type="group">
										<animation effect="fade" reversible="false" start="0" end="0" delay="0" time="0" condition="Skin.HasSetting(CarouselAnimation0)">Conditional</animation>
										<control type="image">
												<posx>0</posx>
												<posy>-235</posy>
												<width>260</width>
												<height>130</height>
												<aspectratio>keep</aspectratio>
												<texture fallback="layouts/art/missing_logo.png">$INFO[Container(9000).ListItem(-3).Thumb]</texture>
										</control>
										<control type="image">
												<posx>0</posx>
												<posy>-105</posy>
												<width>260</width>
												<height>130</height>
												<aspectratio>keep</aspectratio>
												<texture fallback="layouts/art/missing_logo.png">$INFO[Container(9000).ListItem(-2).Thumb]</texture>
										</control>
										<control type="image">
												<posx>0</posx>
												<posy>25</posy>
												<width>260</width>
												<height>130</height>
												<aspectratio>keep</aspectratio>
												<texture fallback="layouts/art/missing_logo.png">$INFO[Container(9000).ListItem(-1).Thumb]</texture>
										</control>
										<control type="image">
												<posx>0</posx>
												<posy>155</posy>
												<width>260</width>
												<height>130</height>
												<aspectratio>keep</aspectratio>
												<texture fallback="layouts/art/missing_logo.png">$INFO[Container(9000).ListItem(0).Thumb]</texture>
										</control>
										<control type="image">
												<posx>0</posx>
												<posy>285</posy>
												<width>260</width>
												<height>130</height>
												<aspectratio>keep</aspectratio>
												<texture fallback="layouts/art/missing_logo.png">$INFO[Container(9000).ListItem(1).Thumb]</texture>
										</control>
										<control type="image">
												<posx>0</posx>
												<posy>415</posy>
												<width>260</width>
												<height>130</height>
												<aspectratio>keep</aspectratio>
												<texture fallback="layouts/art/missing_logo.png">$INFO[Container(9000).ListItem(2).Thumb]</texture>
										</control>
										<control type="image">
												<posx>0</posx>
												<posy>545</posy>
												<width>260</width>
												<height>130</height>
												<aspectratio>keep</aspectratio>
												<texture fallback="layouts/art/missing_logo.png">$INFO[Container(9000).ListItem(3).Thumb]</texture>
										</control>
										<control type="image">
												<posx>0</posx>
												<posy>675</posy>
												<width>260</width>
												<height>130</height>
												<aspectratio>keep</aspectratio>
												<texture fallback="layouts/art/missing_logo.png">$INFO[Container(9000).ListItem(4).Thumb]</texture>
										</control>
										<!-- separators
					<control type="image">
						<posx>0</posx>
						<posy>25</posy>
						<width>260</width>
						<height>2</height>
						<aspectratio>stretch</aspectratio>
						<colordiffuse>0D000000</colordiffuse>
						<texture>layouts/art/carousel_bar.png</texture>
					</control>
					<control type="image">
						<posx>0</posx>
						<posy>155</posy>
						<width>260</width>
						<height>2</height>
						<aspectratio>stretch</aspectratio>
						<colordiffuse>0D000000</colordiffuse>
						<texture>layouts/art/carousel_bar.png</texture>
					</control>
					<control type="image">
						<posx>0</posx>
						<posy>285</posy>
						<width>260</width>
						<height>2</height>
						<aspectratio>stretch</aspectratio>
						<colordiffuse>0D000000</colordiffuse>
						<texture>layouts/art/carousel_bar.png</texture>
					</control>
					<control type="image">
						<posx>0</posx>
						<posy>415</posy>
						<width>260</width>
						<height>2</height>
						<aspectratio>stretch</aspectratio>
						<colordiffuse>0D000000</colordiffuse>
						<texture>layouts/art/carousel_bar.png</texture>
					</control>
					<control type="image">
						<posx>0</posx>
						<posy>545</posy>
						<width>260</width>
						<height>2</height>
						<aspectratio>stretch</aspectratio>
						<colordiffuse>0D000000</colordiffuse>
						<texture>layouts/art/carousel_bar.png</texture>
					</control>
					<control type="image">
						<posx>0</posx>
						<posy>675</posy>
						<width>260</width>
						<height>2</height>
						<aspectratio>stretch</aspectratio>
						<colordiffuse>0D000000</colordiffuse>
						<texture>layouts/art/carousel_bar.png</texture>
					</control> -->
								</control>
						</control>
						<control type="group" id="7001">
								<visible>Container(9000).OnNext + [Skin.HasSetting(CarouselAnimation0) | Skin.HasSetting(CarouselAnimation1)]</visible>
								<animation type="Hidden" reversible="false" condition="Skin.HasSetting(CarouselAnimation1)">
										<effect type="slide" start="0,0" end="0,-130" time="150" />
								</animation>
								<control type="group">
										<animation effect="fade" reversible="false" start="0" end="0" delay="0" time="0" condition="Skin.HasSetting(CarouselAnimation0)">Conditional</animation>
										<control type="image">
												<posx>0</posx>
												<posy>-105</posy>
												<width>260</width>
												<height>130</height>
												<aspectratio>keep</aspectratio>
												<texture fallback="layouts/art/missing_logo.png">$INFO[Container(9000).ListItem(-4).Thumb]</texture>
										</control>
										<control type="image">
												<posx>0</posx>
												<posy>25</posy>
												<width>260</width>
												<height>130</height>
												<aspectratio>keep</aspectratio>
												<texture fallback="layouts/art/missing_logo.png">$INFO[Container(9000).ListItem(-3).Thumb]</texture>
										</control>
										<control type="image">
												<posx>0</posx>
												<posy>155</posy>
												<width>260</width>
												<height>130</height>
												<aspectratio>keep</aspectratio>
												<texture fallback="layouts/art/missing_logo.png">$INFO[Container(9000).ListItem(-2).Thumb]</texture>
										</control>
										<control type="image">
												<posx>0</posx>
												<posy>285</posy>
												<width>260</width>
												<height>130</height>
												<aspectratio>keep</aspectratio>
												<texture fallback="layouts/art/missing_logo.png">$INFO[Container(9000).ListItem(-1).Thumb]</texture>
										</control>
										<control type="image">
												<posx>0</posx>
												<posy>415</posy>
												<width>260</width>
												<height>130</height>
												<aspectratio>keep</aspectratio>
												<texture fallback="layouts/art/missing_logo.png">$INFO[Container(9000).ListItem(0).Thumb]</texture>
										</control>
										<control type="image">
												<posx>0</posx>
												<posy>545</posy>
												<width>260</width>
												<height>130</height>
												<aspectratio>keep</aspectratio>
												<texture fallback="layouts/art/missing_logo.png">$INFO[Container(9000).ListItem(1).Thumb]</texture>
										</control>
										<control type="image">
												<posx>0</posx>
												<posy>675</posy>
												<width>260</width>
												<height>130</height>
												<aspectratio>keep</aspectratio>
												<texture fallback="layouts/art/missing_logo.png">$INFO[Container(9000).ListItem(2).Thumb]</texture>
										</control>
										<control type="image">
												<posx>0</posx>
												<posy>805</posy>
												<width>260</width>
												<height>130</height>
												<aspectratio>keep</aspectratio>
												<texture fallback="layouts/art/missing_logo.png">$INFO[Container(9000).ListItem(3).Thumb]</texture>
										</control>
										<!-- separators
					<control type="image">
						<posx>0</posx>
						<posy>25</posy>
						<width>260</width>
						<height>2</height>
						<aspectratio>stretch</aspectratio>
						<colordiffuse>0D000000</colordiffuse>
						<texture>layouts/art/carousel_bar.png</texture>
					</control>
					<control type="image">
						<posx>0</posx>
						<posy>155</posy>
						<width>260</width>
						<height>2</height>
						<aspectratio>stretch</aspectratio>
						<colordiffuse>0D000000</colordiffuse>
						<texture>layouts/art/carousel_bar.png</texture>
					</control>
					<control type="image">
						<posx>0</posx>
						<posy>285</posy>
						<width>260</width>
						<height>2</height>
						<aspectratio>stretch</aspectratio>
						<colordiffuse>0D000000</colordiffuse>
						<texture>layouts/art/carousel_bar.png</texture>
					</control>
					<control type="image">
						<posx>0</posx>
						<posy>415</posy>
						<width>260</width>
						<height>2</height>
						<aspectratio>stretch</aspectratio>
						<colordiffuse>0D000000</colordiffuse>
						<texture>layouts/art/carousel_bar.png</texture>
					</control>
					<control type="image">
						<posx>0</posx>
						<posy>545</posy>
						<width>260</width>
						<height>2</height>
						<aspectratio>stretch</aspectratio>
						<colordiffuse>0D000000</colordiffuse>
						<texture>layouts/art/carousel_bar.png</texture>
					</control>
					<control type="image">
						<posx>0</posx>
						<posy>675</posy>
						<width>260</width>
						<height>2</height>
						<aspectratio>stretch</aspectratio>
						<colordiffuse>0D000000</colordiffuse>
						<texture>layouts/art/carousel_bar.png</texture>
					</control> -->
								</control>
						</control>
						<control type="group">
								<visible>!Control.IsVisible(7001) + !Control.IsVisible(7002)</visible>
								<animation effect="fade" reversible="false" start="0" end="0" delay="0" time="0">Hidden</animation>
								<animation effect="fade" reversible="false" start="0" end="100" delay="200" time="300" condition="Skin.HasSetting(CarouselAnimation0)">Visible</animation>
								<control type="image">
										<posx>0</posx>
										<posy>-105</posy>
										<width>260</width>
										<height>130</height>
										<aspectratio>keep</aspectratio>
										<texture fallback="layouts/art/missing_logo.png">$INFO[Container(9000).ListItem(-3).Thumb]</texture>
								</control>
								<control type="image">
										<posx>0</posx>
										<posy>25</posy>
										<width>260</width>
										<height>130</height>
										<aspectratio>keep</aspectratio>
										<texture fallback="layouts/art/missing_logo.png">$INFO[Container(9000).ListItem(-2).Thumb]</texture>
								</control>
								<control type="image">
										<posx>0</posx>
										<posy>155</posy>
										<width>260</width>
										<height>130</height>
										<aspectratio>keep</aspectratio>
										<texture fallback="layouts/art/missing_logo.png">$INFO[Container(9000).ListItem(-1).Thumb]</texture>
								</control>
								<control type="image">
										<posx>0</posx>
										<posy>285</posy>
										<width>260</width>
										<height>130</height>
										<aspectratio>keep</aspectratio>
										<texture fallback="layouts/art/missing_logo.png">$INFO[Container(9000).ListItem(0).Thumb]</texture>
										<animation type="Condition" reversible="false" condition="System.IdleTime(2)" loop="true">
												<effect type="zoom" start="0,285,260,130" end="-3,280,270,140" delay="0" time="500" />
												<effect type="zoom" start="-3,280,270,140" end="0,285,260,130" delay="600" time="500" />
										</animation>
								</control>
								<control type="image">
										<posx>0</posx>
										<posy>415</posy>
										<width>260</width>
										<height>130</height>
										<aspectratio>keep</aspectratio>
										<texture fallback="layouts/art/missing_logo.png">$INFO[Container(9000).ListItem(1).Thumb]</texture>
								</control>
								<control type="image">
										<posx>0</posx>
										<posy>545</posy>
										<width>260</width>
										<height>130</height>
										<aspectratio>keep</aspectratio>
										<texture fallback="layouts/art/missing_logo.png">$INFO[Container(9000).ListItem(2).Thumb]</texture>
								</control>
								<control type="image">
										<posx>0</posx>
										<posy>675</posy>
										<width>260</width>
										<height>130</height>
										<aspectratio>keep</aspectratio>
										<texture fallback="layouts/art/missing_logo.png">$INFO[Container(9000).ListItem(3).Thumb]</texture>
								</control>
								<!-- separators
					<control type="image">
						<posx>0</posx>
						<posy>25</posy>
						<width>260</width>
						<height>2</height>
						<aspectratio>stretch</aspectratio>
						<colordiffuse>0D000000</colordiffuse>
						<texture>layouts/art/carousel_bar.png</texture>
					</control>
					<control type="image">
						<posx>0</posx>
						<posy>155</posy>
						<width>260</width>
						<height>2</height>
						<aspectratio>stretch</aspectratio>
						<colordiffuse>0D000000</colordiffuse>
						<texture>layouts/art/carousel_bar.png</texture>
					</control>
					<control type="image">
						<posx>0</posx>
						<posy>285</posy>
						<width>260</width>
						<height>2</height>
						<aspectratio>stretch</aspectratio>
						<colordiffuse>0D000000</colordiffuse>
						<texture>layouts/art/carousel_bar.png</texture>
					</control>
					<control type="image">
						<posx>0</posx>
						<posy>415</posy>
						<width>260</width>
						<height>2</height>
						<aspectratio>stretch</aspectratio>
						<colordiffuse>0D000000</colordiffuse>
						<texture>layouts/art/carousel_bar.png</texture>
					</control>
					<control type="image">
						<posx>0</posx>
						<posy>545</posy>
						<width>260</width>
						<height>2</height>
						<aspectratio>stretch</aspectratio>
						<colordiffuse>0D000000</colordiffuse>
						<texture>layouts/art/carousel_bar.png</texture>
					</control>
					<control type="image">
						<posx>0</posx>
						<posy>675</posy>
						<width>260</width>
						<height>2</height>
						<aspectratio>stretch</aspectratio>
						<colordiffuse>0D000000</colordiffuse>
						<texture>layouts/art/carousel_bar.png</texture>
					</control> -->
						</control>
				</control>
		</include>
</includes>