<includes>
		<include name="Carousel_Horizontal_3_Icons">
				<control type="group" id="7002">
						<visible>Container(9000).OnPrevious + [Skin.HasSetting(CarouselAnimation0) | Skin.HasSetting(CarouselAnimation1)]</visible>
						<animation type="Hidden" reversible="false" condition="Skin.HasSetting(CarouselAnimation1)">
								<effect type="slide" start="0,0" end="555,0" time="200" />
						</animation>
						<control type="group">
								<animation effect="fade" reversible="false" start="0" end="0" delay="0" time="0" condition="Skin.HasSetting(CarouselAnimation0)">Conditional</animation>
								<top>310</top>
								<control type="image">
										<left>-710</left>
										<top>0</top>
										<width>480</width>
										<height>98</height>
										<aspectratio>keep</aspectratio>
										<colordiffuse>$VAR[var-icons_unfocus]</colordiffuse>
										<texture fallback="layouts/art/missing_logo.png">$INFO[Container(9000).ListItem(-1).Thumb]</texture>
								</control>
								<control type="image">
										<left>-155</left>
										<top>0</top>
										<width>480</width>
										<height>98</height>
										<aspectratio>keep</aspectratio>
										<colordiffuse>$VAR[var-icons_focus]</colordiffuse>
										<texture fallback="layouts/art/missing_logo.png">$INFO[Container(9000).ListItem(0).Thumb]</texture>
								</control>
								<control type="image">
										<left>400</left>
										<top>0</top>
										<width>480</width>
										<height>98</height>
										<aspectratio>keep</aspectratio>
										<colordiffuse>$VAR[var-icons_unfocus]</colordiffuse>
										<texture fallback="layouts/art/missing_logo.png">$INFO[Container(9000).ListItem(1).Thumb]</texture>
								</control>
								<control type="image">
										<left>955</left>
										<top>0</top>
										<width>480</width>
										<height>98</height>
										<aspectratio>keep</aspectratio>
										<colordiffuse>$VAR[var-icons_unfocus]</colordiffuse>
										<texture fallback="layouts/art/missing_logo.png">$INFO[Container(9000).ListItem(2).Thumb]</texture>
								</control>
								<control type="image">
										<left>955</left>
										<top>0</top>
										<width>480</width>
										<height>98</height>
										<aspectratio>keep</aspectratio>
										<colordiffuse>$VAR[var-icons_unfocus]</colordiffuse>
										<texture fallback="layouts/art/missing_logo.png">$INFO[Container(9000).ListItem(3).Thumb]</texture>
								</control>
						</control>
				</control>
				<control type="group" id="7001">
						<visible>Container(9000).OnNext + [Skin.HasSetting(CarouselAnimation0) | Skin.HasSetting(CarouselAnimation1)]</visible>
						<animation type="Hidden" reversible="false" condition="Skin.HasSetting(CarouselAnimation1)">
								<effect type="slide" start="0,0" end="-555,0" time="200" />
						</animation>
						<control type="group">
								<animation effect="fade" reversible="false" start="0" end="0" delay="0" time="0" condition="Skin.HasSetting(CarouselAnimation0)">Conditional</animation>
								<top>310</top>
								<control type="image">
										<left>-155</left>
										<top>0</top>
										<width>480</width>
										<height>98</height>
										<aspectratio>keep</aspectratio>
										<colordiffuse>$VAR[var-icons_unfocus]</colordiffuse>
										<texture fallback="layouts/art/missing_logo.png">$INFO[Container(9000).ListItem(-2).Thumb]</texture>
								</control>
								<control type="image">
										<left>400</left>
										<top>0</top>
										<width>480</width>
										<height>98</height>
										<aspectratio>keep</aspectratio>
										<colordiffuse>$VAR[var-icons_unfocus]</colordiffuse>
										<texture fallback="layouts/art/missing_logo.png">$INFO[Container(9000).ListItem(-1).Thumb]</texture>
								</control>
								<control type="image">
										<left>955</left>
										<top>0</top>
										<width>480</width>
										<height>98</height>
										<aspectratio>keep</aspectratio>
										<colordiffuse>$VAR[var-icons_focus]</colordiffuse>
										<texture fallback="layouts/art/missing_logo.png">$INFO[Container(9000).ListItem(0).Thumb]</texture>
								</control>
								<control type="image">
										<left>1510</left>
										<top>0</top>
										<width>480</width>
										<height>98</height>
										<aspectratio>keep</aspectratio>
										<colordiffuse>$VAR[var-icons_unfocus]</colordiffuse>
										<texture fallback="layouts/art/missing_logo.png">$INFO[Container(9000).ListItem(1).Thumb]</texture>
								</control>
						</control>
				</control>
				<control type="group">
						<visible>!Control.IsVisible(7001) + !Control.IsVisible(7002)</visible>
						<animation effect="fade" reversible="false" start="0" end="0" delay="0" time="0">Hidden</animation>
						<animation effect="fade" reversible="false" start="0" end="100" delay="200" time="300" condition="Skin.HasSetting(CarouselAnimation0)">Visible</animation>
						<control type="group">
								<top>310</top>
								<control type="image">
										<left>-155</left>
										<top>0</top>
										<width>480</width>
										<height>98</height>
										<aspectratio>keep</aspectratio>
										<colordiffuse>$VAR[var-icons_unfocus]</colordiffuse>
										<texture fallback="layouts/art/missing_logo.png">$INFO[Container(9000).ListItem(-1).Thumb]</texture>
								</control>
								<control type="image">
										<left>400</left>
										<top>0</top>
										<width>480</width>
										<height>98</height>
										<aspectratio>keep</aspectratio>
										<colordiffuse>$VAR[var-icons_focus]</colordiffuse>
										<texture fallback="layouts/art/missing_logo.png">$INFO[Container(9000).ListItem(0).Thumb]</texture>
								</control>
								<control type="image">
										<left>955</left>
										<top>0</top>
										<width>480</width>
										<height>98</height>
										<aspectratio>keep</aspectratio>
										<colordiffuse>$VAR[var-icons_unfocus]</colordiffuse>
										<texture fallback="layouts/art/missing_logo.png">$INFO[Container(9000).ListItem(1).Thumb]</texture>
								</control>
						</control>
				</control>
		</include>
		<include name="Carousel_Horizontal_3_Icons_Alt">
				<control type="group" id="7002">
						<visible>Container(9000).OnPrevious + [Skin.HasSetting(CarouselAnimation0) | Skin.HasSetting(CarouselAnimation1)]</visible>
						<animation type="Hidden" reversible="false" condition="Skin.HasSetting(CarouselAnimation1)">
								<effect type="slide" start="0,0" end="312,0" time="200" />
						</animation>
						<control type="group">
								<animation effect="fade" reversible="false" start="0" end="0" delay="0" time="0" condition="Skin.HasSetting(CarouselAnimation0)">Conditional</animation>
								<top>307</top>
								<control type="image">
										<left>-200</left>
										<top>0</top>
										<width>200</width>
										<height>106</height>
										<aspectratio>keep</aspectratio>
										<colordiffuse>$VAR[var-icons_unfocus]</colordiffuse>
										<texture fallback="layouts/art/missing_logo.png">$INFO[Container(9000).ListItem(-1).Thumb]</texture>
								</control>
								<control type="image">
										<left>140</left>
										<top>0</top>
										<width>380</width>
										<height>106</height>
										<aspectratio>keep</aspectratio>
										<colordiffuse>$VAR[var-icons_focus]</colordiffuse>
										<texture fallback="layouts/art/missing_logo.png">$INFO[Container(9000).ListItem(0).Thumb]</texture>
								</control>
								<control type="image">
										<left>653</left>
										<top>0</top>
										<width>200</width>
										<height>106</height>
										<aspectratio>keep</aspectratio>
										<colordiffuse>$VAR[var-icons_unfocus]</colordiffuse>
										<texture fallback="layouts/art/missing_logo.png">$INFO[Container(9000).ListItem(1).Thumb]</texture>
								</control>
								<control type="image">
										<left>968</left>
										<top>0</top>
										<width>200</width>
										<height>106</height>
										<aspectratio>keep</aspectratio>
										<colordiffuse>$VAR[var-icons_unfocus]</colordiffuse>
										<texture fallback="layouts/art/missing_logo.png">$INFO[Container(9000).ListItem(2).Thumb]</texture>
								</control>
						</control>
				</control>
				<control type="group" id="7001">
						<visible>Container(9000).OnNext + [Skin.HasSetting(CarouselAnimation0) | Skin.HasSetting(CarouselAnimation1)]</visible>
						<animation type="Hidden" reversible="false" condition="Skin.HasSetting(CarouselAnimation1)">
								<effect type="slide" start="0,0" end="-312,0" time="200" />
						</animation>
						<control type="group">
								<animation effect="fade" reversible="false" start="0" end="0" delay="0" time="0" condition="Skin.HasSetting(CarouselAnimation0)">Conditional</animation>
								<top>307</top>
								<control type="image">
										<left>112</left>
										<top>0</top>
										<width>200</width>
										<height>106</height>
										<aspectratio>keep</aspectratio>
										<colordiffuse>$VAR[var-icons_unfocus]</colordiffuse>
										<texture fallback="layouts/art/missing_logo.png">$INFO[Container(9000).ListItem(-2).Thumb]</texture>
								</control>
								<control type="image">
										<left>421</left>
										<top>0</top>
										<width>200</width>
										<height>106</height>
										<aspectratio>keep</aspectratio>
										<colordiffuse>$VAR[var-icons_unfocus]</colordiffuse>
										<texture fallback="layouts/art/missing_logo.png">$INFO[Container(9000).ListItem(-1).Thumb]</texture>
								</control>
								<control type="image">
										<left>760</left>
										<top>0</top>
										<width>380</width>
										<height>106</height>
										<aspectratio>keep</aspectratio>
										<colordiffuse>$VAR[var-icons_focus]</colordiffuse>
										<texture fallback="layouts/art/missing_logo.png">$INFO[Container(9000).ListItem(0).Thumb]</texture>
								</control>
								<control type="image">
										<left>1280</left>
										<top>0</top>
										<width>200</width>
										<height>106</height>
										<aspectratio>keep</aspectratio>
										<colordiffuse>$VAR[var-icons_unfocus]</colordiffuse>
										<texture fallback="layouts/art/missing_logo.png">$INFO[Container(9000).ListItem(1).Thumb]</texture>
								</control>
						</control>
				</control>
				<control type="group">
						<visible>!Control.IsVisible(7001) + !Control.IsVisible(7002)</visible>
						<animation effect="fade" reversible="false" start="0" end="0" delay="0" time="0">Hidden</animation>
						<animation effect="fade" reversible="false" start="0" end="100" delay="200" time="300" condition="Skin.HasSetting(CarouselAnimation0)">Visible</animation>
						<control type="group">
								<top>307</top>
								<control type="image">
										<left>112</left>
										<top>0</top>
										<width>200</width>
										<height>106</height>
										<aspectratio>keep</aspectratio>
										<colordiffuse>$VAR[var-icons_unfocus]</colordiffuse>
										<texture fallback="layouts/art/missing_logo.png">$INFO[Container(9000).ListItem(-1).Thumb]</texture>
								</control>
								<control type="image">
										<left>451</left>
										<top>0</top>
										<width>380</width>
										<height>106</height>
										<aspectratio>keep</aspectratio>
										<colordiffuse>$VAR[var-icons_focus]</colordiffuse>
										<texture fallback="layouts/art/missing_logo.png">$INFO[Container(9000).ListItem(0).Thumb]</texture>
								</control>
								<control type="image">
										<left>968</left>
										<top>0</top>
										<width>200</width>
										<height>106</height>
										<aspectratio>keep</aspectratio>
										<colordiffuse>$VAR[var-icons_unfocus]</colordiffuse>
										<texture fallback="layouts/art/missing_logo.png">$INFO[Container(9000).ListItem(1).Thumb]</texture>
								</control>
						</control>
				</control>
		</include>
		<include name="Carousel_Horizontal_3_Icons_Alt_Fade">
				<control type="group" id="7002">
						<visible>Container(9000).OnPrevious + [Skin.HasSetting(CarouselAnimation0) | Skin.HasSetting(CarouselAnimation1)]</visible>
						<animation type="Hidden" reversible="false" condition="Skin.HasSetting(CarouselAnimation1)">
								<effect type="slide" start="0,0" end="312,0" time="200" />
						</animation>
						<control type="group">
								<visible>!Skin.HasSetting(CarouselAnimation0)</visible>
								<top>307</top>
								<control type="image">
										<left>-150</left>
										<top>0</top>
										<width>200</width>
										<height>106</height>
										<aspectratio>keep</aspectratio>
										<colordiffuse>$VAR[var-icons_unfocus]</colordiffuse>
										<texture fallback="layouts/art/missing_logo.png">$INFO[Container(9000).ListItem(-1).Thumb]</texture>
										<animation effect="fade" end="40" condition="true">Conditional</animation>
								</control>
								<control type="image">
										<left>140</left>
										<top>0</top>
										<width>380</width>
										<height>106</height>
										<aspectratio>keep</aspectratio>
										<colordiffuse>$VAR[var-icons_focus]</colordiffuse>
										<texture fallback="layouts/art/missing_logo.png">$INFO[Container(9000).ListItem(0).Thumb]</texture>
								</control>
								<control type="image">
										<left>603</left>
										<top>0</top>
										<width>200</width>
										<height>106</height>
										<aspectratio>keep</aspectratio>
										<colordiffuse>$VAR[var-icons_unfocus]</colordiffuse>
										<texture fallback="layouts/art/missing_logo.png">$INFO[Container(9000).ListItem(1).Thumb]</texture>
										<animation effect="fade" end="40" condition="true">Conditional</animation>
								</control>
								<control type="image">
										<left>918</left>
										<top>0</top>
										<width>200</width>
										<height>106</height>
										<aspectratio>keep</aspectratio>
										<colordiffuse>$VAR[var-icons_unfocus]</colordiffuse>
										<texture fallback="layouts/art/missing_logo.png">$INFO[Container(9000).ListItem(2).Thumb]</texture>
										<animation effect="fade" end="40" condition="true">Conditional</animation>
								</control>
						</control>
				</control>
				<control type="group" id="7001">
						<visible>Container(9000).OnNext + [Skin.HasSetting(CarouselAnimation0) | Skin.HasSetting(CarouselAnimation1)]</visible>
						<animation type="Hidden" reversible="false" condition="Skin.HasSetting(CarouselAnimation1)">
								<effect type="slide" start="0,0" end="-312,0" time="200" />
						</animation>
						<control type="group">
								<visible>!Skin.HasSetting(CarouselAnimation0)</visible>
								<top>307</top>
								<control type="image">
										<left>162</left>
										<top>0</top>
										<width>200</width>
										<height>106</height>
										<aspectratio>keep</aspectratio>
										<colordiffuse>$VAR[var-icons_unfocus]</colordiffuse>
										<texture fallback="layouts/art/missing_logo.png">$INFO[Container(9000).ListItem(-2).Thumb]</texture>
										<animation effect="fade" end="40" condition="true">Conditional</animation>
								</control>
								<control type="image">
										<left>471</left>
										<top>0</top>
										<width>200</width>
										<height>106</height>
										<aspectratio>keep</aspectratio>
										<colordiffuse>$VAR[var-icons_unfocus]</colordiffuse>
										<texture fallback="layouts/art/missing_logo.png">$INFO[Container(9000).ListItem(-1).Thumb]</texture>
										<animation effect="fade" end="40" condition="true">Conditional</animation>
								</control>
								<control type="image">
										<left>760</left>
										<top>0</top>
										<width>380</width>
										<height>106</height>
										<aspectratio>keep</aspectratio>
										<colordiffuse>$VAR[var-icons_focus]</colordiffuse>
										<texture fallback="layouts/art/missing_logo.png">$INFO[Container(9000).ListItem(0).Thumb]</texture>
								</control>
								<control type="image">
										<left>1230</left>
										<top>0</top>
										<width>200</width>
										<height>106</height>
										<aspectratio>keep</aspectratio>
										<colordiffuse>$VAR[var-icons_unfocus]</colordiffuse>
										<texture fallback="layouts/art/missing_logo.png">$INFO[Container(9000).ListItem(1).Thumb]</texture>
										<animation effect="fade" end="40" condition="true">Conditional</animation>
								</control>
						</control>
				</control>
				<control type="group">
						<visible>!Control.IsVisible(7001) + !Control.IsVisible(7002)</visible>
						<animation effect="fade" reversible="false" start="0" end="0" delay="0" time="0">Hidden</animation>
						<animation effect="fade" reversible="false" start="100" end="0" delay="0" time="100" condition="Skin.HasSetting(CarouselAnimation0)">Hidden</animation>
						<animation effect="fade" reversible="false" start="0" end="100" delay="150" time="200" condition="Skin.HasSetting(CarouselAnimation0)">Visible</animation>
						<control type="group">
								<top>307</top>
								<control type="image">
										<left>162</left>
										<top>0</top>
										<width>200</width>
										<height>106</height>
										<aspectratio>keep</aspectratio>
										<colordiffuse>$VAR[var-icons_unfocus]</colordiffuse>
										<texture fallback="layouts/art/missing_logo.png">$INFO[Container(9000).ListItem(-1).Thumb]</texture>
										<animation effect="fade" end="40" condition="true">Conditional</animation>
										<visible>!Skin.HasSetting(CarouselAnimation0)</visible>
								</control>
								<control type="image">
										<left>451</left>
										<top>0</top>
										<width>380</width>
										<height>106</height>
										<aspectratio>keep</aspectratio>
										<colordiffuse>$VAR[var-icons_focus]</colordiffuse>
										<texture fallback="layouts/art/missing_logo.png">$INFO[Container(9000).ListItem(0).Thumb]</texture>
								</control>
								<control type="image">
										<left>918</left>
										<top>0</top>
										<width>200</width>
										<height>106</height>
										<aspectratio>keep</aspectratio>
										<colordiffuse>$VAR[var-icons_unfocus]</colordiffuse>
										<texture fallback="layouts/art/missing_logo.png">$INFO[Container(9000).ListItem(1).Thumb]</texture>
										<animation effect="fade" end="40" condition="true">Conditional</animation>
										<visible>!Skin.HasSetting(CarouselAnimation0)</visible>
								</control>
						</control>
				</control>
		</include>
		<include name="Carousel_Horizontal_5_Icons">
				<control type="group">
				</control>
		</include>
		<include name="Carousel_Vartical">
				<control type="group">
						<left>17</left>
						<top>10</top>
						<control type="group" id="7002">
								<visible>Container(9000).OnPrevious + [Skin.HasSetting(CarouselAnimation0) | Skin.HasSetting(CarouselAnimation1)]</visible>
								<animation type="Hidden" reversible="false" condition="Skin.HasSetting(CarouselAnimation1)">
										<effect type="slide" start="0,0" end="0,130" time="200" />
								</animation>
								<control type="group">
										<animation effect="fade" reversible="false" start="0" end="0" delay="0" time="0" condition="Skin.HasSetting(CarouselAnimation0)">Conditional</animation>
										<control type="image">
												<left>0</left>
												<top>-235</top>
												<width>260</width>
												<height>130</height>
												<aspectratio>keep</aspectratio>
												<colordiffuse>$VAR[var-icons_unfocus]</colordiffuse>
												<texture fallback="layouts/art/missing_logo.png">$INFO[Container(9000).ListItem(-3).Thumb]</texture>
										</control>
										<control type="image">
												<left>0</left>
												<top>-105</top>
												<width>260</width>
												<height>130</height>
												<aspectratio>keep</aspectratio>
												<colordiffuse>$VAR[var-icons_unfocus]</colordiffuse>
												<texture fallback="layouts/art/missing_logo.png">$INFO[Container(9000).ListItem(-2).Thumb]</texture>
										</control>
										<control type="image">
												<left>0</left>
												<top>25</top>
												<width>260</width>
												<height>130</height>
												<aspectratio>keep</aspectratio>
												<colordiffuse>$VAR[var-icons_unfocus]</colordiffuse>
												<texture fallback="layouts/art/missing_logo.png">$INFO[Container(9000).ListItem(-1).Thumb]</texture>
										</control>
										<control type="image">
												<left>0</left>
												<top>155</top>
												<width>260</width>
												<height>130</height>
												<aspectratio>keep</aspectratio>
												<colordiffuse>$VAR[var-icons_focus]</colordiffuse>
												<texture fallback="layouts/art/missing_logo.png">$INFO[Container(9000).ListItem(0).Thumb]</texture>
										</control>
										<control type="image">
												<left>0</left>
												<top>285</top>
												<width>260</width>
												<height>130</height>
												<aspectratio>keep</aspectratio>
												<colordiffuse>$VAR[var-icons_unfocus]</colordiffuse>
												<texture fallback="layouts/art/missing_logo.png">$INFO[Container(9000).ListItem(1).Thumb]</texture>
										</control>
										<control type="image">
												<left>0</left>
												<top>415</top>
												<width>260</width>
												<height>130</height>
												<aspectratio>keep</aspectratio>
												<colordiffuse>$VAR[var-icons_unfocus]</colordiffuse>
												<texture fallback="layouts/art/missing_logo.png">$INFO[Container(9000).ListItem(2).Thumb]</texture>
										</control>
										<control type="image">
												<left>0</left>
												<top>545</top>
												<width>260</width>
												<height>130</height>
												<aspectratio>keep</aspectratio>
												<colordiffuse>$VAR[var-icons_unfocus]</colordiffuse>
												<texture fallback="layouts/art/missing_logo.png">$INFO[Container(9000).ListItem(3).Thumb]</texture>
										</control>
										<control type="image">
												<left>0</left>
												<top>675</top>
												<width>260</width>
												<height>130</height>
												<aspectratio>keep</aspectratio>
												<colordiffuse>$VAR[var-icons_unfocus]</colordiffuse>
												<texture fallback="layouts/art/missing_logo.png">$INFO[Container(9000).ListItem(4).Thumb]</texture>
										</control>
										<!-- separators
					<control type="image">
						<left>0</left>
						<top>25</top>
						<width>260</width>
						<height>2</height>
						<aspectratio>stretch</aspectratio>
						<colordiffuse>0D000000</colordiffuse>
						<texture>layouts/art/carousel_bar.png</texture>
					</control>
					<control type="image">
						<left>0</left>
						<top>155</top>
						<width>260</width>
						<height>2</height>
						<aspectratio>stretch</aspectratio>
						<colordiffuse>0D000000</colordiffuse>
						<texture>layouts/art/carousel_bar.png</texture>
					</control>
					<control type="image">
						<left>0</left>
						<top>285</top>
						<width>260</width>
						<height>2</height>
						<aspectratio>stretch</aspectratio>
						<colordiffuse>0D000000</colordiffuse>
						<texture>layouts/art/carousel_bar.png</texture>
					</control>
					<control type="image">
						<left>0</left>
						<top>415</top>
						<width>260</width>
						<height>2</height>
						<aspectratio>stretch</aspectratio>
						<colordiffuse>0D000000</colordiffuse>
						<texture>layouts/art/carousel_bar.png</texture>
					</control>
					<control type="image">
						<left>0</left>
						<top>545</top>
						<width>260</width>
						<height>2</height>
						<aspectratio>stretch</aspectratio>
						<colordiffuse>0D000000</colordiffuse>
						<texture>layouts/art/carousel_bar.png</texture>
					</control>
					<control type="image">
						<left>0</left>
						<top>675</top>
						<width>260</width>
						<height>2</height>
						<aspectratio>stretch</aspectratio>
						<colordiffuse>0D000000</colordiffuse>
						<texture>layouts/art/carousel_bar.png</texture>
					</control> -->
								</control>
						</control>
						<control type="group" id="7001">
								<visible>Container(9000).OnNext + [Skin.HasSetting(CarouselAnimation0) | Skin.HasSetting(CarouselAnimation1)]</visible>
								<animation type="Hidden" reversible="false" condition="Skin.HasSetting(CarouselAnimation1)">
										<effect type="slide" start="0,0" end="0,-130" time="200" />
								</animation>
								<control type="group">
										<animation effect="fade" reversible="false" start="0" end="0" delay="0" time="0" condition="Skin.HasSetting(CarouselAnimation0)">Conditional</animation>
										<control type="image">
												<left>0</left>
												<top>-105</top>
												<width>260</width>
												<height>130</height>
												<aspectratio>keep</aspectratio>
												<colordiffuse>$VAR[var-icons_unfocus]</colordiffuse>
												<texture fallback="layouts/art/missing_logo.png">$INFO[Container(9000).ListItem(-4).Thumb]</texture>
										</control>
										<control type="image">
												<left>0</left>
												<top>25</top>
												<width>260</width>
												<height>130</height>
												<aspectratio>keep</aspectratio>
												<colordiffuse>$VAR[var-icons_unfocus]</colordiffuse>
												<texture fallback="layouts/art/missing_logo.png">$INFO[Container(9000).ListItem(-3).Thumb]</texture>
										</control>
										<control type="image">
												<left>0</left>
												<top>155</top>
												<width>260</width>
												<height>130</height>
												<aspectratio>keep</aspectratio>
												<colordiffuse>$VAR[var-icons_unfocus]</colordiffuse>
												<texture fallback="layouts/art/missing_logo.png">$INFO[Container(9000).ListItem(-2).Thumb]</texture>
										</control>
										<control type="image">
												<left>0</left>
												<top>285</top>
												<width>260</width>
												<height>130</height>
												<aspectratio>keep</aspectratio>
												<colordiffuse>$VAR[var-icons_unfocus]</colordiffuse>
												<texture fallback="layouts/art/missing_logo.png">$INFO[Container(9000).ListItem(-1).Thumb]</texture>
										</control>
										<control type="image">
												<left>0</left>
												<top>415</top>
												<width>260</width>
												<height>130</height>
												<aspectratio>keep</aspectratio>
												<colordiffuse>$VAR[var-icons_focus]</colordiffuse>
												<texture fallback="layouts/art/missing_logo.png">$INFO[Container(9000).ListItem(0).Thumb]</texture>
										</control>
										<control type="image">
												<left>0</left>
												<top>545</top>
												<width>260</width>
												<height>130</height>
												<aspectratio>keep</aspectratio>
												<colordiffuse>$VAR[var-icons_unfocus]</colordiffuse>
												<texture fallback="layouts/art/missing_logo.png">$INFO[Container(9000).ListItem(1).Thumb]</texture>
										</control>
										<control type="image">
												<left>0</left>
												<top>675</top>
												<width>260</width>
												<height>130</height>
												<aspectratio>keep</aspectratio>
												<colordiffuse>$VAR[var-icons_unfocus]</colordiffuse>
												<texture fallback="layouts/art/missing_logo.png">$INFO[Container(9000).ListItem(2).Thumb]</texture>
										</control>
										<control type="image">
												<left>0</left>
												<top>805</top>
												<width>260</width>
												<height>130</height>
												<aspectratio>keep</aspectratio>
												<colordiffuse>$VAR[var-icons_unfocus]</colordiffuse>
												<texture fallback="layouts/art/missing_logo.png">$INFO[Container(9000).ListItem(3).Thumb]</texture>
										</control>
										<!-- separators
					<control type="image">
						<left>0</left>
						<top>25</top>
						<width>260</width>
						<height>2</height>
						<aspectratio>stretch</aspectratio>
						<colordiffuse>0D000000</colordiffuse>
						<texture>layouts/art/carousel_bar.png</texture>
					</control>
					<control type="image">
						<left>0</left>
						<top>155</top>
						<width>260</width>
						<height>2</height>
						<aspectratio>stretch</aspectratio>
						<colordiffuse>0D000000</colordiffuse>
						<texture>layouts/art/carousel_bar.png</texture>
					</control>
					<control type="image">
						<left>0</left>
						<top>285</top>
						<width>260</width>
						<height>2</height>
						<aspectratio>stretch</aspectratio>
						<colordiffuse>0D000000</colordiffuse>
						<texture>layouts/art/carousel_bar.png</texture>
					</control>
					<control type="image">
						<left>0</left>
						<top>415</top>
						<width>260</width>
						<height>2</height>
						<aspectratio>stretch</aspectratio>
						<colordiffuse>0D000000</colordiffuse>
						<texture>layouts/art/carousel_bar.png</texture>
					</control>
					<control type="image">
						<left>0</left>
						<top>545</top>
						<width>260</width>
						<height>2</height>
						<aspectratio>stretch</aspectratio>
						<colordiffuse>0D000000</colordiffuse>
						<texture>layouts/art/carousel_bar.png</texture>
					</control>
					<control type="image">
						<left>0</left>
						<top>675</top>
						<width>260</width>
						<height>2</height>
						<aspectratio>stretch</aspectratio>
						<colordiffuse>0D000000</colordiffuse>
						<texture>layouts/art/carousel_bar.png</texture>
					</control> -->
								</control>
						</control>
						<control type="group">
								<visible>!Control.IsVisible(7001) + !Control.IsVisible(7002)</visible>
								<animation effect="fade" reversible="false" start="0" end="0" delay="0" time="0">Hidden</animation>
								<animation effect="fade" reversible="false" start="0" end="100" delay="200" time="300" condition="Skin.HasSetting(CarouselAnimation0)">Visible</animation>
								<control type="image">
										<left>0</left>
										<top>-105</top>
										<width>260</width>
										<height>130</height>
										<aspectratio>keep</aspectratio>
										<colordiffuse>$VAR[var-icons_unfocus]</colordiffuse>
										<texture fallback="layouts/art/missing_logo.png">$INFO[Container(9000).ListItem(-3).Thumb]</texture>
								</control>
								<control type="image">
										<left>0</left>
										<top>25</top>
										<width>260</width>
										<height>130</height>
										<aspectratio>keep</aspectratio>
										<colordiffuse>$VAR[var-icons_unfocus]</colordiffuse>
										<texture fallback="layouts/art/missing_logo.png">$INFO[Container(9000).ListItem(-2).Thumb]</texture>
								</control>
								<control type="image">
										<left>0</left>
										<top>155</top>
										<width>260</width>
										<height>130</height>
										<aspectratio>keep</aspectratio>
										<colordiffuse>$VAR[var-icons_unfocus]</colordiffuse>
										<texture fallback="layouts/art/missing_logo.png">$INFO[Container(9000).ListItem(-1).Thumb]</texture>
								</control>
								<control type="image">
										<left>0</left>
										<top>285</top>
										<width>260</width>
										<height>130</height>
										<aspectratio>keep</aspectratio>
										<colordiffuse>$VAR[var-icons_focus]</colordiffuse>
										<texture fallback="layouts/art/missing_logo.png">$INFO[Container(9000).ListItem(0).Thumb]</texture>
										<animation type="Condition" reversible="false" condition="System.IdleTime(1)" loop="true">
												<effect type="zoom" start="0,285,260,130" end="-3,280,270,140" delay="0" time="500" />
												<effect type="zoom" start="-3,280,270,140" end="0,285,260,130" delay="600" time="500" />
										</animation>
								</control>
								<control type="image">
										<left>0</left>
										<top>415</top>
										<width>260</width>
										<height>130</height>
										<aspectratio>keep</aspectratio>
										<colordiffuse>$VAR[var-icons_unfocus]</colordiffuse>
										<texture fallback="layouts/art/missing_logo.png">$INFO[Container(9000).ListItem(1).Thumb]</texture>
								</control>
								<control type="image">
										<left>0</left>
										<top>545</top>
										<width>260</width>
										<height>130</height>
										<aspectratio>keep</aspectratio>
										<colordiffuse>$VAR[var-icons_unfocus]</colordiffuse>
										<texture fallback="layouts/art/missing_logo.png">$INFO[Container(9000).ListItem(2).Thumb]</texture>
								</control>
								<control type="image">
										<left>0</left>
										<top>675</top>
										<width>260</width>
										<height>130</height>
										<aspectratio>keep</aspectratio>
										<colordiffuse>$VAR[var-icons_unfocus]</colordiffuse>
										<texture fallback="layouts/art/missing_logo.png">$INFO[Container(9000).ListItem(3).Thumb]</texture>
								</control>
								<!-- separators
					<control type="image">
						<left>0</left>
						<top>25</top>
						<width>260</width>
						<height>2</height>
						<aspectratio>stretch</aspectratio>
						<colordiffuse>0D000000</colordiffuse>
						<texture>layouts/art/carousel_bar.png</texture>
					</control>
					<control type="image">
						<left>0</left>
						<top>155</top>
						<width>260</width>
						<height>2</height>
						<aspectratio>stretch</aspectratio>
						<colordiffuse>0D000000</colordiffuse>
						<texture>layouts/art/carousel_bar.png</texture>
					</control>
					<control type="image">
						<left>0</left>
						<top>285</top>
						<width>260</width>
						<height>2</height>
						<aspectratio>stretch</aspectratio>
						<colordiffuse>0D000000</colordiffuse>
						<texture>layouts/art/carousel_bar.png</texture>
					</control>
					<control type="image">
						<left>0</left>
						<top>415</top>
						<width>260</width>
						<height>2</height>
						<aspectratio>stretch</aspectratio>
						<colordiffuse>0D000000</colordiffuse>
						<texture>layouts/art/carousel_bar.png</texture>
					</control>
					<control type="image">
						<left>0</left>
						<top>545</top>
						<width>260</width>
						<height>2</height>
						<aspectratio>stretch</aspectratio>
						<colordiffuse>0D000000</colordiffuse>
						<texture>layouts/art/carousel_bar.png</texture>
					</control>
					<control type="image">
						<left>0</left>
						<top>675</top>
						<width>260</width>
						<height>2</height>
						<aspectratio>stretch</aspectratio>
						<colordiffuse>0D000000</colordiffuse>
						<texture>layouts/art/carousel_bar.png</texture>
					</control> -->
						</control>
				</control>
		</include>
		<include name="Carousel_Vartical_Slanted">
				<control type="group">
						<left>17</left>
						<top>10</top>
						<animation effect="rotatey" center="0" start="0" end="-32" time="0" condition="true">Conditional</animation>
						<control type="group" id="7002">
								<visible>Container(9000).OnPrevious + [Skin.HasSetting(CarouselAnimation0) | Skin.HasSetting(CarouselAnimation1)]</visible>
								<animation type="Hidden" reversible="false" condition="Skin.HasSetting(CarouselAnimation1)">
										<effect type="slide" start="0,0" end="0,130" time="200" />
								</animation>
								<control type="group">
										<animation effect="fade" reversible="false" start="0" end="0" delay="0" time="0" condition="Skin.HasSetting(CarouselAnimation0)">Conditional</animation>
										<control type="image">
												<left>0</left>
												<top>-235</top>
												<width>260</width>
												<height>130</height>
												<aspectratio>keep</aspectratio>
												<colordiffuse>$VAR[var-icons_unfocus]</colordiffuse>
												<texture fallback="layouts/art/missing_logo.png">$INFO[Container(9000).ListItem(-3).Thumb]</texture>
										</control>
										<control type="image">
												<left>0</left>
												<top>-105</top>
												<width>260</width>
												<height>130</height>
												<aspectratio>keep</aspectratio>
												<colordiffuse>$VAR[var-icons_unfocus]</colordiffuse>
												<texture fallback="layouts/art/missing_logo.png">$INFO[Container(9000).ListItem(-2).Thumb]</texture>
										</control>
										<control type="image">
												<left>0</left>
												<top>25</top>
												<width>260</width>
												<height>130</height>
												<aspectratio>keep</aspectratio>
												<colordiffuse>$VAR[var-icons_unfocus]</colordiffuse>
												<texture fallback="layouts/art/missing_logo.png">$INFO[Container(9000).ListItem(-1).Thumb]</texture>
										</control>
										<control type="image">
												<left>0</left>
												<top>155</top>
												<width>260</width>
												<height>130</height>
												<aspectratio>keep</aspectratio>
												<colordiffuse>$VAR[var-icons_focus]</colordiffuse>
												<texture fallback="layouts/art/missing_logo.png">$INFO[Container(9000).ListItem(0).Thumb]</texture>
										</control>
										<control type="image">
												<left>0</left>
												<top>285</top>
												<width>260</width>
												<height>130</height>
												<aspectratio>keep</aspectratio>
												<colordiffuse>$VAR[var-icons_unfocus]</colordiffuse>
												<texture fallback="layouts/art/missing_logo.png">$INFO[Container(9000).ListItem(1).Thumb]</texture>
										</control>
										<control type="image">
												<left>0</left>
												<top>415</top>
												<width>260</width>
												<height>130</height>
												<aspectratio>keep</aspectratio>
												<colordiffuse>$VAR[var-icons_unfocus]</colordiffuse>
												<texture fallback="layouts/art/missing_logo.png">$INFO[Container(9000).ListItem(2).Thumb]</texture>
										</control>
										<control type="image">
												<left>0</left>
												<top>545</top>
												<width>260</width>
												<height>130</height>
												<aspectratio>keep</aspectratio>
												<colordiffuse>$VAR[var-icons_unfocus]</colordiffuse>
												<texture fallback="layouts/art/missing_logo.png">$INFO[Container(9000).ListItem(3).Thumb]</texture>
										</control>
										<control type="image">
												<left>0</left>
												<top>675</top>
												<width>260</width>
												<height>130</height>
												<aspectratio>keep</aspectratio>
												<colordiffuse>$VAR[var-icons_unfocus]</colordiffuse>
												<texture fallback="layouts/art/missing_logo.png">$INFO[Container(9000).ListItem(4).Thumb]</texture>
										</control>
										<!-- separators
					<control type="image">
						<left>0</left>
						<top>25</top>
						<width>260</width>
						<height>2</height>
						<aspectratio>stretch</aspectratio>
						<colordiffuse>0D000000</colordiffuse>
						<texture>layouts/art/carousel_bar.png</texture>
					</control>
					<control type="image">
						<left>0</left>
						<top>155</top>
						<width>260</width>
						<height>2</height>
						<aspectratio>stretch</aspectratio>
						<colordiffuse>0D000000</colordiffuse>
						<texture>layouts/art/carousel_bar.png</texture>
					</control>
					<control type="image">
						<left>0</left>
						<top>285</top>
						<width>260</width>
						<height>2</height>
						<aspectratio>stretch</aspectratio>
						<colordiffuse>0D000000</colordiffuse>
						<texture>layouts/art/carousel_bar.png</texture>
					</control>
					<control type="image">
						<left>0</left>
						<top>415</top>
						<width>260</width>
						<height>2</height>
						<aspectratio>stretch</aspectratio>
						<colordiffuse>0D000000</colordiffuse>
						<texture>layouts/art/carousel_bar.png</texture>
					</control>
					<control type="image">
						<left>0</left>
						<top>545</top>
						<width>260</width>
						<height>2</height>
						<aspectratio>stretch</aspectratio>
						<colordiffuse>0D000000</colordiffuse>
						<texture>layouts/art/carousel_bar.png</texture>
					</control>
					<control type="image">
						<left>0</left>
						<top>675</top>
						<width>260</width>
						<height>2</height>
						<aspectratio>stretch</aspectratio>
						<colordiffuse>0D000000</colordiffuse>
						<texture>layouts/art/carousel_bar.png</texture>
					</control> -->
								</control>
						</control>
						<control type="group" id="7001">
								<visible>Container(9000).OnNext + [Skin.HasSetting(CarouselAnimation0) | Skin.HasSetting(CarouselAnimation1)]</visible>
								<animation type="Hidden" reversible="false" condition="Skin.HasSetting(CarouselAnimation1)">
										<effect type="slide" start="0,0" end="0,-130" time="200" />
								</animation>
								<control type="group">
										<animation effect="fade" reversible="false" start="0" end="0" delay="0" time="0" condition="Skin.HasSetting(CarouselAnimation0)">Conditional</animation>
										<control type="image">
												<left>0</left>
												<top>-105</top>
												<width>260</width>
												<height>130</height>
												<aspectratio>keep</aspectratio>
												<colordiffuse>$VAR[var-icons_unfocus]</colordiffuse>
												<texture fallback="layouts/art/missing_logo.png">$INFO[Container(9000).ListItem(-4).Thumb]</texture>
										</control>
										<control type="image">
												<left>0</left>
												<top>25</top>
												<width>260</width>
												<height>130</height>
												<aspectratio>keep</aspectratio>
												<colordiffuse>$VAR[var-icons_unfocus]</colordiffuse>
												<texture fallback="layouts/art/missing_logo.png">$INFO[Container(9000).ListItem(-3).Thumb]</texture>
										</control>
										<control type="image">
												<left>0</left>
												<top>155</top>
												<width>260</width>
												<height>130</height>
												<aspectratio>keep</aspectratio>
												<colordiffuse>$VAR[var-icons_unfocus]</colordiffuse>
												<texture fallback="layouts/art/missing_logo.png">$INFO[Container(9000).ListItem(-2).Thumb]</texture>
										</control>
										<control type="image">
												<left>0</left>
												<top>285</top>
												<width>260</width>
												<height>130</height>
												<aspectratio>keep</aspectratio>
												<colordiffuse>$VAR[var-icons_unfocus]</colordiffuse>
												<texture fallback="layouts/art/missing_logo.png">$INFO[Container(9000).ListItem(-1).Thumb]</texture>
										</control>
										<control type="image">
												<left>0</left>
												<top>415</top>
												<width>260</width>
												<height>130</height>
												<aspectratio>keep</aspectratio>
												<colordiffuse>$VAR[var-icons_focus]</colordiffuse>
												<texture fallback="layouts/art/missing_logo.png">$INFO[Container(9000).ListItem(0).Thumb]</texture>
										</control>
										<control type="image">
												<left>0</left>
												<top>545</top>
												<width>260</width>
												<height>130</height>
												<aspectratio>keep</aspectratio>
												<colordiffuse>$VAR[var-icons_unfocus]</colordiffuse>
												<texture fallback="layouts/art/missing_logo.png">$INFO[Container(9000).ListItem(1).Thumb]</texture>
										</control>
										<control type="image">
												<left>0</left>
												<top>675</top>
												<width>260</width>
												<height>130</height>
												<aspectratio>keep</aspectratio>
												<colordiffuse>$VAR[var-icons_unfocus]</colordiffuse>
												<texture fallback="layouts/art/missing_logo.png">$INFO[Container(9000).ListItem(2).Thumb]</texture>
										</control>
										<control type="image">
												<left>0</left>
												<top>805</top>
												<width>260</width>
												<height>130</height>
												<aspectratio>keep</aspectratio>
												<colordiffuse>$VAR[var-icons_unfocus]</colordiffuse>
												<texture fallback="layouts/art/missing_logo.png">$INFO[Container(9000).ListItem(3).Thumb]</texture>
										</control>
										<!-- separators
					<control type="image">
						<left>0</left>
						<top>25</top>
						<width>260</width>
						<height>2</height>
						<aspectratio>stretch</aspectratio>
						<colordiffuse>0D000000</colordiffuse>
						<texture>layouts/art/carousel_bar.png</texture>
					</control>
					<control type="image">
						<left>0</left>
						<top>155</top>
						<width>260</width>
						<height>2</height>
						<aspectratio>stretch</aspectratio>
						<colordiffuse>0D000000</colordiffuse>
						<texture>layouts/art/carousel_bar.png</texture>
					</control>
					<control type="image">
						<left>0</left>
						<top>285</top>
						<width>260</width>
						<height>2</height>
						<aspectratio>stretch</aspectratio>
						<colordiffuse>0D000000</colordiffuse>
						<texture>layouts/art/carousel_bar.png</texture>
					</control>
					<control type="image">
						<left>0</left>
						<top>415</top>
						<width>260</width>
						<height>2</height>
						<aspectratio>stretch</aspectratio>
						<colordiffuse>0D000000</colordiffuse>
						<texture>layouts/art/carousel_bar.png</texture>
					</control>
					<control type="image">
						<left>0</left>
						<top>545</top>
						<width>260</width>
						<height>2</height>
						<aspectratio>stretch</aspectratio>
						<colordiffuse>0D000000</colordiffuse>
						<texture>layouts/art/carousel_bar.png</texture>
					</control>
					<control type="image">
						<left>0</left>
						<top>675</top>
						<width>260</width>
						<height>2</height>
						<aspectratio>stretch</aspectratio>
						<colordiffuse>0D000000</colordiffuse>
						<texture>layouts/art/carousel_bar.png</texture>
					</control> -->
								</control>
						</control>
						<control type="group">
								<visible>!Control.IsVisible(7001) + !Control.IsVisible(7002)</visible>
								<animation effect="fade" reversible="false" start="0" end="0" delay="0" time="0">Hidden</animation>
								<animation effect="fade" reversible="false" start="0" end="100" delay="200" time="300" condition="Skin.HasSetting(CarouselAnimation0)">Visible</animation>
								<control type="image">
										<left>0</left>
										<top>-105</top>
										<width>260</width>
										<height>130</height>
										<aspectratio>keep</aspectratio>
										<colordiffuse>$VAR[var-icons_unfocus]</colordiffuse>
										<texture fallback="layouts/art/missing_logo.png">$INFO[Container(9000).ListItem(-3).Thumb]</texture>
								</control>
								<control type="image">
										<left>0</left>
										<top>25</top>
										<width>260</width>
										<height>130</height>
										<aspectratio>keep</aspectratio>
										<colordiffuse>$VAR[var-icons_unfocus]</colordiffuse>
										<texture fallback="layouts/art/missing_logo.png">$INFO[Container(9000).ListItem(-2).Thumb]</texture>
								</control>
								<control type="image">
										<left>0</left>
										<top>155</top>
										<width>260</width>
										<height>130</height>
										<aspectratio>keep</aspectratio>
										<colordiffuse>$VAR[var-icons_unfocus]</colordiffuse>
										<texture fallback="layouts/art/missing_logo.png">$INFO[Container(9000).ListItem(-1).Thumb]</texture>
								</control>
								<control type="image">
										<left>0</left>
										<top>285</top>
										<width>260</width>
										<height>130</height>
										<aspectratio>keep</aspectratio>
										<colordiffuse>$VAR[var-icons_focus]</colordiffuse>
										<texture fallback="layouts/art/missing_logo.png">$INFO[Container(9000).ListItem(0).Thumb]</texture>
										<animation type="Condition" reversible="false" condition="System.IdleTime(1)" loop="true">
												<effect type="zoom" start="0,285,260,130" end="-3,280,270,140" delay="0" time="500" />
												<effect type="zoom" start="-3,280,270,140" end="0,285,260,130" delay="600" time="500" />
										</animation>
								</control>
								<control type="image">
										<left>0</left>
										<top>415</top>
										<width>260</width>
										<height>130</height>
										<aspectratio>keep</aspectratio>
										<colordiffuse>$VAR[var-icons_unfocus]</colordiffuse>
										<texture fallback="layouts/art/missing_logo.png">$INFO[Container(9000).ListItem(1).Thumb]</texture>
								</control>
								<control type="image">
										<left>0</left>
										<top>545</top>
										<width>260</width>
										<height>130</height>
										<aspectratio>keep</aspectratio>
										<colordiffuse>$VAR[var-icons_unfocus]</colordiffuse>
										<texture fallback="layouts/art/missing_logo.png">$INFO[Container(9000).ListItem(2).Thumb]</texture>
								</control>
								<control type="image">
										<left>0</left>
										<top>675</top>
										<width>260</width>
										<height>130</height>
										<aspectratio>keep</aspectratio>
										<colordiffuse>$VAR[var-icons_unfocus]</colordiffuse>
										<texture fallback="layouts/art/missing_logo.png">$INFO[Container(9000).ListItem(3).Thumb]</texture>
								</control>
								<!-- separators
					<control type="image">
						<left>0</left>
						<top>25</top>
						<width>260</width>
						<height>2</height>
						<aspectratio>stretch</aspectratio>
						<colordiffuse>0D000000</colordiffuse>
						<texture>layouts/art/carousel_bar.png</texture>
					</control>
					<control type="image">
						<left>0</left>
						<top>155</top>
						<width>260</width>
						<height>2</height>
						<aspectratio>stretch</aspectratio>
						<colordiffuse>0D000000</colordiffuse>
						<texture>layouts/art/carousel_bar.png</texture>
					</control>
					<control type="image">
						<left>0</left>
						<top>285</top>
						<width>260</width>
						<height>2</height>
						<aspectratio>stretch</aspectratio>
						<colordiffuse>0D000000</colordiffuse>
						<texture>layouts/art/carousel_bar.png</texture>
					</control>
					<control type="image">
						<left>0</left>
						<top>415</top>
						<width>260</width>
						<height>2</height>
						<aspectratio>stretch</aspectratio>
						<colordiffuse>0D000000</colordiffuse>
						<texture>layouts/art/carousel_bar.png</texture>
					</control>
					<control type="image">
						<left>0</left>
						<top>545</top>
						<width>260</width>
						<height>2</height>
						<aspectratio>stretch</aspectratio>
						<colordiffuse>0D000000</colordiffuse>
						<texture>layouts/art/carousel_bar.png</texture>
					</control>
					<control type="image">
						<left>0</left>
						<top>675</top>
						<width>260</width>
						<height>2</height>
						<aspectratio>stretch</aspectratio>
						<colordiffuse>0D000000</colordiffuse>
						<texture>layouts/art/carousel_bar.png</texture>
					</control> -->
						</control>
				</control>
		</include>
</includes>