<window id="500">
	<defaultcontrol always="true">50</defaultcontrol>
	<allowoverlay>no</allowoverlay>
	<controls>
		<control type="group">
			<visible allowhiddenfocus="true">!ControlGroup(9000).HasFocus</visible>
			<top>41.5</top>
			<control type="image">
				<description>background image</description>
				<left>320</left>
				<top>108</top>
				<width>640</width>
				<height>421</height>
				<colordiffuse>menu_back_image</colordiffuse>
				<texture border="20,20,20,20">menu_back.png</texture>
			</control>
			<control type="label">
				<description>heading label</description>
				<left>320</left>
				<top>130</top>
				<width>640</width>
				<height>50</height>
				<align>center</align>
				<aligny>center</aligny>
				<font>size_50</font>
				<label>[UPPERCASE]$LOCALIZE[31234][/UPPERCASE]</label>
				<textcolor>menu_header_label</textcolor>
			</control>
			<control type="list" id="50">
				<left>320</left>
				<top>200</top>
				<width>640</width>
				<height>295</height>
				<onup>50</onup>
				<ondown>50</ondown>
				<onleft>9000</onleft>
				<onright>9000</onright>
				<pagecontrol>61</pagecontrol>
				<scrolltime>200</scrolltime>
				<itemlayout width="640" height="42">
					<control type="image">
						<left>0</left>
						<top>0</top>
						<texture>button-nofocus4.png</texture>
						<include>MenuButtonMenuValues</include>
					</control>
					<control type="label">
						<left>0</left>
						<top>0</top>
						<include>MenuButtonMenuValues</include>
						<label>[UPPERCASE]$INFO[ListItem.Label][/UPPERCASE]</label>
					</control>
				</itemlayout>
				<focusedlayout width="640" height="42">
					<control type="image">
						<left>0</left>
						<top>0</top>
						<texture>button-focus4.png</texture>
						<include>MenuButtonMenuValues</include>
					</control>
					<control type="label">
						<left>0</left>
						<top>0</top>
						<textcolor>menu_focus_label</textcolor>
						<include>MenuButtonMenuValues</include>
						<label>[UPPERCASE]$INFO[ListItem.Label][/UPPERCASE]</label>
					</control>
				</focusedlayout>
			</control>
		</control>
		<!-- This is ControlGroup(9001) -->
		<control type="group">
			<visible allowhiddenfocus="true">ControlGroup(9000).HasFocus</visible>
			<control type="image">
				<description>background image</description>
				<left>0</left>
				<top>0</top>
				<width>1280</width>
				<height>720</height>
				<colordiffuse>E0000000</colordiffuse>
				<texture>background diffuse.png</texture>
			</control>
			<control type="group">
				<top>90</top>
				<control type="image">
					<description>background image</description>
					<left>320</left>
					<top>108</top>
					<width>640</width>
					<height>324</height>
					<colordiffuse>menu_back_image</colordiffuse>
					<texture border="20,20,20,20">menu_back.png</texture>
				</control>
				<control type="label">
					<description>heading label</description>
					<left>320</left>
					<top>130</top>
					<width>640</width>
					<height>50</height>
					<align>center</align>
					<aligny>center</aligny>
					<font>size_50</font>
					<label>[UPPERCASE]$LOCALIZE[31234][/UPPERCASE]</label>
					<textcolor>menu_header_label</textcolor>
				</control>
				<control type="grouplist" id="9000">
					<left>320</left>
					<top>200</top>
					<width>640</width>
					<height>295</height>
					<onleft>9000</onleft>
					<onright>50</onright>
					<onup>9000</onup>
					<ondown>9000</ondown>
					<itemgap>-1</itemgap>
					<control type="radiobutton" id="20">
						<left>0</left>
						<top>0</top>
						<label>191</label>
						<include>MenuButtonCommonValues</include>
					</control>
					<control type="button" id="26">
						<left>0</left>
						<top>0</top>
						<label>-</label>
						<include>MenuButtonCommonValues</include>
					</control>
					<control type="button" id="21">
						<left>0</left>
						<top>0</top>
						<label>190</label>
						<include>MenuButtonCommonValues</include>
					</control>
					<control type="button" id="22">
						<left>0</left>
						<top>0</top>
						<label>192</label>
						<include>MenuButtonCommonValues</include>
					</control>
				</control>
			</control>
		</control>
	</controls>
</window>