<window id="500">
		<defaultcontrol always="true">50</defaultcontrol>
		<allowoverlay>no</allowoverlay>
		<controls>
				<include>CommonBackground</include>
				<include>ViewVisibleEffect</include>
				<include file="Viewtype_CommonRootView.xml">CommonRootView</include>
				<!-- This is ControlGroup(9001) -->
				<control type="group">
						<visible allowhiddenfocus="true">ControlGroup(9000).HasFocus</visible>
						<control type="image">
								<description>background image</description>
								<posx>0</posx>
								<posy>0</posy>
								<width>1280</width>
								<height>720</height>
								<colordiffuse>E0000000</colordiffuse>
								<texture>background diffuse.png</texture>
						</control>
						<control type="group">
								<posy>90</posy>
								<control type="image">
										<description>background image</description>
										<posx>320</posx>
										<posy>108</posy>
										<width>640</width>
										<height>324</height>
										<colordiffuse>menu_back_image</colordiffuse>
										<texture border="20,20,20,20">menu_back.png</texture>
								</control>
								<control type="label">
										<description>heading label</description>
										<posx>320</posx>
										<posy>130</posy>
										<width>640</width>
										<height>50</height>
										<align>center</align>
										<aligny>center</aligny>
										<font>size_50</font>
										<label>[UPPERCASE]$LOCALIZE[559][/UPPERCASE]</label>
										<textcolor>menu_header_label</textcolor>
								</control>
								<control type="grouplist" id="9000">
										<posx>320</posx>
										<posy>200</posy>
										<width>640</width>
										<height>295</height>
										<onleft>9000</onleft>
										<onright>50</onright>
										<onup>9000</onup>
										<ondown>9000</ondown>
										<itemgap>-1</itemgap>
										<control type="radiobutton" id="20">
												<posx>0</posx>
												<posy>0</posy>
												<label>191</label>
												<include>MenuButtonCommonValues</include>
										</control>
										<control type="button" id="26">
												<posx>0</posx>
												<posy>0</posy>
												<label>-</label>
												<include>MenuButtonCommonValues</include>
										</control>
										<control type="button" id="21">
												<posx>0</posx>
												<posy>0</posy>
												<label>190</label>
												<include>MenuButtonCommonValues</include>
										</control>
										<control type="button" id="22">
												<posx>0</posx>
												<posy>0</posy>
												<label>192</label>
												<include>MenuButtonCommonValues</include>
										</control>
								</control>
						</control>
				</control>
				<control type="image">
						<posx>20</posx>
						<posy>5</posy>
						<width>40</width>
						<height>35</height>
						<aspectratio>keep</aspectratio>
						<texture>icon_music.png</texture>
				</control>
				<control type="label">
						<description>Header label</description>
						<posx>70</posx>
						<posy>5</posy>
						<width>700</width>
						<height>35</height>
						<align>left</align>
						<aligny>center</aligny>
						<font>size_23</font>
						<textcolor>white</textcolor>
						<label>$LOCALIZE[10517]</label>
				</control>
		</controls>
</window>