<window id="502">
		<defaultcontrol always="true">50</defaultcontrol>
		<allowoverlay>no</allowoverlay>
		<views>50</views>
		<controls>
				<include>CommonBackground</include>
				<control type="group">
						<include>ViewVisibleEffect</include>
						<include file="Viewtype_CommonRootView.xml">CommonRootView</include>
						<!-- view id = 50 -->
						<include>ScrollOffsetLabel</include>
				</control>
				<!-- This is ControlGroup(9001) -->
				<control type="group">
						<include>CommonOptionsMenuBack</include>
						<control type="group." id="9000">
								<left>5</left>
								<top>30</top>
								<control type="button" id="2">
										<description>View As button</description>
										<left>0</left>
										<top>0</top>
										<include>MenuButtonCommonValues</include>
										<label>-</label>
										<onleft>9001</onleft>
										<onright>50</onright>
										<onup>16</onup>
										<ondown>3</ondown>
								</control>
								<control type="image">
										<description>NoFocus Background for Sort button</description>
										<left>0</left>
										<top>45</top>
										<width>238</width>
										<height>45</height>
										<texture border="5">button-nofocus.png</texture>
										<visible>Control.HasFocus(4)</visible>
								</control>
								<control type="button" id="3">
										<description>Sort by button</description>
										<left>0</left>
										<top>45</top>
										<width>238</width>
										<include>MenuButtonCommonValues</include>
										<label>103</label>
										<onleft>9001</onleft>
										<onright>4</onright>
										<onup>2</onup>
										<ondown>99</ondown>
								</control>
								<control type="image">
										<description>NoFocus Background for Sort Direction Toggle</description>
										<left>240</left>
										<top>45</top>
										<width>40</width>
										<height>45</height>
										<texture border="5">button-nofocus.png</texture>
										<visible>Control.HasFocus(3)</visible>
								</control>
								<control type="image">
										<description>Focus Background for Sort Direction Toggle</description>
										<left>240</left>
										<top>45</top>
										<width>40</width>
										<height>45</height>
										<texture border="5">button-focus2.png</texture>
										<visible>Control.HasFocus(4)</visible>
								</control>
								<control type="togglebutton" id="4">
										<description>Sort asc</description>
										<left>250</left>
										<top>58</top>
										<label>-</label>
										<texturefocus>scroll-up.png</texturefocus>
										<texturenofocus>scroll-up.png</texturenofocus>
										<alttexturefocus>scroll-down.png</alttexturefocus>
										<alttexturenofocus>scroll-down.png</alttexturenofocus>
										<onleft>3</onleft>
										<onright>50</onright>
										<onup>2</onup>
										<ondown>99</ondown>
								</control>
								<control type="radiobutton" id="99">
										<description>Library button</description>
										<left>0</left>
										<top>90</top>
										<label>$LOCALIZE[29800]</label>
										<onclick>ReplaceWindow(MusicFiles)</onclick>
										<selected>Window.IsVisible(MusicLibrary)</selected>
										<include>MenuButtonCommonValues</include>
										<onleft>9001</onleft>
										<onright>50</onright>
										<onup>3</onup>
										<ondown>8</ondown>
								</control>
								<control type="button" id="8">
										<description>Search</description>
										<left>0</left>
										<top>135</top>
										<include>MenuButtonCommonValues</include>
										<label>137</label>
										<onleft>9001</onleft>
										<onright>50</onright>
										<onup>99</onup>
										<ondown>19</ondown>
								</control>
								<control type="radiobutton" id="19">
										<description>Filter</description>
										<left>0</left>
										<top>180</top>
										<include>MenuButtonCommonValues</include>
										<label>587</label>
										<onleft>9001</onleft>
										<onright>50</onright>
										<onup>8</onup>
										<ondown>16</ondown>
								</control>
								<control type="radiobutton" id="16">
										<description>PartyMode</description>
										<left>0</left>
										<top>225</top>
										<include>MenuButtonCommonValues</include>
										<label>589</label>
										<onleft>9001</onleft>
										<onright>50</onright>
										<onup>19</onup>
										<ondown>2</ondown>
								</control>
						</control>
				</control>
				<control type="image">
						<left>20</left>
						<top>5</top>
						<width>40</width>
						<height>35</height>
						<aspectratio>keep</aspectratio>
						<texture>icon_music.png</texture>
				</control>
				<control type="label">
						<description>Header label</description>
						<left>70</left>
						<top>5</top>
						<width>700</width>
						<height>35</height>
						<align>left</align>
						<aligny>center</aligny>
						<font>size_23</font>
						<textcolor>white</textcolor>
						<label>$LOCALIZE[10516]</label>
				</control>
				<control type="grouplist">
						<description>Media Codec Flagging Images</description>
						<left>20</left>
						<top>43r</top>
						<width>620</width>
						<itemgap>5</itemgap>
						<orientation>horizontal</orientation>
						<include file="IncludesCodecFlagging.xml">AudioTypeHackFlaggingConditions</include>
				</control>
		</controls>
</window>