<window id="20">
		<defaultcontrol always="true">50</defaultcontrol>
		<allowoverlay>no</allowoverlay>
		<views>50</views>
		<controls>
				<include>CommonBackground</include>
				<control type="group">
						<include>ViewVisibleEffect</include>
						<!-- view id = 50 -->
						<include file="Viewtype_CommonRootView.xml">CommonRootView</include>
				</control>
				<control type="group">
						<include>WindowHeader</include>
						<control type="image">
								<left>20</left>
								<top>5</top>
								<width>40</width>
								<height>35</height>
								<aspectratio>keep</aspectratio>
								<texture>icon_addons.png</texture>
						</control>
						<control type="label">
								<description>Header label</description>
								<left>70</left>
								<top>5</top>
								<width>700</width>
								<height>35</height>
								<align>left</align>
								<aligny>center</aligny>
								<font>size_23</font>
								<textcolor>white</textcolor>
								<label>$LOCALIZE[247]</label>
						</control>
						<include>ScrollOffsetLabel</include>
						<include>WindowFooter</include>
				</control>
		</controls>
</window>