<window id="7">
	<defaultcontrol>95</defaultcontrol>
	<allowoverlay>no</allowoverlay>
	<controls>
		<!-- Background Images -->
		<control type="image">
			<description>background</description>
			<left>0</left>
			<top>0</top>
			<width>1280</width>
			<height>720</height>
			<aspectratio>stretch</aspectratio>
			<colordiffuse>FF97999B</colordiffuse>
			<texture>background diffuse.png</texture>
		</control>
		<!-- Top Underlay Image -->
		<control type="image">
			<description>top bar</description>
			<left>0</left>
			<top>0</top>
			<width>1280</width>
			<height>115</height>
			<aspectratio>stretch</aspectratio>
			<colordiffuse>FFC8CACB</colordiffuse>
			<texture>background diffuse.png</texture>
		</control>
		<!-- System Log -->
		<control type="image">
			<description>logo</description>
			<left>30</left>
			<top>20</top>
			<width>490</width>
			<height>72</height>
			<aspectratio align="left">keep</aspectratio>
			<texture>layouts/settings/art/logo.png</texture>
		</control>
		<!-- Bottom Underlay Image -->
		<control type="image">
			<left>0</left>
			<top>47r</top>
			<width>1280</width>
			<height>47</height>
			<aspectratio>stretch</aspectratio>
			<colordiffuse>FFC5C6C7</colordiffuse>
			<texture>background diffuse.png</texture>
		</control>
		<include>ContextButtonsSettings</include>
		<control type="group">
			<left>20</left>
			<top>129</top>
			<control type="grouplist" id="9000">
				<description>button area</description>
				<left>5</left>
				<top>35</top>
				<width>280</width>
				<height>405</height>
				<itemgap>0</itemgap>
				<onleft>9000</onleft>
				<onright>9000</onright>
				<onup>9000</onup>
				<ondown>9000</ondown>
				<control type="button" id="95">
					<description>Button Default Values</description>
					<include>CustomSystemInfoButtons</include>
					<label>20154</label>
				</control>
				<control type="button" id="92">
					<description>Button HDD</description>
					<include>CustomSystemInfoButtons</include>
					<label>20156</label>
				</control>
				<control type="button" id="93">
					<description>Button DVD</description>
					<include>CustomSystemInfoButtons</include>
					<label>20157</label>
				</control>
				<control type="button" id="94">
					<description>Button Storage</description>
					<include>CustomSystemInfoButtons</include>
					<label>20155</label>
				</control>
				<control type="button" id="96">
					<description>Button Network</description>
					<include>CustomSystemInfoButtons</include>
					<label>20158</label>
				</control>
				<control type="button" id="97">
					<description>Button Video</description>
					<include>CustomSystemInfoButtons</include>
					<label>20159</label>
				</control>
				<control type="button" id="98">
					<description>Button Hardware</description>
					<include>CustomSystemInfoButtons</include>
					<label>20160</label>
				</control>
			</control>
		</control>
		<control type="group">
			<control type="group">
				<left>340</left>
				<top>124</top>
				<control type="label." id="40">
					<description>filter text label</description>
					<left>0</left>
					<top>0</top>
					<width>880</width>
					<height>35</height>
					<align>center</align>
					<aligny>center</aligny>
					<label>-</label>
					<font>size_40</font>
				</control>
				<control type="label" id="2">
					<description>Label 2</description>
					<left>10</left>
					<top>35</top>
					<width>860</width>
					<height>40</height>
					<align>left</align>
					<aligny>center</aligny>
					<label>-</label>
					<font>size_24</font>
					<textcolor>FF282A2B</textcolor>
				</control>
				<control type="label" id="3">
					<description>Label 3</description>
					<left>10</left>
					<top>75</top>
					<width>860</width>
					<height>40</height>
					<align>left</align>
					<aligny>center</aligny>
					<label>-</label>
					<font>size_24</font>
					<textcolor>FF282A2B</textcolor>
				</control>
				<control type="label" id="4">
					<description>Label 4</description>
					<left>10</left>
					<top>115</top>
					<width>860</width>
					<height>40</height>
					<align>left</align>
					<aligny>center</aligny>
					<label>-</label>
					<font>size_24</font>
					<textcolor>FF282A2B</textcolor>
				</control>
				<control type="label" id="5">
					<description>Label 5</description>
					<left>10</left>
					<top>155</top>
					<width>860</width>
					<height>40</height>
					<align>left</align>
					<aligny>center</aligny>
					<label>-</label>
					<font>size_24</font>
					<textcolor>FF282A2B</textcolor>
				</control>
				<control type="label" id="6">
					<description>Label 6</description>
					<left>10</left>
					<top>195</top>
					<width>860</width>
					<height>40</height>
					<align>left</align>
					<aligny>center</aligny>
					<label>-</label>
					<font>size_24</font>
					<textcolor>FF282A2B</textcolor>
				</control>
				<control type="label" id="7">
					<description>Label 7</description>
					<left>10</left>
					<top>235</top>
					<width>860</width>
					<height>40</height>
					<align>left</align>
					<aligny>center</aligny>
					<label>-</label>
					<font>size_24</font>
					<textcolor>FF282A2B</textcolor>
				</control>
				<control type="label" id="8">
					<description>Label 8</description>
					<left>10</left>
					<top>275</top>
					<width>860</width>
					<height>40</height>
					<align>left</align>
					<aligny>center</aligny>
					<label>-</label>
					<font>size_24</font>
					<textcolor>FF282A2B</textcolor>
				</control>
				<control type="label" id="9">
					<description>Label 9</description>
					<left>10</left>
					<top>315</top>
					<width>860</width>
					<height>40</height>
					<align>left</align>
					<aligny>center</aligny>
					<label>-</label>
					<font>size_24</font>
					<textcolor>FF282A2B</textcolor>
				</control>
				<control type="label" id="10">
					<description>Label 10</description>
					<left>10</left>
					<top>355</top>
					<width>860</width>
					<height>40</height>
					<align>left</align>
					<aligny>center</aligny>
					<label>-</label>
					<font>size_24</font>
					<textcolor>FF282A2B</textcolor>
				</control>
				<control type="label" id="11">
					<description>Label 11</description>
					<left>10</left>
					<top>395</top>
					<width>860</width>
					<height>40</height>
					<align>left</align>
					<aligny>center</aligny>
					<label>-</label>
					<font>size_24</font>
					<textcolor>FF282A2B</textcolor>
				</control>
			</control>
			<control type="label" id="52">
				<description>XBMC XBE BUILD Version</description>
				<left>10</left>
				<top>640</top>
				<width>910</width>
				<label>144</label>
				<align>left</align>
				<font>size_20</font>
				<textcolor>FF282A2B</textcolor>
			</control>
			<control type="group">
				<left>0</left>
				<top>610</top>
				<!-- <control type="label"> -->
				<!-- <description>CPU Text</description> -->
				<!-- <left>345r</left> -->
				<!-- <top>0</top> -->
				<!-- <width>200</width> -->
				<!-- <height>22</height> -->
				<!-- <label>$LOCALIZE[13271] $INFO[System.CPUUsage]</label> -->
				<!-- <align>right</align> -->
				<!-- <aligny>center</aligny> -->
				<!-- <textcolor>FF282A2B</textcolor> -->
				<!-- <font>size_20</font> -->
				<!-- </control> -->
				<!-- <control type="progress"> -->
				<!-- <description>CPU BAR</description> -->
				<!-- <left>330r</left> -->
				<!-- <top>8</top> -->
				<!-- <width>320</width> -->
				<!-- <height>12</height> -->
				<!-- <info>System.CPUUsage</info> -->
				<!-- <texturebg border="6,0,6,0">scrollbar_bar_back2.png</texturebg> -->
				<!-- <lefttexture>-</lefttexture> -->
				<!-- <midtexture border="4,0,4,0">ProgressFront.png</midtexture> -->
				<!-- <righttexture>-</righttexture> -->
				<!-- <overlaytexture>-</overlaytexture> -->
				<!-- </control> -->
				<!-- <control type="label"> -->
				<!-- <description>Memory Text</description> -->
				<!-- <left>345r</left> -->
				<!-- <top>30</top> -->
				<!-- <width>200</width> -->
				<!-- <height>22</height> -->
				<!-- <label>$LOCALIZE[31020] $INFO[system.memory(used.percent)]</label> -->
				<!-- <align>right</align> -->
				<!-- <aligny>center</aligny> -->
				<!-- <textcolor>FF282A2B</textcolor> -->
				<!-- <font>size_20</font> -->
				<!-- </control> -->
				<!-- <control type="progress"> -->
				<!-- <description>Memory BAR</description> -->
				<!-- <left>330r</left> -->
				<!-- <top>38</top> -->
				<!-- <width>320</width> -->
				<!-- <height>12</height> -->
				<!-- <info>system.memory(used)</info> -->
				<!-- <texturebg border="6,0,6,0">scrollbar_bar_back2.png</texturebg> -->
				<!-- <lefttexture>-</lefttexture> -->
				<!-- <midtexture border="4,0,4,0">ProgressFront.png</midtexture> -->
				<!-- <righttexture>-</righttexture> -->
				<!-- <overlaytexture>-</overlaytexture> -->
				<!-- </control> -->
			</control>
		</control>
	</controls>
</window>