<window id="127">
	<defaultcontrol>1</defaultcontrol>
	<coordinates>
		<system>1</system>
		<left>290</left>
		<top>100</top>
	</coordinates>
	<include>dialogeffect</include>
	<controls>
		<control type="image">
			<description>background image</description>
			<left>0</left>
			<top>0</top>
			<width>700</width>
			<height>520</height>
			<texture border="40">dialogback.png</texture>
		</control>
		<control type="image">
			<description>background image</description>
			<left>0</left>
			<top>0</top>
			<width>700</width>
			<height>520</height>
			<texture border="40">dialogfront.png</texture>
		</control>
		<control type="label">
			<description>heading label</description>
			<left>40</left>
			<top>40</top>
			<width>620</width>
			<height>30</height>
			<align>center</align>
			<aligny>center</aligny>
			<font>size_21_bold</font>
			<label>$LOCALIZE[12015]</label>
			<textcolor>dialogheader</textcolor>
		</control>
		<control type="image">
			<left>40</left>
			<top>78</top>
			<width>620</width>
			<height>2</height>
			<texture>separator.png</texture>
		</control>
		<control type="label" id="3">
			<description>No Settings Label</description>
			<left>40</left>
			<top>170</top>
			<width>620</width>
			<align>center</align>
			<label>12016</label>
			<font>size_20</font>
		</control>
		<control type="grouplist" id="5">
			<description>control area</description>
			<left>40</left>
			<top>90</top>
			<width>620</width>
			<height>330</height>
			<itemgap>5</itemgap>
			<pagecontrol>-</pagecontrol>
			<onleft>28</onleft>
			<onright>28</onright>
			<onup>28</onup>
			<ondown>28</ondown>
		</control>
		<control type="button" id="7">
			<description>Default Button</description>
			<height>35</height>
			<font>size_20</font>
			<textcolor>grey2</textcolor>
			<focusedcolor>white</focusedcolor>
			<texturefocus border="3">button-focus.png</texturefocus>
			<texturenofocus border="3">button-nofocus.png</texturenofocus>
		</control>
		<control type="radiobutton" id="8">
			<description>Default RadioButton</description>
			<height>35</height>
			<font>size_20</font>
			<textcolor>grey2</textcolor>
			<focusedcolor>white</focusedcolor>
			<texturefocus border="3">button-focus.png</texturefocus>
			<texturenofocus border="3">button-nofocus.png</texturenofocus>
		</control>
		<control type="spincontrolex" id="9">
			<description>Default spincontrolex</description>
			<height>35</height>
			<texturefocus border="3">button-focus.png</texturefocus>
			<texturenofocus border="3">button-nofocus.png</texturenofocus>
			<font>size_20</font>
			<textcolor>grey2</textcolor>
			<focusedcolor>white</focusedcolor>
			<reverse>yes</reverse>
		</control>
		<control type="sliderex" id="10">
			<description>Default Slider</description>
			<height>35</height>
			<texturefocus border="3">button-focus.png</texturefocus>
			<texturenofocus border="3">button-nofocus.png</texturenofocus>
			<font>size_20</font>
			<textcolor>grey2</textcolor>
			<focusedcolor>white</focusedcolor>
		</control>
		<control type="image" id="11">
			<description>Default Seperator</description>
			<height>2</height>
			<texture>separator.png</texture>
		</control>
		<control type="button" id="28">
			<description>Ok Button</description>
			<left>147</left>
			<top>435</top>
			<width>200</width>
			<height>35</height>
			<align>center</align>
			<aligny>center</aligny>
			<texturefocus border="3">button-focus2.png</texturefocus>
			<texturenofocus border="3">button-nofocus.png</texturenofocus>
			<label>186</label>
			<onleft>29</onleft>
			<onright>29</onright>
			<onup>5</onup>
			<ondown>5</ondown>
		</control>
		<control type="button" id="29">
			<description>Cancel Button</description>
			<left>352</left>
			<top>435</top>
			<width>200</width>
			<height>35</height>
			<align>center</align>
			<aligny>center</aligny>
			<texturefocus border="3">button-focus2.png</texturefocus>
			<texturenofocus border="3">button-nofocus.png</texturenofocus>
			<label>222</label>
			<onleft>28</onleft>
			<onright>28</onright>
			<onup>5</onup>
			<ondown>5</ondown>
		</control>
	</controls>
</window>