<includes>
	<include name="custom_id_80">
		<control type="group">
			<visible>Control.IsVisible(80) + !Control.IsVisible(50) + !Window.IsVisible(134) + !Window.IsVisible(3000)</visible>
			<control type="image">
				<include>1280x720</include>
				<aspectratio scalediffuse="false">stretch</aspectratio>
				<colordiffuse>50FFFFFF</colordiffuse>
				<texture>views\synopsispostercenter\black-back.png</texture>
			</control>
			<control type="fixedlist" id="80">
				<left>40</left>
				<top>280</top>
				<width>1200</width>
				<height>460</height>
				<onleft>80</onleft>
				<onright>80</onright>
				<onup>9000</onup>
				<ondown>90</ondown>
				<viewtype label="view80">biglist</viewtype>
				<pagecontrol>90</pagecontrol>
				<scrolltime>230</scrolltime>
				<focusposition>3</focusposition>
				<orientation>horizontal</orientation>
				<preloaditems>2</preloaditems>
				<itemlayout condition="!Skin.HasSetting(_resourcesenabled)" height="241" width="171.4">
					<control type="image">
						<left>0</left>
						<top>0</top>
						<width>171.4</width>
						<height>241</height>
						<aspectratio>stretch</aspectratio>
						<texture background="true" diffuse="views\synopsispostercenter\diffuse.png">no_poster.jpg</texture>
					</control>
					<control type="image">
						<left>0</left>
						<top>0</top>
						<width>171.4</width>
						<height>241</height>
						<aspectratio>stretch</aspectratio>
						<texture background="true" diffuse="views\synopsispostercenter\diffuse.png">$INFO[listitem.icon]</texture>
					</control>
				</itemlayout>
				<itemlayout condition="Skin.HasSetting(_resourcesenabled)" height="241" width="171.4">
					<control type="image">
						<left>0</left>
						<top>0</top>
						<width>171.4</width>
						<height>241</height>
						<aspectratio>stretch</aspectratio>
						<texture background="true" diffuse="views\synopsispostercenter\diffuse.png">no_poster.jpg</texture>
					</control>
					<control type="image">
						<left>0</left>
						<top>0</top>
						<width>171.4</width>
						<height>241</height>
						<aspectratio>stretch</aspectratio>
						<texture background="true" diffuse="views\synopsispostercenter\diffuse.png">$INFO[listitem.icon]</texture>
						<visible>IsEmpty(listitem.Synopsis_Resources)</visible>
					</control>
					<control type="image">
						<left>0</left>
						<top>0</top>
						<width>171.4</width>
						<height>241</height>
						<aspectratio>stretch</aspectratio>
						<texture background="true" diffuse="views\synopsispostercenter\diffuse.png">$INFO[listitem.Synopsis_Resources]artwork\poster.jpg</texture>
					</control>
				</itemlayout>
				<focusedlayout condition="!Skin.HasSetting(_resourcesenabled)" height="241" width="171.4">
					<control type="image">
						<left>0</left>
						<top>0</top>
						<width>171.4</width>
						<height>241</height>
						<aspectratio>stretch</aspectratio>
						<texture background="true" diffuse="views\synopsispostercenter\diffuse.png">no_poster.jpg</texture>
						<animation reversible="false" effect="zoom" start="0,0,171.4,241" end="-14.3,-21,200,283" time="120">focus</animation>
						<animation reversible="false" effect="zoom" end="0,0,171.4,241" start="-14.3,-21,200,283" time="120">unfocus</animation>
					</control>
					<control type="image">
						<left>0</left>
						<top>0</top>
						<width>171.4</width>
						<height>241</height>
						<aspectratio>stretch</aspectratio>
						<texture background="true" diffuse="views\synopsispostercenter\diffuse.png">$INFO[listitem.icon]</texture>
						<animation reversible="false" effect="zoom" start="0,0,171.4,241" end="-14.3,-21,200,283" time="120">focus</animation>
						<animation reversible="false" effect="zoom" end="0,0,171.4,241" start="-14.3,-21,200,283" time="120">unfocus</animation>
					</control>
					<control type="image">
						<left>0</left>
						<top>0</top>
						<width>171.4</width>
						<height>241</height>
						<aspectratio>stretch</aspectratio>
						<texture background="true" diffuse="views\synopsispostercenter\diffuse.png" border="5">views\synopsispostercenter\poster-border.png</texture>
						<animation reversible="false" effect="zoom" start="0,0,171.4,241" end="-16.3,-23,204,287" time="120">focus</animation>
						<animation reversible="false" effect="fade" start="100" end="0" time="0">unfocus</animation>
					</control>
				</focusedlayout>
				<focusedlayout condition="Skin.HasSetting(_resourcesenabled)" height="241" width="171.4">
					<control type="image">
						<left>0</left>
						<top>0</top>
						<width>171.4</width>
						<height>241</height>
						<aspectratio>stretch</aspectratio>
						<texture background="true" diffuse="views\synopsispostercenter\diffuse.png">no_poster.jpg</texture>
						<animation reversible="false" effect="zoom" start="0,0,171.4,241" end="-14.3,-21,200,283" time="120">focus</animation>
						<animation reversible="false" effect="zoom" end="0,0,171.4,241" start="-14.3,-21,200,283" time="120">unfocus</animation>
					</control>
					<control type="image">
						<left>0</left>
						<top>0</top>
						<width>171.4</width>
						<height>241</height>
						<aspectratio>stretch</aspectratio>
						<texture background="true" diffuse="views\synopsispostercenter\diffuse.png">$INFO[listitem.icon]</texture>
						<animation reversible="false" effect="zoom" start="0,0,171.4,241" end="-14.3,-21,200,283" time="120">focus</animation>
						<animation reversible="false" effect="zoom" end="0,0,171.4,241" start="-14.3,-21,200,283" time="120">unfocus</animation>
						<visible>IsEmpty(listitem.Synopsis_Resources)</visible>
					</control>
					<control type="image">
						<left>0</left>
						<top>0</top>
						<width>171.4</width>
						<height>241</height>
						<aspectratio>stretch</aspectratio>
						<texture background="true" diffuse="views\synopsispostercenter\diffuse.png">$INFO[listitem.Synopsis_Resources]artwork\poster.jpg</texture>
						<animation reversible="false" effect="zoom" start="0,0,171.4,241" end="-14.3,-21,200,283" time="120">focus</animation>
						<animation reversible="false" effect="zoom" end="0,0,171.4,241" start="-14.3,-21,200,283" time="120">unfocus</animation>
					</control>
					<control type="image">
						<left>0</left>
						<top>0</top>
						<width>171.4</width>
						<height>241</height>
						<aspectratio>stretch</aspectratio>
						<texture background="true" diffuse="views\synopsispostercenter\diffuse.png">views\synopsispostercenter\poster-border.png</texture>
						<animation reversible="false" effect="zoom" start="0,0,171.4,241" end="-16.3,-23,204,287" time="120">focus</animation>
						<animation reversible="false" effect="fade" start="100" end="0" time="0">unfocus</animation>
					</control>
				</focusedlayout>
			</control>
			<control type="textbox">
				<left>0</left>
				<top>120</top>
				<width>1280</width>
				<height>140</height>
				<font>size_50</font>
				<textcolor>view56_label</textcolor>
				<shadowcolor>50000000</shadowcolor>
				<align>center</align>
				<aligny>bottom</aligny>
				<label>[UPPERCASE][B]$INFO[ListItem.Label][/B][/UPPERCASE]</label>
				<autoscroll delay="8000" time="171.40" repeat="10000" condition="true">Conditional</autoscroll>
			</control>
			<control type="grouplist">
				<description>Control Info</description>
				<left>40</left>
				<bottom>160</bottom>
				<width>1200</width>
				<height>40</height>
				<itemgap>0</itemgap>
				<align>center</align>
				<orientation>horizontal</orientation>
				<visible>!IsEmpty(listitem.Synopsis_Resources)</visible>
				<control type="image">
					<left>0</left>
					<top>0</top>
					<width>25</width>
					<height>25</height>
					<colordiffuse>view56_info_label_alt</colordiffuse>
					<texture>synopsis icons\medium_trainer.png</texture>
					<visible>!IsEmpty(listitem.overlay) + StringCompare(listitem.overlay,OverlayHasTrainer.png)</visible>
				</control>
				<control type="image">
					<left>0</left>
					<top>0</top>
					<width>25</width>
					<height>25</height>
					<colordiffuse>view56_info_label_alt</colordiffuse>
					<texture>synopsis icons\medium_trained.png</texture>
					<visible>!IsEmpty(listitem.overlay) + StringCompare(listitem.overlay,OverlayTrained.png)</visible>
				</control>
				<!-- dummy label (spacer)  -->
				<control type="label">
					<height>28</height>
					<width min="5" max="10">auto</width>
					<font>size_13</font>
					<aligny>center</aligny>
					<textcolor>view56_info_label</textcolor>
					<label/>
					<visible>!IsEmpty(listitem.overlay)</visible>
				</control>
				<control type="image">
					<left>0</left>
					<top>0</top>
					<width>25</width>
					<height>25</height>
					<colordiffuse>view56_info_label_alt</colordiffuse>
					<texture>synopsis icons\medium_played.png</texture>
				</control>
				<control type="label">
					<height>28</height>
					<width min="5" max="400">auto</width>
					<font>size_16</font>
					<aligny>center</aligny>
					<textcolor>view56_info_label</textcolor>
					<label>[UPPERCASE] $INFO[ListItem.ProgramCount]  [/UPPERCASE]</label>
				</control>
				<control type="image">
					<left>0</left>
					<top>0</top>
					<width>25</width>
					<height>25</height>
					<colordiffuse>view56_info_label_alt</colordiffuse>
					<texture>synopsis icons\medium_playercount.png</texture>
				</control>
				<control type="label">
					<height>28</height>
					<width min="5" max="400">auto</width>
					<font>size_16</font>
					<aligny>center</aligny>
					<textcolor>view56_info_label</textcolor>
					<label>[UPPERCASE] $INFO[ListItem.Synopsis_PlayerCount]  [/UPPERCASE]</label>
				</control>
				<control type="image">
					<left>0</left>
					<top>0</top>
					<width>25</width>
					<height>25</height>
					<colordiffuse>view56_info_label_alt</colordiffuse>
					<texture>synopsis icons\medium_rating.png</texture>
					<visible>!IsEmpty(ListItem.Synopsis_Rating) + !IsEmpty(ListItem.Synopsis_AltName)</visible>
				</control>
				<control type="label">
					<height>28</height>
					<width min="5" max="400">auto</width>
					<font>size_16</font>
					<aligny>center</aligny>
					<textcolor>view56_info_label</textcolor>
					<label>[UPPERCASE] $INFO[ListItem.Synopsis_Rating]  [/UPPERCASE]</label>
					<visible>!IsEmpty(ListItem.Synopsis_Rating)</visible>
				</control>
				<control type="image">
					<left>0</left>
					<top>0</top>
					<width>25</width>
					<height>25</height>
					<colordiffuse>view56_info_label_alt</colordiffuse>
					<texture>synopsis icons\medium_genre.png</texture>
					<visible>!IsEmpty(ListItem.Synopsis_Genre)</visible>
				</control>
				<control type="label">
					<height>28</height>
					<width min="5" max="400">auto</width>
					<font>size_16</font>
					<aligny>center</aligny>
					<textcolor>view56_info_label</textcolor>
					<label>[UPPERCASE] $INFO[ListItem.Synopsis_Genre]  [/UPPERCASE]</label>
					<visible>!IsEmpty(ListItem.Synopsis_Genre)</visible>
				</control>
				<control type="image">
					<left>0</left>
					<top>0</top>
					<width>25</width>
					<height>25</height>
					<colordiffuse>view56_info_label_alt</colordiffuse>
					<texture>synopsis icons\medium_date.png</texture>
					<visible>!IsEmpty(ListItem.Synopsis_Year)</visible>
				</control>
				<control type="label">
					<height>28</height>
					<width min="5" max="400">auto</width>
					<font>size_16</font>
					<aligny>center</aligny>
					<textcolor>view56_info_label</textcolor>
					<label>[UPPERCASE] $INFO[ListItem.Synopsis_Year][/UPPERCASE]</label>
					<visible>!IsEmpty(ListItem.Synopsis_Year)</visible>
				</control>
			</control>
			<control type="textbox">
				<left>40</left>
				<bottom>140</bottom>
				<width>1200</width>
				<height>110</height>
				<font>size_15</font>
				<textcolor>view56_label_alt</textcolor>
				<shadowcolor>50000000</shadowcolor>
				<align>center</align>
				<aligny>top</aligny>
				<label>$INFO[ListItem.Synopsis_Overview]</label>
				<autoscroll delay="8000" time="5000" repeat="10000" condition="true">Conditional</autoscroll>
			</control>
			<control type="scrollbar" id="90">
				<onup>56</onup>
				<include>View.ScrollBar.Horizontal</include>
			</control>
		</control>
	</include>
</includes>