<Skin name="Stewie Unleashed">
		<Information>
				<Author>Jonathan2007</Author>
				<Version>1</Version>
				<Copyright>2004</Copyright>
				<Skinner Name="UX Architect" Version="1.0c" />
		</Information>
		<Filemanager SafeBorder="False">
				<Background>filemanager.png</Background>
		</Filemanager>
		<LoadingScreen ShowInfo="False">
				<Background>loading.png</Background>
		</LoadingScreen>
		<Main Globe="False" Orb="False" Fog="False">
				<Background EnableAudio="False">background.png</Background>
				<InfoFont>39Smooth-10.xpr</InfoFont>s
        <Text Top="20" Left="20" Color="0xFFFFFFFF" Source="SongName" Align="Left" /><Text Top="396" Left="20" Color="0xFFFFFFFF" Source="DVDType" Align="Left" /><Text Top="413" Left="20" Color="0xFFFFFFFF" Source="IP" Align="Left" /><Text Top="444" Left="20" Color="0xFFFFFFFF" Source="G_FreeMB" Align="Left" /><Text Top="429" Left="20" Color="0xFFFFFFFF" Source="F_FreeMB" Align="Left" /><Text Top="37" Left="20" Color="0xFFFFFFFF" Source="SongTime" Align="Left" /><Text Top="103" Left="28" Scroll="width" Width="323" Color="0xFFFFFFFF" Source="NewsFeed" Align="Middle" /><Image Top="415" Left="368" Width="255" Height="55" Source="GameIcon" /><Menu Align="Middle" ShowIcon="False" ShowArrows="False"><Position Top="140" Left="25" Width="326" Height="235" Fixed="False" FixAt="2" MaxItem="4" /><Font>common-font12.xpr</Font></Menu><ColorScheme><AMBIENT_FOGCOLOR>0xFF000000</AMBIENT_FOGCOLOR><AMBIENT_CELLCOLOR>0x00FFFFFF</AMBIENT_CELLCOLOR><CAPTION_TEXTCOLOR>0xFFFFFFFF</CAPTION_TEXTCOLOR><CAPTION_BACKCOLOR>0xFF2E438D</CAPTION_BACKCOLOR><DIALOG_BORDERCOLOR>0xFFFFFFFF</DIALOG_BORDERCOLOR><DIALOG_BACKCOLOR>0xFF162043</DIALOG_BACKCOLOR><DIALOG_INNER_BORDERCOLOR>0xFFFFFFFF</DIALOG_INNER_BORDERCOLOR><DIALOG_INNER_BACKCOLOR>0xFF2E438D</DIALOG_INNER_BACKCOLOR><DIALOG_TEXTCOLOR>0xFFFFFFFF</DIALOG_TEXTCOLOR><DIALOG_DISABLEDTEXT>0xFFC0C0C0</DIALOG_DISABLEDTEXT><OPTION_TEXTCOLOR>0xFFFFFFFF</OPTION_TEXTCOLOR><OPTION_ACTIVETEXTCOLOR>0xFFFFFFFF</OPTION_ACTIVETEXTCOLOR><BUTTON_TEXTCOLOR>0xFF02C90C</BUTTON_TEXTCOLOR><BUTTON_BACKCOLOR>0xCD636482</BUTTON_BACKCOLOR><BUTTON_ACTIVETEXTCOLOR>0xFFFFFFFF</BUTTON_ACTIVETEXTCOLOR><BUTTON_ACTIVEBACKCOLOR>0xE102C90C</BUTTON_ACTIVEBACKCOLOR><KB_KEYBG_HIGHLIGHT>0xCC00C000</KB_KEYBG_HIGHLIGHT><KB_KEYBG_DISABLED>0xffc0c0c0</KB_KEYBG_DISABLED><KB_KEY_PRESSED>0xff808080</KB_KEY_PRESSED><KB_KEY_NORMAL>0xff000000</KB_KEY_NORMAL><KB_KEY_DISABLED>0xff808080</KB_KEY_DISABLED><KB_KEY_ACTIVEBORDER>0xff008000</KB_KEY_ACTIVEBORDER><KB_KEY_TEXTCOLOR>0xff000000</KB_KEY_TEXTCOLOR><KB_KEY_TEXTBACKCOLOR>0xffFFFFFF</KB_KEY_TEXTBACKCOLOR><KB_KEY_TEXTBORDERCOLOR>0xff0000FF</KB_KEY_TEXTBORDERCOLOR><MENU_TEXTCOLOR>0xFF000000</MENU_TEXTCOLOR><MENU_ACTIVETEXTCOLOR>0xFF4060B5</MENU_ACTIVETEXTCOLOR></ColorScheme></Main>
</Skin>