<Skin name="Spartan">
		<Information>
				<Author>GLiTcH</Author>
				<Version>3</Version>
				<Copyright>COPYRIGHT 2004</Copyright>
				<Skinner Name="UX Architect" Version="1.0c" />
		</Information>
		<Filemanager SafeBorder="False">
				<Background>filemanager.png</Background>
		</Filemanager>
		<LoadingScreen ShowInfo="False">
				<Background>loading.png</Background>
		</LoadingScreen>
		<Main Orb="False">
				<Background EnableAudio="False">background.png</Background>
				<InfoFont>DUNGEON_11.XPR</InfoFont>
				<Text Top="332" Left="17" Width="200" Scroll="0" Color="0xFFFFFFFF" Source="IP" Align="Left" />
				<Text Top="373" Left="17" Width="200" Scroll="0" Color="0xFFFFFFFF" Source="SongName" Align="Left" />
				<Text Top="394" Left="17" Width="284" Scroll="0" Color="0xFFFFFFFF" Source="SoundTrack" Align="Left" />
				<Text Top="6" Left="344" Width="274" Scroll="0" Color="0xFFFFFFFF" Source="DateTime" Align="Left" />
				<Text Top="352" Left="17" Width="200" Scroll="0" Color="0xFFFFFFFF" Source="F_Free" Align="Left" />
				<Text Top="332" Left="225" Width="137" Scroll="0" Color="0xFFFFFFFF" Source="Tray" Align="Left" />
				<Text Top="352" Left="226" Width="133" Scroll="1" Color="0xFFFFFFFF" Source="DVDTitle" Align="Left" />
				<Text Top="374" Left="225" Width="143" Scroll="0" Color="0xFFFFFFFF" Source="SongTime" Align="Left" />
				<Image Top="0" Left="0" Width="640" Height="480" Opacity="100">panels.png</Image>
				<Image Top="81" Left="401" Width="185" Height="156" Opacity="100">skull.png</Image>
				<Image Top="277" Left="503" Width="109" Height="110" Source="GameIcon" />
				<Image Source="GamePreview" />
				<Menu Scroll="True" Align="Left" ShowIcon="False">
						<Preview EnableAudio="False" Top="77" Left="371" Width="236" Height="159" />
						<Position Top="100" Left="57" Width="214" Height="177" Fixed="True" FixAt="2" MaxItem="6" />
						<Font>Tahoma-14.xpr</Font>
				</Menu>
				<ColorScheme>
						<AMBIENT_FOGCOLOR>0xFF8080FF</AMBIENT_FOGCOLOR>
						<AMBIENT_SKYCOLOR>0xFF00000F</AMBIENT_SKYCOLOR>
						<AMBIENT_CELLCOLOR>0xFF0080FF</AMBIENT_CELLCOLOR>
						<CAPTION_TEXTCOLOR>0xFFFFFFFF</CAPTION_TEXTCOLOR>
						<CAPTION_BACKCOLOR>0xFF0080FF</CAPTION_BACKCOLOR>
						<DIALOG_BORDERCOLOR>0xFF0080FF</DIALOG_BORDERCOLOR>
						<DIALOG_BACKCOLOR>0x9F000000</DIALOG_BACKCOLOR>
						<DIALOG_INNER_BORDERCOLOR>0xFF0080FF</DIALOG_INNER_BORDERCOLOR>
						<DIALOG_INNER_BACKCOLOR>0xFF000000</DIALOG_INNER_BACKCOLOR>
						<DIALOG_TEXTCOLOR>0xFFFFFFFF</DIALOG_TEXTCOLOR>
						<DIALOG_DISABLEDTEXT>0xFFB3B3B4</DIALOG_DISABLEDTEXT>
						<OPTION_TEXTCOLOR>0xFFFFFFFF</OPTION_TEXTCOLOR>
						<OPTION_ACTIVETEXTCOLOR>0xFFFFFFFF</OPTION_ACTIVETEXTCOLOR>
						<OPTION_ACTIVEBACKCOLOR>0xFF0080FF</OPTION_ACTIVEBACKCOLOR>
						<BUTTON_BORDERCOLOR>0xFFFFFFFF</BUTTON_BORDERCOLOR>
						<BUTTON_TEXTCOLOR>0xFFFFFFFF</BUTTON_TEXTCOLOR>
						<BUTTON_BACKCOLOR>0x980000A0</BUTTON_BACKCOLOR>
						<BUTTON_ACTIVETEXTCOLOR>0xFFFFFFFF</BUTTON_ACTIVETEXTCOLOR>
						<BUTTON_ACTIVEBACKCOLOR>0xFF0080FF</BUTTON_ACTIVEBACKCOLOR>
						<KB_KEYBG_HIGHLIGHT>0xFF0080FF</KB_KEYBG_HIGHLIGHT>
						<KB_KEYBG_DISABLED>0xFFC0C0C0</KB_KEYBG_DISABLED>
						<KB_KEY_PRESSED>0xFF008000</KB_KEY_PRESSED>
						<KB_KEY_NORMAL>0xFF000000</KB_KEY_NORMAL>
						<KB_KEY_DISABLED>0xFFFFFFFF</KB_KEY_DISABLED>
						<KB_KEY_ACTIVEBORDER>0xFF808080</KB_KEY_ACTIVEBORDER>
						<KB_KEY_TEXTCOLOR>0xFF000000</KB_KEY_TEXTCOLOR>
						<KB_KEY_TEXTBACKCOLOR>0xFFFFFFFF</KB_KEY_TEXTBACKCOLOR>
						<KB_KEY_TEXTBORDERCOLOR>0xFFFFFF00</KB_KEY_TEXTBORDERCOLOR>
						<MENU_TEXTCOLOR>0xFFFFFFFF</MENU_TEXTCOLOR>
						<MENU_ACTIVETEXTCOLOR>0xFF4D6392</MENU_ACTIVETEXTCOLOR>
						<MENU_ACTIVEBORDERCOLOR>0x05FFFFFF</MENU_ACTIVEBORDERCOLOR>
				</ColorScheme>
		</Main>
</Skin>