<screen>
	<!-- Background -->
	<item>
		<type>image</type>
		<posX>0</posX>
		<posY>90</posY>
		<width>640</width>
	      	<height>390</height>
		<texture>background_Bottom</texture>
	</item>
	<item>
		<type>image</type>
		<posX>0</posX>
		<posY>0</posY>
		<width>640</width>
	      	<height>90</height>
		<texture>background_Top</texture>
	</item>
	<item>
		<type>image</type>
		<showID>10</showID>
		<posX>30</posX>
		<posY>120</posY>
		<width>128</width>
	      	<height>200</height>
		<texture>Logo</texture>
	</item>
	<item>
		<type>image</type>
		<posX>460</posX>
		<posY>310</posY>
		<width>128</width>
	      	<height>128</height>
		<texture>Icon_Overlay</texture>
	</item>
	<item>
		<type>dvdxbeicon</type>
		<posX>478</posX>
		<posY>329</posY>
		<width>99</width>
	      	<height>80</height>
	</item>

	<!-- Title -->
	<item>
		<type>text</type>
		<showID>10</showID>
		<posX>50</posX>
		<posY>50</posY>
		<color>FFFFFFFF</color>
		<text>Copy Disc to Harddisk</text>
		<font>font1</font>
	</item>
	<item>
		<type>text</type>
		<showID>10</showID>
		<posX>190</posX>
		<posY>95</posY>
		<color>FFFFFFFF</color>
		<text>Choose Dump Directory:</text>
		<font>font1</font>
	</item>

	<!-- Menu: Listing dump directories -->
	<item> 
		<type>UpArrow</type>  <!----- Really just an image ---> 
  		<showID>10</showID>  <!----- Same a menu it works for---> 
  		<relX>30</relX>  <!----- Relative from top left of Menu --->
  		<relY>-9</relY>  <!----- Relative from top left of Menu --->
  		<width>16</width> 
  		<height>8</height> 
  		<texture>UpArrow</texture> 
	</item>
	<item> 
		<type>DownArrow</type>  <!----- Really just an image ---> 
  		<showID>10</showID>  <!----- Same a menu it works for---> 
  		<relX>30</relX> <!----- Relative from top left of Menu --->
  		<relY>160</relY> <!----- Relative from top left of Menu --->
  		<width>16</width> 
  		<height>8</height> 
  		<texture>DownArrow</texture> 
	</item>
	<item>
		<type>image</type>
		<showID>10</showID>
		<relX>-10</relX>
		<relY>-1</relY>
		<width>410</width>
	      	<height>20</height>
		<texture>List-Focus</texture>
	</item>
	<item>
		<type>menu</type>
  		<showID>10</showID>  
		<posX>200</posX>
		<posY>140</posY>
		<vspace>20</vspace>
		<hspace>150</hspace>
		<widthpx>390</widthpx>
		<lines>8</lines>
		<color>FFFFFFFF</color>
		<highlight>FFFFFFFF</highlight>
		<font>Arial_10</font>
	</item>

	<!-- Status Line -->
	<item>
		<type>text</type>
		<showID>10</showID>
		<posX>190</posX>
		<posY>365</posY>
		<color>FFFFFFFF</color>
		<text>Copy Mode: ${copytype}</text>
		<font>font1</font>
	</item>
	<item>
		<type>text</type>
		<showID>10</showID>
		<posX>190</posX>
		<posY>390</posY>
		<color>FFFFFFFF</color>
		<text>${statusline}</text>
		<font>font1</font>
	</item>

	<item>
		<type>text</type>
		<showID>10</showID>
		<posX>190</posX>
		<posY>390</posY>
		<color>FFFFFFFF</color>
		<text>${statusline}</text>
		<font>font1</font>
	</item>

	<item>
		<type>image</type>
		<showID>10</showID>
		<posX>30</posX>
		<posY>342</posY>
		<width>32</width>
	      	<height>25</height>
		<texture>A_Button</texture>
	</item>
	<item>
		<type>image</type>
		<showID>10</showID>
		<posX>30</posX>
		<posY>370</posY>
		<width>32</width>
	      	<height>25</height>
		<texture>Y_Button</texture>
	</item>
	<item>
		<type>image</type>
		<showID>10</showID>
		<posX>30</posX>
		<posY>398</posY>
		<width>32</width>
	      	<height>25</height>
		<texture>Back_Button</texture>
	</item>
	<item>
		<type>text</type>
		<showID>10</showID>
		<posX>70</posX>
		<posY>340</posY>
		<color>FFFFFFFF</color>
		<text>Select\\nISO Mode\\nMain Menu</text>
		<font>font1</font>
	</item>
	<!-- Destination -->
	<item>
		<type>image</type>
		<showID>20</showID>
		<posX>30</posX>
		<posY>120</posY>
		<width>128</width>
	      	<height>200</height>
		<texture>Logo</texture>
	</item>
	<item>
		<type>text</type>
		<showID>20</showID>
		<posX>50</posX>
		<posY>50</posY>
		<color>FFFFFFFF</color>
		<text>Copy Disc to Harddisk</text>
		<font>font1</font>
	</item>
	<item>
		<type>text</type>
		<showID>20</showID>
		<posX>190</posX>
		<posY>95</posY>
		<color>FFFFFFFF</color>
		<text>Destination Path:</text>
		<font>font1</font>
	</item>
	<item>
		<type>text</type>
		<showID>20</showID>
		<posX>210</posX>
		<posY>140</posY>
		<color>FFB6FF00</color>
		<text>${destination}</text>
		<font>Sans_Serif_14</font>
	</item>

	<!-- Instructions -->
	<item>
		<type>image</type>
		<showID>20</showID>
		<posX>30</posX>
		<posY>342</posY>
		<width>32</width>
	      	<height>25</height>
		<texture>Start_Button</texture>
	</item>
	<item>
		<type>image</type>
		<showID>20</showID>
		<posX>30</posX>
		<posY>370</posY>
		<width>32</width>
	      	<height>25</height>
		<texture>X_Button</texture>
	</item>
	<item>
		<type>image</type>
		<showID>20</showID>
		<posX>30</posX>
		<posY>398</posY>
		<width>32</width>
	      	<height>25</height>
		<texture>Back_Button</texture>
	</item>
	<item>
		<type>text</type>
		<showID>20</showID>
		<posX>70</posX>
		<posY>340</posY>
		<color>FFFFFFFF</color>
		<text>Proceed\\nRename Dir\\nChange Dir</text>
		<font>font1</font>
	</item>

	<!-- Warnings -->
	<item>
		<type>rect</type>
		<showID>21</showID>
		<posX>185</posX>
		<posY>210</posY>
		<width>440</width>
      		<height>90</height>
		<color>88343434</color>
		<fillcolor>88343434</fillcolor>
	</item>
	<item>
		<type>image</type>
		<showID>21</showID>
		<posX>195</posX>
		<posY>220</posY>
		<width>64</width>
	      	<height>64</height>
		<texture>Warning</texture>
	</item>
	<item>
		<type>text</type>
		<showID>21</showID>
		<posX>275</posX>
		<posY>215</posY>
		<color>FFFFFF00</color>
		<text>WARNING!!</text>
		<font>Sans_Serif_14</font>
	</item>
	<item>
		<type>text</type>
		<showID>21</showID>
		<posX>275</posX>
		<posY>240</posY>
		<color>FFFFFFFF</color>
		<text>The DVD/CD is to large for the target DIR\\nDVD size: ${dvdsize} MB > free space: ${freespace} MB</text>
		<font>Arial_10</font>
	</item>
	<item>
		<type>rect</type>
		<showID>22</showID>
		<posX>185</posX>
		<posY>210</posY>
		<width>440</width>
      		<height>90</height>
		<color>88343434</color>
		<fillcolor>88343434</fillcolor>
	</item>
	<item>
		<type>image</type>
		<showID>22</showID>
		<posX>195</posX>
		<posY>220</posY>
		<width>64</width>
	      	<height>64</height>
		<texture>Warning</texture>
	</item>
	<item>
		<type>text</type>
		<showID>22</showID>
		<posX>275</posX>
		<posY>215</posY>
		<color>FFFFFF00</color>
		<text>WARNING!!</text>
		<font>Sans_Serif_14</font>
	</item>
	<item>
		<type>text</type>
		<showID>22</showID>
		<posX>275</posX>
		<posY>240</posY>
		<widthpx>300</widthpx>
		<color>FFFFFFFF</color>
		<text>The path -  ${destination}\\nalready exists.</text>
		<font>Arial_10</font>
	</item>

	<!-- Copy Progress Window -->	
	<item>
		<type>image</type>
		<showID>30</showID>
		<posX>0</posX>
		<posY>90</posY>
		<width>640</width>
	      	<height>390</height>
		<texture>background_Bottom</texture>
	</item>
	<item>
		<type>image</type>
		<showID>30</showID>
		<posX>105</posX>
		<posY>125</posY>
		<width>450</width>
	      	<height>180</height>
		<texture>Dialog_Back</texture>
	</item>
	<item>
		<type>text</type>
		<showID>30</showID>
		<posX>130</posX>
		<posY>140</posY>
		<color>DDced8da</color>
		<text>Main Copy Module...</text>
		<font>Sans_Serif_14</font>
	</item>
	<item>
		<type>image</type>
		<showID>30</showID>
		<posX>105</posX>
		<posY>300</posY>
		<width>450</width>
	      	<height>105</height>
		<texture>Dialog_Back</texture>
	</item>
	<item>
		<type>dvdxbeicon</type>
		<showID>30</showID>
		<posX>443</posX>
		<posY>310</posY>
		<width>95</width>
	      	<height>80</height>
	</item>
	<item>
		<type>text</type>
		<showID>30</showID>
		<posX>130</posX>
		<posY>175</posY>
		<widthpx>410</widthpx>
		<color>FFFFFFFF</color>
		<text>From - ${sourcefile}</text>
		<font>Arial_10</font>
	</item>
	<item>
		<type>text</type>
		<showID>30</showID>
		<posX>130</posX>
		<posY>195</posY>
		<widthpx>410</widthpx>
		<color>FFFFFFFF</color>
		<text>To - ${destfile}</text>
		<font>Arial_10</font>
	</item>
	<item>
		<type>text</type>
		<showID>30</showID>
		<align>center</align>
		<posX>130</posX>
		<posY>215</posY>
		<widthpx>410</widthpx>
		<color>FF777777</color>
		<text>Current File Progress - ${fileprogress}</text>
		<font>Arial_10</font>
	</item>
	<item>
		<type>rect</type>
		<id>fileprogress</id>
		<showID>30</showID>
		<posX>131</posX>
		<posY>236</posY>
		<relwidth>408</relwidth>
	      	<height>10</height>
		<fillcolor>00B6FF00</fillcolor>
		<color>FFB6FF00</color>
	</item>
	<item>
		<type>image</type>
		<showID>30</showID>
		<posX>130</posX>
		<posY>235</posY>
		<width>410</width>
	      	<height>12</height>
		<texture>Progress_Over</texture>
	</item>
	<item>
		<type>text</type>
		<showID>31</showID>
		<align>center</align>
		<posX>130</posX>
		<posY>250</posY>
		<widthpx>410</widthpx>
		<color>FF777777</color>
		<text>Total Disc Progress - ${allprogress}</text>
		<font>Arial_10</font>
	</item>
	<item>
		<type>rect</type>
		<id>allprogress</id>
		<showID>31</showID>
		<posX>131</posX>
		<posY>271</posY>
		<relwidth>408</relwidth>
	      	<height>10</height>
		<fillcolor>00B6FF00</fillcolor>
		<color>FFB6FF00</color>
	</item>
	<item>
		<type>image</type>
		<showID>31</showID>
		<posX>130</posX>
		<posY>270</posY>
		<width>410</width>
	      	<height>12</height>
		<texture>Progress_Over</texture>
	</item>

	<item>
		<type>text</type>
		<showID>30</showID>
		<posX>130</posX>
		<posY>315</posY>
		<widthpx>300</widthpx>
		<color>FFFFFFFF</color>
		<text>Remaining MBytes to copy: ${remainingbytes} MB</text>
		<font>Arial_10</font>
	</item>
	<item>
		<type>text</type>
		<showID>30</showID>
		<posX>130</posX>
		<posY>335</posY>
		<widthpx>300</widthpx>
		<color>FFFFFFFF</color>
		<text>Remaining free space: ${freespace} MB</text>
		<font>Arial_10</font>
	</item>
	<item>
		<type>text</type>
		<showID>30</showID>
		<posX>130</posX>
		<posY>355</posY>
		<widthpx>300</widthpx>
		<color>FFFFFFFF</color>
		<text>Transfer Rate: ${mbpersecond} MB per Second</text>
		<font>Arial_10</font>
	</item>


	<!-- Copy Aftermath Window -->	
	<item>
		<type>image</type>
		<showID>40</showID>
		<posX>155</posX>
		<posY>165</posY>
		<width>350</width>
	      	<height>160</height>
		<texture>Dialog_Back</texture>
	</item>
	<item>
		<type>text</type>
		<showID>41</showID>
		<posX>180</posX>
		<posY>180</posY>
		<color>DDced8da</color>
		<text>Error...</text>
		<font>Sans_Serif_14</font>
	</item>
	<item>
		<type>text</type>
		<showID>41</showID>
		<posX>180</posX>
		<posY>205</posY>
		<widthpx>300</widthpx>
		<color>FFFFFFFF</color>
		<text>${failed} file(s) failed to copy.\\nClean the DVD and try again</text>
		<font>font1</font>
	</item>
	<item>
		<type>image</type>
		<showID>41</showID>
		<posX>190</posX>
		<posY>280</posY>
		<width>30</width>
	      	<height>25</height>
		<texture>X_Button</texture>
	</item>
	<item>
		<type>text</type>
		<showID>41</showID>
		<posX>230</posX>
		<posY>280</posY>
		<color>DDced8da</color>
		<text>Cancel</text>
		<font>font1</font>
	</item>
	<item>
		<type>image</type>
		<showID>41</showID>
		<posX>370</posX>
		<posY>280</posY>
		<width>30</width>
	      	<height>25</height>
		<texture>A_Button</texture>
	</item>
	<item>
		<type>text</type>
		<showID>41</showID>
		<posX>410</posX>
		<posY>280</posY>
		<color>DDced8da</color>
		<text>Retry</text>
		<font>font1</font>
	</item>

	<item>
		<type>text</type>
		<showID>42</showID>
		<posX>180</posX>
		<posY>180</posY>
		<color>DDced8da</color>
		<text>Processing...</text>
		<font>Sans_Serif_14</font>
	</item>
	<item>
		<type>text</type>
		<showID>42</showID>
		<posX>180</posX>
		<posY>205</posY>
		<widthpx>300</widthpx>
		<color>FFFFFFFF</color>
		<text>Processing ACL ...\\nPlease Wait!</text>
		<font>font1</font>
	</item>
	<item>
		<type>text</type>
		<showID>43</showID>
		<posX>180</posX>
		<posY>180</posY>
		<color>DDced8da</color>
		<text>Processing...</text>
		<font>Sans_Serif_14</font>
	</item>
	<item>
		<type>text</type>
		<showID>43</showID>
		<posX>180</posX>
		<posY>205</posY>
		<widthpx>300</widthpx>
		<color>FFFFFFFF</color>
		<text>Patching xbe's ...\\nPlease Wait!</text>
		<font>font1</font>
	</item>

	<!-- Results Page -->	
	<item>
		<type>image</type>
		<showID>50</showID>
		<posX>0</posX>
		<posY>90</posY>
		<width>640</width>
	      	<height>390</height>
		<texture>background_Bottom</texture>
	</item>
	<item>
		<type>text</type>
		<showID>50</showID>
		<posX>190</posX>
		<posY>95</posY>
		<color>FFFFFFFF</color>
		<text>Copy Report:</text>
		<font>font1</font>
	</item>
	<item>
		<type>image</type>
		<showID>50</showID>
		<posX>30</posX>
		<posY>120</posY>
		<width>128</width>
	      	<height>200</height>
		<texture>Logo</texture>
	</item>
	<item>
		<type>image</type>
		<showID>50</showID>
		<posX>30</posX>
		<posY>342</posY>
		<width>32</width>
	      	<height>25</height>
		<texture>Start_Button</texture>
	</item>
	<item>
		<type>text</type>
		<showID>50</showID>
		<posX>70</posX>
		<posY>340</posY>
		<color>FFFFFFFF</color>
		<text>Proceed</text>
		<font>font1</font>
	</item>
	<item>
		<type>text</type>
		<showID>50</showID>
		<posX>210</posX>
		<posY>140</posY>
		<color>FFFFFFFF</color>
		<text>Files copied: ${copyok}\\n\\nFailed to copy: ${copyfailed}\\n\\nFiles renamed: ${copyrenamed}\\n\\nCopy duration (HH:MM:SS): ${duration}</text>
		<font>Arial_10</font>
	</item>
	<item>
		<type>text</type>
		<showID>51</showID>
		<posX>190</posX>
		<posY>280</posY>
		<color>FFB6FF00</color>
		<text>ACL processed. Read the logfile (press Y)\\nfor more information.</text>
		<font>Arial_10</font>
	</item>
	<item>
		<type>text</type>
		<showID>52</showID>
		<posX>190</posX>
		<posY>280</posY>
		<color>FFB6FF00</color>
		<text>ACL processed. Enable logfile writing\\nfor more information.</text>
		<font>Arial_10</font>
	</item>
	<item>
		<type>text</type>
		<showID>53</showID>
		<posX>190</posX>
		<posY>280</posY>
		<color>FFB6FF00</color>
		<text>ACL processing is not supported via SMB.</text>
		<font>Arial_10</font>
	</item>
	
	<!--			   -->
	<!-- Smb destination -->
	<item>
		<type>text</type>
		<showID>100</showID>
		<posX>50</posX>
		<posY>50</posY>
		<color>FFFFFFFF</color>
		<text>Copy Disc to Samba Share</text>
		<font>font1</font>
	</item>
	<item>
		<type>text</type>
		<showID>100</showID>
		<posX>190</posX>
		<posY>95</posY>
		<color>FFFFFFFF</color>
		<text>Choose Dump Destination:</text>
		<font>font1</font>
	</item>
	<item>
		<type>image</type>
		<showID>100</showID>
		<posX>30</posX>
		<posY>120</posY>
		<width>128</width>
	      	<height>200</height>
		<texture>LogoSMB</texture>
	</item>

	<!-- Menu: Listing dump url names -->
	<item> 
		<type>UpArrow</type>  <!----- Really just an image ---> 
  		<showID>100</showID>  <!----- Same a menu it works for---> 
  		<relX>30</relX>  <!----- Relative from top left of Menu --->
  		<relY>-9</relY>  <!----- Relative from top left of Menu --->
  		<width>16</width> 
  		<height>8</height> 
  		<texture>UpArrow</texture> 
	</item>
	<item> 
		<type>DownArrow</type>  <!----- Really just an image ---> 
  		<showID>100</showID>  <!----- Same a menu it works for---> 
  		<relX>30</relX> <!----- Relative from top left of Menu --->
  		<relY>160</relY> <!----- Relative from top left of Menu --->
  		<width>16</width> 
  		<height>8</height> 
  		<texture>DownArrow</texture> 
	</item>
	<item>
		<type>image</type>
		<showID>100</showID>
		<relX>-10</relX>
		<relY>-1</relY>
		<width>410</width>
	      	<height>20</height>
		<texture>List-Focus</texture>
	</item>
	<item>
		<type>menu</type>
  		<showID>100</showID>  
		<posX>200</posX>
		<posY>140</posY>
		<vspace>20</vspace>
		<hspace>150</hspace>
		<widthpx>390</widthpx>
		<lines>8</lines>
		<color>FFFFFFFF</color>
		<highlight>FFFFFFFF</highlight>
		<font>Arial_10</font>
	</item>

	<!-- Status Line -->
	<item>
		<type>text</type>
		<showID>100</showID>
		<posX>190</posX>
		<posY>365</posY>
		<color>FFFFFFFF</color>
		<text>Copy Mode: ${copytype}</text>
		<font>font1</font>
	</item>
	<item>
		<type>text</type>
		<showID>100</showID>
		<posX>190</posX>
		<posY>390</posY>
		<color>FFFFFFFF</color>
		<text>${statusline}</text>
		<font>font1</font>
	</item>

	<item>
		<type>image</type>
		<showID>100</showID>
		<posX>30</posX>
		<posY>342</posY>
		<width>32</width>
	      	<height>25</height>
		<texture>A_Button</texture>
	</item>
	<item>
		<type>image</type>
		<showID>100</showID>
		<posX>30</posX>
		<posY>370</posY>
		<width>32</width>
	      	<height>25</height>
		<texture>Y_Button</texture>
	</item>
	<item>
		<type>image</type>
		<showID>100</showID>
		<posX>30</posX>
		<posY>398</posY>
		<width>32</width>
	      	<height>25</height>
		<texture>Back_Button</texture>
	</item>
	<item>
		<type>text</type>
		<showID>100</showID>
		<posX>70</posX>
		<posY>340</posY>
		<color>FFFFFFFF</color>
		<text>Select\\nISO Mode\\nMain Menu</text>
		<font>font1</font>
	</item>

	<!-- Destination -->
	<item>
		<type>image</type>
		<showID>110</showID>
		<posX>30</posX>
		<posY>120</posY>
		<width>128</width>
	      	<height>200</height>
		<texture>LogoSMB</texture>
	</item>
	<item>
		<type>text</type>
		<showID>110</showID>
		<posX>50</posX>
		<posY>50</posY>
		<color>FFFFFFFF</color>
		<text>Copy Disc to Samba Share</text>
		<font>font1</font>
	</item>
	<item>
		<type>text</type>
		<showID>110</showID>
		<posX>190</posX>
		<posY>95</posY>
		<color>FFFFFFFF</color>
		<text>Destination Directory:</text>
		<font>font1</font>
	</item>
	<item>
		<type>text</type>
		<showID>110</showID>
		<posX>210</posX>
		<posY>140</posY>
		<color>FFB6FF00</color>
		<text>${destination}</text>
		<font>Sans_Serif_14</font>
	</item>

	<!-- Instructions -->
	<item>
		<type>image</type>
		<showID>110</showID>
		<posX>30</posX>
		<posY>342</posY>
		<width>32</width>
	      <height>25</height>
		<texture>Start_Button</texture>
	</item>
	<item>
		<type>image</type>
		<showID>110</showID>
		<posX>30</posX>
		<posY>370</posY>
		<width>32</width>
	      <height>25</height>
		<texture>X_Button</texture>
	</item>
	<item>
		<type>image</type>
		<showID>110</showID>
		<posX>30</posX>
		<posY>398</posY>
		<width>32</width>
	      <height>25</height>
		<texture>Back_Button</texture>
	</item>
	<item>
		<type>text</type>
		<showID>110</showID>
		<posX>70</posX>
		<posY>340</posY>
		<color>FFFFFFFF</color>
		<text>Proceed\\nRename Dir\\nChange Dir</text>
		<font>font1</font>
	</item>
	<!-- Media is not ready dialog -->	
	<item>
		<type>image</type>
		<showID>300</showID>
		<posX>155</posX>
		<posY>165</posY>
		<width>350</width>
	      	<height>160</height>
		<texture>Dialog_Back</texture>
	</item>
	<item>
		<type>image</type>
		<showID>300</showID>
		<posX>180</posX>
		<posY>215</posY>
		<width>50</width>
	      	<height>50</height>
		<texture>Warning</texture>
	</item>
	<item>
		<type>text</type>
		<showID>300</showID>
		<posX>180</posX>
		<posY>180</posY>
		<color>DDced8da</color>
		<text>Error...</text>
		<font>Sans_Serif_14</font>
	</item>
	<item>
		<type>text</type>
		<showID>300</showID>
		<posX>250</posX>
		<posY>215</posY>
		<widthpx>310</widthpx>
		<color>FFFFFFFF</color>
		<text>Please Wait until DVD2XBOX has\\nchecked the DVD/CD in the drive </text>
		<font>font1</font>
	</item>
	<item>
		<type>image</type>
		<showID>300</showID>
		<posX>280</posX>
		<posY>280</posY>
		<width>30</width>
	      	<height>25</height>
		<texture>A_Button</texture>
	</item>
	<item>
		<type>text</type>
		<showID>300</showID>
		<posX>320</posX>
		<posY>280</posY>
		<color>DDced8da</color>
		<text>Proceed</text>
		<font>font1</font>
	</item>

	<!-- No disc inserted -->	
	<item>
		<type>image</type>
		<showID>310</showID>
		<posX>155</posX>
		<posY>165</posY>
		<width>350</width>
	      	<height>160</height>
		<texture>Dialog_Back</texture>
	</item>
	<item>
		<type>image</type>
		<showID>310</showID>
		<posX>180</posX>
		<posY>215</posY>
		<width>50</width>
	      	<height>50</height>
		<texture>Warning</texture>
	</item>
	<item>
		<type>text</type>
		<showID>310</showID>
		<posX>180</posX>
		<posY>180</posY>
		<color>DDced8da</color>
		<text>Error...</text>
		<font>Sans_Serif_14</font>
	</item>
	<item>
		<type>text</type>
		<showID>310</showID>
		<posX>250</posX>
		<posY>215</posY>
		<widthpx>310</widthpx>
		<color>FFFFFFFF</color>
		<text>There is no Disc in the Drive\\nPlease insert one and try again</text>
		<font>font1</font>
	</item>
	<item>
		<type>image</type>
		<showID>310</showID>
		<posX>280</posX>
		<posY>280</posY>
		<width>30</width>
	      	<height>25</height>
		<texture>A_Button</texture>
	</item>
	<item>
		<type>text</type>
		<showID>310</showID>
		<posX>320</posX>
		<posY>280</posY>
		<color>DDced8da</color>
		<text>Proceed</text>
		<font>font1</font>
	</item>

	<!-- Info dialog iso ripper disabled -->
	<item>
		<type>image</type>
		<showID>340</showID>
		<posX>155</posX>
		<posY>165</posY>
		<width>350</width>
	      <height>160</height>
		<texture>Dialog_Back</texture>
	</item>
	<item>
		<type>image</type>
		<showID>340</showID>
		<posX>180</posX>
		<posY>215</posY>
		<width>50</width>
	      <height>50</height>
		<texture>Warning</texture>
	</item>
	<item>
		<type>text</type>
		<showID>340</showID>
		<posX>180</posX>
		<posY>180</posY>
		<color>DDced8da</color>
		<text>Info...</text>
		<font>Sans_Serif_14</font>
	</item>
	<item>
		<type>text</type>
		<showID>340</showID>
		<posX>250</posX>
		<posY>215</posY>
		<widthpx>310</widthpx>
		<color>FFFFFFFF</color>
		<text>ISO Ripper disabled\\nin dvd2xbox.xml </text>
		<font>font1</font>
	</item>
	<item>
		<type>image</type>
		<showID>340</showID>
		<posX>280</posX>
		<posY>280</posY>
		<width>30</width>
	      <height>25</height>
		<texture>A_Button</texture>
	</item>
	<item>
		<type>text</type>
		<showID>340</showID>
		<posX>320</posX>
		<posY>280</posY>
		<color>DDced8da</color>
		<text>Proceed</text>
		<font>font1</font>
	</item>


</screen>
