<screen>
	<!-- Background -->
	<item>
		<type>image</type>
		<posX>0</posX>
		<posY>0</posY>
		<width>640</width>
      	<height>480</height>
		<texture>FileManager</texture>
	</item>

	<!-- Selected File Info -->
	<item>
		<type>text</type>
		<posX>75</posX>
		<posY>50</posY>
		<scroll>yes</scroll>
		<widthpx>500</widthpx>
		<color>FFB6FF00</color>
		<text>${selectedfilename}</text>
		<font>font1</font>
	</item>
	<item>
		<type>text</type>
		<posX>100</posX>
		<posY>440</posY>
		<color>FFB6FF00</color>
		<text>Filesize: ${selectedfilesize} KB</text>
		<font>Arial_10</font>
	</item>
	
	<!-- Status Line -->
	<item>
		<type>text</type>
		<posX>78</posX>
		<posY>400</posY>
		<color>FFB6FF00</color>
		<text>${statusline}</text>
		<font>Sans_Serif_14</font>
	</item>

	<!--  Browser Window on LEFT -->
	<item> 
		<type>UpArrow</type>  <!----- Really just an image ---> 
  		<showID>1</showID>  <!----- Same a menu it works for---> 
  		<relX>110</relX>  <!----- Relative from top left of Menu --->
  		<relY>-9</relY>  <!----- Relative from top left of Menu --->
  		<width>16</width> 
  		<height>8</height> 
  		<texture>UpArrow</texture> 
	</item>
	<item> 
		<type>DownArrow</type>  <!----- Really just an image ---> 
  		<showID>1</showID>  <!----- Same a menu it works for---> 
  		<relX>110</relX> <!----- Relative from top left of Menu --->
  		<relY>287</relY> <!----- Relative from top left of Menu --->
  		<width>16</width> 
  		<height>8</height> 
  		<texture>DownArrow</texture> 
	</item>
	<item>
		<type>rect</type>
		<showID>11</showID>
		<relX>-6</relX>
		<relY>0</relY>
		<width>254</width>
      		<height>18</height>
		<fillcolor>55676767</fillcolor>
		<color>FF676767</color>
	</item>
	<item>
		<type>browser</type>
		<showID>1</showID>
		<posX>74</posX>
		<posY>95</posY>
		<widthpx>240</widthpx>
		<lines>15</lines>
		<color>FFcbcbcb</color>
		<highlight>FFFFFFFF</highlight>
		<selected>FFB6FF00</selected>
		<font>Arial_10</font>
	</item>

	<!--  Browser Window on RIGHT -->
	<item> 
		<type>UpArrow</type>  <!----- Really just an image ---> 
  		<showID>2</showID>  <!----- Same a menu it works for---> 
  		<relX>110</relX>  <!----- Relative from top left of Menu --->
  		<relY>-9</relY>  <!----- Relative from top left of Menu --->
  		<width>16</width> 
  		<height>8</height> 
  		<texture>UpArrow</texture> 
	</item>
	<item> 
		<type>DownArrow</type>  <!----- Really just an image ---> 
  		<showID>2</showID>  <!----- Same a menu it works for---> 
  		<relX>110</relX> <!----- Relative from top left of Menu --->
  		<relY>287</relY> <!----- Relative from top left of Menu --->
  		<width>16</width> 
  		<height>8</height> 
  		<texture>DownArrow</texture> 
	</item>
	<item>
		<type>rect</type>
		<showID>22</showID>
		<relX>-6</relX>
		<relY>0</relY>
		<width>254</width>
      		<height>18</height>
		<fillcolor>55676767</fillcolor>
		<color>FF676767</color>
	</item>
	<item>
		<type>browser</type>
		<showID>2</showID>
		<posX>330</posX>
		<posY>95</posY>
		<widthpx>240</widthpx>
		<lines>15</lines>
		<color>FFcbcbcb</color>
		<highlight>FFFFFFFF</highlight>
		<selected>FFB6FF00</selected>
		<font>Arial_10</font>
	</item>
	<!-- Drive menu Right -->
	<item>
		<type>image</type>
		<showID>102</showID>
		<posX>345</posX>
		<posY>77</posY>
		<width>210</width>
      		<height>325</height>
		<texture>Menu_Back</texture>
	</item>
	<item>
		<type>defaultmenuback</type>
		<showID>102</showID>
		<relX>-5</relX>
		<relY>-6</relY>
		<width>180</width>
      		<height>30</height>
		<texture>Menu_Entry</texture>
	</item>
	<item>
		<type>image</type>
		<showID>102</showID>
		<relX>-5</relX>
		<relY>-6</relY>
		<width>180</width>
      		<height>30</height>
		<texture>Menu_Selected</texture>
	</item>
	<item>
		<type>menu</type>
		<showID>102</showID>
		<align>center</align>
		<vspace>32</vspace>
		<posX>370</posX>
		<posY>102</posY>
		<widthpx>170</widthpx>
		<lines>9</lines>
		<color>FFFFFFFF</color>
		<highlight>FFFFFFFF</highlight>
		<font>Arial_10</font>
	</item>

	<!-- Drive menu Left -->
	<item>
		<type>image</type>
		<showID>202</showID>
		<posX>85</posX>
		<posY>77</posY>
		<width>210</width>
      		<height>325</height>
		<texture>Menu_Back</texture>
	</item>
	<item>
		<type>defaultmenuback</type>
		<showID>202</showID>
		<relX>-5</relX>
		<relY>-6</relY>
		<width>180</width>
      		<height>30</height>
		<texture>Menu_Entry</texture>
	</item>
	<item>
		<type>image</type>
		<showID>202</showID>
		<relX>-5</relX>
		<relY>-6</relY>
		<width>180</width>
      		<height>30</height>
		<texture>Menu_Selected</texture>
	</item>
	<item>
		<type>menu</type>
		<showID>202</showID>
		<align>center</align>
		<vspace>32</vspace>
		<posX>110</posX>
		<posY>102</posY>
		<widthpx>170</widthpx>
		<lines>9</lines>
		<color>FFFFFFFF</color>
		<highlight>FFFFFFFF</highlight>
		<font>Arial_10</font>
	</item>

	
	<!-- File Action menu Right -->
	<item>
		<type>image</type>
		<showID>104</showID>
		<posX>345</posX>
		<posY>77</posY>
		<width>210</width>
      		<height>325</height>
		<texture>Menu_Back</texture>
	</item>
	<item>
		<type>defaultmenuback</type>
		<showID>104</showID>
		<relX>-5</relX>
		<relY>-6</relY>
		<width>180</width>
      		<height>30</height>
		<texture>Menu_Entry</texture>
	</item>
	<item>
		<type>image</type>
		<showID>104</showID>
		<relX>-5</relX>
		<relY>-6</relY>
		<width>180</width>
      		<height>30</height>
		<texture>Menu_Selected</texture>
	</item>
	<item>
		<type>menu</type>
		<showID>104</showID>
		<align>center</align>
		<vspace>32</vspace>
		<posX>370</posX>
		<posY>102</posY>
		<widthpx>170</widthpx>
		<lines>9</lines>
		<color>FFFFFFFF</color>
		<highlight>FFFFFFFF</highlight>
		<font>Arial_10</font>
	</item>


	<!-- File Action menu Left -->
	<item>
		<type>image</type>
		<showID>204</showID>
		<posX>85</posX>
		<posY>77</posY>
		<width>210</width>
      		<height>325</height>
		<texture>Menu_Back</texture>
	</item>
	<item>
		<type>defaultmenuback</type>
		<showID>204</showID>
		<relX>-5</relX>
		<relY>-6</relY>
		<width>180</width>
      		<height>30</height>
		<texture>Menu_Entry</texture>
	</item>
	<item>
		<type>image</type>
		<showID>204</showID>
		<relX>-5</relX>
		<relY>-6</relY>
		<width>180</width>
      		<height>30</height>
		<texture>Menu_Selected</texture>
	</item>
	<item>
		<type>menu</type>
		<showID>204</showID>
		<align>center</align>
		<vspace>32</vspace>
		<posX>110</posX>
		<posY>102</posY>
		<widthpx>170</widthpx>
		<lines>9</lines>
		<color>FFFFFFFF</color>
		<highlight>FFFFFFFF</highlight>
		<font>Arial_10</font>
	</item>
	
	<!--  Copy File Dialog -->
	<item>
		<type>image</type>
		<showID>300</showID>
		<posX>155</posX>
		<posY>165</posY>
		<width>350</width>
	      	<height>160</height>
		<texture>Dialog_Back</texture>
	</item>
	<item>
		<type>text</type>
		<showID>300</showID>
		<posX>180</posX>
		<posY>180</posY>
		<color>DDced8da</color>
		<text>Copying...</text>
		<font>Sans_Serif_14</font>
	</item>
	<item>
		<type>text</type>
		<showID>300</showID>
		<posX>180</posX>
		<posY>215</posY>
		<widthpx>310</widthpx>
		<color>FFFFFFFF</color>
		<text>${sourcefile}\\n\\n${destfile}</text>
		<font>Arial_10</font>
	</item>
	<item>
		<type>rect</type>
		<id>fileprogress</id>
		<showID>300</showID>
		<posX>181</posX>
		<posY>286</posY>
		<relwidth>308</relwidth>
	      	<height>10</height>
		<fillcolor>00B6FF00</fillcolor>
		<color>AAB6FF00</color>
	</item>
	<item>
		<type>image</type>
		<showID>300</showID>
		<posX>180</posX>
		<posY>285</posY>
		<width>310</width>
	      	<height>12</height>
		<texture>Progress_Over</texture>
	</item>

	<!--  ACL Processing Dialog -->
	<item>
		<type>image</type>
		<showID>400</showID>
		<posX>155</posX>
		<posY>165</posY>
		<width>350</width>
	      	<height>160</height>
		<texture>Dialog_Back</texture>
	</item>
	<item>
		<type>text</type>
		<showID>400</showID>
		<posX>180</posX>
		<posY>180</posY>
		<color>DDced8da</color>
		<text>Processing...</text>
		<font>Sans_Serif_14</font>
	</item>
	<item>
		<type>text</type>
		<showID>400</showID>
		<posX>180</posX>
		<posY>215</posY>
		<widthpx>310</widthpx>
		<color>FFFFFFFF</color>
		<text>Processing ACL for File or Directory\\nPlease wait!</text>
		<font>font1</font>
	</item>

	<!--  ACL Processing Failed Dialog -->
	<item>
		<type>image</type>
		<showID>500</showID>
		<posX>155</posX>
		<posY>165</posY>
		<width>350</width>
	      	<height>160</height>
		<texture>Dialog_Back</texture>
	</item>
	<item>
		<type>text</type>
		<showID>500</showID>
		<posX>180</posX>
		<posY>180</posY>
		<color>DDced8da</color>
		<text>Error...</text>
		<font>Sans_Serif_14</font>
	</item>
	<item>
		<type>text</type>
		<showID>500</showID>
		<posX>180</posX>
		<posY>205</posY>
		<widthpx>300</widthpx>
		<color>FFFFFFFF</color>
		<text>Failed to process ACL list.\\nTried on file or dir without default.xbe ?</text>
		<font>font1</font>
	</item>
	<item>
		<type>image</type>
		<showID>500</showID>
		<posX>280</posX>
		<posY>280</posY>
		<width>30</width>
	      	<height>25</height>
		<texture>A_Button</texture>
	</item>
	<item>
		<type>text</type>
		<showID>500</showID>
		<posX>320</posX>
		<posY>280</posY>
		<color>DDced8da</color>
		<text>Proceed</text>
		<font>font1</font>
	</item>


	<!-- FTP Connect !-->
	<item>
		<type>image</type>
		<showID>600</showID>
		<posX>155</posX>
		<posY>165</posY>
		<width>350</width>
	      	<height>160</height>
		<texture>Dialog_Back</texture>
	</item>
	<item>
		<type>text</type>
		<showID>600</showID>
		<posX>180</posX>
		<posY>175</posY>
		<color>DDced8da</color>
		<text>FTP Connect...</text>
		<font>Sans_Serif_14</font>
	</item>
	<item>
		<type>image</type>
		<showID>600</showID>
		<relX>-10</relX>
		<relY>-0</relY>
		<width>310</width>
      		<height>28</height>
		<texture>Menu_Selected</texture>
	</item>
	<item>
		<type>menu</type>
		<showID>600</showID>
		<posX>190</posX>
		<posY>200</posY>
		<hspace>130</hspace>
		<color>FFFFFFFF</color>
		<highlight>FFFFFFFF</highlight>
		<font>font1</font>
	</item>
	<!-- FTP Connecting !-->
	<item>
		<type>image</type>
		<showID>610</showID>
		<posX>155</posX>
		<posY>165</posY>
		<width>350</width>
	      	<height>160</height>
		<texture>Dialog_Back</texture>
	</item>
	<item>
		<type>text</type>
		<showID>610</showID>
		<posX>180</posX>
		<posY>180</posY>
		<color>DDced8da</color>
		<text>Connecting...</text>
		<font>Sans_Serif_14</font>
	</item>
	<item>
		<type>text</type>
		<showID>610</showID>
		<posX>180</posX>
		<posY>215</posY>
		<widthpx>310</widthpx>
		<color>FFFFFFFF</color>
		<text>Attempting to Connect to ftp host:\\n${ftpip}</text>
		<font>font1</font>
	</item>

	<!-- Delete File/Dir Window -->
	<item>
		<type>image</type>
		<showID>700</showID>
		<posX>155</posX>
		<posY>165</posY>
		<width>350</width>
	      	<height>160</height>
		<texture>Dialog_Back</texture>
	</item>
	<item>
		<type>text</type>
		<showID>700</showID>
		<posX>180</posX>
		<posY>180</posY>
		<color>DDced8da</color>
		<text>Confirm delete...</text>
		<font>Sans_Serif_14</font>
	</item>
	<item>
		<type>text</type>
		<showID>700</showID>
		<scroll>yes</scroll>
		<posX>180</posX>
		<posY>205</posY>
		<widthpx>300</widthpx>
		<color>FFFFFFFF</color>
		<text>Please confirm deletion of:</text>
		<font>font1</font>
	</item>
	<item>
		<type>text</type>
		<showID>700</showID>
		<scroll>yes</scroll>
		<posX>180</posX>
		<posY>235</posY>
		<widthpx>300</widthpx>
		<color>FFB6FF00</color>
		<text>${todelete}</text>
		<font>font1</font>
	</item>
	<item>
		<type>image</type>
		<showID>700</showID>
		<posX>190</posX>
		<posY>280</posY>
		<width>30</width>
	      	<height>25</height>
		<texture>Back_Button</texture>
	</item>
	<item>
		<type>text</type>
		<showID>700</showID>
		<posX>230</posX>
		<posY>280</posY>
		<color>DDced8da</color>
		<text>Cancel</text>
		<font>font1</font>
	</item>
	<item>
		<type>image</type>
		<showID>700</showID>
		<posX>370</posX>
		<posY>280</posY>
		<width>30</width>
	      	<height>25</height>
		<texture>Start_Button</texture>
	</item>
	<item>
		<type>text</type>
		<showID>700</showID>
		<posX>410</posX>
		<posY>280</posY>
		<color>DDced8da</color>
		<text>Delete</text>
		<font>font1</font>
	</item>

	
	<item>
		<type>image</type>
		<showID>702</showID>
		<posX>155</posX>
		<posY>165</posY>
		<width>350</width>
	      	<height>160</height>
		<texture>Dialog_Back</texture>
	</item>
	<item>
		<type>text</type>
		<showID>702</showID>
		<posX>180</posX>
		<posY>180</posY>
		<color>DDced8da</color>
		<text>Deleteing...</text>
		<font>Sans_Serif_14</font>
	</item>
	<item>
		<type>text</type>
		<showID>702</showID>
		<scroll>yes</scroll>
		<posX>180</posX>
		<posY>205</posY>
		<widthpx>310</widthpx>
		<color>FFFFFFFF</color>
		<text>Deleting</text>
		<font>font1</font>
	</item>
	<item>
		<type>text</type>
		<showID>700</showID>
		<scroll>yes</scroll>
		<posX>180</posX>
		<posY>235</posY>
		<widthpx>300</widthpx>
		<color>FFB6FF00</color>
		<text>${todelete}</text>
		<font>font1</font>
	</item>

	<!-- Launch XBE Window -->	
	<item>
		<type>image</type>
		<showID>710</showID>
		<posX>155</posX>
		<posY>165</posY>
		<width>350</width>
	      	<height>160</height>
		<texture>Dialog_Back</texture>
	</item>
	<item>
		<type>text</type>
		<showID>710</showID>
		<posX>180</posX>
		<posY>180</posY>
		<color>DDced8da</color>
		<text>Launch...</text>
		<font>Sans_Serif_14</font>
	</item>
	<item>
		<type>text</type>
		<showID>710</showID>
		<scroll>yes</scroll>
		<posX>180</posX>
		<posY>205</posY>
		<widthpx>300</widthpx>
		<color>FFFFFFFF</color>
		<text>Please confirm Launch of:</text>
		<font>font1</font>
	</item>
	<item>
		<type>text</type>
		<showID>710</showID>
		<scroll>yes</scroll>
		<posX>180</posX>
		<posY>235</posY>
		<widthpx>300</widthpx>
		<color>FFB6FF00</color>
		<text>${tolaunch}</text>
		<font>font1</font>
	</item>
	<item>
		<type>image</type>
		<showID>710</showID>
		<posX>190</posX>
		<posY>280</posY>
		<width>30</width>
	      	<height>25</height>
		<texture>Back_Button</texture>
	</item>
	<item>
		<type>text</type>
		<showID>710</showID>
		<posX>230</posX>
		<posY>280</posY>
		<color>DDced8da</color>
		<text>Cancel</text>
		<font>font1</font>
	</item>
	<item>
		<type>image</type>
		<showID>710</showID>
		<posX>370</posX>
		<posY>280</posY>
		<width>30</width>
	      	<height>25</height>
		<texture>Start_Button</texture>
	</item>
	<item>
		<type>text</type>
		<showID>710</showID>
		<posX>410</posX>
		<posY>280</posY>
		<color>DDced8da</color>
		<text>Launch</text>
		<font>font1</font>
	</item>


	<!-- Patch From File Window -->	
	<item>
		<type>image</type>
		<showID>720</showID>
		<posX>155</posX>
		<posY>165</posY>
		<width>350</width>
	      	<height>160</height>
		<texture>Dialog_Back</texture>
	</item>
	<item>
		<type>text</type>
		<showID>720</showID>
		<posX>180</posX>
		<posY>180</posY>
		<color>DDced8da</color>
		<text>Patching...</text>
		<font>Sans_Serif_14</font>
	</item>
	<item>
		<type>text</type>
		<showID>720</showID>
		<scroll>yes</scroll>
		<posX>180</posX>
		<posY>215</posY>
		<widthpx>310</widthpx>
		<color>FFFFFFFF</color>
		<text>Searching for data to patch...</text>
		<font>font1</font>
	</item>

	<item>
		<type>rect</type>
		<showID>730</showID>
		<posX>50</posX>
		<posY>20</posY>
		<width>540</width>
      	<height>440</height>
		<fillcolor>FF666666</fillcolor>
		<color>FF666666</color>
	</item>
	<item>
		<type>text</type>
		<showID>730</showID>
		<posX>55</posX>
		<posY>60</posY>
		<color>FFFFFFFF</color>
		<text>Patch Report:\\n\\n${patchtext}\\n\\nPress A to proceed</text>
		<font>fontb</font>
	</item>

	<!-- XBE Info Window -->	
	<item>
		<type>image</type>
		<showID>740</showID>
		<posX>80</posX>
		<posY>110</posY>
		<width>475</width>
	      	<height>260</height>
		<texture>Dialog_Back</texture>
	</item>
	<item>
		<type>text</type>
		<showID>740</showID>
		<posX>120</posX>
		<posY>120</posY>
		<color>FFB6FF00</color>
		<text>XBE INFORMATION.......</text>
		<font>font1</font>
	</item>
	<item>
		<type>text</type>
		<showID>740</showID>
		<posX>120</posX>
		<posY>150</posY>
		<widthpx>410</widthpx>
		<color>FFFFFFFF</color>
		<text>TitleName: ${titlename}\\nTitleID: ${titleid}\\nTimestamp: ${timestamp}\\nMediaTypes: ${mediatypes}\\nGameRegion: ${gameregion}\\nGameRating: ${gamerating}\\nDiskNumber: ${disknumber}\\nVersion: ${version}\\nLanKey: ${lankey}\\nSignKey: ${signkey}\\n</text>
		<font>Arial_10</font>
	</item>

</screen>

