<screen>
    <!-- Background-->
	<item>
		<type>image</type>
		<posX>0</posX>
		<posY>90</posY>
		<width>640</width>
	      	<height>390</height>
		<texture>background_Bottom</texture>
	</item>
	<item>
		<type>image</type>
		<posX>0</posX>
		<posY>0</posY>
		<width>640</width>
	      	<height>90</height>
		<texture>background_Top</texture>
	</item>
	<item>
		<type>image</type>
		<posX>460</posX>
		<posY>310</posY>
		<width>128</width>
	      	<height>128</height>
		<texture>Icon_Overlay</texture>
	</item>
	<item>
		<type>activexbeicon</type>
		<posX>478</posX>
		<posY>329</posY>
		<width>99</width>
	      	<height>80</height>
	</item>
    <!-- Title-->
	<item>
		<type>text</type>
		<posX>50</posX>
		<posY>50</posY>
		<color>FFFFFFFF</color>
		<text>Games Manager</text>
		<font>font1</font>
	</item>

    <!-- Menu: Listing games -->
	<item> 
		<type>UpArrow</type>  <!----- Really just an image ---> 
  		<showID>1111</showID>  <!----- Same a menu it works for---> 
  		<relX>30</relX>  <!----- Relative from top left of Menu --->
  		<relY>-12</relY>  <!----- Relative from top left of Menu --->
  		<width>16</width> 
  		<height>8</height> 
  		<texture>UpArrow</texture> 
	</item>
	<item> 
		<type>DownArrow</type>  <!----- Really just an image ---> 
  		<showID>1111</showID>  <!----- Same a menu it works for---> 
  		<relX>30</relX> <!----- Relative from top left of Menu --->
  		<relY>202</relY> <!----- Relative from top left of Menu --->
  		<width>16</width> 
  		<height>8</height> 
  		<texture>DownArrow</texture> 
	</item>
	<item>
		<type>image</type>
		<showID>1111</showID>
		<relX>-10</relX>
		<relY>-1</relY>
		<width>410</width>
	      	<height>20</height>
		<texture>List-Focus</texture>
	</item>
	<item>
		<type>menu</type>
  		<showID>1111</showID>  
		<posX>200</posX>
		<posY>110</posY>
		<vspace>20</vspace>
		<widthpx>390</widthpx>
		<lines>10</lines>
		<color>FFFFFFFF</color>
		<highlight>FFFFFFFF</highlight>
		<font>Arial_10</font>
	</item>
	
    <!-- Selected Game Data Section-->
	<item>
		<type>text</type>
		<posX>35</posX>
		<posY>100</posY>
		<color>FFd3d2d2</color>
		<text>Game Info:\\nFree: ${freedrive} MB\\nSize: ${titlesize} MB\\nFiles: ${titlefiles}\\nDirectories: ${titledirs}\\nHdd: ${currentdrive}:\\nID: ${titleid}</text>
		<font>font12</font>
	</item>

    <!--System Data Section-->
	<item>
		<type>text</type>
		<posX>190</posX>
		<posY>390</posY>
		<color>FFFFFFFF</color>
		<text>Games listed: ${gmtotalitems}</text>
		<font>font1</font>
	</item>
	<item>
		<type>text</type>
		<posX>35</posX>
		<posY>250</posY>
		<color>FFd3d2d2</color>
		<text>HDD Info:\\nTotal Files: ${gmtotalfiles}\\nTotal Dirs: ${gmtotaldirs}\\nUsed: ${gmtotalsize} mb</text>
		<font>font12</font>
	</item>

    <!--Instructions-->
	<item>
		<type>image</type>
		<posX>30</posX>
		<posY>342</posY>
		<width>32</width>
	      	<height>25</height>
		<texture>A_Button</texture>
	</item>
	<item>
		<type>image</type>
		<posX>30</posX>
		<posY>370</posY>
		<width>32</width>
	      	<height>25</height>
		<texture>Y_Button</texture>
	</item>
	<item>
		<type>image</type>
		<posX>30</posX>
		<posY>398</posY>
		<width>32</width>
	      	<height>25</height>
		<texture>Back_Button</texture>
	</item>
	<item>
		<type>text</type>
		<posX>70</posX>
		<posY>340</posY>
		<color>FFFFFFFF</color>
		<text>Launch\\nOptions\\nBack</text>
		<font>font1</font>
	</item>
    <!-- No Games Found -->
	<item>
		<type>image</type>
		<showID>1112</showID>
		<posX>155</posX>
		<posY>165</posY>
		<width>350</width>
	      	<height>160</height>
		<texture>Dialog_Back</texture>
	</item>
	<item>
		<type>text</type>
		<showID>1112</showID>
		<posX>180</posX>
		<posY>180</posY>
		<color>DDced8da</color>
		<text>Error...</text>
		<font>Sans_Serif_14</font>
	</item>
	<item>
		<type>text</type>
		<showID>1112</showID>
		<posX>180</posX>
		<posY>215</posY>
		<widthpx>310</widthpx>
		<color>FFFFFFFF</color>
		<text>No games found! Change the dvd2xbox.xml\\nto alter search path if needed.</text>
		<font>font1</font>
	</item>

	<item>
		<type>image</type>
		<showID>1112</showID>
		<posX>30</posX>
		<posY>150</posY>
		<width>550</width>
	      	<height>200</height>
		<texture>Dialog</texture>
	</item>
	<item>
		<type>text</type>
		<showID>1112</showID>
		<posX>100</posX>
		<posY>165</posY>
		<color>FFFFFFFF</color>
		<text>ERROR.......</text>
		<font>font1</font>
	</item>
	<item>
		<type>text</type>
		<showID>1112</showID>
		<posX>90</posX>
		<posY>210</posY>
		<color>FFFFFFFF</color>
		<text>No games found.\\nChange the dvd2xbox.xml to\\nalter search path if needed.</text>
		<font>Arial_10</font>
	</item>

	<!-- Game Menu Options Window -->
	<item>
		<type>image</type>
		<showID>2222</showID>
		<posX>215</posX>
		<posY>150</posY>
		<width>240</width>
      		<height>187</height>
		<texture>Menu_Back</texture>
	</item>
	<item>
		<type>defaultmenuback</type>
		<showID>2222</showID>
		<relX>-5</relX>
		<relY>-6</relY>
		<width>210</width>
      		<height>30</height>
		<texture>Menu_Entry</texture>
	</item>
	<item>
		<type>image</type>
		<showID>2222</showID>
		<relX>-5</relX>
		<relY>-6</relY>
		<width>210</width>
      		<height>30</height>
		<texture>Menu_Selected</texture>
	</item>
	<item>
		<type>menu</type>
		<showID>2222</showID>
		<align>center</align>
		<vspace>32</vspace>
		<posX>240</posX>
		<posY>170</posY>
		<widthpx>200</widthpx>
		<lines>6</lines>
		<color>FFFFFFFF</color>
		<highlight>FFFFFFFF</highlight>
		<font>Arial_10</font>
	</item>

	<!-- Confirmations Windows -->	
	<!-- Delete Gamesave -->	
	<item>
		<type>image</type>
		<showID>4444</showID>
		<posX>155</posX>
		<posY>165</posY>
		<width>350</width>
	      	<height>160</height>
		<texture>Dialog_Back</texture>
	</item>
	<item>
		<type>text</type>
		<showID>4444</showID>
		<posX>180</posX>
		<posY>180</posY>
		<color>DDced8da</color>
		<text>Confirm delete...</text>
		<font>Sans_Serif_14</font>
	</item>
	<item>
		<type>text</type>
		<showID>4444</showID>
		<posX>180</posX>
		<posY>205</posY>
		<widthpx>300</widthpx>
		<color>FFFFFFFF</color>
		<text>Delete selected Gamesaves?</text>
		<font>font1</font>
	</item>
	<item>
		<type>image</type>
		<showID>4444</showID>
		<posX>190</posX>
		<posY>280</posY>
		<width>30</width>
	      	<height>25</height>
		<texture>Back_Button</texture>
	</item>
	<item>
		<type>text</type>
		<showID>4444</showID>
		<posX>230</posX>
		<posY>280</posY>
		<color>DDced8da</color>
		<text>Cancel</text>
		<font>font1</font>
	</item>
	<item>
		<type>image</type>
		<showID>4444</showID>
		<posX>370</posX>
		<posY>280</posY>
		<width>30</width>
	      	<height>25</height>
		<texture>A_Button</texture>
	</item>
	<item>
		<type>text</type>
		<showID>4444</showID>
		<posX>410</posX>
		<posY>280</posY>
		<color>DDced8da</color>
		<text>Delete</text>
		<font>font1</font>
	</item>

	<!-- Delete Game -->	

	<item>
		<type>image</type>
		<showID>5555</showID>
		<posX>155</posX>
		<posY>165</posY>
		<width>350</width>
	      	<height>160</height>
		<texture>Dialog_Back</texture>
	</item>
	<item>
		<type>text</type>
		<showID>5555</showID>
		<posX>180</posX>
		<posY>180</posY>
		<color>DDced8da</color>
		<text>Confirm delete...</text>
		<font>Sans_Serif_14</font>
	</item>
	<item>
		<type>text</type>
		<showID>5555</showID>
		<posX>180</posX>
		<posY>205</posY>
		<widthpx>300</widthpx>
		<color>FFFFFFFF</color>
		<text>Delete selected Game from Harddisk?</text>
		<font>font1</font>
	</item>
	<item>
		<type>image</type>
		<showID>5555</showID>
		<posX>190</posX>
		<posY>280</posY>
		<width>30</width>
	      	<height>25</height>
		<texture>Back_Button</texture>
	</item>
	<item>
		<type>text</type>
		<showID>5555</showID>
		<posX>230</posX>
		<posY>280</posY>
		<color>DDced8da</color>
		<text>Cancel</text>
		<font>font1</font>
	</item>
	<item>
		<type>image</type>
		<showID>5555</showID>
		<posX>370</posX>
		<posY>280</posY>
		<width>30</width>
	      	<height>25</height>
		<texture>A_Button</texture>
	</item>
	<item>
		<type>text</type>
		<showID>5555</showID>
		<posX>410</posX>
		<posY>280</posY>
		<color>DDced8da</color>
		<text>Delete</text>
		<font>font1</font>
	</item>
	
	<!-- Delete Game and Gamesave -->	
	
	<item>
		<type>image</type>
		<showID>6666</showID>
		<posX>155</posX>
		<posY>165</posY>
		<width>350</width>
	      	<height>160</height>
		<texture>Dialog_Back</texture>
	</item>
	<item>
		<type>text</type>
		<showID>6666</showID>
		<posX>180</posX>
		<posY>180</posY>
		<color>DDced8da</color>
		<text>Confirm delete...</text>
		<font>Sans_Serif_14</font>
	</item>
	<item>
		<type>text</type>
		<showID>6666</showID>
		<posX>180</posX>
		<posY>205</posY>
		<widthpx>300</widthpx>
		<color>FFFFFFFF</color>
		<text>Delete selected Game from Harddisk\\nAnd its Gamesave?</text>
		<font>font1</font>
	</item>
	<item>
		<type>image</type>
		<showID>6666</showID>
		<posX>190</posX>
		<posY>280</posY>
		<width>30</width>
	      	<height>25</height>
		<texture>Back_Button</texture>
	</item>
	<item>
		<type>text</type>
		<showID>6666</showID>
		<posX>230</posX>
		<posY>280</posY>
		<color>DDced8da</color>
		<text>Cancel</text>
		<font>font1</font>
	</item>
	<item>
		<type>image</type>
		<showID>6666</showID>
		<posX>370</posX>
		<posY>280</posY>
		<width>30</width>
	      	<height>25</height>
		<texture>A_Button</texture>
	</item>
	<item>
		<type>text</type>
		<showID>6666</showID>
		<posX>410</posX>
		<posY>280</posY>
		<color>DDced8da</color>
		<text>Delete</text>
		<font>font1</font>
	</item>

	<!-- Delete Progress Windows -->	
	<item>
		<type>image</type>
		<showID>7777</showID>
		<posX>155</posX>
		<posY>165</posY>
		<width>350</width>
	      	<height>160</height>
		<texture>Dialog_Back</texture>
	</item>
	<item>
		<type>text</type>
		<showID>7777</showID>
		<posX>180</posX>
		<posY>180</posY>
		<color>DDced8da</color>
		<text>Deleteing...</text>
		<font>Sans_Serif_14</font>
	</item>
	<item>
		<type>text</type>
		<showID>7777</showID>
		<posX>180</posX>
		<posY>215</posY>
		<widthpx>310</widthpx>
		<color>FFFFFFFF</color>
		<text>Deleting Selected Gamesave\\nPlease wait!</text>
		<font>font1</font>
	</item>


	<item>
		<type>image</type>
		<showID>8888</showID>
		<posX>155</posX>
		<posY>165</posY>
		<width>350</width>
	      	<height>160</height>
		<texture>Dialog_Back</texture>
	</item>
	<item>
		<type>text</type>
		<showID>8888</showID>
		<posX>180</posX>
		<posY>180</posY>
		<color>DDced8da</color>
		<text>Deleteing...</text>
		<font>Sans_Serif_14</font>
	</item>
	<item>
		<type>text</type>
		<showID>8888</showID>
		<posX>180</posX>
		<posY>215</posY>
		<widthpx>310</widthpx>
		<color>FFFFFFFF</color>
		<text>Deleting Selected Game from Harddisk\\nPlease wait!</text>
		<font>font1</font>
	</item>


	<item>
		<type>image</type>
		<showID>9999</showID>
		<posX>155</posX>
		<posY>165</posY>
		<width>350</width>
	      	<height>160</height>
		<texture>Dialog_Back</texture>
	</item>
	<item>
		<type>text</type>
		<showID>9999</showID>
		<posX>180</posX>
		<posY>180</posY>
		<color>DDced8da</color>
		<text>Deleteing...</text>
		<font>Sans_Serif_14</font>
	</item>
	<item>
		<type>text</type>
		<showID>9999</showID>
		<posX>180</posX>
		<posY>215</posY>
		<widthpx>310</widthpx>
		<color>FFFFFFFF</color>
		<text>Deleting Selected Game from Harddisk\\nAnd its Gamesave Please wait!</text>
		<font>font1</font>
	</item>


	<!-- Scanning Progress Window -->	
	<item>
		<type>image</type>
		<showID>777</showID>
		<posX>155</posX>
		<posY>165</posY>
		<width>350</width>
	      	<height>160</height>
		<texture>Dialog_Back</texture>
	</item>
	<item>
		<type>text</type>
		<showID>777</showID>
		<posX>180</posX>
		<posY>180</posY>
		<color>DDced8da</color>
		<text>SCANNING...</text>
		<font>Sans_Serif_14</font>
	</item>
	<item>
		<type>text</type>
		<showID>777</showID>
		<posX>180</posX>
		<posY>215</posY>
		<widthpx>300</widthpx>
		<color>FFFFFFFF</color>
		<text>Scanning Harddisks\\nPLEASE WAIT !!</text>
		<font>font1</font>
	</item>
</screen>


