<--! This file maps actions to sounds. !-->
<--! Supported actions are described in the Wiki !--> 

<sounds>
	<action>
		<name>left</name>
		<soundname>cursor</soundname>
	</action>
	<action>
		<name>right</name>
		<soundname>cursor</soundname>
	</action>
	<action>
		<name>up</name>
		<soundname>cursor</soundname>
	</action>
	<action>
		<name>down</name>
		<soundname>cursor</soundname>
	</action>
	<action>
		<name>gp_a</name>
		<soundname>click</soundname>
	</action>
	<action>
		<name>back</name>
		<soundname>back</soundname>
	</action>

</sounds>
