<screen>
	<item>
		<type>image</type>
		<posX>0</posX>
		<posY>90</posY>
		<width>640</width>
	      	<height>390</height>
		<texture>background_Bottom</texture>
	</item>
	<item>
		<type>image</type>
		<posX>0</posX>
		<posY>0</posY>
		<width>640</width>
	      	<height>90</height>
		<texture>background_Top</texture>
	</item>
	<item>
		<type>image</type>
		<posX>30</posX>
		<posY>135</posY>
		<width>575</width>
 	     	<height>300</height>
		<texture>Dialog_Back</texture>
	</item>

	<!-- not much yet !-->
	<item>
		<type>keyboard</type>
		<posytextbox>152</posytextbox>
		<posykeyboard>195</posykeyboard>
	</item>
	<!-- Added bits -->	
	<item>
		<type>rect</type>
		<posX>64</posX>
		<posY>153</posY>
		<width>510</width>
	      	<height>38</height>
		<fillcolor>00000000</fillcolor>
		<color>FFB6FF00</color>		
	</item>
	<item>
		<type>rect</type>
		<posX>65</posX>
		<posY>365</posY>
		<width>109</width>
	      	<height>39</height>
		<fillcolor>60FFFFFF</fillcolor>
	</item>
	<item>
		<type>rect</type>
		<posX>523</posX>
		<posY>365</posY>
		<width>53</width>
		<height>39</height>
		<fillcolor>60FFFFFF</fillcolor>
	</item>
	<item>
		<type>rect</type>
		<posX>523</posX>
		<posY>323</posY>
		<width>53</width>
	      	<height>39</height>
		<fillcolor>60FFFFFF</fillcolor>
	</item>
	<item>
		<type>rect</type>
		<posX>523</posX>
		<posY>281</posY>
		<width>53</width>
	      	<height>39</height>
		<fillcolor>60FFFFFF</fillcolor>
	</item>
	<item>
		<type>rect</type>
		<posX>523</posX>
		<posY>239</posY>
		<width>53</width>
	      	<height>39</height>
		<fillcolor>60FFFFFF</fillcolor>
	</item>
	<item>
		<type>rect</type>
		<posX>523</posX>
		<posY>197</posY>
		<width>53</width>
	      	<height>39</height>
		<fillcolor>60FFFFFF</fillcolor>
	</item>	
</screen>

