<screen>
	<item>
		<type>rect</type>
		<posX>0</posX>
		<posY>0</posY>
		<width>640</width>
     		<height>480</height>
		<fillcolor>FF000000</fillcolor>
	</item>

	<item>
		<type>image</type>
		<posX>192</posX>
		<posY>165</posY>
		<width>256</width>
	        <height>150</height>
		<texture>dvd2xbox_logo</texture>
	</item>

	<item>
		<type>text</type>
		<align>center</align>
		<widthpx>600</widthpx>
		<posX>20</posX>
		<posY>400</posY>
		<color>FFFFFFFF</color>
		<text>${startuptext}</text>
		<font>Sans_Serif_14</font>
	</item>

</screen>

