<Skin name="Unleash Yourself Doom Ed.">
		<Information>
				<Author>faster90</Author>
				<Copyright>2005</Copyright>
				<Version>1.2</Version>
		</Information>
		<IntroMovie>bg.png</IntroMovie>
		<FileManager>
				<BackGround>
				</BackGround>
		</FileManager>
		<LoadingScreen ShowInfo="False">
				<BackGround>load.png</BackGround>
		</LoadingScreen>
		<Main Globe="False" Orb="False" Fog="False">
				<BackGround EnableAudio="True">bg.wmv</BackGround>
				<Cellwall>
				</Cellwall>
				<Orb>
				</Orb>
				<Icon>
				</Icon>
				<Menu Smooth="TRUE" Align="MIDDLE" Rotate="False" ShowIcon="false">
						<Position Top="47" Left="21" Width="275" Height="268" Fixed="False" FixAt="1" MaxItem="8">
						</Position>
						<Font>font.xpr</Font>
						<Preview EnableAudio="True" Top="16" Left="306" Width="320" Height="240" />
				</Menu>
				<InfoFont>font2.xpr</InfoFont>
				<Text Top="341" Left="195" Align="Left" Color="0xffE6FFFC" Source="AppVersion">
				</Text>
				<Text Top="357" Left="195" Align="Left" Color="0xffE6FFFC" Source="DateTime">
				</Text>
				<Text Top="375" Left="195" Align="Left" Color="0xffE6FFFC" Source="ChipID">
				</Text>
				<Text Top="436" Left="405" Align="Middle" Color="0xff1A0B0E" Source="Newsfeed">
				</Text>
				<Text Top="423" Left="403" Align="Middle" Color="0xff1A0B0E" Source="SongName">
				</Text>
				<Text Top="408" Left="403" Align="Middle" Color="0xff1A0B0E" Source="SongTime">
				</Text>
				<Text Top="408" Left="195" Align="Left" Color="0xff1A0B0E" Source="IP">
				</Text>
				<Text Top="408" Left="600" Align="Right" Color="0xff1A0B0E" Source="DvdTitle">
				</Text>
				<Text Top="341" Left="418" Align="Left" Color="0xffE6FFFC" Source="C_Free">
				</Text>
				<Text Top="357" Left="418" Align="Left" Color="0xffE6FFFC" Source="E_Free">
				</Text>
				<Text Top="375" Left="418" Align="Left" Color="0xffE6FFFC" Source="F_Free">
				</Text>
				<Image Top="320" Left="37" Width="115" Height="140" Opacity="100" Source="GameIcon">
				</Image>
				<Image Source="GamePreview" />
				<Image Top="0" Left="0" Width="640" Height="480" Opacity="100">bord.png</Image>
		</Main>
		<ColorScheme>
				<AMBIENT_FOGCOLOR>
				</AMBIENT_FOGCOLOR>
				<AMBIENT_SKYCOLOR>
				</AMBIENT_SKYCOLOR>
				<AMBIENT_CELLCOLOR>
				</AMBIENT_CELLCOLOR>
				<CAPTION_TEXTCOLOR>0xFF000000</CAPTION_TEXTCOLOR>
				<CAPTION_BACKCOLOR>0xFFE0E0DF</CAPTION_BACKCOLOR>
				<DIALOG_BORDERCOLOR>0xFFFFFFFF</DIALOG_BORDERCOLOR>
				<DIALOG_BACKCOLOR>0xCDE0E0DF</DIALOG_BACKCOLOR>
				<DIALOG_INNER_BORDERCOLOR>0xFF7F7F7F</DIALOG_INNER_BORDERCOLOR>
				<DIALOG_INNER_BACKCOLOR>0xE1ACD5F1</DIALOG_INNER_BACKCOLOR>
				<DIALOG_TEXTCOLOR>0xFF000000</DIALOG_TEXTCOLOR>
				<DIALOG_DISABLEDTEXT>0x7FD1CDC6</DIALOG_DISABLEDTEXT>
				<OPTION_TEXTCOLOR>0xFF000000</OPTION_TEXTCOLOR>
				<OPTION_ACTIVETEXTCOLOR>0xFF5F594F</OPTION_ACTIVETEXTCOLOR>
				<OPTION_ACTIVEBACKCOLOR>0xFF58A7DD</OPTION_ACTIVEBACKCOLOR>
				<BUTTON_BORDERCOLOR>0xFF000000</BUTTON_BORDERCOLOR>
				<BUTTON_TEXTCOLOR>0xFF000000</BUTTON_TEXTCOLOR>
				<BUTTON_BACKCOLOR>0xCDACD5F1</BUTTON_BACKCOLOR>
				<BUTTON_ACTIVETEXTCOLOR>0xFFFFFFFF</BUTTON_ACTIVETEXTCOLOR>
				<BUTTON_ACTIVEBACKCOLOR>0xE157AAE3</BUTTON_ACTIVEBACKCOLOR>
				<KB_KEYBG_HIGHLIGHT>0xCCACD5F1</KB_KEYBG_HIGHLIGHT>
				<KB_KEYBG_DISABLED>0xff868484</KB_KEYBG_DISABLED>
				<KB_KEY_PRESSED>0xff808080</KB_KEY_PRESSED>
				<KB_KEY_NORMAL>0xff000000</KB_KEY_NORMAL>
				<KB_KEY_DISABLED>0xff808080</KB_KEY_DISABLED>
				<KB_KEY_ACTIVEBORDER>0xffACD5F1</KB_KEY_ACTIVEBORDER>
				<KB_KEY_TEXTCOLOR>0x98000000</KB_KEY_TEXTCOLOR>
				<KB_KEY_TEXTBACKCOLOR>0x34000000</KB_KEY_TEXTBACKCOLOR>
				<KB_KEY_TEXTBORDERCOLOR>0xffffffff</KB_KEY_TEXTBORDERCOLOR>
				<MENU_TEXTCOLOR>0x99B3C7BE</MENU_TEXTCOLOR>
				<MENU_ACTIVETEXTCOLOR>0x9993613F</MENU_ACTIVETEXTCOLOR>
				<MENU_BORDERCOLOR>
				</MENU_BORDERCOLOR>
				<MENU_BACKCOLOR>0x34000000</MENU_BACKCOLOR>
				<MENU_ACTIVEBACKCOLOR>
				</MENU_ACTIVEBACKCOLOR>
				<MENU_ACTIVEBORDERCOLOR>
				</MENU_ACTIVEBORDERCOLOR>
		</ColorScheme>
</Skin>