<!--- This file is used with the Xbox Softmodding Tool Extras Disc if it finds you're running my Softmod. --->
<?xml version="1.0" encoding="utf-8"?>
<Unleashx>
	<Settings>
		<Preference>
			<AbortOnError>Yes</AbortOnError>
			<ContextMenu AllowUninstall="No" AllowItemEdit="No" AllowRecentList="No" LinkToSave="No" LinkToGame="No"/>
			<Skin Path="Skins">CleanupHM</Skin>
			<VideoSettings Soften="No" Widescreen="No" UsePAL60="No" FastRefresh="No" EnableTextureCompression="No" Use720P="No" Use480P="Yes" FilterLevel="0"/>
			<LiveUpdate AutoCheck="No"/>
			<AutoVideoMode MultiRegion="Off" UsePAL60="No">no</AutoVideoMode>
			<Games AutoLaunch="No"/>
			<DVD AutoLaunch="No"/>
			<AudioCD AutoLaunch="No"/>
			<EnableDriveF>Yes</EnableDriveF>
			<EnableDriveG>Yes</EnableDriveG>
			<FanSpeed>1.00</FanSpeed>
			<Use24HFormat>Yes</Use24HFormat>
			<SNTP Synchronize="Yes" HTTP="Yes" Port="80">143.210.16.201</SNTP>
			<AutoSetTime>Yes</AutoSetTime>
			<ScreenSaver Wait="300">
				<Text>Xbox Softmodding Tool</Text>
			</ScreenSaver>
		</Preference>
		<Network Type="DHCP" Enable="Yes">
			<AutoDetect>yes</AutoDetect>
			<IP>192.168.0.6</IP>
			<Subnet>255.255.255.0</Subnet>
			<Gateway>192.168.0.1</Gateway>
			<DNS1>192.168.0.1</DNS1>
		</Network>
		<FTP Enable="Yes">
			<MaxUsers>10</MaxUsers>
			<AllowAnon>No</AllowAnon>
		</FTP>
		<Audio>
			<EnableSoundEffect>Yes</EnableSoundEffect>
			<Ambient>E:\Prep\skins\skin files\music\ambient.wav</Ambient>
			<SoundVolume>50</SoundVolume>
			<Scroll>dummy.wav</Scroll>
			<Select>dummy.wav</Select>
			<Action_Complete>dummy.wav</Action_Complete>
			<Keyboard_Stroke>dummy.wav</Keyboard_Stroke>
			<Back>dummy.wav</Back>
			<Menu_Up>dummy.wav</Menu_Up>
			<Menu_Down>dummy.wav</Menu_Down>
			<Game_Save_Select>dummy.wav</Game_Save_Select>
			<Memory_Slot>dummy.wav</Memory_Slot>
		</Audio>
		<LED>
			<Default>Red</Default>
		</LED>
	</Settings>
	<Menu>
		<List Text="Proceed with quick clean-up" Sort="Off" Batch="True" Icon="">
			<Item Action="MessageBox" arg1="What it does">This will remove the TSOP flasher files.</Item>
			<Item Action="AskUser" arg1="Question Time" arg2="Continue or not?"/>
			<Item Action="Delete" arg1="C:\BIOS">Tried to removing C:\BIOS</Item>
			<Item Action="Copy" arg1="dummy"  arg2="C:\nkpatcher\shadowc\shadowc.img"></Item>
			<Item Action="Delete" arg1="C:\nkpatcher\shadowc\shadowc.img">Tried to removing shadowc.img</Item>
			<Item Action="UnZip" arg1="E:\Prep\dashboard.zip" arg2="C:\">Tried to extract dashboard to C:\</Item>
			<Item Action="Copy" arg1="E:\Prep\unleashx.xbe"  arg2="E:\Dashboard\default.xbe">Copy unleashx.xbe to E:\Dashboard\</Item>
			<Item Action="Delete" arg1="E:\Prep">Tried to removing E:\Prep</Item>
			<Item Action="MessageBox" arg1="Done">That's all files/folders removed. I also installed UnleashX to E:\Dashboard</Item>
			<Item Action="PowerCycle">Rebooting</Item>
		</list>
		<List Text="Proceed with full clean-up" Sort="Off" Batch="True" Icon="">
			<Item Action="MessageBox" arg1="What it does">This will remove the old softmod files on C and the softmod save along with the TSOP flasher files.</Item>
			<Item Action="AskUser" arg1="Question Time" arg2="Continue or not?"/>
			<Item Action="Copy" arg1="dummy"  arg2="E:\UDATA\21585554"></Item>
			<Item Action="Delete" arg1="E:\UDATA\21585554">Delete softmod save</Item>
			<Item Action="Copy" arg1="dummy" arg2="E:\TDATA\rescuedash"></Item>
			<Item Action="Delete" arg1="E:\TDATA\rescuedash">Delete T rescuedash</Item>
			<Item Action="Copy" arg1="dummy" arg2="E:\UDATA\rescuedash"></Item>
			<Item Action="Delete" arg1="E:\UDATA\rescuedash">Delete U rescuedash</Item>
			<Item Action="Copy" arg1="dummy"  arg2="C:\Do not touch anything in here"></Item>
			<Item Action="Delete" arg1="C:\Do not touch anything in here">Tried to removing C:\Do not touch anything in here</Item>
			<Item Action="Copy" arg1="dummy"  arg2="C:\media"></Item>
			<Item Action="Delete" arg1="C:\media">Tried to removing C:\media</Item>
			<Item Action="Copy" arg1="dummy"  arg2="C:\nkpatcher"></Item>
			<Item Action="Delete" arg1="C:\nkpatcher">Tried to removing C:\nkpatcher</Item>
			<Item Action="Copy" arg1="dummy"  arg2="C:\xodash"></Item>
			<Item Action="Copy" arg1="dummy"  arg2="C:\xboxdash.xbe"></Item>
			<Item Action="Delete" arg1="C:\xboxdash.xbe">Tried to removing C:\xboxdash.xbe</Item>
			<Item Action="Delete" arg1="C:\xodash">Tried to removing C:\xodash</Item>
			<Item Action="Delete" arg1="C:\BIOS">Tried to removing C:\BIOS</Item>
			<Item Action="UnZip" arg1="E:\Prep\dashboard.zip" arg2="C:\">Tried to extract dashboard to C:\</Item>
			<Item Action="Copy" arg1="E:\Prep\unleashx.xbe"  arg2="E:\Dashboard\default.xbe">Copy unleashx.xbe to E:\Dashboard\</Item>
			<Item Action="Delete" arg1="E:\Prep">Tried to removing E:\Prep</Item>
			<Item Action="MessageBox" arg1="Done">That's all files/folders removed. I also installed UnleashX to E:\Dashboard</Item>
			<Item Action="PowerCycle">Rebooting</Item>
		</list>
	</Menu>
</Unleashx>
