<!--- This file is used with the Xbox Softmodding Tool Extras Disc if it finds you're running my Softmod. --->
<?xml version="1.0" encoding="utf-8"?>
<Unleashx>
	<Settings>
		<Preference>
			<AbortOnError>Yes</AbortOnError>
			<ContextMenu AllowUninstall="No" AllowItemEdit="No" AllowRecentList="No" LinkToSave="No" LinkToGame="No"/>
			<Skin Path="Skins">CleanupSM</Skin>
			<VideoSettings Soften="No" Widescreen="No" UsePAL60="No" FastRefresh="No" EnableTextureCompression="No" Use720P="No" Use480P="Yes" FilterLevel="0"/>
			<LiveUpdate AutoCheck="No"/>
			<AutoVideoMode MultiRegion="Off" UsePAL60="No">no</AutoVideoMode>
			<Games AutoLaunch="No"/>
			<DVD AutoLaunch="No"/>
			<AudioCD AutoLaunch="No"/>
			<EnableDriveF>Yes</EnableDriveF>
			<EnableDriveG>Yes</EnableDriveG>
			<FanSpeed>1.00</FanSpeed>
			<Use24HFormat>Yes</Use24HFormat>
			<SNTP Synchronize="Yes" HTTP="Yes" Port="80">143.210.16.201</SNTP>
			<AutoSetTime>Yes</AutoSetTime>
			<ScreenSaver Wait="300">
				<Text>Xbox Softmodding Tool</Text>
			</ScreenSaver>
		</Preference>
		<Network Type="DHCP" Enable="Yes">
			<AutoDetect>yes</AutoDetect>
			<IP>192.168.0.6</IP>
			<Subnet>255.255.255.0</Subnet>
			<Gateway>192.168.0.1</Gateway>
			<DNS1>192.168.0.1</DNS1>
		</Network>
		<FTP Enable="Yes">
			<MaxUsers>10</MaxUsers>
			<AllowAnon>No</AllowAnon>
		</FTP>
		<Audio>
			<EnableSoundEffect>Yes</EnableSoundEffect>
			<Ambient>E:\Prep\skins\skin files\music\ambient.wav</Ambient>
			<SoundVolume>50</SoundVolume>
			<Scroll>dummy.wav</Scroll>
			<Select>dummy.wav</Select>
			<Action_Complete>dummy.wav</Action_Complete>
			<Keyboard_Stroke>dummy.wav</Keyboard_Stroke>
			<Back>dummy.wav</Back>
			<Menu_Up>dummy.wav</Menu_Up>
			<Menu_Down>dummy.wav</Menu_Down>
			<Game_Save_Select>dummy.wav</Game_Save_Select>
			<Memory_Slot>dummy.wav</Memory_Slot>
		</Audio>
		<LED>
			<Default>Orange</Default>
		</LED>
	</Settings>
	<Menu>
		<List Text="Proceed with clean-up" Sort="Off" Batch="True" Icon="">
			<Item Action="Delete" arg1="C:\BIOS">Tried to removing C:\BIOS</Item>
			<Item Action="Delete" arg1="C:\evoxdash.cfg">Tried to removing C:\evoxdash.cfg</Item>
			<Item Action="Delete" arg1="C:\evoxdash.rec">Tried to removing C:\evoxdash.rec</Item>
			<Item Action="Delete" arg1="C:\evoxdash.xbe">Tried to removing C:\evoxdash.xbe</Item>
			<Item Action="Copy" arg1="dummy" arg2="C:\ind-bios.cfg"></Item>
			<Item Action="Delete" arg1="C:\ind-bios.cfg">Tried to removing C:\ind-bios.cfg</Item>
			<Item Action="Delete" arg1="E:\Prep">Tried to removing E:\Prep</Item>
			<Item Action="MessageBox" arg1="Done">That's all files/folders removed.</Item>
			<Item Action="PowerCycle">Rebooting</Item>
		</list>
	</Menu>
</Unleashx>
