<window id="3000">
	<defaultcontrol always="true">100</defaultcontrol>
	<!-- <zorder>20</zorder> -->
	<controls>
		<include>Behind.Dialog</include>
		<control type="group">
			<include>Dialog.Effect.Zoom.Fast</include>
			<control type="image">
				<left>50</left>
				<top>55</top>
				<width>1180</width>
				<height>610</height>
				<aspectratio>stretch</aspectratio>
				<texture colordiffuse="colour.settings.diffuse.main">windows\settings_categories\main.png</texture>
			</control>
			<control type="image">
				<left>75</left>
				<top>75</top>
				<width>330</width>
				<height>570</height>
				<aspectratio>stretch</aspectratio>
				<texture colordiffuse="colour.settings.diffuse.main.overlay">windows\settings_categories\main_overlay.png</texture>
			</control>
			<control type="grouplist">
				<description>Control Info</description>
				<left>415</left>
				<top>580</top>
				<width>775</width>
				<height>80</height>
				<itemgap>10</itemgap>
				<orientation>Horizontal</orientation>
				<align>center</align>
				<!-- A Button -->
				<control type="image">
					<left>0</left>
					<top>0</top>
					<width>32</width>
					<height>32</height>
					<aspectratio>stretch</aspectratio>
					<texture>pad_buttons\dialogs\a_button.png</texture>
				</control>
				<control type="label">
					<left>0</left>
					<top>0</top>
					<width min="80" max="300">auto</width>
					<height>32</height>
					<font>size_19</font>
					<align>left</align>
					<aligny>center</aligny>
					<textcolor>colour.dialog.label.context</textcolor>
					<label>Select</label>
					<visible>!ControlGroup(3000).HasFocus</visible>
				</control>
				<control type="label">
					<left>0</left>
					<top>0</top>
					<width min="80" max="300">auto</width>
					<height>32</height>
					<font>size_19</font>
					<align>left</align>
					<aligny>center</aligny>
					<textcolor>colour.dialog.label.context</textcolor>
					<label>Run Automatic Mode</label>
					<visible>ControlGroup(3000).HasFocus + ControlGroup(3000).HasFocus(100)</visible>
				</control>
				<control type="label">
					<left>0</left>
					<top>0</top>
					<width min="80" max="300">auto</width>
					<height>32</height>
					<font>size_19</font>
					<align>left</align>
					<aligny>center</aligny>
					<textcolor>colour.dialog.label.context</textcolor>
					<label>Run Manual Mode</label>
					<visible>ControlGroup(3000).HasFocus + ControlGroup(3000).HasFocus(101)</visible>
				</control>
				<!-- B Button -->
				<control type="image">
					<left>0</left>
					<top>0</top>
					<width>32</width>
					<height>32</height>
					<aspectratio>stretch</aspectratio>
					<texture>pad_buttons\dialogs\b_button.png</texture>
				</control>
				<control type="label">
					<left>0</left>
					<top>0</top>
					<width min="80" max="300">auto</width>
					<height>32</height>
					<font>size_19</font>
					<align>left</align>
					<aligny>center</aligny>
					<textcolor>colour.dialog.label.context</textcolor>
					<label>Back</label>
				</control>
			</control>
			<control type="grouplist" id="3000">
				<description>control area</description>
				<left>75</left>
				<top>105</top>
				<width>330</width>
				<height>520</height>
				<onleft>-</onleft>
				<onright>3001</onright>
				<onup>3000</onup>
				<ondown>3000</ondown>
				<control type="button" id="100">
					<left>0</left>
					<top>0</top>
					<width>330</width>
					<height>60</height>
					<textoffsetx>44</textoffsetx>
					<textoffsety>10</textoffsety>
					<font>size_27</font>
					<align>left</align>
					<aligny>top</aligny>
					<textcolor>colour.dialog.button.nofocus</textcolor>
					<focusedcolor>colour.dialog.button.focus</focusedcolor>
					<aspectratio>stretch</aspectratio>
					<textcolor>colour.dialog.button.nofocus</textcolor>
					<focusedcolor>colour.dialog.button.focus</focusedcolor>
					<texturenofocus border="3" colordiffuse="colour.dialog.diffuse.button.nofocus">windows\dialogs\button_no_focus.png</texturenofocus>
					<texturefocus border="3" colordiffuse="colour.dialog.diffuse.button.focus">windows\dialogs\button_focus.png</texturefocus>
					<label>Automatic Mode</label>
					<onclick>RunScript(Special://scripts\XBMC4Gamers Extras\Run Artwork Installer\resources\lib\default.py,True,$INFO[Skin.HasSetting(ArtworkInstallerSkip)],$INFO[Skin.HasSetting(ArtworkInstallerVideo)],$INFO[Skin.HasSetting(ArtworkInstallerFanart)],$INFO[Skin.HasSetting(ArtworkInstallerAddChecks)],$INFO[Skin.HasSetting(ArtworkInstallerLogging)])</onclick>
					<onclick>ActivateWindow(1100)</onclick>
				</control>
				<control type="button" id="101">
					<left>0</left>
					<top>0</top>
					<width>330</width>
					<height>60</height>
					<textoffsetx>44</textoffsetx>
					<textoffsety>10</textoffsety>
					<font>size_27</font>
					<align>left</align>
					<aligny>top</aligny>
					<textcolor>colour.dialog.button.nofocus</textcolor>
					<focusedcolor>colour.dialog.button.focus</focusedcolor>
					<aspectratio>stretch</aspectratio>
					<textcolor>colour.dialog.button.nofocus</textcolor>
					<focusedcolor>colour.dialog.button.focus</focusedcolor>
					<texturenofocus border="3" colordiffuse="colour.dialog.diffuse.button.nofocus">windows\dialogs\button_no_focus.png</texturenofocus>
					<texturefocus border="3" colordiffuse="colour.dialog.diffuse.button.focus">windows\dialogs\button_focus.png</texturefocus>
					<label>Manual Mode</label>
					<onclick>RunScript(Special://scripts\XBMC4Gamers Extras\Run Artwork Installer\resources\lib\default.py,False,False,$INFO[Skin.HasSetting(ArtworkInstallerVideo)],$INFO[Skin.HasSetting(ArtworkInstallerFanart)],False],False)</onclick>
					<onclick>ActivateWindow(1100)</onclick>
				</control>
			</control>
			<!-- General Toggles -->
			<control type="grouplist" id="3001">
				<description>control area</description>
				<left>415</left>
				<top>105</top>
				<width>775</width>
				<height>445</height>
				<itemgap>4</itemgap>
				<onleft>3000</onleft>
				<onright>-</onright>
				<onup>3001</onup>
				<ondown>3001</ondown>
				<pagecontrol>80</pagecontrol>
				<control type="radiobutton" id="1">
					<include>Button.SkinSettings.Category.RadioButton.Values_Alt</include>
					<label>Enable scanner logging</label>
					<onclick>Skin.ToggleSetting(ArtworkInstallerLogging)</onclick>
					<selected>Skin.HasSetting(ArtworkInstallerLogging)</selected>
					<visible>ControlGroup(3000).HasFocus(100)</visible>
				</control>
				<control type="textbox" id="2">
					<left>0</left>
					<top>0</top>
					<height>40</height>
					<width>735</width>
					<font>size_16</font>
					<align>justify</align>
					<aligny>center</aligny>
					<label>[COLOR=colour.settings.label.info.text]Log what's going on when processing content, handy if you want to see how stuff is matched or not matched.[/COLOR]</label>
					<animation effect="slide" start="0,0" end="20,0" time="10" condition="true">Conditional</animation>
					<visible>ControlGroup(3000).HasFocus(100)</visible>
				</control>
				<control type="radiobutton" id="3">
					<include>Button.SkinSettings.Category.RadioButton.Values_Alt</include>
					<label>Install 128MB fanart if available</label>
					<onclick>Skin.ToggleSetting(ArtworkInstallerFanart)</onclick>
					<selected>Skin.HasSetting(ArtworkInstallerFanart)</selected>
					<visible>!StringCompare(System.memory(total_no_mb),64)</visible>
				</control>
				<control type="textbox" id="4">
					<left>0</left>
					<top>0</top>
					<height>40</height>
					<width>735</width>
					<font>size_16</font>
					<align>justify</align>
					<aligny>center</aligny>
					<textoffsetx>44</textoffsetx>
					<textoffsety>15</textoffsety>
					<scroll>true</scroll>
					<label>[COLOR=colour.settings.label.info.text]Install larger fanart images if available. This will increase the time required for the installer to complete.[/COLOR]</label>
					<animation effect="slide" start="0,0" end="20,0" time="10" condition="true">Conditional</animation>
					<visible>!StringCompare(System.memory(total_no_mb),64)</visible>
				</control>
				<control type="radiobutton" id="5">
					<include>Button.SkinSettings.Category.RadioButton.Values_Alt</include>
					<label>Install video previews if available</label>
					<onclick>Skin.ToggleSetting(ArtworkInstallerVideo)</onclick>
					<selected>Skin.HasSetting(ArtworkInstallerVideo)</selected>
				</control>
				<control type="textbox" id="6">
					<left>0</left>
					<top>0</top>
					<height>40</height>
					<width>735</width>
					<font>size_16</font>
					<align>justify</align>
					<aligny>center</aligny>
					<textoffsetx>44</textoffsetx>
					<textoffsety>15</textoffsety>
					<scroll>true</scroll>
					<label>[COLOR=colour.settings.label.info.text]Install video previews if available. This will increase the time required for the installer to complete.[/COLOR]</label>
					<animation effect="slide" start="0,0" end="20,0" time="10" condition="true">Conditional</animation>
				</control>
				<control type="radiobutton" id="7">
					<include>Button.SkinSettings.Category.RadioButton.Values_Alt</include>
					<label>Skip content with artwork</label>
					<onclick>Skin.ToggleSetting(ArtworkInstallerSkip)</onclick>
					<selected>Skin.HasSetting(ArtworkInstallerSkip)</selected>
					<visible>ControlGroup(3000).HasFocus(100)</visible>
				</control>
				<control type="textbox" id="8">
					<left>0</left>
					<top>0</top>
					<height>40</height>
					<width>735</width>
					<font>size_16</font>
					<align>justify</align>
					<aligny>center</aligny>
					<textoffsetx>44</textoffsetx>
					<textoffsety>15</textoffsety>
					<scroll>true</scroll>
					<label>[COLOR=colour.settings.label.info.text]Skip content that already has all artwork installed. If any artwork is missing, I will attempt to repair it.[/COLOR]</label>
					<animation effect="slide" start="0,0" end="20,0" time="10" condition="true">Conditional</animation>
					<visible>ControlGroup(3000).HasFocus(100)</visible>
				</control>
				<control type="radiobutton" id="9">
					<include>Button.SkinSettings.Category.RadioButton.Values_Alt</include>
					<label>Try additional checks</label>
					<onclick>Skin.ToggleSetting(ArtworkInstallerAddChecks)</onclick>
					<selected>Skin.HasSetting(ArtworkInstallerAddChecks)</selected>
					<visible>ControlGroup(3000).HasFocus(100)</visible>
				</control>
				<control type="textbox" id="10">
					<left>0</left>
					<top>0</top>
					<height>40</height>
					<width>735</width>
					<font>size_16</font>
					<align>justify</align>
					<aligny>center</aligny>
					<textoffsetx>44</textoffsetx>
					<textoffsety>15</textoffsety>
					<scroll>true</scroll>
					<label>[COLOR=colour.settings.label.info.text]Adds additional checks if the initial ones fail or if the TitleIDs match. This improves the accuracy of the scan, but it may slow down the process.[/COLOR]</label>
					<animation effect="slide" start="0,0" end="20,0" time="10" condition="true">Conditional</animation>
					<visible>ControlGroup(3000).HasFocus(100)</visible>
				</control>
			</control>
		</control>
	</controls>
</window>