<Skin name="Batman Begins 3">
		<Information>
				<Author>CL Roberson</Author>
				<Version>1</Version>
				<Copyright>2005</Copyright>
				<Skinner Name="UX Architect" Version="1.0c" />
		</Information>
		<LoadingScreen ShowInfo="True">
				<Background>Batman-Begins.jpg</Background>
		</LoadingScreen>
		<Main Globe="False" Orb="False" Fog="False">
				<Background EnableAudio="False">BeginsWallpaper2-1024.jpg</Background>
				<InfoFont>Square-10.xpr</InfoFont>
				<Text Top="5" Left="98" Width="304" Scroll="0" Color="0xFFFFFFFF" Source="DateTime" Align="Left" />
				<Image Top="45" Left="24" Width="128" Height="128" Source="GameIcon" />
				<Menu Align="Left" ShowIcon="False" ShowArrows="False">
						<Position Top="291" Left="66" Width="211" Height="131" Fixed="True" FixAt="2" MaxItem="4" />
						<Font>Square-10.xpr</Font>
				</Menu>
				<ColorScheme>
						<AMBIENT_FOGCOLOR>0x78FFFFFF</AMBIENT_FOGCOLOR>
						<AMBIENT_SKYCOLOR>0xFF00000F</AMBIENT_SKYCOLOR>
						<AMBIENT_CELLCOLOR>0x7800C000</AMBIENT_CELLCOLOR>
						<CAPTION_TEXTCOLOR>0xFFEAEA47</CAPTION_TEXTCOLOR>
						<CAPTION_BACKCOLOR>0xFF808080</CAPTION_BACKCOLOR>
						<DIALOG_BORDERCOLOR>0xFFFFFFFF</DIALOG_BORDERCOLOR>
						<DIALOG_BACKCOLOR>0xFF000000</DIALOG_BACKCOLOR>
						<DIALOG_INNER_BORDERCOLOR>0xFFFFFFFF</DIALOG_INNER_BORDERCOLOR>
						<DIALOG_INNER_BACKCOLOR>0xFF808080</DIALOG_INNER_BACKCOLOR>
						<DIALOG_TEXTCOLOR>0xFFFFFFFF</DIALOG_TEXTCOLOR>
						<DIALOG_DISABLEDTEXT>0xFFB3B3B4</DIALOG_DISABLEDTEXT>
						<OPTION_TEXTCOLOR>0xFFFFFF00</OPTION_TEXTCOLOR>
						<OPTION_ACTIVETEXTCOLOR>0xFF000000</OPTION_ACTIVETEXTCOLOR>
						<OPTION_ACTIVEBACKCOLOR>0xFFFFFF00</OPTION_ACTIVEBACKCOLOR>
						<BUTTON_BORDERCOLOR>0xFFFFFFFF</BUTTON_BORDERCOLOR>
						<BUTTON_TEXTCOLOR>0xFFFFFF00</BUTTON_TEXTCOLOR>
						<BUTTON_BACKCOLOR>0xFF000000</BUTTON_BACKCOLOR>
						<BUTTON_ACTIVETEXTCOLOR>0xFF000000</BUTTON_ACTIVETEXTCOLOR>
						<BUTTON_ACTIVEBACKCOLOR>0xFFFFFF00</BUTTON_ACTIVEBACKCOLOR>
						<KB_KEYBG_HIGHLIGHT>0xFF000000</KB_KEYBG_HIGHLIGHT>
						<KB_KEYBG_DISABLED>0x78C0C0C0</KB_KEYBG_DISABLED>
						<KB_KEY_PRESSED>0xFF008000</KB_KEY_PRESSED>
						<KB_KEY_NORMAL>0xFF000000</KB_KEY_NORMAL>
						<KB_KEY_DISABLED>0xFFFFFFFF</KB_KEY_DISABLED>
						<KB_KEY_ACTIVEBORDER>0xFFFF0000</KB_KEY_ACTIVEBORDER>
						<KB_KEY_TEXTCOLOR>0xFF000000</KB_KEY_TEXTCOLOR>
						<KB_KEY_TEXTBACKCOLOR>0xFFFFFFFF</KB_KEY_TEXTBACKCOLOR>
						<KB_KEY_TEXTBORDERCOLOR>0x780000FF</KB_KEY_TEXTBORDERCOLOR>
						<MENU_TEXTCOLOR>0xFFFFFFFF</MENU_TEXTCOLOR>
						<MENU_ACTIVETEXTCOLOR>0xFF000000</MENU_ACTIVETEXTCOLOR>
						<MENU_BORDERCOLOR>0xFFFFFFFF</MENU_BORDERCOLOR>
						<MENU_BACKCOLOR>0xFF000000</MENU_BACKCOLOR>
						<MENU_ACTIVEBACKCOLOR>0xFF958A06</MENU_ACTIVEBACKCOLOR>
						<MENU_ACTIVEBORDERCOLOR>0xFFFFFFFF</MENU_ACTIVEBORDERCOLOR>
				</ColorScheme>
		</Main>
</Skin>