<colors>
		<!-- XBMC-Emustation v1.5+ -->
		<!-- Other -->
		<color name="Busy_Wheel">FF399EDA</color>
		<!-- menus ( start button and settings ) -->
		<color name="menu_focus_back">FFFFFFFF</color>
		<color name="menu_focus_label">FFFFFFFF</color>
		<color name="menu_nofocus_label">FF6C6B6C</color>
		<color name="menu_disabled_label">A06C6B6C</color>
		<color name="menu_selected_label">FFE2A53B</color>
		<color name="menu_header_label">FF6C6B6C</color>
		<color name="menu_back_image">FFFFFFFF</color>
		<!-- main menus colours -->
		<color name="background_overlay_colour">00000000</color>
		<color name="background_system_art_colour">FFFFFFFF</color>
		<color name="carousel_bar_lower">EEBDBDBD</color>
		<color name="carousel_bar">EED9D9D9</color>
		<color name="carousel_bar_icons_focus">FFFFFFFF</color>
		<color name="carousel_bar_icons_unfocus">55FFFFFF</color>
		<color name="carousel_bar_label">FF403F3C</color>
		<color name="carousel_bar_alt_label">FFFFFFFF</color>
		<!-- button context label colours -->
		<color name="context_buttons_layouts">FF6E6E6E</color>
		<color name="context_buttons_home">FFC0C0C2</color>
		<color name="context_buttons_home_alt">FF000000</color>
		<!-- Keep they are used by system menus -->
		<color name="white">FFFFFFFF</color>
		<color name="grey">FF737373</color>
		<color name="grey2">FF969696</color>
		<color name="grey3">FF333333</color>
		<color name="black">FF000000</color>
		<color name="blue">FF399EDA</color>
		<color name="blue2">FF0059AB</color>
		<color name="orange">FFEB9E17</color>
		<color name="green">FF01B005</color>
</colors>