<window id="129">
	<defaultcontrol always="false">3000</defaultcontrol>
	<!-- <zorder>20</zorder> -->
	<coordinates>
		<system>1</system>
		<left>0</left>
		<top>0</top>
	</coordinates>
	<controls>
		<control type="image">
			<description>underlay image</description>
			<left>0</left>
			<top>0</top>
			<width>1280</width>
			<height>720</height>
			<texture>main-underlay.png</texture>
			<animation effect="fade" start="0" end="100" time="200">WindowOpen</animation>
			<animation effect="fade" start="100" end="0" time="200">WindowClose</animation>
		</control>
		<control type="group">
			<left>447</left>
			<top>215</top>
			<animation effect="fade" start="0" end="100" delay="200" time="500">WindowOpen</animation>
			<animation effect="fade" start="100" end="0" time="500">WindowClose</animation>
			<control type="image">
				<description>background image</description>
				<left>0</left>
				<top>0</top>
				<width>386</width>
				<height>290</height>
				<texture>main-background.png</texture>
				<aspectratio>stretch</aspectratio>
			</control>
			<control type="label">
				<description>heading label</description>
				<left>0</left>
				<top>28</top>
				<width>386</width>
				<height>0</height>
				<align>center</align>
				<font>size_20</font>
				<label>480p Game loaders</label>
				<textcolor>FF000000</textcolor>
			</control>
			<control type="grouplist">
				<description>custom grouplist for context buttons</description>
				<left>43</left>
				<top>84</top>
				<width>386</width>
				<height>290</height>
				<itemgap>0</itemgap>
				<control type="button" id="3000">
					<description>Action Button</description>
					<width>300</width>
					<height>42</height>
					<font>size_23</font>
					<align>center</align>
					<textcolor>FFFFFFFF</textcolor>
					<focusedcolor>FFFFFFFF</focusedcolor>
					<label>Info</label>
					<texturefocus border="2">main-button-focus.png</texturefocus>
					<texturenofocus border="2">main-button-nofocus.png</texturenofocus>
				</control>
				<control type="button" id="3001">
					<description>Action Button</description>
					<width>300</width>
					<height>42</height>
					<font>size_23</font>
					<align>center</align>
					<textcolor>FFFFFFFF</textcolor>
					<focusedcolor>FFFFFFFF</focusedcolor>
					<label>Auto Install</label>
					<texturefocus border="2">main-button-focus.png</texturefocus>
					<texturenofocus border="2">main-button-nofocus.png</texturenofocus>
				</control>
				<control type="button" id="3002">
					<description>Action Button</description>
					<width>300</width>
					<height>42</height>
					<font>size_23</font>
					<align>center</align>
					<textcolor>FFFFFFFF</textcolor>
					<focusedcolor>FFFFFFFF</focusedcolor>
					<label>Manual Install</label>
					<texturefocus border="2">main-button-focus.png</texturefocus>
					<texturenofocus border="2">main-button-nofocus.png</texturenofocus>
				</control>
				<control type="button" id="3003">
					<description>Action Button</description>
					<width>300</width>
					<height>42</height>
					<font>size_23</font>
					<align>center</align>
					<textcolor>FFFFFFFF</textcolor>
					<focusedcolor>FFFFFFFF</focusedcolor>
					<label>Uninstall</label>
					<texturefocus border="2">main-button-focus.png</texturefocus>
					<texturenofocus border="2">main-button-nofocus.png</texturenofocus>
				</control>
			</control>
		</control>
	</controls>
</window>