<!-- Not used as I moved this to the login screen, but kept the xml since I may use it at another date -->
<window id="1117">
	<defaultcontrol always="true">1</defaultcontrol>
	<controls>
		<control type="image">
			<include>1280x720</include>
			<texture>background.jpg</texture>
			<aspectratio>stretch</aspectratio>
		</control>
		<control type="image">
			<left>387</left>
			<top>165</top>
			<width>505</width>
			<height>390</height>
			<texture>controlpad.png</texture>
			<include>Window_OpenClose_Animation</include>
		</control>
		<control type="label">
			<description>A Button</description>
			<left>900</left>
			<top>313</top>
			<width>400</width>
			<height>35</height>
			<align>left</align>
			<aligny>center</aligny>
			<font>size_17</font>
			<textcolor>white</textcolor>
			<label>$LOCALIZE[32000]</label>
			<include>Window_OpenClose_Animation</include>
		</control>
		<control type="label">
			<description>B Button</description>
			<left>900</left>
			<top>288</top>
			<width>400</width>
			<height>35</height>
			<align>left</align>
			<aligny>center</aligny>
			<font>size_17</font>
			<textcolor>white</textcolor>
			<label>$LOCALIZE[32001]</label>
			<include>Window_OpenClose_Animation</include>
		</control>
		<control type="label">
			<description>X Button</description>
			<left>900</left>
			<top>260</top>
			<width>400</width>
			<height>35</height>
			<align>left</align>
			<aligny>center</aligny>
			<font>size_17</font>
			<textcolor>white</textcolor>
			<label>$LOCALIZE[32061]</label>
			<include>Window_OpenClose_Animation</include>
		</control>
		<control type="label">
			<description>Y Button</description>
			<left>900</left>
			<top>235</top>
			<width>400</width>
			<height>35</height>
			<align>left</align>
			<aligny>center</aligny>
			<font>size_17</font>
			<textcolor>white</textcolor>
			<label>$LOCALIZE[32006]</label>
			<include>Window_OpenClose_Animation</include>
			<visible>Skin.HasSetting(kioskmode)</visible>
		</control>
		<control type="label">
			<description>Y Button</description>
			<left>900</left>
			<top>235</top>
			<width>400</width>
			<height>35</height>
			<align>left</align>
			<aligny>center</aligny>
			<font>size_17</font>
			<textcolor>white</textcolor>
			<label>$LOCALIZE[32062]</label>
			<include>Window_OpenClose_Animation</include>
			<visible>!Skin.HasSetting(kioskmode)</visible>
		</control>
		<control type="label">
			<description>Black Button</description>
			<left>900</left>
			<top>377</top>
			<width>400</width>
			<height>35</height>
			<align>left</align>
			<aligny>center</aligny>
			<font>size_17</font>
			<textcolor>white</textcolor>
			<label>$LOCALIZE[32063]</label>
			<include>Window_OpenClose_Animation</include>
			<visible>Skin.HasSetting(kioskmode)</visible>
		</control>
		<control type="label">
			<description>Black Button</description>
			<left>900</left>
			<top>377</top>
			<width>400</width>
			<height>35</height>
			<align>left</align>
			<aligny>center</aligny>
			<font>size_17</font>
			<textcolor>white</textcolor>
			<label>$LOCALIZE[32011]</label>
			<include>Window_OpenClose_Animation</include>
			<visible>!Skin.HasSetting(kioskmode)</visible>
		</control>
		<control type="label">
			<description>White Button</description>
			<left>900</left>
			<top>403</top>
			<width>400</width>
			<height>35</height>
			<align>left</align>
			<aligny>center</aligny>
			<font>size_17</font>
			<textcolor>white</textcolor>
			<label>$LOCALIZE[32009]</label>
			<include>Window_OpenClose_Animation</include>
		</control>
		<control type="label">
			<description>Back Button</description>
			<left>377</left>
			<top>354</top>
			<width>400</width>
			<height>35</height>
			<align>right</align>
			<aligny>center</aligny>
			<font>size_17</font>
			<textcolor>white</textcolor>
			<label>$LOCALIZE[32064]</label>
			<include>Window_OpenClose_Animation</include>
			<visible>Skin.HasSetting(kioskmode)</visible>
		</control>
		<control type="label">
			<description>Back Button</description>
			<left>377</left>
			<top>354</top>
			<width>400</width>
			<height>35</height>
			<align>right</align>
			<aligny>center</aligny>
			<font>size_17</font>
			<textcolor>white</textcolor>
			<label>$LOCALIZE[32062]</label>
			<include>Window_OpenClose_Animation</include>
			<visible>!Skin.HasSetting(kioskmode)</visible>
		</control>
		<control type="label">
			<description>Start Button</description>
			<left>377</left>
			<top>382</top>
			<width>400</width>
			<height>35</height>
			<align>right</align>
			<aligny>center</aligny>
			<font>size_17</font>
			<textcolor>white</textcolor>
			<label>$LOCALIZE[32020]</label>
			<include>Window_OpenClose_Animation</include>
		</control>
		<control type="label">
			<description>Left Stick Button</description>
			<left>217</left>
			<top>187</top>
			<width>400</width>
			<height>35</height>
			<align>center</align>
			<aligny>center</aligny>
			<font>size_17</font>
			<textcolor>white</textcolor>
			<label>$LOCALIZE[32065]</label>
			<include>Window_OpenClose_Animation</include>
			<visible>Skin.HasSetting(kioskmode)</visible>
		</control>
		<control type="label">
			<description>Left Stick Button</description>
			<left>217</left>
			<top>187</top>
			<width>400</width>
			<height>35</height>
			<align>center</align>
			<aligny>center</aligny>
			<font>size_17</font>
			<textcolor>white</textcolor>
			<label>$LOCALIZE[32062]</label>
			<include>Window_OpenClose_Animation</include>
			<visible>!Skin.HasSetting(kioskmode)</visible>
		</control>
		<control type="label">
			<description>Right Stick Button</description>
			<left>499</left>
			<top>560</top>
			<width>400</width>
			<height>35</height>
			<align>center</align>
			<aligny>center</aligny>
			<font>size_17</font>
			<textcolor>white</textcolor>
			<label>$LOCALIZE[32066]</label>
			<include>Window_OpenClose_Animation</include>
		</control>
		<control type="label">
			<description>Left Trigger</description>
			<left>332</left>
			<top>130</top>
			<width>400</width>
			<height>35</height>
			<align>center</align>
			<aligny>center</aligny>
			<font>size_17</font>
			<textcolor>white</textcolor>
			<label>$LOCALIZE[32067]</label>
			<include>Window_OpenClose_Animation</include>
		</control>
		<control type="label">
			<description>Right Trigger</description>
			<left>552</left>
			<top>130</top>
			<width>400</width>
			<height>35</height>
			<align>center</align>
			<aligny>center</aligny>
			<font>size_17</font>
			<textcolor>white</textcolor>
			<label>$LOCALIZE[32068]</label>
			<include>Window_OpenClose_Animation</include>
		</control>
		<control type="label">
			<description>Dpad</description>
			<left>376</left>
			<top>550</top>
			<width>400</width>
			<height>35</height>
			<align>center</align>
			<aligny>center</aligny>
			<font>size_17</font>
			<textcolor>white</textcolor>
			<label>$LOCALIZE[32069]</label>
			<include>Window_OpenClose_Animation</include>
		</control>
	</controls>
</window>