<includes>
	<include file="defaults.xml"/>
	<include file="includes_events.xml"/>
	<include file="includes_variables.xml"/>
	<include file="Includes_View_Options.xml"/>
	<include file="Includes_URLDownloader.xml"/>
	<constant name="FanartCrossfadeTime">100</constant>
	<constant name="ThumbCrossfadeTime">10</constant>
	<include name="1280x720">
		<width>1280</width>
		<height>720</height>
	</include>
	<include name="Context.Buttons.Text.Align">
		<animation effect="slide" start="0,0" end="0,3" time="0" condition="true">Conditional</animation>
	</include>
	<include name="Global.Backgrounds">
		<control type="image">
			<include>1280x720</include>
			<aspectratio>stretch</aspectratio>
			<texture>Special://skin\backgrounds\default\$VAR[backgrounds]</texture>
			<visible>StringCompare(skin.string(background_image),) + StringCompare(skin.string(Background_Custom_Color),)</visible>
		</control>
		<control type="image">
			<include>1280x720</include>
			<texture>background diffuse.png</texture>
			<colordiffuse>$VAR[var-bgcustcolour]</colordiffuse>
			<aspectratio>stretch</aspectratio>
			<visible>!StringCompare(skin.string(Background_Custom_Color),)</visible>
		</control>
		<control type="image">
			<include>1280x720</include>
			<texture>$INFO[skin.string(background_image)]</texture>
			<aspectratio>stretch</aspectratio>
			<visible>!StringCompare(skin.string(background_image),)</visible>
		</control>
	</include>
	<include name="Kiosk.Mode.Secret.Code">
		<!-- Secret Passcode -->
		<control type="button" id="19">
			<description>Secret Code Button</description>
			<left>-5000</left>
			<label>-</label>
			<onleft>52</onleft>
			<onright>52</onright>
			<onup>20</onup>
			<ondown>52</ondown>
		</control>
		<control type="button" id="20">
			<description>Secret Code Button</description>
			<left>-5000</left>
			<label>-</label>
			<onleft>52</onleft>
			<onright>52</onright>
			<onup>21</onup>
			<ondown>52</ondown>
		</control>
		<control type="button" id="21">
			<description>Secret Code Button</description>
			<left>-5000</left>
			<label>-</label>
			<onleft>52</onleft>
			<onright>52</onright>
			<onup>52</onup>
			<ondown>22</ondown>
		</control>
		<control type="button" id="22">
			<description>Secret Code Button</description>
			<left>-5000</left>
			<label>-</label>
			<onleft>52</onleft>
			<onright>52</onright>
			<onup>52</onup>
			<ondown>23</ondown>
		</control>
		<control type="button" id="23">
			<description>Secret Code Button</description>
			<left>-5000</left>
			<label>-</label>
			<onleft>24</onleft>
			<onright>52</onright>
			<onup>52</onup>
			<ondown>52</ondown>
		</control>
		<control type="button" id="24">
			<description>Secret Code Button</description>
			<left>-5000</left>
			<label>-</label>
			<onleft>25</onleft>
			<onright>52</onright>
			<onup>52</onup>
			<ondown>52</ondown>
		</control>
		<control type="button" id="25">
			<description>Secret Code Button</description>
			<left>-5000</left>
			<label>-</label>
			<onleft>52</onleft>
			<onright>26</onright>
			<onup>52</onup>
			<ondown>52</ondown>
		</control>
		<control type="button" id="26">
			<description>Secret Code Button</description>
			<left>-5000</left>
			<label>-</label>
			<onleft>52</onleft>
			<onright>27</onright>
			<onup>52</onup>
			<ondown>52</ondown>
		</control>
		<control type="button" id="27">
			<description>Secret Code Button</description>
			<left>-5000</left>
			<label>-</label>
			<onclick>RunScript(Special://scripts\XBMC4Gamers\Utilities\Edit Mode.py)</onclick>
			<onclick>SetFocus(51)</onclick>
			<onleft>52</onleft>
			<onright>52</onright>
			<onup>52</onup>
			<ondown>52</ondown>
		</control>
	</include>
	<include name="Login.Screen.Background.Stuff">
		<include>Global.Backgrounds</include>
		<!-- Snow effect at winter time -->
		<include condition="System.Date(12-20,1-1)">snow</include>
		<!-- Halloween -->
		<include condition="System.Date(10-24,11-1)">halloween</include>
		<!-- Had to add the exact date for each year :/ damn Easter! well the next 21 years are covered LMAO! -->
		<include condition="StringCompare(System.Date,Sun, Mar 31 2024)">easter</include>
		<include condition="StringCompare(System.Date,Sun, 31 Mar 2024)">easter</include>
		<include condition="StringCompare(System.Date,Sun, Apr 20 2025)">easter</include>
		<include condition="StringCompare(System.Date,Sun, 20 Apr 2025)">easter</include>
		<include condition="StringCompare(System.Date,Sun, Apr 5 2026)">easter</include>
		<include condition="StringCompare(System.Date,Sun, 5 Apr 2026)">easter</include>
		<include condition="StringCompare(System.Date,Sun, Mar 28 2027)">easter</include>
		<include condition="StringCompare(System.Date,Sun, 28 Mar 2027)">easter</include>
		<include condition="StringCompare(System.Date,Sun, Apr 16 2028)">easter</include>
		<include condition="StringCompare(System.Date,Sun, 16 Apr 2028)">easter</include>
		<include condition="StringCompare(System.Date,Sun, Apr 1 2029)">easter</include>
		<include condition="StringCompare(System.Date,Sun, 1 Apr 2029)">easter</include>
		<include condition="StringCompare(System.Date,Sun, Apr 21 2030)">easter</include>
		<include condition="StringCompare(System.Date,Sun, 21 Apr 2030)">easter</include>
		<include condition="StringCompare(System.Date,Sun, Apr 13 2031)">easter</include>
		<include condition="StringCompare(System.Date,Sun, 13 Apr 2031)">easter</include>
		<include condition="StringCompare(System.Date,Sun, Mar 28 2032)">easter</include>
		<include condition="StringCompare(System.Date,Sun, 28 Mar 2032)">easter</include>
		<include condition="StringCompare(System.Date,Sun, Apr 17 2033)">easter</include>
		<include condition="StringCompare(System.Date,Sun, 17 Apr 2033)">easter</include>
		<include condition="StringCompare(System.Date,Sun, Apr 9 2034)">easter</include>
		<include condition="StringCompare(System.Date,Sun, 9 Apr 2034)">easter</include>
		<include condition="StringCompare(System.Date,Sun, Mar 25 2035)">easter</include>
		<include condition="StringCompare(System.Date,Sun, 25 Mar 2035)">easter</include>
		<include condition="StringCompare(System.Date,Sun, Apr 13 2036)">easter</include>
		<include condition="StringCompare(System.Date,Sun, 13 Apr 2036)">easter</include>
		<include condition="StringCompare(System.Date,Sun, Apr 5 2037)">easter</include>
		<include condition="StringCompare(System.Date,Sun, 5 Apr 2037)">easter</include>
		<include condition="StringCompare(System.Date,Sun, Apr 25 2038)">easter</include>
		<include condition="StringCompare(System.Date,Sun, 25 Apr 2038)">easter</include>
		<include condition="StringCompare(System.Date,Sun, Apr 10 2039)">easter</include>
		<include condition="StringCompare(System.Date,Sun, 10 Apr 2039)">easter</include>
		<include condition="StringCompare(System.Date,Sun, Apr 1 2040)">easter</include>
		<include condition="StringCompare(System.Date,Sun, 1 Apr 2040)">easter</include>
		<include condition="StringCompare(System.Date,Sun, Apr 21 2041)">easter</include>
		<include condition="StringCompare(System.Date,Sun, 21 Apr 2041)">easter</include>
		<include condition="StringCompare(System.Date,Sun, Apr 06 2042)">easter</include>
		<include condition="StringCompare(System.Date,Sun, 06 Apr 2042)">easter</include>
		<include condition="StringCompare(System.Date,Sun, Apr 29 2043)">easter</include>
		<include condition="StringCompare(System.Date,Sun, 29 Apr 2043)">easter</include>
		<include condition="StringCompare(System.Date,Sun, Apr 17 2044)">easter</include>
		<include condition="StringCompare(System.Date,Sun, 17 Apr 2044)">easter</include>
		<!-- birthdays -->
		<include condition="SubString(System.Date,Jan)" file="Dates_SubString_Workaround/Includes_SubString_Workaround_Jan.xml">Jan</include>
		<include condition="SubString(System.Date,Feb)" file="Dates_SubString_Workaround/Includes_SubString_Workaround_Feb.xml">Feb</include>
		<include condition="SubString(System.Date,Mar)" file="Dates_SubString_Workaround/Includes_SubString_Workaround_Mar.xml">Mar</include>
		<include condition="SubString(System.Date,Apr)" file="Dates_SubString_Workaround/Includes_SubString_Workaround_Apr.xml">Apr</include>
		<include condition="SubString(System.Date,May)" file="Dates_SubString_Workaround/Includes_SubString_Workaround_May.xml">May</include>
		<include condition="SubString(System.Date,Jun)" file="Dates_SubString_Workaround/Includes_SubString_Workaround_Jun.xml">Jun</include>
		<include condition="SubString(System.Date,Jul)" file="Dates_SubString_Workaround/Includes_SubString_Workaround_Jul.xml">Jul</include>
		<include condition="SubString(System.Date,Aug)" file="Dates_SubString_Workaround/Includes_SubString_Workaround_Aug.xml">Aug</include>
		<include condition="SubString(System.Date,Sep)" file="Dates_SubString_Workaround/Includes_SubString_Workaround_Sep.xml">Sep</include>
		<include condition="SubString(System.Date,Oct)" file="Dates_SubString_Workaround/Includes_SubString_Workaround_Oct.xml">Oct</include>
		<include condition="SubString(System.Date,Nov)" file="Dates_SubString_Workaround/Includes_SubString_Workaround_Nov.xml">Nov</include>
		<include condition="SubString(System.Date,Dec)" file="Dates_SubString_Workaround/Includes_SubString_Workaround_Dec.xml">Dec</include>
		<!-- Fade effect -->
		<control type="image">
			<left>0</left>
			<top>0</top>
			<width>1280</width>
			<height>720</height>
			<aspectratio>stretch</aspectratio>
			<texture background="true" flipy="true">windows\login\fade.png</texture>
			<animation effect="fade" start="0" end="0" time="0">WindowClose</animation>
			<animation type="WindowOpen" reversible="false">
				<effect type="zoom" start="1280,720" end="1280,720" time="1000" center="auto" easing="out" tween="Circle"/>
				<effect type="slide" start="0,0" end="0,720" time="1000"/>
			</animation>
			<visible>!Window.Previous(1113) + Window.Previous(1116)</visible>
		</control>
		<control type="image">
			<left>0</left>
			<top>0</top>
			<width>1280</width>
			<height>720</height>
			<aspectratio>stretch</aspectratio>
			<texture background="true">windows\login\fade.png</texture>
			<animation effect="fade" start="0" end="0" time="0">WindowOpen</animation>
			<animation type="WindowClose" reversible="false">
				<effect type="zoom" start="1280,720" end="1280,720" time="1000" center="auto" easing="out" tween="Circle"/>
				<effect type="slide" start="0,-720" end="0,0" time="1000"/>
			</animation>
			<visible>!Window.Next(2900) + !Window.Next(2999)</visible>
		</control>
		<control type="group">
			<animation reversible="false" effect="fade" start="100" end="0" delay="0" time="0">WindowOpen</animation>
			<animation reversible="false" effect="fade" start="0" end="100" delay="0" time="10">WindowClose</animation>
			<control type="image">
				<left>547</left>
				<top>238</top>
				<width>185</width>
				<height>185</height>
				<aspectratio scalediffuse="false">scale</aspectratio>
				<texture background="true" diffuse="windows\login\user_thumb_diffuse.png" fallback="$INFO[system.profilethumb]">$INFO[ListItem.Thumb]</texture>
			</control>
			<control type="image">
				<left>547</left>
				<top>238</top>
				<width>185</width>
				<height>185</height>
				<aspectratio scalediffuse="false">stretch</aspectratio>
				<colordiffuse>80000000</colordiffuse>
				<texture background="true">windows\login\user_thumb_overlay.png</texture>
			</control>
		</control>
	</include>
	<include name="Loading.Busy">
		<include>Behind.Dialog.FadeOut</include>
		<control type="multiimage">
			<left>608</left>
			<top>328</top>
			<width>64</width>
			<height>64</height>
			<aspectratio>stretch</aspectratio>
			<colordiffuse>138_diffuse</colordiffuse>
			<imagepath>loading</imagepath>
			<timeperimage>24</timeperimage>
			<fadetime>5</fadetime>
			<loop>yes</loop>
			<animation effect="fade" start="0" end="100" delay="200" time="250">WindowOpen</animation>
			<animation effect="fade" start="100" end="0" delay="0" time="0">WindowClose</animation>
		</control>
	</include>
	<include name="Behind.Dialog.FadeOut">
		<control type="image">
			<include>1280x720</include>
			<texture>black-back.png</texture>
			<animation effect="fade" time="200">WindowOpen</animation>
			<animation effect="fade" delay="200" time="100">WindowClose</animation>
			<animation effect="fade" time="200">Visible</animation>
			<animation effect="fade" delay="200" time="100">Hidden</animation>
		</control>
	</include>
	<include name="Startup.Window.Profile">
		<control type="image">
			<left>547</left>
			<top>238</top>
			<width>185</width>
			<height>185</height>
			<aspectratio scalediffuse="false">scale</aspectratio>
			<texture background="true" diffuse="windows\login\user_thumb_diffuse.png" fallback="unknown-user.png">$INFO[system.profilethumb]</texture>
		</control>
		<control type="image">
			<left>547</left>
			<top>238</top>
			<width>185</width>
			<height>185</height>
			<aspectratio scalediffuse="false">stretch</aspectratio>
			<colordiffuse>80000000</colordiffuse>
			<texture background="true">windows\login\user_thumb_overlay.png</texture>
		</control>
	</include>
	<include name="Startup.Window.Info">
		<control type="image">
			<left>625</left>
			<top>500</top>
			<width>30</width>
			<height>30</height>
			<aspectratio scalediffuse="false">keep</aspectratio>
			<colordiffuse>8FFFFFFF</colordiffuse>
			<texture>windows\login\busy.png</texture>
			<animation effect="fade" start="0" end="100" time="500" condition="Window.IsActive(2999)">WindowOpen</animation>
			<animation effect="fade" start="100" end="0" time="100" condition="Window.IsActive(1114)">WindowClose</animation>
			<!-- <animation effect="slide" end="0,-140" time="0" condition="Skin.HasSetting(HideProfilePic)">Conditional</animation> -->
			<animation effect="rotate" end="360" time="500" center="auto" loop="true" condition="true">Conditional</animation>
			<visible>Skin.HasSetting(kioskmode)</visible>
		</control>
		<control type="image">
			<left>620</left>
			<top>495</top>
			<width>40</width>
			<height>40</height>
			<aspectratio scalediffuse="false">keep</aspectratio>
			<colordiffuse>FFFFFFFF</colordiffuse>
			<texture>windows\login\error.png</texture>
			<animation effect="fade" start="0" end="100" time="0" delay="90000">WindowOpen</animation>
			<!-- <animation effect="slide" end="0,-140" time="0" condition="Skin.HasSetting(HideProfilePic)">Conditional</animation> -->
			<visible>Skin.HasSetting(kioskmode)</visible>
		</control>
		<control type="textbox">
			<left>0</left>
			<top>0</top>
			<include>1280x720</include>
			<font>size_50</font>
			<textcolor>130_header_label</textcolor>
			<scroll>true</scroll>
			<align>center</align>
			<aligny>center</aligny>
			<label>$LOCALIZE[31017]</label>
			<visible>!Skin.HasSetting(kioskmode) + Window.IsActive(1114)</visible>
			<animation effect="fade" start="0" end="100" delay="500" time="200">WindowOpen</animation>
			<animation effect="fade" start="100" end="0" time="100">WindowClose</animation>
		</control>
	</include>
	<include name="Window.Header">
		<control type="image">
			<left>24</left>
			<top>11</top>
			<width>25</width>
			<height>25</height>
			<aspectratio>stretch</aspectratio>
			<colordiffuse>50000000</colordiffuse>
			<texture>icon_xbmc4gamers.png</texture>
		</control>
		<control type="image">
			<left>23</left>
			<top>10</top>
			<width>25</width>
			<height>25</height>
			<aspectratio>stretch</aspectratio>
			<colordiffuse>$VAR[var-xbmc4gamerslabelcolour]</colordiffuse>
			<texture>icon_xbmc4gamers.png</texture>
		</control>
		<control type="label">
			<left>1257</left>
			<top>6</top>
			<width>200</width>
			<height>45</height>
			<align>right</align>
			<label>$INFO[System.Time]</label>
			<animation effect="slide" start="0,0" end="223,0" time="1000" reversible="false" condition="System.HasMediaDVD">Conditional</animation>
			<animation effect="slide" start="223,0" end="0,0" delay="300" time="1000" reversible="false" condition="!System.HasMediaDVD">Conditional</animation>
			<visible>!Skin.HasSetting(DisplayTime)</visible>
		</control>
		<include>Disc.Present.Indicator</include>
	</include>
	<include name="Disc.Present.Indicator">
		<control type="label">
			<left>1705</left>
			<top>14</top>
			<width>1280</width>
			<height>45</height>
			<align>right</align>
			<label>$INFO[System.DVDLabel]</label>
			<visible>System.HasMediaDVD</visible>
			<animation effect="slide" start="-485,0" end="0,0" delay="0" time="500" reversible="false" condition="!System.HasMediaDVD">Conditional</animation>
			<animation effect="slide" start="0,0" end="-485,0" delay="500" time="800" reversible="false" condition="System.HasMediaDVD">Conditional</animation>
		</control>
		<control type="image">
			<left>1325</left>
			<top>-60</top>
			<width>128</width>
			<height>128</height>
			<aspectratio>stretch</aspectratio>
			<visible>System.HasMediaDVD</visible>
			<texture diffuse="gamedisc_small_diffuse.png" fallback="gamedisc_small_alt.png">Special://skin\extras\disc artwork\$INFO[System.DVDTitleid].jpg</texture>
			<animation effect="slide" start="-105,0" end="0,0" time="100" reversible="false" condition="!System.HasMediaDVD">Conditional</animation>
			<animation effect="slide" start="0,0" end="-105,0" delay="300" time="800" reversible="false" condition="System.HasMediaDVD">Conditional</animation>
			<animation effect="rotate" start="0" end="-360" center="auto" time="3000" loop="true" condition="System.HasMediaDVD">Conditional</animation>
		</control>
	</include>
	<include name="CommonOptionsMenuBack">
		<include>VisibleFadeEffect</include>
		<visible allowhiddenfocus="true">ControlGroup(9000).HasFocus | ControlGroup(9001).HasFocus</visible>
		<left>75</left>
		<top>200</top>
		<width>330</width>
		<height>420</height>
		<control type="image">
			<description>background image</description>
			<left>0</left>
			<top>-50</top>
			<width>330</width>
			<height>420</height>
			<texture>subback.png</texture>
		</control>
	</include>
	<include name="Birthday.Month.Date.Buttons">
		<width>70</width>
		<height>42</height>
		<align>center</align>
		<aligny>center</aligny>
		<textcolor>includes_label</textcolor>
		<focusedcolor>includes_label_focus</focusedcolor>
		<texturefocus border="2,2,2,2">button-focus2.png</texturefocus>
		<texturenofocus>button-nofocus.png</texturenofocus>
	</include>
	<include name="Birthday.Buttons">
		<width>280</width>
		<height>42</height>
		<align>left</align>
		<aligny>center</aligny>
		<textcolor>includes_label</textcolor>
		<focusedcolor>includes_label_focus</focusedcolor>
		<texturefocus border="2,2,2,2">button-focus2.png</texturefocus>
		<texturenofocus>button-nofocus.png</texturenofocus>
	</include>
	<include name="Button.Common.Values">
		<height>44</height>
		<width>280</width>
		<font>size_20</font>
		<textcolor>includes_label</textcolor>
		<focusedcolor>includes_label_focus</focusedcolor>
		<shadowcolor>includes_label_shadow</shadowcolor>
		<align>left</align>
		<aligny>center</aligny>
		<textoffsetx>10</textoffsetx>
		<texturefocus border="5">button-focus2.png</texturefocus>
		<texturenofocus>-</texturenofocus>
		<pulseonselect>true</pulseonselect>
	</include>
	<include name="Button.Settings.Options.Values">
		<description>Default Category Button</description>
		<left>0</left>
		<top>0</top>
		<height>40</height>
		<width>200</width>
		<textoffsetx>0</textoffsetx>
		<textoffsety>8</textoffsety>
		<font>size_18</font>
		<align>center</align>
		<aligny>top</aligny>
		<textcolor>includes_label_ButtonSettingsOptionsValues</textcolor>
		<focusedcolor>includes_label_focus_ButtonSettingsOptionsValues</focusedcolor>
		<shadowcolor>-</shadowcolor>
		<texturefocus>windows\options\button_focus.png</texturefocus>
		<texturenofocus>windows\options\button_no_focus.png</texturenofocus>
	</include>
	<include name="Button.Settings.Category.Values_Alt">
		<description>Default Category Button</description>
		<left>0</left>
		<top>0</top>
		<height>60</height>
		<width>795</width>
		<textoffsetx>44</textoffsetx>
		<textoffsety>10</textoffsety>
		<font>size_28</font>
		<align>left</align>
		<aligny>center</aligny>
		<textoffsetx>44</textoffsetx>
		<textoffsety>15</textoffsety>
		<textcolor>includes_settings_category_left_label_no_focus</textcolor>
		<focusedcolor>includes_settings_category_left_label_focus</focusedcolor>
		<disabledcolor>includes_settings_category_disabled_label</disabledcolor>
		<texturefocus>windows\settings_categories\button_focus.png</texturefocus>
		<texturenofocus>windows\settings_categories\button_no_focus.png</texturenofocus>
	</include>
	<include name="Button.SkinSettings.Category.Button.Values">
		<description>Default Button</description>
		<left>0</left>
		<top>0</top>
		<height>60</height>
		<width>795</width>
		<font>size_20</font>
		<align>left</align>
		<aligny>top</aligny>
		<textoffsetx>44</textoffsetx>
		<textoffsety>15</textoffsety>
		<textcolor>includes_settings_category_right_label_no_focus</textcolor>
		<focusedcolor>includes_settings_category_right_label_focus</focusedcolor>
		<disabledcolor>includes_settings_category_disabled_label</disabledcolor>
		<texturefocus>windows\settings_categories\button_focus.png</texturefocus>
		<texturenofocus>windows\settings_categories\button_no_focus.png</texturenofocus>
	</include>
	<include name="Button.SkinSettings.Category.Button.Values_Alt">
		<description>Default Button</description>
		<left>0</left>
		<top>0</top>
		<height>60</height>
		<width>795</width>
		<font>size_20</font>
		<align>left</align>
		<aligny>center</aligny>
		<textoffsetx>44</textoffsetx>
		<textoffsety>15</textoffsety>
		<textcolor>includes_settings_category_right_label_no_focus</textcolor>
		<focusedcolor>includes_settings_category_right_label_focus</focusedcolor>
		<disabledcolor>includes_settings_category_disabled_label</disabledcolor>
		<texturefocus>windows\settings_categories\button_focus.png</texturefocus>
		<texturenofocus>windows\settings_categories\button_no_focus.png</texturenofocus>
	</include>
	<include name="Button.SkinSettings.Category.RadioButton.Values">
		<description>Default RadioButton</description>
		<left>0</left>
		<top>0</top>
		<height>60</height>
		<width>795</width>
		<radioposx>669</radioposx>
		<radioposy>0</radioposy>
		<radiowidth>73</radiowidth>
		<radioheight>25</radioheight>
		<font>size_20</font>
		<align>left</align>
		<aligny>top</aligny>
		<textoffsetx>44</textoffsetx>
		<textoffsety>15</textoffsety>
		<textcolor>includes_settings_category_right_label_no_focus</textcolor>
		<focusedcolor>includes_settings_category_right_label_focus</focusedcolor>
		<disabledcolor>includes_settings_category_disabled_label</disabledcolor>
		<texturefocus>windows\settings_categories\button_focus.png</texturefocus>
		<texturenofocus>windows\settings_categories\button_no_focus.png</texturenofocus>
	</include>
	<include name="Button.SkinSettings.Category.RadioButton.Values_alt">
		<description>Default RadioButton</description>
		<left>0</left>
		<top>0</top>
		<height>60</height>
		<width>795</width>
		<radioposx>669</radioposx>
		<radioposy>0</radioposy>
		<radiowidth>73</radiowidth>
		<radioheight>25</radioheight>
		<font>size_20</font>
		<align>left</align>
		<aligny>center</aligny>
		<textoffsetx>44</textoffsetx>
		<textoffsety>15</textoffsety>
		<textcolor>includes_settings_category_right_label_no_focus</textcolor>
		<focusedcolor>includes_settings_category_right_label_focus</focusedcolor>
		<disabledcolor>includes_settings_category_disabled_label</disabledcolor>
		<texturefocus>windows\settings_categories\button_focus.png</texturefocus>
		<texturenofocus>windows\settings_categories\button_no_focus.png</texturenofocus>
	</include>
	<include name="FileManager.Compact_Mode_Left">
		<control type="panel" id="20">
			<left>105</left>
			<top>195</top>
			<width>535</width>
			<height>360</height>
			<onleft>30</onleft>
			<onright>21</onright>
			<onup>20</onup>
			<ondown>20</ondown>
			<viewtype label="535">list</viewtype>
			<pagecontrol>30</pagecontrol>
			<scrolltime>200</scrolltime>
			<itemlayout height="45" width="535">
				<control type="image">
					<left>5</left>
					<top>5</top>
					<width>35</width>
					<height>35</height>
					<texture background="true">$INFO[listitem.icon]</texture>
				</control>
				<control type="label">
					<left>60</left>
					<top>-1</top>
					<width>465</width>
					<height>45</height>
					<font>size_20</font>
					<textcolor>3_label_nofocus</textcolor>
					<selectedcolor>3_label_selected_alt</selectedcolor>
					<align>left</align>
					<aligny>center</aligny>
					<label>$INFO[ListItem.Label]</label>
				</control>
				<control type="label">
					<left>305</left>
					<top>-1</top>
					<width>220</width>
					<height>45</height>
					<font>size_20</font>
					<textcolor>3_label_nofocus</textcolor>
					<selectedcolor>3_label_selected_alt</selectedcolor>
					<align>right</align>
					<aligny>center</aligny>
					<label>$INFO[ListItem.Label2]</label>
				</control>
			</itemlayout>
			<focusedlayout height="45" width="535">
				<control type="image">
					<left>0</left>
					<top>0</top>
					<width>535</width>
					<height>45</height>
					<texture border="5">windows\file manager\button_focus.png</texture>
				</control>
				<control type="image">
					<left>5</left>
					<top>5</top>
					<width>35</width>
					<height>35</height>
					<texture background="true">$INFO[listitem.icon]</texture>
				</control>
				<control type="label">
					<left>60</left>
					<top>-1</top>
					<width>465</width>
					<height>45</height>
					<font>size_20</font>
					<textcolor>3_label</textcolor>
					<selectedcolor>3_label_selected</selectedcolor>
					<align>left</align>
					<aligny>center</aligny>
					<label>$INFO[ListItem.Label]</label>
				</control>
				<control type="label">
					<left>305</left>
					<top>-1</top>
					<width>220</width>
					<height>45</height>
					<font>size_20</font>
					<textcolor>3_label</textcolor>
					<selectedcolor>3_label_selected</selectedcolor>
					<align>right</align>
					<aligny>center</aligny>
					<label>$INFO[ListItem.Label2]</label>
				</control>
			</focusedlayout>
		</control>
	</include>
	<include name="FileManager.Compact_Mode_Right">
		<control type="panel" id="21">
			<left>640</left>
			<top>195</top>
			<width>535</width>
			<height>360</height>
			<onleft>20</onleft>
			<onright>-</onright>
			<onup>21</onup>
			<ondown>21</ondown>
			<viewtype label="535">list</viewtype>
			<pagecontrol>31</pagecontrol>
			<scrolltime>200</scrolltime>
			<itemlayout height="45" width="535">
				<control type="image">
					<left>5</left>
					<top>5</top>
					<width>35</width>
					<height>35</height>
					<texture background="true">$INFO[listitem.icon]</texture>
				</control>
				<control type="label">
					<left>60</left>
					<top>-1</top>
					<width>465</width>
					<height>45</height>
					<font>size_20</font>
					<textcolor>3_label_nofocus</textcolor>
					<selectedcolor>3_label_selected_alt</selectedcolor>
					<align>left</align>
					<aligny>center</aligny>
					<label>$INFO[ListItem.Label]</label>
				</control>
				<control type="label">
					<left>305</left>
					<top>-1</top>
					<width>220</width>
					<height>45</height>
					<font>size_20</font>
					<textcolor>3_label_nofocus</textcolor>
					<selectedcolor>3_label_selected_alt</selectedcolor>
					<align>right</align>
					<aligny>center</aligny>
					<label>$INFO[ListItem.Label2]</label>
				</control>
			</itemlayout>
			<focusedlayout height="45" width="535">
				<control type="image">
					<left>0</left>
					<top>0</top>
					<width>535</width>
					<height>45</height>
					<texture border="5">windows\file manager\button_focus_alt.png</texture>
				</control>
				<control type="image">
					<left>5</left>
					<top>5</top>
					<width>35</width>
					<height>35</height>
					<texture background="true">$INFO[listitem.icon]</texture>
				</control>
				<control type="label">
					<left>60</left>
					<top>-1</top>
					<width>465</width>
					<height>45</height>
					<font>size_20</font>
					<textcolor>3_label</textcolor>
					<selectedcolor>3_label_selected</selectedcolor>
					<align>left</align>
					<aligny>center</aligny>
					<label>$INFO[ListItem.Label]</label>
				</control>
				<control type="label">
					<left>305</left>
					<top>-1</top>
					<width>220</width>
					<height>45</height>
					<font>size_20</font>
					<textcolor>3_label</textcolor>
					<selectedcolor>3_label_selected</selectedcolor>
					<align>right</align>
					<aligny>center</aligny>
					<label>$INFO[ListItem.Label2]</label>
				</control>
			</focusedlayout>
		</control>
	</include>
	<include name="FileManager.Normal_Mode_Left">
		<control type="panel" id="20">
			<left>105</left>
			<top>195</top>
			<width>1070</width>
			<height>360</height>
			<onleft>30</onleft>
			<onright>21</onright>
			<onup>20</onup>
			<ondown>20</ondown>
			<viewtype label="535">list</viewtype>
			<pagecontrol>30</pagecontrol>
			<scrolltime>200</scrolltime>
			<visible allowhiddenfocus="true">Control.HasFocus(20)</visible>
			<itemlayout height="45" width="1070">
				<control type="image">
					<left>5</left>
					<top>5</top>
					<width>35</width>
					<height>35</height>
					<texture background="true">$INFO[listitem.icon]</texture>
				</control>
				<control type="label">
					<left>60</left>
					<top>-1</top>
					<width>460</width>
					<height>45</height>
					<font>size_20</font>
					<textcolor>3_label_nofocus</textcolor>
					<selectedcolor>3_label_selected_alt</selectedcolor>
					<align>left</align>
					<aligny>center</aligny>
					<label>$INFO[ListItem.Label]</label>
				</control>
				<control type="label">
					<left>790</left>
					<top>-1</top>
					<width>250</width>
					<height>45</height>
					<font>size_20</font>
					<textcolor>3_label_nofocus</textcolor>
					<selectedcolor>3_label_selected_alt</selectedcolor>
					<align>right</align>
					<aligny>center</aligny>
					<label>$INFO[ListItem.Label2]</label>
				</control>
			</itemlayout>
			<focusedlayout height="45" width="1070">
				<control type="image">
					<left>0</left>
					<top>0</top>
					<width>1070</width>
					<height>45</height>
					<texture border="5">windows\file manager\button_focus.png</texture>
				</control>
				<control type="image">
					<left>5</left>
					<top>5</top>
					<width>35</width>
					<height>35</height>
					<texture background="true">$INFO[listitem.icon]</texture>
				</control>
				<control type="label">
					<left>60</left>
					<top>-1</top>
					<width>460</width>
					<height>45</height>
					<font>size_20</font>
					<textcolor>3_label</textcolor>
					<selectedcolor>3_label_selected</selectedcolor>
					<align>left</align>
					<aligny>center</aligny>
					<label>$INFO[ListItem.Label]</label>
				</control>
				<control type="label">
					<left>790</left>
					<top>-1</top>
					<width>250</width>
					<height>45</height>
					<font>size_20</font>
					<textcolor>3_label</textcolor>
					<selectedcolor>3_label_selected</selectedcolor>
					<align>right</align>
					<aligny>center</aligny>
					<label>$INFO[ListItem.Label2]</label>
				</control>
			</focusedlayout>
		</control>
	</include>
	<include name="FileManager.Normal_Mode_Right">
		<control type="panel" id="21">
			<left>105</left>
			<top>195</top>
			<width>1070</width>
			<height>360</height>
			<onleft>20</onleft>
			<onright>-</onright>
			<onup>21</onup>
			<ondown>21</ondown>
			<viewtype label="535">list</viewtype>
			<pagecontrol>31</pagecontrol>
			<scrolltime>200</scrolltime>
			<visible allowhiddenfocus="true">Control.HasFocus(21)</visible>
			<itemlayout height="45" width="1070">
				<control type="image">
					<left>5</left>
					<top>5</top>
					<width>35</width>
					<height>35</height>
					<texture background="true">$INFO[listitem.icon]</texture>
				</control>
				<control type="label">
					<left>60</left>
					<top>-1</top>
					<width>460</width>
					<height>45</height>
					<font>size_20</font>
					<textcolor>3_label_nofocus</textcolor>
					<selectedcolor>3_label_selected_alt</selectedcolor>
					<align>left</align>
					<aligny>center</aligny>
					<label>$INFO[ListItem.Label]</label>
				</control>
				<control type="label">
					<left>790</left>
					<top>-1</top>
					<width>250</width>
					<height>45</height>
					<font>size_20</font>
					<textcolor>3_label_nofocus</textcolor>
					<selectedcolor>3_label_selected_alt</selectedcolor>
					<align>right</align>
					<aligny>center</aligny>
					<label>$INFO[ListItem.Label2]</label>
				</control>
			</itemlayout>
			<focusedlayout height="45" width="1070">
				<control type="image">
					<left>0</left>
					<top>0</top>
					<width>1070</width>
					<height>45</height>
					<texture border="5">windows\file manager\button_focus_alt.png</texture>
				</control>
				<control type="image">
					<left>5</left>
					<top>5</top>
					<width>35</width>
					<height>35</height>
					<texture background="true">$INFO[listitem.icon]</texture>
				</control>
				<control type="label">
					<left>60</left>
					<top>-1</top>
					<width>460</width>
					<height>45</height>
					<font>size_20</font>
					<textcolor>3_label</textcolor>
					<selectedcolor>3_label_selected</selectedcolor>
					<align>left</align>
					<aligny>center</aligny>
					<label>$INFO[ListItem.Label]</label>
				</control>
				<control type="label">
					<left>790</left>
					<top>-1</top>
					<width>250</width>
					<height>45</height>
					<font>size_20</font>
					<textcolor>3_label</textcolor>
					<selectedcolor>3_label_selected</selectedcolor>
					<align>right</align>
					<aligny>center</aligny>
					<label>$INFO[ListItem.Label2]</label>
				</control>
			</focusedlayout>
		</control>
	</include>
	<include name="LoginView">
		<animation type="WindowOpen" reversible="false">
			<effect type="zoom" start="80" end="100" center="640,360" easing="out" tween="Circle" time="500"/>
			<effect type="fade" start="0" end="100" time="500"/>
		</animation>
		<!-- <animation type="WindowClose" reversible="false"> -->
		<!-- <effect type="zoom" start="100" end="80" center="640,360" easing="in" tween="Circle" time="100" /> -->
		<!-- <effect type="fade" start="100" end="0" time="100" /> -->
		<!-- </animation> -->
	</include>
	<include name="Dialog.Effect">
		<animation effect="fade" time="200">WindowOpen</animation>
		<animation effect="fade" time="200">WindowClose</animation>
	</include>
	<include name="Dialog.Effect.Fast">
		<animation effect="fade" time="100">WindowOpen</animation>
		<animation effect="fade" time="100">WindowClose</animation>
	</include>
	<include name="Dialog.Effect.Slow">
		<animation effect="fade" time="300">WindowOpen</animation>
		<animation effect="fade" time="300">WindowClose</animation>
	</include>
	<include name="Dialog.Effect.Zoom.Fast">
		<animation type="WindowOpen" reversible="false">
			<effect type="zoom" start="80" end="100" center="640,360" easing="out" tween="Circle" time="100"/>
			<effect type="fade" start="0" end="100" time="110"/>
		</animation>
		<animation type="WindowClose" reversible="false">
			<effect type="zoom" start="100" end="80" center="640,360" easing="in" tween="Circle" time="100"/>
			<effect type="fade" start="100" end="0" time="110"/>
		</animation>
	</include>
	<include name="Game.List.OpenClose">
		<animation type="WindowOpen" reversible="false">
			<effect type="zoom" start="80" end="100" center="640,360" easing="out" tween="Circle" time="100"/>
			<effect type="fade" start="0" end="100" time="110"/>
		</animation>
		<animation type="WindowClose" reversible="false">
			<effect type="zoom" start="100" end="80" center="640,360" easing="in" tween="Circle" time="100"/>
			<effect type="fade" start="100" end="0" time="110"/>
		</animation>
	</include>
	<include name="Context.Menu.OpenClose">
		<animation type="WindowOpen" reversible="false">
			<effect type="zoom" start="80" end="100" center="640,360" easing="out" tween="Circle" time="100"/>
			<effect type="fade" start="0" end="100" time="110"/>
		</animation>
		<animation type="WindowClose" reversible="false">
			<effect type="zoom" start="100" end="80" center="640,360" easing="in" tween="Circle" time="100"/>
			<effect type="fade" start="100" end="0" time="110"/>
		</animation>
	</include>
	<include name="View.Visible.Effect">
		<animation type="WindowOpen" reversible="false">
			<effect type="zoom" start="80" end="100" center="640,360" easing="out" tween="Circle" time="200"/>
			<effect type="fade" start="0" end="100" time="200"/>
		</animation>
		<animation type="WindowClose" reversible="false">
			<effect type="zoom" start="100" end="80" center="640,360" easing="in" tween="Circle" time="200"/>
			<effect type="fade" start="100" end="0" time="200"/>
		</animation>
	</include>
</includes>