<window id="7">
	<defaultcontrol>95</defaultcontrol>
	<allowoverlay>no</allowoverlay>
	<controls>
		<include>Dialog.Effect.Zoom.Fast</include>
		<include>Global.Backgrounds</include>
		<control type="group">
			<control type="image">
				<left>201</left>
				<top>81</top>
				<width>878</width>
				<height>558</height>
				<aspectratio>stretch</aspectratio>
				<texture>windows\settings\main.png</texture>
			</control>
			<control type="image">
				<left>219</left>
				<top>99</top>
				<width>842</width>
				<height>61</height>
				<aspectratio>stretch</aspectratio>
				<texture>windows\settings\header.png</texture>
			</control>
			<control type="label">
				<left>250</left>
				<top>110</top>
				<width>780</width>
				<height>28</height>
				<font>size_28</font>
				<scroll>true</scroll>
				<align>left</align>
				<textcolor>7_header_label</textcolor>
				<label>138</label>
			</control>
			<control type="grouplist">
				<description>Control Info</description>
				<left>250</left>
				<top>568</top>
				<width>780</width>
				<height>80</height>
				<itemgap>10</itemgap>
				<orientation>Horizontal</orientation>
				<align>center</align>
				<!-- B Button -->
				<control type="image">
					<left>0</left>
					<top>0</top>
					<width>32</width>
					<height>32</height>
					<aspectratio>stretch</aspectratio>
					<texture>pad_buttons\dialogs\B_button.png</texture>
				</control>
				<control type="label">
					<left>0</left>
					<top>0</top>
					<width min="80" max="147">auto</width>
					<height>32</height>
					<font>size_19</font>
					<align>left</align>
					<aligny>center</aligny>
					<textcolor>7_context_label</textcolor>
					<label>Back</label>
				</control>
			</control>
		</control>
		<control type="group">
			<control type="grouplist" id="9000">
				<description>button area</description>
				<left>250</left>
				<top>200</top>
				<width max="230">auto</width>
				<height max="461">auto</height>
				<itemgap>0</itemgap>
				<onleft>9000</onleft>
				<onright>9000</onright>
				<onup>9000</onup>
				<ondown>9000</ondown>
				<control type="button" id="95">
					<description>Button Default Values</description>
					<width>160</width>
					<height>50</height>
					<font>size_18</font>
					<align>center</align>
					<aligny>center</aligny>
					<textcolor>7_label</textcolor>
					<focusedcolor>7_label_focus</focusedcolor>
					<shadowcolor>-</shadowcolor>
					<textoffsetx>0</textoffsetx>
					<texturefocus>windows\settings\button_focus.png</texturefocus>
					<texturenofocus>windows\settings\button_no_focus.png</texturenofocus>
					<label>20037</label>
					<onfocus>SendClick(9000,95)</onfocus>
				</control>
				<control type="button" id="98">
					<description>Button Hardware</description>
					<width>160</width>
					<height>50</height>
					<font>size_18</font>
					<align>center</align>
					<aligny>center</aligny>
					<textcolor>7_label</textcolor>
					<focusedcolor>7_label_focus</focusedcolor>
					<shadowcolor>-</shadowcolor>
					<textoffsetx>0</textoffsetx>
					<texturefocus>windows\settings\button_focus.png</texturefocus>
					<texturenofocus>windows\settings\button_no_focus.png</texturenofocus>
					<label>13281</label>
					<onfocus>SendClick(9000,98)</onfocus>
				</control>
				<control type="button" id="92">
					<description>Button HDD</description>
					<width>160</width>
					<height>50</height>
					<font>size_18</font>
					<align>center</align>
					<aligny>center</aligny>
					<textcolor>7_label</textcolor>
					<focusedcolor>7_label_focus</focusedcolor>
					<shadowcolor>-</shadowcolor>
					<textoffsetx>0</textoffsetx>
					<texturefocus>windows\settings\button_focus.png</texturefocus>
					<texturenofocus>windows\settings\button_no_focus.png</texturenofocus>
					<label>13275</label>
					<onfocus>SendClick(9000,92)</onfocus>
				</control>
				<control type="button" id="96">
					<description>Button Network</description>
					<width>160</width>
					<height>50</height>
					<font>size_18</font>
					<align>center</align>
					<aligny>center</aligny>
					<textcolor>7_label</textcolor>
					<focusedcolor>7_label_focus</focusedcolor>
					<shadowcolor>-</shadowcolor>
					<textoffsetx>0</textoffsetx>
					<texturefocus>windows\settings\button_focus.png</texturefocus>
					<texturenofocus>windows\settings\button_no_focus.png</texturenofocus>
					<label>13279</label>
					<onfocus>SendClick(9000,96)</onfocus>
				</control>
				<control type="button" id="94">
					<description>Button Storage</description>
					<width>160</width>
					<height>50</height>
					<font>size_18</font>
					<align>center</align>
					<aligny>center</aligny>
					<textcolor>7_label</textcolor>
					<focusedcolor>7_label_focus</focusedcolor>
					<shadowcolor>-</shadowcolor>
					<textoffsetx>0</textoffsetx>
					<texturefocus>windows\settings\button_focus.png</texturefocus>
					<texturenofocus>windows\settings\button_no_focus.png</texturenofocus>
					<label>13277</label>
					<onfocus>SendClick(9000,94)</onfocus>
				</control>
				<control type="button" id="97">
					<description>Button Video</description>
					<width>160</width>
					<height>50</height>
					<font>size_18</font>
					<align>center</align>
					<aligny>center</aligny>
					<textcolor>7_label</textcolor>
					<focusedcolor>7_label_focus</focusedcolor>
					<shadowcolor>-</shadowcolor>
					<textoffsetx>0</textoffsetx>
					<texturefocus>windows\settings\button_focus.png</texturefocus>
					<texturenofocus>windows\settings\button_no_focus.png</texturenofocus>
					<label>13280</label>
					<onfocus>SendClick(9000,97)</onfocus>
				</control>
			</control>
		</control>
		<control type="group">
			<control type="group">
				<left>440</left>
				<top>155</top>
				<control type="label" id="2">
					<description>Label 2</description>
					<left>0</left>
					<top>35</top>
					<width>610</width>
					<height>40</height>
					<align>left</align>
					<aligny>center</aligny>
					<label>-</label>
					<font>size_20</font>
					<textcolor>7_label</textcolor>
				</control>
				<control type="label" id="3">
					<description>Label 3</description>
					<left>0</left>
					<top>65</top>
					<width>610</width>
					<height>40</height>
					<align>left</align>
					<aligny>center</aligny>
					<label>-</label>
					<font>size_20</font>
					<textcolor>7_label</textcolor>
				</control>
				<control type="label" id="4">
					<description>Label 4</description>
					<left>0</left>
					<top>95</top>
					<width>610</width>
					<height>40</height>
					<align>left</align>
					<aligny>center</aligny>
					<label>-</label>
					<font>size_20</font>
					<textcolor>7_label</textcolor>
				</control>
				<control type="label" id="5">
					<description>Label 5</description>
					<left>0</left>
					<top>125</top>
					<width>610</width>
					<height>40</height>
					<align>left</align>
					<aligny>center</aligny>
					<label>-</label>
					<font>size_20</font>
					<textcolor>7_label</textcolor>
				</control>
				<control type="label" id="6">
					<description>Label 6</description>
					<left>0</left>
					<top>155</top>
					<width>610</width>
					<height>40</height>
					<align>left</align>
					<aligny>center</aligny>
					<label>-</label>
					<font>size_20</font>
					<textcolor>7_label</textcolor>
				</control>
				<control type="label" id="7">
					<description>Label 7</description>
					<left>0</left>
					<top>185</top>
					<width>610</width>
					<height>40</height>
					<align>left</align>
					<aligny>center</aligny>
					<label>-</label>
					<font>size_20</font>
					<textcolor>7_label</textcolor>
				</control>
				<control type="label" id="8">
					<description>Label 8</description>
					<left>0</left>
					<top>215</top>
					<width>610</width>
					<height>40</height>
					<align>left</align>
					<aligny>center</aligny>
					<label>-</label>
					<font>size_20</font>
					<textcolor>7_label</textcolor>
				</control>
				<control type="label" id="9">
					<description>Label 9</description>
					<left>0</left>
					<top>245</top>
					<width>610</width>
					<height>40</height>
					<align>left</align>
					<aligny>center</aligny>
					<label>-</label>
					<font>size_20</font>
					<textcolor>7_label</textcolor>
				</control>
				<control type="label" id="10">
					<description>Label 10</description>
					<left>0</left>
					<top>275</top>
					<width>610</width>
					<height>40</height>
					<align>left</align>
					<aligny>center</aligny>
					<label>-</label>
					<font>size_20</font>
					<textcolor>7_label</textcolor>
				</control>
				<control type="label" id="11">
					<description>Label 11</description>
					<left>0</left>
					<top>305</top>
					<width>610</width>
					<height>40</height>
					<align>left</align>
					<aligny>center</aligny>
					<label>-</label>
					<font>size_20</font>
					<textcolor>7_label</textcolor>
				</control>
			</control>
			<control type="label" id="52">
				<description>XBMC XBE BUILD Version</description>
				<left>15r</left>
				<top>35r</top>
				<width>1280</width>
				<height>36</height>
				<font>size_18</font>
				<textcolor>$VAR[Alt_Label_Colour]</textcolor>
				<align>right</align>
				<aligny>center</aligny>
			</control>
		</control>
	</controls>
</window>