<window id="12">
	<defaultcontrol>3</defaultcontrol>
	<allowoverlay>no</allowoverlay>
	<controls>
		<include>Global.Backgrounds</include>
		<include>Window.Header</include>
		<control type="group">
			<include>Dialog.Effect.Zoom.Fast</include>
			<control type="image">
				<left>55</left>
				<top>55</top>
				<width>1170</width>
				<height>610</height>
				<aspectratio>stretch</aspectratio>
				<texture>windows\settings_categories\main.png</texture>
			</control>
			<control type="image">
				<left>75</left>
				<top>75</top>
				<width>330</width>
				<height>570</height>
				<aspectratio>stretch</aspectratio>
				<texture>windows\settings_categories\main_overlay.png</texture>
			</control>
			<control type="grouplist">
				<description>Control Info</description>
				<left>415</left>
				<top>580</top>
				<width>775</width>
				<height>80</height>
				<itemgap>10</itemgap>
				<orientation>Horizontal</orientation>
				<align>center</align>
				<!-- A Button -->
				<control type="image">
					<left>0</left>
					<top>0</top>
					<width>32</width>
					<height>32</height>
					<aspectratio>stretch</aspectratio>
					<texture>pad_buttons\dialogs\a_button.png</texture>
				</control>
				<control type="label">
					<left>0</left>
					<top>0</top>
					<width min="80" max="147">auto</width>
					<height>32</height>
					<font>size_19</font>
					<align>left</align>
					<aligny>center</aligny>
					<textcolor>12_context_label</textcolor>
					<label>$LOCALIZE[424]</label>
				</control>
				<!-- B Button -->
				<control type="image">
					<left>0</left>
					<top>0</top>
					<width>32</width>
					<height>32</height>
					<aspectratio>stretch</aspectratio>
					<texture>pad_buttons\dialogs\b_button.png</texture>
				</control>
				<control type="label">
					<left>0</left>
					<top>0</top>
					<width min="80" max="147">auto</width>
					<height>32</height>
					<font>size_19</font>
					<align>left</align>
					<aligny>center</aligny>
					<textcolor>12_context_label</textcolor>
					<label>$LOCALIZE[31166]</label>
				</control>
			</control>
			<control type="grouplist" id="3">
				<description>button area</description>
				<left>75</left>
				<top>105</top>
				<width>330</width>
				<height>510</height>
				<itemgap>4</itemgap>
				<onleft>5</onleft>
				<onright>5</onright>
				<onup>3</onup>
				<ondown>3</ondown>
			</control>
			<control type="grouplist" id="5">
				<description>control area</description>
				<left>415</left>
				<top>105</top>
				<width>775</width>
				<height>445</height>
				<itemgap>4</itemgap>
				<pagecontrol>90</pagecontrol>
				<onleft>3</onleft>
				<onright>-</onright>
				<onup>5</onup>
				<ondown>5</ondown>
			</control>
			<control type="scrollbar" id="90">
				<left>1190</left>
				<top>105</top>
				<width>4</width>
				<height>445</height>
				<include>Fake.ScrollBar.Vertical</include>
			</control>
			<control type="button" id="10">
				<include>Button.Settings.Category.Values_Alt</include>
			</control>
			<control type="button" id="7">
				<include>Button.SkinSettings.Category.Button.Values_Alt</include>
			</control>
			<control type="radiobutton" id="8">
				<include>Button.SkinSettings.Category.RadioButton.Values_alt</include>
			</control>
			<control type="spincontrolex" id="9">
				<include>Button.SkinSettings.Category.RadioButton.Values_alt</include>
			</control>
			<control type="label" id="2">
				<description>Fake Label so we can pass it value down to the one above</description>
				<left>0</left>
				<top>0</top>
				<width>0</width>
				<height>0</height>
				<font>-</font>
				<visible>false</visible>
			</control>
		</control>
	</controls>
</window>