<profiles>
		<lastloaded>0</lastloaded>
		<useloginscreen>true</useloginscreen>
		<profile>
				<name>Manage Profiles</name>
				<directory pathversion="1">special://masterprofile/</directory>
				<thumbnail pathversion="1">special://masterprofile/Thumbnails/Profiles/ManageProfiles.tbn</thumbnail>
				<hasdatabases>true</hasdatabases>
				<canwritedatabases>true</canwritedatabases>
				<hassources>true</hassources>
				<canwritesources>true</canwritesources>
				<useavpacksettings>false</useavpacksettings>
				<lockaddonmanager>false</lockaddonmanager>
				<locksettings>false</locksettings>
				<lockfiles>false</lockfiles>
				<lockmusic>false</lockmusic>
				<lockvideo>false</lockvideo>
				<lockpictures>false</lockpictures>
				<lockprograms>false</lockprograms>
				<lockmode>0</lockmode>
				<lockcode>-</lockcode>
				<lastdate>Has Never Logged In</lastdate>
		</profile>
</profiles>