<Skin name="2 FAST">
		<Information>
				<Author>By Jongo</Author>
				<Version>1</Version>
				<Copyright>2005</Copyright>
				<Skinner Name="UX Architect" Version="1.0c" />
		</Information>
		<IntroMovie>ff2-Intro.wmv</IntroMovie>
		<Filemanager SafeBorder="False">
				<Background>affiche.jpg</Background>
		</Filemanager>
		<LoadingScreen ShowInfo="True">
				<Background>ff2-loading.wmv</Background>
		</LoadingScreen>
		<Main Globe="False" Orb="False" Fog="False">
				<Background EnableAudio="True">ff2.wmv</Background>
				<InfoFont>Square-10.xpr</InfoFont>
				<Text Top="394" Left="395" Width="100" Scroll="1" Color="0xFFFF0080" Source="SongName" Align="Middle" />
				<Text Top="409" Left="536" Width="83" Scroll="0" Color="0xFFFF0080" Source="SkinAuthor" Align="Middle" />
				<Text Top="57" Left="517" Width="100" Scroll="0" Color="0xFFFF0080" Source="F_Free" Align="Left" />
				<Text Top="21" Left="514" Width="100" Scroll="0" Color="0xFFFF0080" Source="E_Free" Align="Left" />
				<Text Top="56" Left="24" Width="100" Scroll="0" Color="0xFFFF0080" Source="C_Free" Align="Left" />
				<Text Top="21" Left="24" Width="100" Scroll="0" Color="0xFFFF0080" Source="DVDTitle" Align="Left" />
				<Image Top="-1" Left="-1" Width="643" Height="482" Opacity="100">2fast frame.png</Image>
				<Image Top="378" Left="383" Width="121" Height="51" Source="GameIcon" />
				<Menu Scroll="True" Smooth="True" Align="Left" ShowIcon="False" Rotate="True" ShowArrows="False">
						<Position Top="206" Left="12" Width="82" Height="131" Fixed="True" FixAt="2" MaxItem="4" />
						<Font>Square-10.xpr</Font>
				</Menu>
				<ColorScheme>
						<AMBIENT_FOGCOLOR>0xFF8080FF</AMBIENT_FOGCOLOR>
						<AMBIENT_SKYCOLOR>0xFF00000F</AMBIENT_SKYCOLOR>
						<AMBIENT_CELLCOLOR>0xFF0080FF</AMBIENT_CELLCOLOR>
						<CAPTION_TEXTCOLOR>0xFFFFFFFF</CAPTION_TEXTCOLOR>
						<CAPTION_BACKCOLOR>0xFF0080FF</CAPTION_BACKCOLOR>
						<DIALOG_BORDERCOLOR>0xFF0080FF</DIALOG_BORDERCOLOR>
						<DIALOG_BACKCOLOR>0x9F000000</DIALOG_BACKCOLOR>
						<DIALOG_INNER_BORDERCOLOR>0xFF0080FF</DIALOG_INNER_BORDERCOLOR>
						<DIALOG_INNER_BACKCOLOR>0xFF000000</DIALOG_INNER_BACKCOLOR>
						<DIALOG_TEXTCOLOR>0xFFFFFFFF</DIALOG_TEXTCOLOR>
						<DIALOG_DISABLEDTEXT>0xFFB3B3B4</DIALOG_DISABLEDTEXT>
						<OPTION_TEXTCOLOR>0xFFFFFFFF</OPTION_TEXTCOLOR>
						<OPTION_ACTIVETEXTCOLOR>0xFFFFFFFF</OPTION_ACTIVETEXTCOLOR>
						<OPTION_ACTIVEBACKCOLOR>0xFF0080FF</OPTION_ACTIVEBACKCOLOR>
						<BUTTON_BORDERCOLOR>0xFFFFFFFF</BUTTON_BORDERCOLOR>
						<BUTTON_TEXTCOLOR>0xFFFFFFFF</BUTTON_TEXTCOLOR>
						<BUTTON_BACKCOLOR>0x980000A0</BUTTON_BACKCOLOR>
						<BUTTON_ACTIVETEXTCOLOR>0xFFFFFFFF</BUTTON_ACTIVETEXTCOLOR>
						<BUTTON_ACTIVEBACKCOLOR>0xFF0080FF</BUTTON_ACTIVEBACKCOLOR>
						<KB_KEYBG_HIGHLIGHT>0xFF0080FF</KB_KEYBG_HIGHLIGHT>
						<KB_KEYBG_DISABLED>0xFFC0C0C0</KB_KEYBG_DISABLED>
						<KB_KEY_PRESSED>0xFF008000</KB_KEY_PRESSED>
						<KB_KEY_NORMAL>0xFF000000</KB_KEY_NORMAL>
						<KB_KEY_DISABLED>0xFFFFFFFF</KB_KEY_DISABLED>
						<KB_KEY_ACTIVEBORDER>0xFF808080</KB_KEY_ACTIVEBORDER>
						<KB_KEY_TEXTCOLOR>0xFF000000</KB_KEY_TEXTCOLOR>
						<KB_KEY_TEXTBACKCOLOR>0xFFFFFFFF</KB_KEY_TEXTBACKCOLOR>
						<KB_KEY_TEXTBORDERCOLOR>0xFFFFFF00</KB_KEY_TEXTBORDERCOLOR>
						<MENU_TEXTCOLOR>0xFFFF0080</MENU_TEXTCOLOR>
						<MENU_ACTIVETEXTCOLOR>0xFF00FFFF</MENU_ACTIVETEXTCOLOR>
						<MENU_BORDERCOLOR>0xFFFF0080</MENU_BORDERCOLOR>
						<MENU_ACTIVEBACKCOLOR>0x60FFFF00</MENU_ACTIVEBACKCOLOR>
						<MENU_ACTIVEBORDERCOLOR>0xFFFF0080</MENU_ACTIVEBORDERCOLOR>
				</ColorScheme>
		</Main>
</Skin>