<Skin name="SplinterCellCT_gilNOT">
		<Information>
				<Author>gilNOT</Author>
				<Version>1</Version>
				<Copyright>2005</Copyright>
				<Skinner Name="UX Architect" Version="1.0c" />
		</Information>
		<Filemanager SafeBorder="False">
				<Background>scctFM.jpg</Background>
		</Filemanager>
		<LoadingScreen ShowInfo="False">
				<Background>gilNOT_LoadingSC3.wmv</Background>
		</LoadingScreen>
		<Main Globe="False" Orb="False" Fog="False">
				<Background EnableAudio="False">gilNOT_BackgroundSC3.wmv</Background>
				<InfoFont>Trebuchet-12.xpr</InfoFont>
				<Text Top="459" Left="230" Width="62" Scroll="2" Color="0xFFC0C0C0" Source="Created by gilNOT" Align="Left" />
				<Text Top="456" Left="433" Width="211" Scroll="0" Color="0xFFFFFFFF" Source="IP" Align="Left" />
				<Text Top="437" Left="433" Width="211" Scroll="0" Color="0xFFFFFFFF" Source="F_FreeMB" Align="Left" />
				<Text Top="418" Left="433" Width="211" Scroll="0" Color="0xFFFFFFFF" Source="E_FreeMB" Align="Left" />
				<Text Top="398" Left="433" Width="211" Scroll="0" Color="0xFFFFFFFF" Source="C_FreeMB" Align="Left" />
				<Text Top="379" Left="433" Width="150" Scroll="1" Color="0xFFFFFFFF" Source="DVDTitle" Align="Left" />
				<Text Top="50" Left="484" Width="80" Scroll="0" Color="0xFFFFFFFF" Source="SongTime" Align="Left" />
				<Text Top="380" Left="4150" Width="200" Scroll="0" Color="0xFF000000" Source="E_FreeMB" Align="Left" />
				<Text Top="8" Left="16" Width="200" Scroll="0" Color="0xFFFFFFFF" Source="$DateTime$" Align="Left" />
				<Text Top="1" Left="290" Width="337" Scroll="2" Color="0xFFFFFFFF" Source="Newsfeed" Align="Left" />
				<Text Top="31" Left="481" Width="148" Scroll="1" Color="0xFFFFFFFF" Source="SongName" Align="Left" />
				<Image Top="325" Left="-7" Width="241" Height="169" Opacity="100">gilNOTX_MENU_SC3.png</Image>
				<Image Top="162" Left="-7" Width="227" Height="167" Opacity="100">gilNOT_SC3_logo.png</Image>
				<Image Source="GamePreview" />
				<Menu Scroll="True" Align="Left" ShowIcon="False">
						<Preview EnableAudio="True" Top="191" Left="405" Width="231" Height="170" />
						<Position Top="371" Left="47" Width="156" Height="94" Fixed="False" FixAt="2" MaxItem="4" />
						<Font>CenturyGothic-12.xpr</Font>
				</Menu>
				<ColorScheme>
						<AMBIENT_FOGCOLOR>0x0000FF00</AMBIENT_FOGCOLOR>
						<AMBIENT_SKYCOLOR>0x00FFFF00</AMBIENT_SKYCOLOR>
						<AMBIENT_CELLCOLOR>0x00FF0000</AMBIENT_CELLCOLOR>
						<CAPTION_TEXTCOLOR>0xFFFFFFFF</CAPTION_TEXTCOLOR>
						<CAPTION_BACKCOLOR>0xB6004000</CAPTION_BACKCOLOR>
						<DIALOG_BORDERCOLOR>0xFF008000</DIALOG_BORDERCOLOR>
						<DIALOG_BACKCOLOR>0x50000000</DIALOG_BACKCOLOR>
						<DIALOG_INNER_BORDERCOLOR>0xFF00C100</DIALOG_INNER_BORDERCOLOR>
						<DIALOG_INNER_BACKCOLOR>0x96000000</DIALOG_INNER_BACKCOLOR>
						<DIALOG_TEXTCOLOR>0xFFFFFFFF</DIALOG_TEXTCOLOR>
						<DIALOG_DISABLEDTEXT>0x77C0C0C0</DIALOG_DISABLEDTEXT>
						<OPTION_TEXTCOLOR>0xFFFFFFFF</OPTION_TEXTCOLOR>
						<OPTION_ACTIVETEXTCOLOR>0xFFFFFFFF</OPTION_ACTIVETEXTCOLOR>
						<OPTION_ACTIVEBACKCOLOR>0x5D000040</OPTION_ACTIVEBACKCOLOR>
						<BUTTON_BORDERCOLOR>0xFF00B300</BUTTON_BORDERCOLOR>
						<BUTTON_TEXTCOLOR>0xFFFFFFFF</BUTTON_TEXTCOLOR>
						<BUTTON_BACKCOLOR>0xB4004000</BUTTON_BACKCOLOR>
						<BUTTON_ACTIVETEXTCOLOR>0xFFFFFFFF</BUTTON_ACTIVETEXTCOLOR>
						<BUTTON_ACTIVEBACKCOLOR>0xD100A653</BUTTON_ACTIVEBACKCOLOR>
						<KB_KEYBG_HIGHLIGHT>0xFF800000</KB_KEYBG_HIGHLIGHT>
						<KB_KEYBG_DISABLED>0xFF000000</KB_KEYBG_DISABLED>
						<KB_KEY_PRESSED>0xFFFF0000</KB_KEY_PRESSED>
						<KB_KEY_NORMAL>0xFF9F5000</KB_KEY_NORMAL>
						<KB_KEY_DISABLED>0xFFFF0000</KB_KEY_DISABLED>
						<KB_KEY_ACTIVEBORDER>0xFFFF0000</KB_KEY_ACTIVEBORDER>
						<KB_KEY_TEXTCOLOR>0xFF000000</KB_KEY_TEXTCOLOR>
						<KB_KEY_TEXTBACKCOLOR>0xFFFFFFFF</KB_KEY_TEXTBACKCOLOR>
						<KB_KEY_TEXTBORDERCOLOR>0xFF800000</KB_KEY_TEXTBORDERCOLOR>
						<MENU_TEXTCOLOR>0xFFFFFFFF</MENU_TEXTCOLOR>
						<MENU_ACTIVETEXTCOLOR>0xFF0FFF0F</MENU_ACTIVETEXTCOLOR>
				</ColorScheme>
		</Main>
</Skin>