<colors>
	<!-- XBMC4Gamers v2.2+ 000 -->
	<!-- ------ -->
	<!-- Home Screen -->
	<color name="colour.home.underlay.diffuse">FF1E1E1E</color>
	<color name="colour.home.random.underlay.diffuse">FF1E1E1E</color>
	<color name="colour.home.button.focus.diffuse">FF065f7C</color>
	<color name="colour.home.button.nofocus.diffuse">FF2A2929</color>
	<color name="colour.home.guides.focus.diffuse">FF065f7C</color>
	<color name="colour.home.guides.nofocus.diffuse">502A2929</color>
	<!-- labels -->
	<color name="colour.home.label.title">FFFFFFFF</color>
	<color name="colour.home.label.shadow">50000000</color>
	<color name="colour.home.label.randoms">FFA4A4A4</color>
	<color name="colour.home.label.synopsis">FFDADADA</color>
	<color name="colour.home.label.synopsis2">FFA4A4A4</color>
	<!-- buttons -->
	<color name="colour.home.button.nofocus">FF666666</color>
	<!-- Dialogs -->
	<!-- diffuse if using custom image set as FFFFFFFF -->
	<color name="colour.dialog.diffuse.main">FF3C3C3C</color>
	<color name="colour.dialog.diffuse.main.overlay">FF4C4C4D</color>
	<color name="colour.dialog.diffuse.header">FF2A2929</color>
	<color name="colour.dialog.diffuse.filemanager.focus.left">FF065f7C</color>
	<color name="colour.dialog.diffuse.button.focus">FF065f7C</color>
	<color name="colour.dialog.diffuse.button.nofocus">FF2A2929</color>
	<color name="colour.dialog.diffuse.progress.bar">FFD9D9D9</color>
	<color name="colour.dialog.diffuse.scroll.indicator">FF065f7C</color>
	<!-- labels -->
	<color name="colour.dialog.label.context">FFC7C7C7</color>
	<color name="colour.dialog.label.disabled">FF666666</color>
	<color name="colour.dialog.label.header">FFC7C7C7</color>
	<color name="colour.dialog.label.nofocus">FFC7C7C7</color>
	<color name="colour.dialog.label.selected">FF399EDA</color>
	<color name="colour.dialog.label.info.text">FFC7C7C7</color>
	<!-- buttons -->
	<color name="colour.dialog.button.nofocus">FFC7C7C7</color>
	<color name="colour.dialog.button.disabled">FF666666</color>
	<!-- Volume/kaitoast/seek -->
	<!-- diffuse if using custom image set as FFFFFFFF -->
	<color name="colour.dialog.volumekaitoast.diffuse.main">FF3C3C3C</color>
	<color name="colour.dialog.volumekaitoast.diffuse.icon">FFC7C7C7</color>
	<color name="colour.dialog.volumekaitoast.diffuse.progress.bar">FFD9D9D9</color>
	<!-- labels -->
	<color name="colour.dialog.volumekaitoast.label">FFC7C7C7</color>
	<color name="colour.dialog.volumekaitoast.label.header">FFC7C7C7</color>
	<!-- Default/General -->
	<!-- labels default -->
	<color name="colour.default.label">FFC7C7C7</color>
	<color name="colour.default.label.disabled">FF666666</color>
	<!-- diffuse general if using custom image set as FFFFFFFF -->
	<color name="colour.general.diffuse.main">FF3C3C3C</color>
	<color name="colour.general.diffuse.main.overlay">FF4C4C4D</color>
	<color name="colour.general.diffuse.header">FF2A2929</color>
	<color name="colour.general.diffuse.button.focus">FF065f7C</color>
	<color name="colour.general.diffuse.button.nofocus">FF2A2929</color>
	<!-- labels general -->
	<color name="colour.general.label">FFC7C7C7</color>
	<color name="colour.general.label.context">FFC7C7C7</color>
	<color name="colour.general.label.header">FFC7C7C7</color>
	<color name="colour.general.label.selected">FF399EDA</color>
	<color name="colour.general.label.info.text">FFC7C7C7</color>
	<!-- buttons general -->
	<color name="colour.general.button.nofocus">FFC7C7C7</color>
	<!-- Settings -->
	<!-- diffuse if using custom image set as FFFFFFFF -->
	<color name="colour.settings.diffuse.main">FF3C3C3C</color>
	<color name="colour.settings.diffuse.main.overlay">FF4C4C4D</color>
	<color name="colour.settings.diffuse.header">FF2A2929</color>
	<color name="colour.settings.diffuse.root.focus">FF065f7C</color>
	<color name="colour.settings.diffuse.root.nofocus">FF676767</color>
	<color name="colour.settings.diffuse.category.focus">FF065f7C</color>
	<color name="colour.settings.diffuse.category.nofocus">FF2A2929</color>
	<!-- labels -->
	<color name="colour.settings.label2">FFC7C7C7</color>
	<color name="colour.settings.label.context">FFC7C7C7</color>
	<color name="colour.settings.label.disabled">FF666666</color>
	<color name="colour.settings.label.header">FFC7C7C7</color>
	<color name="colour.settings.label.info.text">FFC7C7C7</color>
	<!-- buttons -->
	<color name="colour.settings.button.nofocus">FFC7C7C7</color>
	<color name="colour.settings.button.category.nofocus">FFC7C7C7</color>
	<!-- Context buttons (bottom of screen) -->
	<!-- labels -->
	<color name="colour.context.buttons.label">FFC7C7C7</color>
	<!-- Other screen -->
	<!-- labels -->
	<color name="colour.variables.logo">FFC7C7C7</color>
	<!-- View files -->
	<!-- View 75 -->
	<color name="colour.view75.text">FFFFFFFF</color>
	<color name="colour.view75.icons">FFFFFFFF</color>
	<color name="colour.view75.info.star">FFFFFFFF</color>
	<color name="colour.view75.info.star.alt">60FFFFFF</color>
	<color name="colour.view75.shadow">50000000</color>
	<color name="colour.view75.underlay.diffuse">FF1E1E1E</color>
</colors>