<widgets xmlns="http://tempuri.org/widgets.xsd">
		<progressbar>
				<!-- The progressbar widget consists of 3 segments, the left egde, the center
	     segment, and the right edge segment. All 3 will be scaled.
	     All 3 segments can be loaded from the same gfx file. Just use the x, y,
	     width, and height properties to specify what regions of the file you want
	     to use for each segment.
	     
	        .- - - - - - - - - - - - - - - - - - - - - - - - .
	       |  left  |            center             |  right  |
	       |        |                               |         |
	        `- - - - - - - - - - - - - - - - - - - - - - - - ' 
	      -->
				<gfx>
						<left>
								<filename>widgets\progressbar\left.png</filename>
								<x>0</x>
								<y>0</y>
								<width>16</width>
								<height>35</height>
						</left>
						<center>
								<filename>widgets\progressbar\center.png</filename>
								<x>0</x>
								<y>0</y>
								<width>100</width>
								<height>35</height>
						</center>
						<right>
								<filename>widgets\progressbar\right.png</filename>
								<x>0</x>
								<y>0</y>
								<width>16</width>
								<height>35</height>
						</right>
				</gfx>
				<text active="1">
						<font>
								<filename>default.ttf</filename>
								<size>12</size>
								<bold>1</bold>
								<italic>0</italic>
						</font>
						<align>center</align>
				</text>
		</progressbar>
</widgets>