<window id="1100">
		<defaultcontrol always="true">9001</defaultcontrol>
		<controls>
				<include>CommonBackground</include>
				<!-- disabled for now -->
				<control type="image.">
						<description>background image</description>
						<posx>0</posx>
						<posy>0</posy>
						<width>1280</width>
						<height>720</height>
						<texture>Special://xbmc/scripts/XBMC4Gamers Extras/synopsis/resources/textures/synopsis_black-back.png</texture>
						<animation effect="fade" start="0" end="100" delay="0" time="100">WindowOpen</animation>
						<animation effect="fade" start="100" end="0" delay="300" time="100">WindowClose</animation>
				</control>
				<!--                   -->
				<!-- New Synopsis view -->
				<!--                   -->
				<control type="group">
						<visible>Skin.HasSetting(SynopsisMode) + Skin.HasSetting(Synopsis)</visible>
						<!-- background + fanart -->
						<control type="image">
								<posx>520</posx>
								<posy>70</posy>
								<width>720</width>
								<height>570</height>
								<aspectratio>scale</aspectratio>
								<texture>$INFO[Window(MyPrograms).Property(Synopsis_fanart)]</texture>
								<animation effect="fade" start="0" end="100" delay="900" time="400">WindowOpen</animation>
								<animation effect="fade" start="100" end="0" delay="0" time="0">WindowClose</animation>
						</control>
						<control type="image">
								<description>background image</description>
								<posx>440</posx>
								<posy>70</posy>
								<width>800</width>
								<height>570</height>
								<texture>Special://xbmc/scripts/XBMC4Gamers Extras/synopsis/resources/textures/synopsis_overlay.png</texture>
								<aspectratio>stretch</aspectratio>
								<animation effect="fade" start="0" end="100" delay="400" time="400">WindowOpen</animation>
								<animation effect="fade" start="100" end="0" delay="200" time="100">WindowClose</animation>
						</control>
						<control type="image">
								<description>background overlay</description>
								<posx>440</posx>
								<posy>70</posy>
								<width>80</width>
								<height>570</height>
								<texture>Special://xbmc/scripts/XBMC4Gamers Extras/synopsis/resources/textures/synopsis_black-back.png</texture>
								<aspectratio>stretch</aspectratio>
								<animation effect="fade" start="0" end="100" delay="400" time="400">WindowOpen</animation>
								<animation effect="fade" start="100" end="0" delay="200" time="100">WindowClose</animation>
						</control>
						<control type="image">
								<description>No poster image</description>
								<posx>40</posx>
								<posy>70</posy>
								<width>390</width>
								<height>570</height>
								<texture>Special://xbmc/scripts/XBMC4Gamers Extras/synopsis/resources/textures/synopsis_overlay.png</texture>
								<aspectratio>stretch</aspectratio>
								<animation effect="fade" start="0" end="100" delay="400" time="400">WindowOpen</animation>
								<animation effect="fade" start="100" end="0" delay="200" time="100">WindowClose</animation>
						</control>
						<!-- Poster image -->
						<control type="image">
								<description>Poster image</description>
								<posx>40</posx>
								<posy>70</posy>
								<width>390</width>
								<height>570</height>
								<texture fallback="Special://xbmc/scripts/XBMC4Gamers Extras/synopsis/resources/textures/synopsis_no_poster.png">$INFO[Window(MyPrograms).Property(Synopsis_poster)]</texture>
								<bordersize>10</bordersize>
								<aspectratio>stretch</aspectratio>
								<animation effect="fade" start="0" end="100" delay="400" time="400">WindowOpen</animation>
								<animation effect="fade" start="100" end="0" delay="0" time="100">WindowClose</animation>
						</control>
						<!-- Synopsis overview section -->
						<control type="group">
								<visible>ControlGroup(9001).HasFocus(10)</visible>
								<animation effect="fade" start="0" end="100" delay="800" time="600">WindowOpen</animation>
								<animation effect="fade" start="100" end="0" delay="0" time="100">WindowClose</animation>
								<control type="label">
										<description>Synopsis Title alt</description>
										<posx>552</posx>
										<posy>95</posy>
										<width>650</width>
										<height>0</height>
										<font>synopsis_font35</font>
										<textcolor>$INFO[Window(MyPrograms).Property(Synopsis_colour_2)]</textcolor>
										<align>left</align>
										<label>[B]$INFO[Window(MyPrograms).Property(Synopsis_title_alt)][/B]</label>
								</control>
								<control type="label">
										<description>Synopsis Title ID alt</description>
										<posx>552</posx>
										<posy>155</posy>
										<width>650</width>
										<height>0</height>
										<font>synopsis_font18</font>
										<textcolor>$INFO[Window(MyPrograms).Property(Synopsis_colour_2)]</textcolor>
										<align>left</align>
										<label>$INFO[Window(MyPrograms).Property(Synopsis_label_1)] $INFO[Window(MyPrograms).Property(Synopsis_titleid_alt)]</label>
								</control>
								<control type="label">
										<description>Synopsis Label</description>
										<posx>552</posx>
										<posy>210</posy>
										<width>650</width>
										<height>0</height>
										<font>synopsis_font28</font>
										<textcolor>$INFO[Window(MyPrograms).Property(Synopsis_colour_2)]</textcolor>
										<align>left</align>
										<label>$INFO[Window(MyPrograms).Property(Synopsis_label_2)]</label>
								</control>
								<control type="textbox">
										<description>Synopsis Description alt</description>
										<posx>552</posx>
										<posy>255</posy>
										<width>650</width>
										<height>215</height>
										<font>synopsis_font18</font>
										<textcolor>$INFO[Window(MyPrograms).Property(Synopsis_colour_2)]</textcolor>
										<align>left</align>
										<scrolltime>200</scrolltime>
										<autoscroll delay="10000" time="1000" repeat="10000" condition="ControlGroup(9001).HasFocus(10)">Conditional</autoscroll>
										<label>$INFO[Window(MyPrograms).Property(Synopsis_overview_alt)]</label>
								</control>
								<control type="label">
										<description>Rating label</description>
										<posx>552</posx>
										<posy>488</posy>
										<width>325</width>
										<height>0</height>
										<font>synopsis_font28</font>
										<textcolor>$INFO[Window(MyPrograms).Property(Synopsis_colour_2)]</textcolor>
										<align>left</align>
										<label>$INFO[Window(MyPrograms).Property(Synopsis_label_3)]</label>
								</control>
								<control type="image">
										<description>Rating star 0</description>
										<posx>545</posx>
										<posy>532</posy>
										<width>185</width>
										<height>33</height>
										<texture>Special://xbmc/scripts/XBMC4Gamers Extras/synopsis/resources/textures/star_rating\rating$INFO[Window(MyPrograms).Property(Synopsis_rating_alt)].png</texture>
										<aspectratio>stretch</aspectratio>
								</control>
								<control type="label">
										<description>Rating star label</description>
										<posx>730</posx>
										<posy>539</posy>
										<width>50</width>
										<height>0</height>
										<font>synopsis_font21</font>
										<textcolor>$INFO[Window(MyPrograms).Property(Synopsis_colour_2)]</textcolor>
										<align>left</align>
										<label>$INFO[Window(MyPrograms).Property(Synopsis_label_4)]</label>
								</control>
								<control type="image">
										<description>Banner image</description>
										<posx>855</posx>
										<posy>488</posy>
										<width>355</width>
										<height>80</height>
										<texture fallback="Special://xbmc/scripts/XBMC4Gamers Extras/synopsis/resources/textures/synopsis_no_banner.png">$INFO[Window(MyPrograms).Property(Synopsis_banner)]</texture>
										<aspectratio>stretch</aspectratio>
								</control>
						</control>
						<!-- Full Synopsis -->
						<control type="grouplist">
								<visible>ControlGroup(9001).HasFocus(11) + Skin.HasSetting(nodefaultxml)</visible>
								<posx>552</posx>
								<posy>95</posy>
								<width>670</width>
								<height>500</height>
								<itemgap>23</itemgap>
								<animation effect="fade" start="0" end="100" delay="800" time="600">WindowOpen</animation>
								<animation effect="fade" start="100" end="0" delay="0" time="100">WindowClose</animation>
								<control type="label">
										<description>Synopsis No default.xml found</description>
										<posx>0</posx>
										<posy>0</posy>
										<width>670</width>
										<height>0</height>
										<font>synopsis_font18</font>
										<textcolor>$INFO[Window(MyPrograms).Property(Synopsis_colour_2)]</textcolor>
										<align>left</align>
										<aligny>left</aligny>
										<label>[COLOR=$INFO[Window(MyPrograms).Property(Synopsis_colour_1)]]$INFO[Window(MyPrograms).Property(Synopsis_title)][/COLOR][CR]$INFO[Window(MyPrograms).Property(Synopsis_developer)]</label>
										<visible>Skin.HasSetting(nodefaultxml)</visible>
								</control>
						</control>
						<control type="grouplist">
								<visible>ControlGroup(9001).HasFocus(11) + !Skin.HasSetting(nodefaultxml)</visible>
								<posx>552</posx>
								<posy>95</posy>
								<width>670</width>
								<height>500</height>
								<itemgap>23</itemgap>
								<animation effect="fade" start="0" end="100" delay="800" time="600">WindowOpen</animation>
								<animation effect="fade" start="100" end="0" delay="0" time="100">WindowClose</animation>
								<control type="label">
										<description>Synopsis Title</description>
										<posx>0</posx>
										<posy>0</posy>
										<width>670</width>
										<height>0</height>
										<font>synopsis_font18</font>
										<textcolor>$INFO[Window(MyPrograms).Property(Synopsis_colour_2)]</textcolor>
										<align>left</align>
										<aligny>left</aligny>
										<label>[COLOR=$INFO[Window(MyPrograms).Property(Synopsis_colour_1)]]$INFO[Window(MyPrograms).Property(Synopsis_label_5)][/COLOR] $INFO[Window(MyPrograms).Property(Synopsis_title)]</label>
								</control>
								<control type="label">
										<description>Synopsis Developer</description>
										<posx>0</posx>
										<posy>0</posy>
										<width>670</width>
										<height>0</height>
										<font>synopsis_font18</font>
										<textcolor>$INFO[Window(MyPrograms).Property(Synopsis_colour_2)]</textcolor>
										<align>left</align>
										<aligny>left</aligny>
										<label>[COLOR=$INFO[Window(MyPrograms).Property(Synopsis_colour_1)]]$INFO[Window(MyPrograms).Property(Synopsis_label_6)][/COLOR] $INFO[Window(MyPrograms).Property(Synopsis_developer)]</label>
								</control>
								<control type="label">
										<description>Synopsis Publisher</description>
										<posx>0</posx>
										<posy>0</posy>
										<width>670</width>
										<height>0</height>
										<font>synopsis_font18</font>
										<textcolor>$INFO[Window(MyPrograms).Property(Synopsis_colour_2)]</textcolor>
										<align>left</align>
										<aligny>left</aligny>
										<label>[COLOR=$INFO[Window(MyPrograms).Property(Synopsis_colour_1)]]$INFO[Window(MyPrograms).Property(Synopsis_label_7)][/COLOR] $INFO[Window(MyPrograms).Property(Synopsis_publisher)]</label>
								</control>
								<control type="label">
										<description>Synopsis Offline</description>
										<posx>0</posx>
										<posy>0</posy>
										<width>670</width>
										<height>0</height>
										<font>synopsis_font18</font>
										<textcolor>$INFO[Window(MyPrograms).Property(Synopsis_colour_2)]</textcolor>
										<align>left</align>
										<aligny>left</aligny>
										<label>[COLOR=$INFO[Window(MyPrograms).Property(Synopsis_colour_1)]]$INFO[Window(MyPrograms).Property(Synopsis_label_8)][/COLOR] $INFO[Window(MyPrograms).Property(Synopsis_features_general)]</label>
								</control>
								<control type="label">
										<description>Synopsis Online</description>
										<posx>0</posx>
										<posy>0</posy>
										<width>670</width>
										<height>0</height>
										<font>synopsis_font18</font>
										<textcolor>$INFO[Window(MyPrograms).Property(Synopsis_colour_2)]</textcolor>
										<align>left</align>
										<aligny>left</aligny>
										<label>[COLOR=$INFO[Window(MyPrograms).Property(Synopsis_colour_1)]]$INFO[Window(MyPrograms).Property(Synopsis_label_9)][/COLOR] $INFO[Window(MyPrograms).Property(Synopsis_features_online)]</label>
								</control>
								<control type="label">
										<description>Synopsis ESRB</description>
										<posx>0</posx>
										<posy>0</posy>
										<width>670</width>
										<height>0</height>
										<font>synopsis_font18</font>
										<textcolor>$INFO[Window(MyPrograms).Property(Synopsis_colour_2)]</textcolor>
										<align>left</align>
										<aligny>left</aligny>
										<label>[COLOR=$INFO[Window(MyPrograms).Property(Synopsis_colour_1)]]$INFO[Window(MyPrograms).Property(Synopsis_label_10)][/COLOR] $INFO[Window(MyPrograms).Property(Synopsis_esrb)]</label>
								</control>
								<control type="label">
										<description>Synopsis ESRB Descriptors</description>
										<posx>0</posx>
										<posy>0</posy>
										<width>670</width>
										<height>0</height>
										<font>synopsis_font18</font>
										<textcolor>$INFO[Window(MyPrograms).Property(Synopsis_colour_2)]</textcolor>
										<align>left</align>
										<aligny>left</aligny>
										<label>[COLOR=$INFO[Window(MyPrograms).Property(Synopsis_colour_1)]]$INFO[Window(MyPrograms).Property(Synopsis_label_11)][/COLOR] $INFO[Window(MyPrograms).Property(Synopsis_esrb_descriptors)]</label>
								</control>
								<control type="label">
										<description>Synopsis Genre</description>
										<posx>0</posx>
										<posy>0</posy>
										<width>670</width>
										<height>0</height>
										<font>synopsis_font18</font>
										<textcolor>$INFO[Window(MyPrograms).Property(Synopsis_colour_2)]</textcolor>
										<align>left</align>
										<aligny>left</aligny>
										<label>[COLOR=$INFO[Window(MyPrograms).Property(Synopsis_colour_1)]]$INFO[Window(MyPrograms).Property(Synopsis_label_12)][/COLOR] $INFO[Window(MyPrograms).Property(Synopsis_genre)]</label>
								</control>
								<control type="label">
										<description>Synopsis Release Date</description>
										<posx>0</posx>
										<posy>0</posy>
										<width>670</width>
										<height>0</height>
										<font>synopsis_font18</font>
										<textcolor>$INFO[Window(MyPrograms).Property(Synopsis_colour_2)]</textcolor>
										<align>left</align>
										<aligny>left</aligny>
										<label>[COLOR=$INFO[Window(MyPrograms).Property(Synopsis_colour_1)]]$INFO[Window(MyPrograms).Property(Synopsis_label_13)][/COLOR] $INFO[Window(MyPrograms).Property(Synopsis_release_date)]</label>
								</control>
								<control type="label">
										<description>Synopsis Rating</description>
										<posx>0</posx>
										<posy>0</posy>
										<width>670</width>
										<height>0</height>
										<font>synopsis_font18</font>
										<textcolor>$INFO[Window(MyPrograms).Property(Synopsis_colour_2)]</textcolor>
										<align>left</align>
										<aligny>left</aligny>
										<label>[COLOR=$INFO[Window(MyPrograms).Property(Synopsis_colour_1)]]$INFO[Window(MyPrograms).Property(Synopsis_label_14)][/COLOR] $INFO[Window(MyPrograms).Property(Synopsis_rating)]</label>
								</control>
								<control type="label">
										<description>Synopsis Platform</description>
										<posx>0</posx>
										<posy>0</posy>
										<width>670</width>
										<height>0</height>
										<font>synopsis_font18</font>
										<textcolor>$INFO[Window(MyPrograms).Property(Synopsis_colour_2)]</textcolor>
										<align>left</align>
										<aligny>left</aligny>
										<label>[COLOR=$INFO[Window(MyPrograms).Property(Synopsis_colour_1)]]$INFO[Window(MyPrograms).Property(Synopsis_label_15)][/COLOR] $INFO[Window(MyPrograms).Property(Synopsis_platform)]</label>
								</control>
								<control type="label">
										<description>Synopsis Exclusive</description>
										<posx>0</posx>
										<posy>0</posy>
										<width>670</width>
										<height>0</height>
										<font>synopsis_font18</font>
										<textcolor>$INFO[Window(MyPrograms).Property(Synopsis_colour_2)]</textcolor>
										<align>left</align>
										<aligny>left</aligny>
										<label>[COLOR=$INFO[Window(MyPrograms).Property(Synopsis_colour_1)]]$INFO[Window(MyPrograms).Property(Synopsis_label_16)][/COLOR] $INFO[Window(MyPrograms).Property(Synopsis_exclusive)]</label>
								</control>
								<control type="label">
										<description>Synopsis TitleId</description>
										<posx>0</posx>
										<posy>0</posy>
										<width>670</width>
										<height>0</height>
										<font>synopsis_font18</font>
										<textcolor>$INFO[Window(MyPrograms).Property(Synopsis_colour_2)]</textcolor>
										<align>left</align>
										<aligny>left</aligny>
										<label>[COLOR=$INFO[Window(MyPrograms).Property(Synopsis_colour_1)]]$INFO[Window(MyPrograms).Property(Synopsis_label_17)][/COLOR] $INFO[Window(MyPrograms).Property(Synopsis_titleid)]</label>
								</control>
						</control>
						<control type="textbox">
								<description>Synopsis Description</description>
								<posx>552</posx>
								<posy>400</posy>
								<width>670</width>
								<height>215</height>
								<font>synopsis_font18</font>
								<textcolor>$INFO[Window(MyPrograms).Property(Synopsis_colour_2)]</textcolor>
								<align>left</align>
								<scrolltime>200</scrolltime>
								<autoscroll delay="10000" time="1000" repeat="10000" condition="ControlGroup(9001).HasFocus(2)">Conditional</autoscroll>
								<label>[COLOR=$INFO[Window(MyPrograms).Property(Synopsis_colour_1)]]$INFO[Window(MyPrograms).Property(Synopsis_label_18)][/COLOR] $INFO[Window(MyPrograms).Property(Synopsis_overview)]</label>
								<visible>ControlGroup(9001).HasFocus(11) + !Skin.HasSetting(nodefaultxml)</visible>
								<animation effect="fade" start="0" end="100" delay="800" time="600">WindowOpen</animation>
								<animation effect="fade" start="100" end="0" delay="0" time="100">WindowClose</animation>
						</control>
						<!-- Screenshots and video preview -->
						<control type="multiimage">
								<description>Screenshots window</description>
								<posx>530</posx>
								<posy>80</posy>
								<width>700</width>
								<height>550</height>
								<imagepath>$INFO[Window(MyPrograms).Property(Synopsis_screenshots)]</imagepath>
								<timeperimage>5000</timeperimage>
								<fadetime>1000</fadetime>
								<pauseatend>0</pauseatend>
								<randomize>true</randomize>
								<loop>yes</loop>
								<aspectratio>keep</aspectratio>
								<visible>ControlGroup(9001).HasFocus(12)</visible>
								<animation effect="fade" start="0" end="100" delay="800" time="600">WindowOpen</animation>
								<animation effect="fade" start="100" end="0" delay="0" time="100">WindowClose</animation>
						</control>
						<control type="textbox">
								<posx>530</posx>
								<posy>325</posy>
								<width>700</width>
								<height>275</height>
								<font>synopsis_font35</font>
								<align>center</align>
								<textcolor>20FFFFFF</textcolor>
								<label>[B]$INFO[Window(MyPrograms).Property(Synopsis_Video_Preview_Name)][/B]</label>
								<visible>ControlGroup(9001).HasFocus(13)</visible>
								<animation effect="fade" start="0" end="100" delay="800" time="600">WindowOpen</animation>
								<animation effect="fade" start="100" end="0" delay="0" time="0">WindowClose</animation>
						</control>
						<control type="videowindow">
								<description>video preview window</description>
								<posx>530</posx>
								<posy>80</posy>
								<width>700</width>
								<height>550</height>
								<visible>ControlGroup(9001).HasFocus(13)</visible>
								<animation effect="fade" start="0" end="100" delay="800" time="600">WindowOpen</animation>
								<animation effect="fade" start="100" end="0" delay="0" time="100">WindowClose</animation>
						</control>
						<control type="group">
								<animation effect="fade" start="0" end="100" delay="500" time="600">WindowOpen</animation>
								<animation effect="fade" start="100" end="0" delay="0" time="100">WindowClose</animation>
								<!--  Side buttons -->
								<control type="grouplist" id="9001">
										<posx>440</posx>
										<posy>195</posy>
										<width>80</width>
										<height>400</height>
										<itemgap>0</itemgap>
										<pagecontrol>-</pagecontrol>
										<onleft>-</onleft>
										<onright>-</onright>
										<onup>9001</onup>
										<ondown>9001</ondown>
										<control type="button" id="10">
												<description>Synopsis overview</description>
												<width>80</width>
												<height>80</height>
												<label>-</label>
												<onclick>RunXBE($INFO[Window(MyPrograms).Property(Synopsis_xbe)])</onclick>
												<texturenofocus>-</texturenofocus>
												<texturefocus>Special://xbmc/scripts/XBMC4Gamers Extras/synopsis/resources/textures/synopsis_button-focus.png</texturefocus>
										</control>
										<control type="button" id="11">
												<description>Synopsis Full</description>
												<width>80</width>
												<height>80</height>
												<label>-</label>
												<texturenofocus>-</texturenofocus>
												<texturefocus>Special://xbmc/scripts/XBMC4Gamers Extras/synopsis/resources/textures/synopsis_button-focus.png</texturefocus>
										</control>
										<control type="button" id="12">
												<description>Synopsis Screenshots</description>
												<width>80</width>
												<height>80</height>
												<label>-</label>
												<texturenofocus>-</texturenofocus>
												<texturefocus>Special://xbmc/scripts/XBMC4Gamers Extras/synopsis/resources/textures/synopsis_button-focus.png</texturefocus>
										</control>
										<control type="button" id="13">
												<description>Synopsis Video</description>
												<width>80</width>
												<height>80</height>
												<label>-</label>
												<onclick>PlayWith($INFO[Window(MyPrograms).Property(Player_Type)])</onclick>
												<onclick>playmedia($INFO[Window(MyPrograms).Property(Synopsis_Video_Preview_Path)],1,noresume)</onclick>
												<!-- <onfocus>PlayWith($INFO[Window(MyPrograms).Property(Player_Type)])</onfocus> -->
												<!-- <onfocus>playmedia($INFO[Window(MyPrograms).Property(Synopsis_Video_Preview_Path)],1,noresume)</onfocus> -->
												<texturenofocus>-</texturenofocus>
												<texturefocus>Special://xbmc/scripts/XBMC4Gamers Extras/synopsis/resources/textures/synopsis_button-focus.png</texturefocus>
										</control>
								</control>
								<!-- Icons -->
								<control type="image">
										<description>Synopsis overview icon</description>
										<posx>440</posx>
										<posy>195</posy>
										<width>80</width>
										<height>80</height>
										<texture>Special://xbmc/scripts/XBMC4Gamers Extras/synopsis/resources/textures/synopsis_controller.png</texture>
										<aspectratio>keep</aspectratio>
								</control>
								<control type="image">
										<description>Full synopsis Info</description>
										<posx>440</posx>
										<posy>275</posy>
										<width>80</width>
										<height>80</height>
										<texture>Special://xbmc/scripts/XBMC4Gamers Extras/synopsis/resources/textures/synopsis_full.png</texture>
										<aspectratio>stretch</aspectratio>
								</control>
								<control type="image">
										<description>Screenshot</description>
										<posx>440</posx>
										<posy>355</posy>
										<width>80</width>
										<height>80</height>
										<texture>Special://xbmc/scripts/XBMC4Gamers Extras/synopsis/resources/textures/synopsis_screenshots.png</texture>
										<aspectratio>stretch</aspectratio>
								</control>
								<control type="image">
										<description>Play Video</description>
										<posx>440</posx>
										<posy>435</posy>
										<width>80</width>
										<height>80</height>
										<texture>Special://xbmc/scripts/XBMC4Gamers Extras/synopsis/resources/textures/synopsis_video.png</texture>
										<aspectratio>stretch</aspectratio>
								</control>
						</control>
				</control>
				<!--                   -->
				<!-- Old Synopsis view -->
				<!--                   -->
				<control type="group">
						<visible>Skin.HasSetting(SynopsisMode) + Skin.HasSetting(Synopsis_alt_view)</visible>
						<control type="group">
								<control type="image">
										<posx>39</posx>
										<posy>59</posy>
										<width>1202</width>
										<height>614</height>
										<aspectratio>stretch</aspectratio>
										<texture diffuse="Special://xbmc/scripts/XBMC4Gamers Extras/synopsis/resources/textures/synopsis_diffuse.png">$INFO[Window(MyPrograms).Property(Synopsis_fanart)]</texture>
										<animation effect="fade" start="0" end="100" delay="900" time="400">WindowOpen</animation>
										<animation effect="fade" start="100" end="0" delay="0" time="0">WindowClose</animation>
								</control>
								<control type="image">
										<description>background image</description>
										<posx>39</posx>
										<posy>59</posy>
										<width>1202</width>
										<height>614</height>
										<texture>Special://xbmc/scripts/XBMC4Gamers Extras/synopsis/resources/textures/synopsis_background.png</texture>
										<aspectratio>stretch</aspectratio>
										<animation effect="fade" start="0" end="100" delay="400" time="400">WindowOpen</animation>
										<animation effect="fade" start="100" end="0" delay="200" time="100">WindowClose</animation>
								</control>
								<control type="label">
										<posx>74</posx>
										<posy>94</posy>
										<width>173</width>
										<height>252</height>
										<font>synopsis_font17</font>
										<align>center</align>
										<aligny>center</aligny>
										<textcolor>20FFFFFF</textcolor>
										<label>[B]$INFO[Window(MyPrograms).Property(Synopsis_label_19)][/B]</label>
										<animation effect="fade" start="0" end="100" delay="700" time="400">WindowOpen</animation>
										<animation effect="fade" start="100" end="0" delay="0" time="100">WindowClose</animation>
								</control>
								<control type="image">
										<description>Poster image</description>
										<posx>74</posx>
										<posy>94</posy>
										<width>173</width>
										<height>252</height>
										<texture>$INFO[Window(MyPrograms).Property(Synopsis_poster)]</texture>
										<aspectratio>stretch</aspectratio>
										<animation effect="fade" start="0" end="100" delay="800" time="400">WindowOpen</animation>
										<animation effect="fade" start="100" end="0" delay="0" time="100">WindowClose</animation>
								</control>
								<control type="label">
										<posx>270</posx>
										<posy>94</posy>
										<width>457</width>
										<height>252</height>
										<font>synopsis_font35</font>
										<align>center</align>
										<aligny>center</aligny>
										<textcolor>20FFFFFF</textcolor>
										<label>[B]$INFO[Window(MyPrograms).Property(Synopsis_label_20)][/B]</label>
										<animation effect="fade" start="0" end="100" delay="800" time="400">WindowOpen</animation>
										<animation effect="fade" start="100" end="0" delay="0" time="100">WindowClose</animation>
								</control>
								<control type="multiimage">
										<description>Screenshots window</description>
										<posx>270</posx>
										<posy>94</posy>
										<width>457</width>
										<height>252</height>
										<imagepath>$INFO[Window(MyPrograms).Property(Synopsis_screenshots)]</imagepath>
										<animation effect="fade" start="0" end="100" delay="800" time="400">WindowOpen</animation>
										<animation effect="fade" start="100" end="0" delay="0" time="100">WindowClose</animation>
										<timeperimage>5000</timeperimage>
										<fadetime>1000</fadetime>
										<pauseatend>0</pauseatend>
										<randomize>true</randomize>
										<loop>yes</loop>
										<aspectratio>stretch</aspectratio>
								</control>
								<control type="label">
										<posx>749</posx>
										<posy>94</posy>
										<width>457</width>
										<height>252</height>
										<font>synopsis_font35</font>
										<align>center</align>
										<aligny>center</aligny>
										<textcolor>20FFFFFF</textcolor>
										<label>[B]$INFO[Window(MyPrograms).Property(Synopsis_Video_Preview_Name)][/B]</label>
										<animation effect="fade" start="0" end="100" delay="800" time="400">WindowOpen</animation>
										<animation effect="fade" start="100" end="0" delay="0" time="100">WindowClose</animation>
								</control>
								<control type="videowindow">
										<description>video preview window</description>
										<posx>749</posx>
										<posy>94</posy>
										<width>457</width>
										<height>252</height>
										<animation effect="fade" start="0" end="100" delay="800" time="400">WindowOpen</animation>
										<animation effect="fade" start="100" end="0" delay="0" time="100">WindowClose</animation>
								</control>
								<control type="grouplist">
										<animation effect="fade" start="0" end="100" delay="800" time="400">WindowOpen</animation>
										<animation effect="fade" start="100" end="0" delay="0" time="100">WindowClose</animation>
										<visible>Skin.HasSetting(nodefaultxml)</visible>
										<posx>69</posx>
										<posy>355</posy>
										<width>1202</width>
										<height>300</height>
										<itemgap>23</itemgap>
										<control type="label">
												<description>Synopsis No default.xml found</description>
												<posx>0</posx>
												<posy>0</posy>
												<width>567</width>
												<height>0</height>
												<font>synopsis_font18</font>
												<textcolor>$INFO[Window(MyPrograms).Property(Synopsis_colour_2)]</textcolor>
												<align>left</align>
												<aligny>left</aligny>
												<label>[COLOR=$INFO[Window(MyPrograms).Property(Synopsis_colour_1)]]$INFO[Window(MyPrograms).Property(Synopsis_title)][/COLOR][CR]$INFO[Window(MyPrograms).Property(Synopsis_developer)]</label>
												<visible>Skin.HasSetting(nodefaultxml)</visible>
										</control>
								</control>
								<control type="grouplist">
										<animation effect="fade" start="0" end="100" delay="800" time="400">WindowOpen</animation>
										<animation effect="fade" start="100" end="0" delay="0" time="100">WindowClose</animation>
										<visible>!Skin.HasSetting(nodefaultxml)</visible>
										<posx>69</posx>
										<posy>355</posy>
										<width>1202</width>
										<height>300</height>
										<itemgap>23</itemgap>
										<control type="label">
												<description>Synopsis Title</description>
												<posx>0</posx>
												<posy>0</posy>
												<width>567</width>
												<height>0</height>
												<font>synopsis_font18</font>
												<textcolor>$INFO[Window(MyPrograms).Property(Synopsis_colour_2)]</textcolor>
												<align>left</align>
												<aligny>left</aligny>
												<label>[COLOR=$INFO[Window(MyPrograms).Property(Synopsis_colour_1)]]$INFO[Window(MyPrograms).Property(Synopsis_label_5)][/COLOR] $INFO[Window(MyPrograms).Property(Synopsis_title)]</label>
										</control>
										<control type="label">
												<description>Synopsis Developer</description>
												<posx>0</posx>
												<posy>0</posy>
												<width>567</width>
												<height>0</height>
												<font>synopsis_font18</font>
												<textcolor>$INFO[Window(MyPrograms).Property(Synopsis_colour_2)]</textcolor>
												<align>left</align>
												<aligny>left</aligny>
												<label>[COLOR=$INFO[Window(MyPrograms).Property(Synopsis_colour_1)]]$INFO[Window(MyPrograms).Property(Synopsis_label_6)][/COLOR] $INFO[Window(MyPrograms).Property(Synopsis_developer)]</label>
										</control>
										<control type="label">
												<description>Synopsis Publisher</description>
												<posx>0</posx>
												<posy>0</posy>
												<width>567</width>
												<height>0</height>
												<font>synopsis_font18</font>
												<textcolor>$INFO[Window(MyPrograms).Property(Synopsis_colour_2)]</textcolor>
												<align>left</align>
												<aligny>left</aligny>
												<label>[COLOR=$INFO[Window(MyPrograms).Property(Synopsis_colour_1)]]$INFO[Window(MyPrograms).Property(Synopsis_label_7)][/COLOR] $INFO[Window(MyPrograms).Property(Synopsis_publisher)]</label>
										</control>
										<control type="label">
												<description>Synopsis Offline</description>
												<posx>0</posx>
												<posy>0</posy>
												<width>567</width>
												<height>0</height>
												<font>synopsis_font18</font>
												<textcolor>$INFO[Window(MyPrograms).Property(Synopsis_colour_2)]</textcolor>
												<align>left</align>
												<aligny>left</aligny>
												<label>[COLOR=$INFO[Window(MyPrograms).Property(Synopsis_colour_1)]]$INFO[Window(MyPrograms).Property(Synopsis_label_8)][/COLOR] $INFO[Window(MyPrograms).Property(Synopsis_features_general)]</label>
										</control>
										<control type="label">
												<description>Synopsis Online</description>
												<posx>0</posx>
												<posy>0</posy>
												<width>567</width>
												<height>0</height>
												<font>synopsis_font18</font>
												<textcolor>$INFO[Window(MyPrograms).Property(Synopsis_colour_2)]</textcolor>
												<align>left</align>
												<aligny>left</aligny>
												<label>[COLOR=$INFO[Window(MyPrograms).Property(Synopsis_colour_1)]]$INFO[Window(MyPrograms).Property(Synopsis_label_9)][/COLOR] $INFO[Window(MyPrograms).Property(Synopsis_features_online)]</label>
										</control>
										<control type="label">
												<description>Synopsis ESRB</description>
												<posx>0</posx>
												<posy>0</posy>
												<width>567</width>
												<height>0</height>
												<font>synopsis_font18</font>
												<textcolor>$INFO[Window(MyPrograms).Property(Synopsis_colour_2)]</textcolor>
												<align>left</align>
												<aligny>left</aligny>
												<label>[COLOR=$INFO[Window(MyPrograms).Property(Synopsis_colour_1)]]$INFO[Window(MyPrograms).Property(Synopsis_label_10)][/COLOR] $INFO[Window(MyPrograms).Property(Synopsis_esrb)]</label>
										</control>
										<control type="label">
												<description>Synopsis ESRB Descriptors</description>
												<posx>0</posx>
												<posy>0</posy>
												<width>567</width>
												<height>0</height>
												<font>synopsis_font18</font>
												<textcolor>$INFO[Window(MyPrograms).Property(Synopsis_colour_2)]</textcolor>
												<align>left</align>
												<aligny>left</aligny>
												<label>[COLOR=$INFO[Window(MyPrograms).Property(Synopsis_colour_1)]]$INFO[Window(MyPrograms).Property(Synopsis_label_11)][/COLOR] $INFO[Window(MyPrograms).Property(Synopsis_esrb_descriptors)]</label>
										</control>
										<control type="label">
												<description>Synopsis Genre</description>
												<posx>0</posx>
												<posy>0</posy>
												<width>567</width>
												<height>0</height>
												<font>synopsis_font18</font>
												<textcolor>$INFO[Window(MyPrograms).Property(Synopsis_colour_2)]</textcolor>
												<align>left</align>
												<aligny>left</aligny>
												<label>[COLOR=$INFO[Window(MyPrograms).Property(Synopsis_colour_1)]]$INFO[Window(MyPrograms).Property(Synopsis_label_12)][/COLOR] $INFO[Window(MyPrograms).Property(Synopsis_genre)]</label>
										</control>
										<control type="label">
												<description>Synopsis Release Date</description>
												<posx>0</posx>
												<posy>0</posy>
												<width>567</width>
												<height>0</height>
												<font>synopsis_font18</font>
												<textcolor>$INFO[Window(MyPrograms).Property(Synopsis_colour_2)]</textcolor>
												<align>left</align>
												<aligny>left</aligny>
												<label>[COLOR=$INFO[Window(MyPrograms).Property(Synopsis_colour_1)]]$INFO[Window(MyPrograms).Property(Synopsis_label_13)][/COLOR] $INFO[Window(MyPrograms).Property(Synopsis_release_date)]</label>
										</control>
										<control type="label">
												<description>Synopsis Rating</description>
												<posx>0</posx>
												<posy>0</posy>
												<width>670</width>
												<height>0</height>
												<font>synopsis_font18</font>
												<textcolor>$INFO[Window(MyPrograms).Property(Synopsis_colour_2)]</textcolor>
												<align>left</align>
												<aligny>left</aligny>
												<label>[COLOR=$INFO[Window(MyPrograms).Property(Synopsis_colour_1)]]$INFO[Window(MyPrograms).Property(Synopsis_label_14)][/COLOR] $INFO[Window(MyPrograms).Property(Synopsis_rating)]</label>
										</control>
										<control type="label">
												<description>Synopsis Platform</description>
												<posx>0</posx>
												<posy>0</posy>
												<width>567</width>
												<height>0</height>
												<font>synopsis_font18</font>
												<textcolor>$INFO[Window(MyPrograms).Property(Synopsis_colour_2)]</textcolor>
												<align>left</align>
												<aligny>left</aligny>
												<label>[COLOR=$INFO[Window(MyPrograms).Property(Synopsis_colour_1)]]$INFO[Window(MyPrograms).Property(Synopsis_label_15)][/COLOR] $INFO[Window(MyPrograms).Property(Synopsis_platform)]</label>
										</control>
										<control type="label">
												<description>Synopsis Exclusive</description>
												<posx>0</posx>
												<posy>0</posy>
												<width>567</width>
												<height>0</height>
												<font>synopsis_font18</font>
												<textcolor>$INFO[Window(MyPrograms).Property(Synopsis_colour_2)]</textcolor>
												<align>left</align>
												<aligny>left</aligny>
												<label>[COLOR=$INFO[Window(MyPrograms).Property(Synopsis_colour_1)]]$INFO[Window(MyPrograms).Property(Synopsis_label_16)][/COLOR] $INFO[Window(MyPrograms).Property(Synopsis_exclusive)]</label>
										</control>
										<control type="label">
												<description>Synopsis TitleId</description>
												<posx>0</posx>
												<posy>0</posy>
												<width>567</width>
												<height>0</height>
												<font>synopsis_font18</font>
												<textcolor>$INFO[Window(MyPrograms).Property(Synopsis_colour_2)]</textcolor>
												<align>left</align>
												<aligny>left</aligny>
												<label>[COLOR=$INFO[Window(MyPrograms).Property(Synopsis_colour_1)]]$INFO[Window(MyPrograms).Property(Synopsis_label_17)][/COLOR] $INFO[Window(MyPrograms).Property(Synopsis_titleid)]</label>
										</control>
								</control>
								<control type="textbox">
										<description>Synopsis Description</description>
										<posx>639</posx>
										<posy>355</posy>
										<width>567</width>
										<height>298</height>
										<font>synopsis_font18</font>
										<textcolor>$INFO[Window(MyPrograms).Property(Synopsis_colour_2)]</textcolor>
										<align>left</align>
										<scrolltime>200</scrolltime>
										<autoscroll delay="10000" time="1000" repeat="10000" condition="true">Conditional</autoscroll>
										<label>[COLOR=$INFO[Window(MyPrograms).Property(Synopsis_colour_1)]]$INFO[Window(MyPrograms).Property(Synopsis_label_18)][/COLOR] $INFO[Window(MyPrograms).Property(Synopsis_overview)]</label>
										<visible>!Skin.HasSetting(nodefaultxml)</visible>
										<animation effect="fade" start="0" end="100" delay="800" time="400">WindowOpen</animation>
										<animation effect="fade" start="100" end="0" delay="0" time="100">WindowClose</animation>
								</control>
						</control>
						<control type="grouplist" id="9001">
								<posx>-500</posx>
								<posy>195</posy>
								<width>80</width>
								<height>400</height>
								<itemgap>0</itemgap>
								<pagecontrol>-</pagecontrol>
								<onleft>-</onleft>
								<onright>-</onright>
								<onup>-</onup>
								<ondown>-</ondown>
								<control type="button" id="10">
										<width>80</width>
										<height>80</height>
										<onclick>PlayWith($INFO[Window(MyPrograms).Property(Player_Type)])</onclick>
										<onclick>Playmedia($INFO[Window(MyPrograms).Property(Synopsis_Video_Preview_Path)],1,noresume)</onclick>
										<onclick>SetFocus(12)</onclick>
										<texturenofocus>-</texturenofocus>
										<texturefocus>-</texturefocus>
										<visible>!Skin.HasSetting(Synopsis_Autoplay)</visible>
								</control>
								<control type="button" id="10">
										<width>80</width>
										<height>80</height>
										<onfocus>PlayWith($INFO[Window(MyPrograms).Property(Player_Type)])</onfocus>
										<onfocus>Playmedia($INFO[Window(MyPrograms).Property(Synopsis_Video_Preview_Path)],1,noresume)</onfocus>
										<onfocus>SetFocus(12)</onfocus>
										<texturenofocus>-</texturenofocus>
										<texturefocus>-</texturefocus>
										<visible>Skin.HasSetting(Synopsis_Autoplay)</visible>
								</control>
								<control type="button" id="12">
										<onclick>Stop</onclick>
										<onclick>SetFocus(10)</onclick>
								</control>
						</control>
				</control>
				<!--            -->
				<!-- Video mode -->
				<!--            -->
				<control type="group">
						<visible>!Skin.HasSetting(SynopsisMode)</visible>
						<control type="image">
								<posx>100</posx>
								<posy>59</posy>
								<width>1080</width>
								<height>614</height>
								<aspectratio>stretch</aspectratio>
								<texture diffuse="Special://xbmc/scripts/XBMC4Gamers Extras/synopsis/resources/textures/synopsis_diffuse.png">$INFO[listitem.path,,_resources\artwork\fanart.jpg]</texture>
								<animation effect="fade" start="0" end="100" delay="900" time="400">WindowOpen</animation>
								<animation effect="fade" start="100" end="0" delay="0" time="100">WindowClose</animation>
						</control>
						<control type="image">
								<description>background image</description>
								<posx>100</posx>
								<posy>59</posy>
								<width>1080</width>
								<height>614</height>
								<texture>Special://xbmc/scripts/XBMC4Gamers Extras/synopsis/resources/textures/synopsis_background_alt.png</texture>
								<aspectratio>stretch</aspectratio>
								<animation effect="fade" start="0" end="100" delay="400" time="400">WindowOpen</animation>
								<animation effect="fade" start="100" end="0" delay="200" time="100">WindowClose</animation>
						</control>
						<control type="label">
								<posx>100</posx>
								<posy>68</posy>
								<width>1080</width>
								<height>608</height>
								<font>synopsis_font35</font>
								<align>center</align>
								<aligny>center</aligny>
								<textcolor>20FFFFFF</textcolor>
								<label>[B]$INFO[Window(MyPrograms).Property(Synopsis_Video_Preview_Name)][/B]</label>
								<visible>!Player.HasVideo</visible>
								<animation effect="fade" start="0" end="0" delay="0" time="0">Visible</animation>
								<animation effect="fade" start="0" end="100" delay="1200" time="400">WindowOpen</animation>
								<animation effect="fade" start="100" end="0" delay="0" time="100">WindowClose</animation>
						</control>
						<control type="videowindow">
								<description>video preview window</description>
								<posx>110</posx>
								<posy>74</posy>
								<width>1058</width>
								<height>586</height>
								<animation effect="fade" start="0" end="100" delay="1000" time="1000">WindowOpen</animation>
								<animation effect="fade" start="100" end="0" delay="0" time="100">WindowClose</animation>
						</control>
						<control type="grouplist" id="9001">
								<posx>-500</posx>
								<posy>195</posy>
								<width>80</width>
								<height>400</height>
								<itemgap>0</itemgap>
								<pagecontrol>-</pagecontrol>
								<onleft>-</onleft>
								<onright>-</onright>
								<onup>-</onup>
								<ondown>-</ondown>
								<control type="button" id="10">
										<width>80</width>
										<height>80</height>
										<onfocus>PlayWith(dvdplayer)</onfocus>
										<onfocus>Playmedia($INFO[Window(MyPrograms).Property(Preview_default)],1,noresume)</onfocus>
										<texturenofocus>-</texturenofocus>
										<texturefocus>-</texturefocus>
										<visible>!Skin.HasSetting(PreviewExtension)</visible>
								</control>
								<control type="button" id="10">
										<width>80</width>
										<height>80</height>
										<onfocus>PlayWith(mplayer)</onfocus>
										<onfocus>Playmedia($INFO[Window(MyPrograms).Property(Preview_alt)],1,noresume)</onfocus>
										<texturenofocus>-</texturenofocus>
										<texturefocus>-</texturefocus>
										<visible>Skin.HasSetting(PreviewExtension)</visible>
								</control>
						</control>
				</control>
				<include>Context_Buttons</include>
		</controls>
</window>