<window id="0">
		<defaultcontrol always="true">1</defaultcontrol>
		<allowoverlay>no</allowoverlay>
		<controls>
				<control type="image">
						<posx>0</posx>
						<posy>0</posy>
						<width>1280</width>
						<height>720</height>
						<texture fallback="Background.png">$INFO[skin.string(background_color)]</texture>
						<aspectratio>stretch</aspectratio>
				</control>
				<control type="image">
						<posx>0</posx>
						<posy>0</posy>
						<width>1280</width>
						<height>720</height>
						<texture>background diffuse.png</texture>
						<colordiffuse>$VAR[var-bgcustcolour]</colordiffuse>
						<aspectratio>stretch</aspectratio>
				</control>
				<control type="image">
						<posx>0</posx>
						<posy>0</posy>
						<width>1280</width>
						<height>720</height>
						<texture>$INFO[skin.string(background_image)]</texture>
						<aspectratio>scale</aspectratio>
				</control>
				<control type="button" id="1">
						<posx>-500</posx>
						<onfocus>ActivateWindow(Programs)</onfocus>
						<animation effect="fade" start="0" end="100" delay="100" time="0">Focus</animation>
				</control>
				<!-- Debug Info -->
				<include>Debug</include>
		</controls>
</window>