<includes>
		<include name="FanartView">
				<control type="group">
						<visible>Control.IsVisible(57) + !Control.IsVisible(50) + !Window.IsVisible(134)</visible>
						<include>Window_OpenClose_Animation</include>
						<control type="panel" id="57">
								<posx>0</posx>
								<posy>0</posy>
								<width>1280</width>
								<height>720</height>
								<onleft>-</onleft>
								<onright>-</onright>
								<onup>117</onup>
								<ondown>-</ondown>
								<viewtype label="Fanart">Panel</viewtype>
								<pagecontrol>74</pagecontrol>
								<scrolltime>300</scrolltime>
								<focusposition>0</focusposition>
								<movement>0</movement>
								<orientation>horizontal</orientation>
								<preloaditems>4</preloaditems>
								<itemlayout width="1280" height="720">
										<control type="image">
												<description>background image</description>
												<posx>100</posx>
												<posy>59</posy>
												<width>1080</width>
												<height>614</height>
												<texture>view_background_alt.png</texture>
												<aspectratio>stretch</aspectratio>
										</control>
										<control type="image">
												<posx>100</posx>
												<posy>59</posy>
												<width>1080</width>
												<height>614</height>
												<aspectratio>stretch</aspectratio>
												<texture background="true" diffuse="view_diffuse.png" fallback="no_fanart.png">$INFO[listitem.path,,fanart.jpg]</texture>
												<visible>!Skin.HasSetting(_recourcesenabled)</visible>
										</control>
										<control type="image">
												<posx>100</posx>
												<posy>59</posy>
												<width>1080</width>
												<height>614</height>
												<aspectratio>stretch</aspectratio>
												<texture background="true" diffuse="view_diffuse.png" fallback="no_fanart.png">$INFO[listitem.path,,_resources\artwork\fanart.jpg]</texture>
												<visible>Skin.HasSetting(_recourcesenabled)</visible>
										</control>
										<control type="image">
												<posx>100</posx>
												<posy>59</posy>
												<width>1080</width>
												<height>614</height>
												<aspectratio>stretch</aspectratio>
												<texture diffuse="view_diffuse_alt.png">black-back.png</texture>
												<visible>!Skin.HasSetting(fanartoverlayenabled)</visible>
										</control>
										<control type="label">
												<posx>640</posx>
												<posy>627</posy>
												<width>1070</width>
												<height>35</height>
												<font>size_35</font>
												<textcolor>white</textcolor>
												<scroll>true</scroll>
												<align>center</align>
												<aligny>center</aligny>
												<label>[UPPERCASE]$INFO[ListItem.Label][/UPPERCASE]</label>
												<visible>!Skin.HasSetting(fanartoverlayenabled)</visible>
										</control>
										<control type="image">
												<posx>113</posx>
												<posy>630</posy>
												<width>30</width>
												<height>30</height>
												<aspectratio>stretch</aspectratio>
												<texture>overlay-watched.png</texture>
												<visible>IntegerGreaterThan(ListItem.ProgramCount,0)</visible>
												<animation reversible="false" effect="fade" start="100" end="80" time="0" condition="true">Conditional</animation>
										</control>
										<control type="image">
												<posx>142r</posx>
												<posy>630</posy>
												<width>30</width>
												<height>30</height>
												<aspectratio>stretch</aspectratio>
												<texture>$INFO[listitem.overlay]</texture>
												<animation reversible="false" effect="fade" start="100" end="80" time="0" condition="true">Conditional</animation>
										</control>
								</itemlayout>
								<focusedlayout width="1280" height="720">
										<control type="image">
												<description>background image</description>
												<posx>100</posx>
												<posy>59</posy>
												<width>1080</width>
												<height>614</height>
												<texture>view_background_alt.png</texture>
												<aspectratio>stretch</aspectratio>
										</control>
										<control type="image">
												<posx>100</posx>
												<posy>59</posy>
												<width>1080</width>
												<height>614</height>
												<aspectratio>stretch</aspectratio>
												<texture background="true" diffuse="view_diffuse.png" fallback="no_fanart.png">$INFO[listitem.path,,fanart.jpg]</texture>
												<visible>!Skin.HasSetting(_recourcesenabled)</visible>
										</control>
										<control type="image">
												<posx>100</posx>
												<posy>59</posy>
												<width>1080</width>
												<height>614</height>
												<aspectratio>stretch</aspectratio>
												<texture background="true" diffuse="view_diffuse.png" fallback="no_fanart.png">$INFO[listitem.path,,_resources\artwork\fanart.jpg]</texture>
												<visible>Skin.HasSetting(_recourcesenabled)</visible>
										</control>
										<control type="image">
												<posx>100</posx>
												<posy>59</posy>
												<width>1080</width>
												<height>614</height>
												<aspectratio>stretch</aspectratio>
												<texture diffuse="view_diffuse_alt.png">black-back.png</texture>
												<visible>!Skin.HasSetting(fanartoverlayenabled)</visible>
										</control>
										<control type="label">
												<posx>640</posx>
												<posy>627</posy>
												<width>1070</width>
												<height>35</height>
												<font>size_35</font>
												<textcolor>white</textcolor>
												<scroll>true</scroll>
												<align>center</align>
												<aligny>center</aligny>
												<label>[UPPERCASE]$INFO[ListItem.Label][/UPPERCASE]</label>
												<visible>!Skin.HasSetting(fanartoverlayenabled)</visible>
										</control>
										<control type="image">
												<posx>113</posx>
												<posy>630</posy>
												<width>30</width>
												<height>30</height>
												<aspectratio>stretch</aspectratio>
												<texture>overlay-watched.png</texture>
												<visible>IntegerGreaterThan(ListItem.ProgramCount,0)</visible>
												<animation reversible="false" effect="fade" start="100" end="80" time="0" condition="true">Conditional</animation>
										</control>
										<control type="image">
												<posx>142r</posx>
												<posy>630</posy>
												<width>30</width>
												<height>30</height>
												<aspectratio>stretch</aspectratio>
												<texture>$INFO[listitem.overlay]</texture>
												<animation reversible="false" effect="fade" start="100" end="80" time="0" condition="true">Conditional</animation>
										</control>
								</focusedlayout>
						</control>
						<!-- Scroll bar fails to work due to the scrolltime being set to 200 :-/ -->
						<control type="scrollbar" id="74">
								<posx>150</posx>
								<posy>48r</posy>
								<width>980</width>
								<height>10</height>
								<texturesliderbackground border="2,2,2,2">black-back.png</texturesliderbackground>
								<texturesliderbar border="16,2,16,2">scrollbar_bar-vertical.png</texturesliderbar>
								<texturesliderbarfocus border="16,2,16,2">scrollbar_bar_focus-vertical.png</texturesliderbarfocus>
								<textureslidernib>scrollbar_nib-vertical.png</textureslidernib>
								<textureslidernibfocus>scrollbar_nib-vertical.png</textureslidernibfocus>
								<onup>57</onup>
								<ondown>-</ondown>
								<showonepage>false</showonepage>
								<orientation>horizontal</orientation>
								<visible allowhiddenfocus="true">Control.HasFocus(74)</visible>
								<animation reversible="true" effect="fade" start="0" end="100" delay="" time="300">visible</animation>
								<animation reversible="true" effect="fade" start="100" end="0" delay="" time="300">hidden</animation>
						</control>
				</control>
		</include>
</includes>