<includes>
		<include name="PosterView">
				<control type="group">
						<visible>Control.IsVisible(50) + !Window.IsVisible(134)</visible>
						<include>Window_OpenClose_Animation</include>
						<include>Fanart</include>
						<control type="fixedlist" id="50">
								<posx>-108</posx>
								<posy>300</posy>
								<width>1526</width>
								<height>460</height>
								<onleft>-</onleft>
								<onright>-</onright>
								<onup>117</onup>
								<ondown>70</ondown>
								<viewtype label="Posters">list</viewtype>
								<pagecontrol>70</pagecontrol>
								<scrolltime>200</scrolltime>
								<focusposition>3</focusposition>
								<movement>0</movement>
								<orientation>horizontal</orientation>
								<preloaditems>6</preloaditems>
								<itemlayout height="290" width="214">
										<control type="image">
												<posx>0</posx>
												<posy>0</posy>
												<width>214</width>
												<height>290</height>
												<aspectratio>stretch</aspectratio>
												<texture border="5">thumbnf.png</texture>
										</control>
										<control type="image">
												<posx>5</posx>
												<posy>5</posy>
												<width>205</width>
												<height>280</height>
												<aspectratio>stretch</aspectratio>
												<texture fallback="no_poster.png">$INFO[listitem.icon]</texture>
												<bordertexture border="5">-</bordertexture>
												<bordersize>1</bordersize>
												<visible>Skin.HasSetting(_recourcesenabled) + ListItem.IsFolder</visible>
										</control>
										<control type="image">
												<posx>5</posx>
												<posy>5</posy>
												<width>205</width>
												<height>280</height>
												<aspectratio>stretch</aspectratio>
												<texture background="true" fallback="no_poster.png">$INFO[listitem.icon]</texture>
												<bordertexture border="5">-</bordertexture>
												<bordersize>1</bordersize>
												<visible>!Skin.HasSetting(_recourcesenabled)</visible>
										</control>
										<control type="image">
												<posx>5</posx>
												<posy>5</posy>
												<width>205</width>
												<height>280</height>
												<aspectratio>stretch</aspectratio>
												<texture background="true" fallback="no_poster.png">$INFO[listitem.path,,_resources\artwork\poster.jpg]</texture>
												<bordertexture border="5">-</bordertexture>
												<bordersize>1</bordersize>
												<visible>Skin.HasSetting(_recourcesenabled) + !ListItem.IsFolder</visible>
										</control>
										<control type="image">
												<posx>10</posx>
												<posy>33</posy>
												<width>25</width>
												<height>25</height>
												<aspectratio>stretch</aspectratio>
												<texture>overlay-watched.png</texture>
												<visible>IntegerGreaterThan(ListItem.ProgramCount,0)</visible>
												<animation reversible="false" effect="fade" start="100" end="0" time="0" condition="Container(50).OnScrollNext">Conditional</animation>
												<animation reversible="false" effect="fade" start="100" end="0" time="0" condition="Container(50).OnScrollPrevious">Conditional</animation>
										</control>
										<control type="image">
												<posx>10</posx>
												<posy>35</posy>
												<width>25</width>
												<height>25</height>
												<aspectratio>stretch</aspectratio>
												<texture>$INFO[listitem.overlay]</texture>
												<animation reversible="false" effect="slide" start="0,0" end="0,23" time="0" condition="IntegerGreaterThan(ListItem.ProgramCount,0)">Conditional</animation>
												<animation reversible="false" effect="fade" start="100" end="0" time="0" condition="Container(50).OnScrollNext">Conditional</animation>
												<animation reversible="false" effect="fade" start="100" end="0" time="0" condition="Container(50).OnScrollPrevious">Conditional</animation>
										</control>
										<!-- Flipped images -->
										<control type="image">
												<posx>0</posx>
												<posy>290</posy>
												<width>214</width>
												<height>290</height>
												<aspectratio>stretch</aspectratio>
												<texture border="5" flipy="true" diffuse="diffuse_mirror3.png">thumbnf.png</texture>
										</control>
										<control type="image">
												<posx>5</posx>
												<posy>294</posy>
												<width>205</width>
												<height>280</height>
												<aspectratio>stretch</aspectratio>
												<texture flipy="true" diffuse="diffuse_mirror2.png">$INFO[listitem.icon]</texture>
												<bordertexture border="5">-</bordertexture>
												<bordersize>1</bordersize>
												<visible>Skin.HasSetting(_recourcesenabled) + ListItem.IsFolder</visible>
										</control>
										<control type="image">
												<posx>5</posx>
												<posy>294</posy>
												<width>205</width>
												<height>280</height>
												<aspectratio>stretch</aspectratio>
												<texture background="true" flipy="true" diffuse="diffuse_mirror2.png">$INFO[listitem.icon]</texture>
												<bordertexture border="5">-</bordertexture>
												<bordersize>1</bordersize>
												<visible>!Skin.HasSetting(_recourcesenabled)</visible>
										</control>
										<control type="image">
												<posx>5</posx>
												<posy>294</posy>
												<width>205</width>
												<height>280</height>
												<aspectratio>stretch</aspectratio>
												<texture background="true" flipy="true" diffuse="diffuse_mirror2.png">$INFO[listitem.path,,_resources\artwork\poster.jpg]</texture>
												<bordertexture border="5">-</bordertexture>
												<bordersize>1</bordersize>
												<visible>Skin.HasSetting(_recourcesenabled) + !ListItem.IsFolder</visible>
										</control>
								</itemlayout>
								<focusedlayout height="290" width="214">
										<control type="image">
												<posx>0</posx>
												<posy>0</posy>
												<width>214</width>
												<height>290</height>
												<aspectratio>stretch</aspectratio>
												<texture border="5">thumbnf.png</texture>
												<animation reversible="false" effect="zoom" start="0,0,214,290" end="-10,-36,234,330" time="100">focus</animation>
												<animation reversible="false" effect="zoom" end="0,0,214,290" start="-10,-36,234,330" time="100">unfocus</animation>
										</control>
										<control type="image">
												<posx>5</posx>
												<posy>5</posy>
												<width>204</width>
												<height>280</height>
												<aspectratio>stretch</aspectratio>
												<texture border="5" fallback="no_poster.png">$INFO[listitem.icon]</texture>
												<visible>Skin.HasSetting(_recourcesenabled) + ListItem.IsFolder</visible>
												<animation reversible="false" effect="zoom" start="5,5,204,280" end="-5,-31,224,320" time="100">focus</animation>
												<animation reversible="false" effect="zoom" end="5,5,204,280" start="-5,-31,224,320" time="100">unfocus</animation>
										</control>
										<control type="image">
												<posx>5</posx>
												<posy>5</posy>
												<width>204</width>
												<height>280</height>
												<aspectratio>stretch</aspectratio>
												<texture border="5" background="true" fallback="no_poster.png">$INFO[listitem.icon]</texture>
												<visible>!Skin.HasSetting(_recourcesenabled)</visible>
												<animation reversible="false" effect="zoom" start="5,5,204,280" end="-5,-31,224,320" time="100">focus</animation>
												<animation reversible="false" effect="zoom" end="5,5,204,280" start="-5,-31,224,320" time="100">unfocus</animation>
										</control>
										<control type="image">
												<posx>5</posx>
												<posy>5</posy>
												<width>204</width>
												<height>280</height>
												<aspectratio>stretch</aspectratio>
												<texture border="5" background="true" fallback="no_poster.png">$INFO[listitem.path,,_resources\artwork\poster.jpg]</texture>
												<visible>Skin.HasSetting(_recourcesenabled) + !ListItem.IsFolder</visible>
												<animation reversible="false" effect="zoom" start="5,5,204,280" end="-5,-31,224,320" time="100">focus</animation>
												<animation reversible="false" effect="zoom" end="5,5,204,280" start="-5,-31,224,320" time="100">unfocus</animation>
										</control>
										<control type="image">
												<posx>0</posx>
												<posy>0</posy>
												<width>214</width>
												<height>290</height>
												<aspectratio>stretch</aspectratio>
												<texture border="5">poster-border.png</texture>
												<animation reversible="false" effect="zoom" start="0,0,214,290" end="-10,-36,234,330" time="100">focus</animation>
												<animation reversible="false" effect="fade" start="100" end="0" time="0">unfocus</animation>
										</control>
										<control type="image">
												<posx>10</posx>
												<posy>35</posy>
												<width>25</width>
												<height>25</height>
												<aspectratio>stretch</aspectratio>
												<texture>overlay-watched.png</texture>
												<visible>IntegerGreaterThan(ListItem.ProgramCount,0)</visible>
												<animation reversible="false" effect="zoom" start="10,35,25,25" end="0,3,30,30" time="100">focus</animation>
												<animation reversible="false" effect="zoom" end="10,35,25,25" start="0,3,30,30" time="100">unfocus</animation>
												<animation reversible="false" effect="fade" start="100" end="0" time="0" condition="Container(50).OnScrollNext">Conditional</animation>
												<animation reversible="false" effect="fade" start="100" end="0" time="0" condition="Container(50).OnScrollPrevious">Conditional</animation>
										</control>
										<control type="image">
												<posx>10</posx>
												<posy>35</posy>
												<width>25</width>
												<height>25</height>
												<aspectratio>stretch</aspectratio>
												<texture>$INFO[listitem.overlay]</texture>
												<animation reversible="false" effect="zoom" start="10,55,25,25" end="0,26,30,30" time="100">focus</animation>
												<animation reversible="false" effect="zoom" end="10,55,25,25" start="0,26,30,30" time="100">unfocus</animation>
												<animation reversible="false" effect="slide" start="0,0" end="0,23" time="0" condition="IntegerGreaterThan(ListItem.ProgramCount,0)">Conditional</animation>
												<animation reversible="false" effect="fade" start="100" end="0" time="0" condition="Container(50).OnScrollNext">Conditional</animation>
												<animation reversible="false" effect="fade" start="100" end="0" time="0" condition="Container(50).OnScrollPrevious">Conditional</animation>
										</control>
										<!-- Flipped images -->
										<control type="image">
												<posx>0</posx>
												<posy>290</posy>
												<width>214</width>
												<height>290</height>
												<aspectratio>stretch</aspectratio>
												<texture border="5" background="true" flipy="true" diffuse="diffuse_mirror3.png">thumbnf.png</texture>
												<animation reversible="false" effect="zoom" start="0,290,214,290" end="-10,294,234,330" time="100">focus</animation>
												<animation reversible="false" effect="zoom" end="0,290,214,290" start="-10,294,234,330" time="100">unfocus</animation>
										</control>
										<control type="image">
												<posx>5</posx>
												<posy>294</posy>
												<width>205</width>
												<height>280</height>
												<aspectratio>stretch</aspectratio>
												<texture border="5" flipy="true" diffuse="diffuse_mirror2.png">$INFO[listitem.icon]</texture>
												<visible>Skin.HasSetting(_recourcesenabled) + ListItem.IsFolder</visible>
												<animation reversible="false" effect="zoom" start="5,294,205,280" end="-5,300,224,320" time="100">focus</animation>
												<animation reversible="false" effect="zoom" start="-5,300,224,320" end="5,294,205,280" time="100">unfocus</animation>
										</control>
										<control type="image">
												<posx>5</posx>
												<posy>294</posy>
												<width>205</width>
												<height>280</height>
												<aspectratio>stretch</aspectratio>
												<texture border="5" background="true" flipy="true" diffuse="diffuse_mirror2.png">$INFO[listitem.icon]</texture>
												<visible>!Skin.HasSetting(_recourcesenabled)</visible>
												<animation reversible="false" effect="zoom" start="5,294,205,280" end="-5,300,224,320" time="100">focus</animation>
												<animation reversible="false" effect="zoom" start="-5,300,224,320" end="5,294,205,280" time="100">unfocus</animation>
										</control>
										<control type="image">
												<posx>5</posx>
												<posy>294</posy>
												<width>205</width>
												<height>280</height>
												<aspectratio>stretch</aspectratio>
												<texture border="5" background="true" flipy="true" diffuse="diffuse_mirror2.png">$INFO[listitem.path,,_resources\artwork\poster.jpg]</texture>
												<visible>Skin.HasSetting(_recourcesenabled) + !ListItem.IsFolder</visible>
												<animation reversible="false" effect="zoom" start="5,294,205,280" end="-5,300,224,320" time="100">focus</animation>
												<animation reversible="false" effect="zoom" start="-5,300,224,320" end="5,294,205,280" time="100">unfocus</animation>
										</control>
										<control type="image">
												<posx>0</posx>
												<posy>290</posy>
												<width>214</width>
												<height>290</height>
												<aspectratio>stretch</aspectratio>
												<texture border="5" background="true" flipy="true" diffuse="diffuse_mirror2.png">poster-border.png</texture>
												<animation reversible="false" effect="zoom" start="0,290,214,290" end="-10,294,234,330" time="100">focus</animation>
												<animation reversible="false" effect="fade" start="100" end="0" time="0">unfocus</animation>
										</control>
								</focusedlayout>
						</control>
						<control type="label">
								<posx>0</posx>
								<posy>95r</posy>
								<width>1280</width>
								<height>36</height>
								<font>size_35</font>
								<textcolor>$VAR[var-labelcolour]</textcolor>
								<scroll>true</scroll>
								<align>center</align>
								<aligny>center</aligny>
								<label>[UPPERCASE]$INFO[ListItem.Label][/UPPERCASE]</label>
								<animation reversible="true" effect="fade" start="100" end="0" delay="" time="300" condition="Container(50).OnScrollNext">Conditional</animation>
								<animation reversible="true" effect="fade" start="100" end="0" delay="" time="300" condition="Container(50).OnScrollPrevious">Conditional</animation>
						</control>
						<control type="label">
								<posx>0</posx>
								<posy>70r</posy>
								<width>1280</width>
								<height>36</height>
								<font>size_35</font>
								<textcolor>$VAR[var-labelcolour]</textcolor>
								<scroll>true</scroll>
								<align>center</align>
								<aligny>center</aligny>
								<label>[UPPERCASE]$INFO[ListItem.Label][/UPPERCASE]</label>
								<animation type="Conditional" condition="Control.IsVisible(50)" reversible="false">
										<effect type="zoom" end="100,-75" center="auto" delay="" time="0" />
										<effect type="fade" end="2" delay="" time="0" />
								</animation>
								<animation reversible="true" effect="fade" start="100" end="0" delay="" time="300" condition="Container(50).OnScrollNext">Conditional</animation>
								<animation reversible="true" effect="fade" start="100" end="0" delay="" time="300" condition="Container(50).OnScrollPrevious">Conditional</animation>
						</control>
						<control type="scrollbar" id="70">
								<posx>150</posx>
								<posy>50r</posy>
								<width>980</width>
								<height>17</height>
								<texturesliderbackground border="2,2,2,2">black-back.png</texturesliderbackground>
								<texturesliderbar border="16,2,16,2">scrollbar_bar-vertical.png</texturesliderbar>
								<texturesliderbarfocus border="16,2,16,2">scrollbar_bar_focus-vertical.png</texturesliderbarfocus>
								<textureslidernib>scrollbar_nib-vertical.png</textureslidernib>
								<textureslidernibfocus>scrollbar_nib-vertical.png</textureslidernibfocus>
								<onup>50</onup>
								<ondown>-</ondown>
								<showonepage>false</showonepage>
								<orientation>horizontal</orientation>
								<visible allowhiddenfocus="true">Control.HasFocus(70)</visible>
								<animation reversible="true" effect="fade" start="0" end="100" delay="" time="300">visible</animation>
								<animation reversible="true" effect="fade" start="100" end="0" delay="" time="300">hidden</animation>
						</control>
				</control>
		</include>
</includes>