<fonts>
		<fontset id="Default" unicode="true">
				<font>
						<name>font12</name>
						<filename>arial.ttf</filename>
						<size>12</size>
				</font>
				<font>
						<name>font14</name>
						<filename>arial.ttf</filename>
						<size>14</size>
				</font>
				<font>
						<name>font18</name>
						<filename>arial.ttf</filename>
						<size>18</size>
				</font>
				<font>
						<name>font20</name>
						<filename>arial.ttf</filename>
						<size>20</size>
				</font>
				<font>
						<name>font21_bold</name>
						<filename>arial.ttf</filename>
						<size>21</size>
						<style>bold</style>
				</font>
				<font>
						<name>font28</name>
						<filename>arial.ttf</filename>
						<size>28</size>
				</font>
				<font>
						<name>font35</name>
						<filename>arial.ttf</filename>
						<size>35</size>
				</font>
				<font>
						<name>font50</name>
						<filename>arial.ttf</filename>
						<size>50</size>
				</font>
		</fontset>
</fonts>