<window id="11">
		<defaultcontrol always="true">8</defaultcontrol>
		<controls>
				<control type="image">
						<posx>0</posx>
						<posy>0</posy>
						<width>1280</width>
						<height>720</height>
						<texture>background.png</texture>
				</control>
				<control type="mover" id="8">
						<description>top left mover</description>
						<texturefocus>calibrate-topleft-focus.png</texturefocus>
						<texturenofocus>calibrate-topleft.png</texturenofocus>
				</control>
				<control type="mover" id="9">
						<description>right bottom mover</description>
						<texturefocus>calibrate-bottomright-focus.png</texturefocus>
						<texturenofocus>calibrate-bottomright.png</texturenofocus>
				</control>
				<control type="mover" id="10">
						<description>subtitle position mover</description>
						<width>384</width>
						<texturefocus>calibrate-subtitles-focus.png</texturefocus>
						<texturenofocus>calibrate-subtitles.png</texturenofocus>
				</control>
				<control type="resize" id="11">
						<description>pixel aspect ratio box</description>
						<texturefocus>calibrate-pixelratio-focus.png</texturefocus>
						<texturenofocus>calibrate-pixelratio.png</texturenofocus>
				</control>
				<control type="group">
						<posx>240</posx>
						<posy>40</posy>
						<control type="image" id="1">
								<description>rectangle image</description>
								<posx>100</posx>
								<posy>0</posy>
								<width>600</width>
								<height>110</height>
								<colordiffuse>AA000000</colordiffuse>
								<texture border="20,20,20,20">menu_back.png</texture>
						</control>
						<control type="label" id="2">
								<description>coordinates label</description>
								<posx>20</posx>
								<posy>10</posy>
								<width>750</width>
								<label>-</label>
								<align>center</align>
								<font>size_23</font>
						</control>
						<control type="label" id="3">
								<description>help information</description>
								<posx>20</posx>
								<posy>40</posy>
								<width>750</width>
								<label>-</label>
								<align>center</align>
								<font>size_23</font>
						</control>
						<control type="label">
								<description>help information</description>
								<posx>20</posx>
								<posy>70</posy>
								<width>750</width>
								<label>$LOCALIZE[31176]</label>
								<align>center</align>
								<font>size_23</font>
								<visible>Control.HasFocus(11)</visible>
						</control>
				</control>
				<control type="image">
						<posx>519</posx>
						<posy>239</posy>
						<width>242</width>
						<height>242</height>
						<aspectratio>stretch</aspectratio>
						<texture>gamedisc.png</texture>
						<visible>Control.HasFocus(11)</visible>
						<animation effect="rotate" start="0" end="-360" center="auto" time="5000" loop="true" condition="true">conditional</animation>
				</control>
				<control type="image">
						<posx>519</posx>
						<posy>239</posy>
						<width>242</width>
						<height>242</height>
						<aspectratio>stretch</aspectratio>
						<texture>gamedisc.png</texture>
						<colordiffuse>60FFFFFF</colordiffuse>
						<visible>!Control.HasFocus(11)</visible>
						<animation effect="rotate" start="0" end="-360" center="auto" time="5000" loop="true" condition="true">conditional</animation>
				</control>
		</controls>
</window>